<?xml version="1.0" encoding="UTF-8" standalone="yes"?><imgdir name="Amoria.img"><imgdir name="back"><canvas name="0" width="159" height="179"><vector name="origin" x="79" y="89"/><int name="z" value="0"/></canvas><canvas name="1" width="214" height="210"><vector name="origin" x="107" y="105"/><int name="z" value="0"/></canvas><canvas name="2" width="309" height="290"><vector name="origin" x="154" y="145"/><int name="z" value="0"/></canvas><canvas name="3" width="248" height="246"><vector name="origin" x="128" y="128"/><int name="z" value="0"/></canvas><canvas name="4" width="500" height="467"><vector name="origin" x="128" y="128"/><int name="z" value="0"/></canvas><canvas name="5" width="500" height="467"><vector name="origin" x="128" y="128"/><int name="z" value="0"/></canvas><canvas name="6" width="500" height="467"><vector name="origin" x="128" y="128"/><int name="z" value="0"/></canvas></imgdir></imgdir>