<?xml version="1.0" encoding="UTF-8" standalone="yes"?><imgdir name="aquaCave.img"><imgdir name="back"><canvas name="0" width="400" height="400"><vector name="origin" x="200" y="200"/><int name="z" value="0"/></canvas><canvas name="1" width="400" height="400"><vector name="origin" x="200" y="200"/><int name="z" value="0"/></canvas><canvas name="2" width="282" height="89"><vector name="origin" x="141" y="44"/><int name="z" value="0"/></canvas><canvas name="3" width="282" height="101"><vector name="origin" x="141" y="50"/><int name="z" value="0"/></canvas><canvas name="4" width="282" height="88"><vector name="origin" x="141" y="44"/><int name="z" value="0"/></canvas><canvas name="5" width="143" height="388"><vector name="origin" x="71" y="194"/><int name="z" value="0"/></canvas><canvas name="6" width="247" height="194"><vector name="origin" x="123" y="97"/><int name="z" value="0"/></canvas><canvas name="7" width="141" height="193"><vector name="origin" x="70" y="96"/><int name="z" value="0"/></canvas><canvas name="8" width="141" height="184"><vector name="origin" x="70" y="92"/><int name="z" value="0"/></canvas><canvas name="9" width="141" height="152"><vector name="origin" x="70" y="76"/><int name="z" value="0"/></canvas><canvas name="10" width="141" height="193"><vector name="origin" x="70" y="96"/><int name="z" value="0"/></canvas><canvas name="11" width="143" height="388"><vector name="origin" x="71" y="194"/><int name="z" value="0"/></canvas><canvas name="12" width="250" height="194"><vector name="origin" x="125" y="97"/><int name="z" value="0"/></canvas><canvas name="13" width="282" height="88"><vector name="origin" x="141" y="44"/><int name="z" value="0"/></canvas><canvas name="14" width="282" height="101"><vector name="origin" x="141" y="50"/><int name="z" value="0"/></canvas><canvas name="15" width="282" height="89"><vector name="origin" x="141" y="44"/><int name="z" value="0"/></canvas><canvas name="16" width="143" height="388"><vector name="origin" x="71" y="194"/><int name="z" value="0"/></canvas><canvas name="17" width="250" height="194"><vector name="origin" x="125" y="97"/><int name="z" value="0"/></canvas><canvas name="18" width="141" height="193"><vector name="origin" x="70" y="96"/><int name="z" value="0"/></canvas><canvas name="19" width="141" height="152"><vector name="origin" x="70" y="76"/><int name="z" value="0"/></canvas><canvas name="20" width="141" height="184"><vector name="origin" x="70" y="92"/><int name="z" value="0"/></canvas><canvas name="21" width="141" height="193"><vector name="origin" x="70" y="96"/><int name="z" value="0"/></canvas><canvas name="22" width="143" height="388"><vector name="origin" x="71" y="194"/><int name="z" value="0"/></canvas><canvas name="23" width="247" height="194"><vector name="origin" x="123" y="97"/><int name="z" value="0"/></canvas></imgdir></imgdir>