<?xml version="1.0" encoding="UTF-8" standalone="yes"?><imgdir name="aquarium.img"><imgdir name="back"><canvas name="0" width="400" height="300"><vector name="origin" x="200" y="150"/><int name="z" value="0"/></canvas><canvas name="1" width="400" height="79"><vector name="origin" x="200" y="39"/><int name="z" value="0"/></canvas><canvas name="2" width="400" height="79"><vector name="origin" x="200" y="39"/><int name="z" value="0"/></canvas><canvas name="3" width="131" height="100"><vector name="origin" x="65" y="50"/><int name="z" value="0"/></canvas><canvas name="4" width="218" height="300"><vector name="origin" x="109" y="150"/><int name="z" value="0"/></canvas><canvas name="5" width="221" height="300"><vector name="origin" x="110" y="150"/><int name="z" value="0"/></canvas><canvas name="6" width="400" height="141"><vector name="origin" x="200" y="70"/><int name="z" value="0"/></canvas></imgdir><imgdir name="ani"><imgdir name="0"><canvas name="0" width="478" height="752"><vector name="origin" x="239" y="376"/><int name="z" value="0"/><int name="a0" value="10"/><int name="a1" value="255"/><int name="delay" value="4000"/></canvas><canvas name="1" width="478" height="752"><vector name="origin" x="239" y="376"/><int name="z" value="0"/><int name="a0" value="255"/><int name="a1" value="10"/><int name="delay" value="4000"/></canvas></imgdir><imgdir name="1"><canvas name="0" width="345" height="608"><vector name="origin" x="172" y="304"/><int name="z" value="0"/><int name="a0" value="10"/><int name="a1" value="255"/><int name="delay" value="3800"/></canvas><canvas name="1" width="345" height="608"><vector name="origin" x="172" y="304"/><int name="z" value="0"/><int name="a0" value="255"/><int name="a1" value="10"/><int name="delay" value="3800"/></canvas></imgdir><imgdir name="2"><canvas name="0" width="448" height="731"><vector name="origin" x="224" y="365"/><int name="z" value="0"/><int name="a0" value="10"/><int name="a1" value="255"/><int name="delay" value="3600"/></canvas><canvas name="1" width="448" height="731"><vector name="origin" x="224" y="365"/><int name="z" value="0"/><int name="a0" value="255"/><int name="a1" value="10"/><int name="delay" value="3600"/></canvas></imgdir><imgdir name="3"><canvas name="0" width="456" height="727"><vector name="origin" x="228" y="363"/><int name="z" value="0"/><int name="a0" value="10"/><int name="a1" value="255"/><int name="delay" value="3400"/></canvas><canvas name="1" width="456" height="727"><vector name="origin" x="228" y="363"/><int name="z" value="0"/><int name="a0" value="255"/><int name="a1" value="10"/><int name="delay" value="3400"/></canvas></imgdir><imgdir name="4"><canvas name="0" width="372" height="1249"><vector name="origin" x="186" y="624"/><int name="z" value="0"/><int name="a0" value="10"/><int name="a1" value="255"/><int name="delay" value="3200"/></canvas><canvas name="1" width="372" height="1249"><vector name="origin" x="186" y="624"/><int name="z" value="0"/><int name="a0" value="255"/><int name="a1" value="10"/><int name="delay" value="3200"/></canvas></imgdir><imgdir name="5"><canvas name="0" width="400" height="141"><vector name="origin" x="200" y="70"/><int name="z" value="0"/><int name="a0" value="10"/><int name="a1" value="255"/><int name="delay" value="3000"/></canvas><canvas name="1" width="400" height="141"><vector name="origin" x="200" y="70"/><int name="z" value="0"/><int name="a0" value="255"/><int name="a1" value="10"/><int name="delay" value="3000"/></canvas></imgdir></imgdir></imgdir>