<?xml version="1.0" encoding="UTF-8" standalone="yes"?><imgdir name="aquaRoad.img"><imgdir name="back"><canvas name="0" width="109" height="109"><vector name="origin" x="54" y="54"/><int name="z" value="0"/></canvas><canvas name="1" width="100" height="600"><vector name="origin" x="50" y="300"/><int name="z" value="0"/></canvas><canvas name="2" width="100" height="594"><vector name="origin" x="50" y="248"/><int name="z" value="0"/></canvas><canvas name="3" width="800" height="298"><vector name="origin" x="400" y="106"/><int name="z" value="0"/></canvas><canvas name="4" width="458" height="97"><vector name="origin" x="232" y="48"/><int name="z" value="0"/></canvas><canvas name="5" width="400" height="210"><vector name="origin" x="200" y="105"/><int name="z" value="0"/></canvas><canvas name="6" width="400" height="210"><vector name="origin" x="200" y="105"/><int name="z" value="0"/></canvas><canvas name="7" width="400" height="182"><vector name="origin" x="200" y="91"/><int name="z" value="0"/></canvas><canvas name="8" width="400" height="188"><vector name="origin" x="200" y="94"/><int name="z" value="0"/></canvas><canvas name="9" width="400" height="205"><vector name="origin" x="200" y="102"/><int name="z" value="0"/></canvas><canvas name="10" width="400" height="220"><vector name="origin" x="200" y="110"/><int name="z" value="0"/></canvas><canvas name="11" width="400" height="196"><vector name="origin" x="200" y="98"/><int name="z" value="0"/></canvas><canvas name="12" width="400" height="195"><vector name="origin" x="200" y="97"/><int name="z" value="0"/></canvas><canvas name="13" width="216" height="108"><vector name="origin" x="108" y="54"/><int name="z" value="0"/></canvas><canvas name="14" width="242" height="97"><vector name="origin" x="121" y="48"/><int name="z" value="0"/></canvas><canvas name="15" width="171" height="106"><vector name="origin" x="85" y="53"/><int name="z" value="0"/></canvas><canvas name="16" width="279" height="121"><vector name="origin" x="139" y="62"/><int name="z" value="0"/></canvas><canvas name="17" width="81" height="100"><vector name="origin" x="40" y="42"/><int name="z" value="0"/></canvas><canvas name="18" width="246" height="103"><vector name="origin" x="123" y="48"/><int name="z" value="0"/></canvas><canvas name="19" width="78" height="118"><vector name="origin" x="39" y="59"/><int name="z" value="0"/></canvas><canvas name="20" width="355" height="127"><vector name="origin" x="29" y="54"/><int name="z" value="0"/></canvas><canvas name="21" width="196" height="156"><vector name="origin" x="98" y="78"/><int name="z" value="0"/></canvas><canvas name="22" width="305" height="182"><vector name="origin" x="152" y="91"/><int name="z" value="0"/></canvas><canvas name="23" width="232" height="138"><vector name="origin" x="116" y="69"/><int name="z" value="0"/></canvas><canvas name="24" width="584" height="381"><vector name="origin" x="292" y="190"/><int name="z" value="0"/></canvas><canvas name="25" width="336" height="143"><vector name="origin" x="168" y="71"/><int name="z" value="0"/></canvas></imgdir><imgdir name="ani"><imgdir name="0"><canvas name="0" width="687" height="434"><vector name="origin" x="343" y="217"/><int name="z" value="0"/><int name="a0" value="10"/><int name="a1" value="255"/><int name="delay" value="4000"/></canvas><canvas name="1" width="687" height="434"><vector name="origin" x="343" y="217"/><int name="z" value="0"/><int name="a0" value="255"/><int name="a1" value="10"/><int name="delay" value="4000"/></canvas></imgdir><imgdir name="1"><canvas name="0" width="565" height="426"><vector name="origin" x="282" y="213"/><int name="z" value="0"/><int name="a0" value="10"/><int name="a1" value="220"/><int name="delay" value="3800"/></canvas><canvas name="1" width="565" height="426"><vector name="origin" x="282" y="213"/><int name="z" value="0"/><int name="a0" value="220"/><int name="a1" value="10"/><int name="delay" value="3800"/></canvas></imgdir><imgdir name="2"><canvas name="0" width="458" height="401"><vector name="origin" x="229" y="200"/><int name="z" value="0"/><int name="a0" value="10"/><int name="a1" value="220"/><int name="delay" value="3600"/></canvas><canvas name="1" width="458" height="401"><vector name="origin" x="229" y="200"/><int name="z" value="0"/><int name="a0" value="220"/><int name="a1" value="10"/><int name="delay" value="3600"/></canvas></imgdir><imgdir name="3"><canvas name="0" width="471" height="376"><vector name="origin" x="235" y="188"/><int name="z" value="0"/><int name="a0" value="0"/><int name="a1" value="220"/><int name="delay" value="3500"/></canvas><canvas name="1" width="471" height="376"><vector name="origin" x="235" y="188"/><int name="z" value="0"/><int name="a0" value="220"/><int name="a1" value="0"/><int name="delay" value="3500"/></canvas></imgdir><imgdir name="4"><canvas name="0" width="517" height="359"><vector name="origin" x="258" y="179"/><int name="z" value="0"/><int name="a0" value="0"/><int name="a1" value="220"/><int name="delay" value="3400"/></canvas><canvas name="1" width="517" height="359"><vector name="origin" x="258" y="179"/><int name="z" value="0"/><int name="a0" value="220"/><int name="a1" value="0"/><int name="delay" value="3400"/></canvas></imgdir><imgdir name="5"><canvas name="0" width="290" height="374"><vector name="origin" x="145" y="187"/><int name="z" value="0"/><int name="delay" value="1300"/></canvas><canvas name="1" width="215" height="359"><vector name="origin" x="107" y="179"/><int name="z" value="0"/><int name="delay" value="1300"/></canvas><canvas name="2" width="254" height="366"><vector name="origin" x="127" y="183"/><int name="z" value="0"/><int name="delay" value="1300"/></canvas></imgdir><imgdir name="6"><canvas name="0" width="526" height="372"><vector name="origin" x="185" y="155"/><int name="z" value="0"/><int name="a0" value="5"/><int name="a1" value="230"/><int name="delay" value="3400"/></canvas><canvas name="1" width="526" height="372"><vector name="origin" x="185" y="155"/><int name="z" value="0"/><int name="a0" value="230"/><int name="a1" value="5"/><int name="delay" value="3400"/></canvas></imgdir><imgdir name="7"><canvas name="0" width="430" height="404"><vector name="origin" x="159" y="199"/><int name="z" value="0"/><int name="a0" value="5"/><int name="a1" value="230"/><int name="delay" value="3200"/></canvas><canvas name="1" width="430" height="404"><vector name="origin" x="159" y="199"/><int name="z" value="0"/><int name="a0" value="230"/><int name="a1" value="5"/><int name="delay" value="3200"/></canvas></imgdir><imgdir name="8"><canvas name="0" width="452" height="442"><vector name="origin" x="159" y="222"/><int name="z" value="0"/><int name="a0" value="5"/><int name="a1" value="230"/><int name="delay" value="3100"/></canvas><canvas name="1" width="452" height="442"><vector name="origin" x="159" y="222"/><int name="z" value="0"/><int name="a0" value="230"/><int name="a1" value="5"/><int name="delay" value="3100"/></canvas></imgdir><imgdir name="9"><canvas name="0" width="380" height="340"><vector name="origin" x="140" y="227"/><int name="z" value="0"/><int name="a0" value="0"/><int name="a1" value="230"/><int name="delay" value="2900"/></canvas><canvas name="1" width="380" height="340"><vector name="origin" x="140" y="227"/><int name="z" value="0"/><int name="a0" value="230"/><int name="a1" value="0"/><int name="delay" value="2900"/></canvas></imgdir><imgdir name="10"><canvas name="0" width="280" height="393"><vector name="origin" x="162" y="155"/><int name="z" value="0"/><int name="a0" value="0"/><int name="a1" value="230"/><int name="delay" value="2800"/></canvas><canvas name="1" width="280" height="393"><vector name="origin" x="162" y="155"/><int name="z" value="0"/><int name="a0" value="230"/><int name="a1" value="0"/><int name="delay" value="2800"/></canvas></imgdir><imgdir name="11"><canvas name="0" width="262" height="380"><vector name="origin" x="131" y="187"/><int name="z" value="0"/><int name="delay" value="1000"/></canvas><canvas name="1" width="188" height="355"><vector name="origin" x="92" y="179"/><int name="z" value="0"/><int name="delay" value="1000"/></canvas><canvas name="2" width="216" height="371"><vector name="origin" x="108" y="183"/><int name="z" value="0"/><int name="delay" value="1000"/></canvas></imgdir><imgdir name="12"><canvas name="0" width="400" height="147"><vector name="origin" x="202" y="71"/><int name="z" value="0"/><int name="a0" value="100"/><int name="a1" value="255"/><int name="delay" value="3000"/></canvas><canvas name="1" width="400" height="147"><vector name="origin" x="202" y="71"/><int name="z" value="0"/><int name="a0" value="255"/><int name="a1" value="100"/><int name="delay" value="3000"/></canvas></imgdir><imgdir name="13"><canvas name="0" width="400" height="119"><vector name="origin" x="195" y="59"/><int name="z" value="0"/><int name="a0" value="100"/><int name="a1" value="255"/><int name="delay" value="3000"/></canvas><canvas name="1" width="400" height="119"><vector name="origin" x="195" y="59"/><int name="z" value="0"/><int name="a0" value="255"/><int name="a1" value="100"/><int name="delay" value="3000"/></canvas></imgdir><imgdir name="14"><canvas name="0" width="400" height="103"><vector name="origin" x="199" y="58"/><int name="z" value="0"/><int name="a0" value="100"/><int name="a1" value="255"/><int name="delay" value="3000"/></canvas><canvas name="1" width="400" height="103"><vector name="origin" x="199" y="58"/><int name="z" value="0"/><int name="a0" value="255"/><int name="a1" value="100"/><int name="delay" value="3000"/></canvas></imgdir><imgdir name="15"><canvas name="0" width="400" height="81"><vector name="origin" x="195" y="42"/><int name="z" value="0"/><int name="a0" value="100"/><int name="a1" value="255"/><int name="delay" value="3000"/></canvas><canvas name="1" width="400" height="81"><vector name="origin" x="195" y="42"/><int name="z" value="0"/><int name="a0" value="255"/><int name="a1" value="100"/><int name="delay" value="3000"/></canvas></imgdir><imgdir name="16"><canvas name="0" width="326" height="65"><vector name="origin" x="163" y="32"/><int name="z" value="0"/></canvas><canvas name="1" width="326" height="65"><vector name="origin" x="163" y="32"/><int name="z" value="0"/></canvas><canvas name="2" width="325" height="65"><vector name="origin" x="162" y="32"/><int name="z" value="0"/></canvas><canvas name="3" width="326" height="65"><vector name="origin" x="163" y="32"/><int name="z" value="0"/></canvas></imgdir><imgdir name="17"><canvas name="0" width="401" height="67"><vector name="origin" x="200" y="33"/><int name="z" value="0"/></canvas><canvas name="1" width="402" height="67"><vector name="origin" x="201" y="33"/><int name="z" value="0"/></canvas><canvas name="2" width="400" height="67"><vector name="origin" x="200" y="33"/><int name="z" value="0"/></canvas><canvas name="3" width="402" height="67"><vector name="origin" x="201" y="33"/><int name="z" value="0"/></canvas></imgdir><imgdir name="18"><canvas name="0" width="362" height="86"><vector name="origin" x="181" y="43"/><int name="z" value="0"/></canvas><canvas name="1" width="361" height="86"><vector name="origin" x="180" y="43"/><int name="z" value="0"/></canvas><canvas name="2" width="362" height="86"><vector name="origin" x="181" y="43"/><int name="z" value="0"/></canvas><canvas name="3" width="361" height="86"><vector name="origin" x="180" y="43"/><int name="z" value="0"/></canvas></imgdir><imgdir name="19"><canvas name="0" width="39" height="20"><vector name="origin" x="19" y="10"/><int name="z" value="0"/><int name="delay" value="350"/></canvas><canvas name="1" width="38" height="25"><vector name="origin" x="19" y="10"/><int name="z" value="0"/><int name="delay" value="350"/></canvas><canvas name="2" width="39" height="20"><vector name="origin" x="19" y="10"/><int name="z" value="0"/><int name="delay" value="350"/></canvas><canvas name="3" width="41" height="18"><vector name="origin" x="20" y="10"/><int name="z" value="0"/><int name="delay" value="450"/></canvas></imgdir><imgdir name="20"><canvas name="0" width="61" height="32"><vector name="origin" x="30" y="16"/><int name="z" value="0"/><int name="delay" value="350"/></canvas><canvas name="1" width="59" height="38"><vector name="origin" x="30" y="16"/><int name="z" value="0"/><int name="delay" value="350"/></canvas><canvas name="2" width="61" height="32"><vector name="origin" x="30" y="16"/><int name="z" value="0"/><int name="delay" value="350"/></canvas><canvas name="3" width="63" height="28"><vector name="origin" x="31" y="16"/><int name="z" value="0"/><int name="delay" value="450"/></canvas></imgdir><imgdir name="21"><canvas name="0" width="767" height="815"><vector name="origin" x="383" y="407"/><int name="z" value="0"/><int name="a0" value="5"/><int name="a1" value="255"/><int name="delay" value="1500"/></canvas><canvas name="1" width="767" height="815"><vector name="origin" x="383" y="407"/><int name="z" value="0"/><int name="a0" value="255"/><int name="a1" value="5"/><int name="delay" value="1500"/></canvas><canvas name="2" width="728" height="751"><vector name="origin" x="384" y="417"/><int name="z" value="0"/><int name="a0" value="5"/><int name="a1" value="255"/><int name="delay" value="1500"/></canvas><canvas name="3" width="728" height="751"><vector name="origin" x="384" y="417"/><int name="z" value="0"/><int name="a0" value="255"/><int name="a1" value="5"/><int name="delay" value="1500"/></canvas><canvas name="4" width="691" height="704"><vector name="origin" x="321" y="393"/><int name="z" value="0"/><int name="a0" value="5"/><int name="a1" value="255"/><int name="delay" value="1500"/></canvas><canvas name="5" width="691" height="704"><vector name="origin" x="321" y="393"/><int name="z" value="0"/><int name="a0" value="255"/><int name="a1" value="5"/><int name="delay" value="1500"/></canvas></imgdir></imgdir></imgdir>