<?xml version="1.0" encoding="UTF-8" standalone="yes"?><imgdir name="boatquay2SG.img"><imgdir name="back"><canvas name="0" width="60" height="1000"><vector name="origin" x="30" y="500"/><int name="z" value="0"/></canvas><canvas name="1" width="473" height="247"><vector name="origin" x="236" y="123"/><int name="z" value="0"/></canvas><canvas name="2" width="398" height="257"><vector name="origin" x="199" y="128"/><int name="z" value="0"/></canvas><canvas name="3" width="643" height="532"><vector name="origin" x="321" y="266"/><int name="z" value="0"/></canvas><canvas name="4" width="548" height="166"><vector name="origin" x="274" y="83"/><int name="z" value="0"/></canvas><canvas name="5" width="657" height="250"><vector name="origin" x="328" y="125"/><int name="z" value="0"/></canvas><canvas name="6" width="230" height="133"><vector name="origin" x="115" y="66"/><int name="z" value="0"/></canvas><canvas name="7" width="349" height="177"><vector name="origin" x="174" y="88"/><int name="z" value="0"/></canvas><canvas name="8" width="218" height="98"><vector name="origin" x="109" y="49"/><int name="z" value="0"/></canvas><canvas name="9" width="832" height="498"><vector name="origin" x="416" y="249"/><int name="z" value="0"/></canvas><canvas name="10" width="927" height="226"><vector name="origin" x="463" y="113"/><int name="z" value="0"/></canvas><canvas name="11" width="1008" height="353"><vector name="origin" x="504" y="176"/><int name="z" value="0"/></canvas><canvas name="12" width="635" height="22"><vector name="origin" x="317" y="11"/></canvas><canvas name="13" width="635" height="207"><vector name="origin" x="317" y="103"/></canvas><canvas name="14" width="788" height="245"><vector name="origin" x="394" y="122"/></canvas><canvas name="15" width="800" height="18"><vector name="origin" x="400" y="9"/></canvas><canvas name="16" width="800" height="125"><vector name="origin" x="400" y="62"/></canvas><canvas name="17" width="800" height="35"><vector name="origin" x="352" y="26"/></canvas><canvas name="18" width="800" height="342"><vector name="origin" x="400" y="171"/></canvas></imgdir></imgdir>