<?xml version="1.0" encoding="UTF-8" standalone="yes"?><imgdir name="changiAirSG.img"><imgdir name="back"><canvas name="0" width="1200" height="600"><vector name="origin" x="600" y="300"/><int name="z" value="0"/></canvas><canvas name="1" width="125" height="50"><vector name="origin" x="62" y="25"/><int name="z" value="0"/></canvas><canvas name="2" width="251" height="100"><vector name="origin" x="125" y="50"/><int name="z" value="0"/></canvas><canvas name="3" width="632" height="269"><vector name="origin" x="316" y="134"/><int name="z" value="0"/></canvas><canvas name="4" width="310" height="340"><vector name="origin" x="155" y="170"/><int name="z" value="0"/></canvas><canvas name="5" width="691" height="201"><vector name="origin" x="345" y="100"/><int name="z" value="0"/></canvas><canvas name="6" width="1200" height="123"><vector name="origin" x="600" y="61"/><int name="z" value="0"/></canvas><canvas name="7" width="1200" height="600"><vector name="origin" x="600" y="300"/><int name="z" value="0"/></canvas><canvas name="8" width="833" height="614"><vector name="origin" x="416" y="307"/><int name="z" value="0"/></canvas><canvas name="9" width="833" height="71"><vector name="origin" x="416" y="35"/><int name="z" value="0"/></canvas></imgdir><imgdir name="ani"><imgdir name="0"><canvas name="0" width="152" height="100"><vector name="origin" x="0" y="99"/><int name="z" value="0"/><int name="delay" value="150"/></canvas><canvas name="1" width="152" height="100"><vector name="origin" x="0" y="99"/><int name="z" value="0"/><int name="delay" value="150"/></canvas><canvas name="2" width="152" height="100"><vector name="origin" x="0" y="99"/><int name="z" value="0"/><int name="delay" value="150"/></canvas><canvas name="3" width="152" height="100"><vector name="origin" x="0" y="99"/><int name="z" value="0"/><int name="delay" value="150"/></canvas><canvas name="4" width="152" height="100"><vector name="origin" x="0" y="99"/><int name="z" value="0"/><int name="delay" value="150"/></canvas><canvas name="5" width="152" height="100"><vector name="origin" x="0" y="99"/><int name="z" value="0"/><int name="delay" value="150"/></canvas><canvas name="6" width="152" height="100"><vector name="origin" x="0" y="99"/><int name="z" value="0"/><int name="delay" value="150"/></canvas><canvas name="7" width="152" height="100"><vector name="origin" x="0" y="99"/><int name="z" value="0"/><int name="delay" value="150"/></canvas><canvas name="8" width="152" height="100"><vector name="origin" x="0" y="99"/><int name="z" value="0"/><int name="delay" value="150"/></canvas><canvas name="9" width="152" height="100"><vector name="origin" x="0" y="99"/><int name="z" value="0"/><int name="delay" value="150"/></canvas><canvas name="10" width="152" height="100"><vector name="origin" x="0" y="99"/><int name="z" value="0"/><int name="delay" value="150"/></canvas><canvas name="11" width="152" height="100"><vector name="origin" x="0" y="99"/><int name="z" value="0"/><int name="delay" value="150"/></canvas><canvas name="12" width="152" height="100"><vector name="origin" x="0" y="99"/><int name="z" value="0"/><int name="delay" value="150"/></canvas><canvas name="13" width="152" height="100"><vector name="origin" x="0" y="99"/><int name="z" value="0"/><int name="delay" value="150"/></canvas><canvas name="14" width="152" height="100"><vector name="origin" x="0" y="99"/><int name="z" value="0"/><int name="delay" value="150"/></canvas><canvas name="15" width="152" height="100"><vector name="origin" x="0" y="99"/><int name="z" value="0"/><int name="delay" value="150"/></canvas><canvas name="16" width="152" height="100"><vector name="origin" x="0" y="99"/><int name="z" value="0"/><int name="delay" value="150"/></canvas><canvas name="17" width="152" height="100"><vector name="origin" x="0" y="99"/><int name="z" value="0"/><int name="delay" value="150"/></canvas><canvas name="18" width="152" height="100"><vector name="origin" x="0" y="99"/><int name="z" value="0"/><int name="delay" value="150"/></canvas><canvas name="19" width="152" height="100"><vector name="origin" x="0" y="99"/><int name="z" value="0"/><int name="delay" value="150"/></canvas><canvas name="20" width="152" height="100"><vector name="origin" x="0" y="99"/><int name="z" value="0"/><int name="delay" value="150"/></canvas><canvas name="21" width="152" height="100"><vector name="origin" x="0" y="99"/><int name="z" value="0"/><int name="delay" value="150"/></canvas><canvas name="22" width="152" height="100"><vector name="origin" x="0" y="99"/><int name="z" value="0"/><int name="delay" value="150"/></canvas><canvas name="23" width="152" height="100"><vector name="origin" x="0" y="99"/><int name="z" value="0"/><int name="delay" value="150"/></canvas><canvas name="24" width="152" height="100"><vector name="origin" x="0" y="99"/><int name="z" value="0"/><int name="delay" value="150"/></canvas></imgdir></imgdir></imgdir>