<?xml version="1.0" encoding="UTF-8" standalone="yes"?><imgdir name="Christmas.img"><imgdir name="back"><canvas name="0" width="232" height="246"><vector name="origin" x="116" y="123"/><int name="z" value="0"/></canvas><canvas name="1" width="178" height="177"><vector name="origin" x="89" y="88"/><int name="z" value="0"/></canvas><canvas name="2" width="5" height="1000"><vector name="origin" x="2" y="500"/><int name="z" value="0"/></canvas><canvas name="3" width="564" height="331"><vector name="origin" x="282" y="165"/><int name="z" value="0"/></canvas><canvas name="4" width="290" height="223"><vector name="origin" x="145" y="111"/><int name="z" value="0"/></canvas><canvas name="5" width="367" height="304"><vector name="origin" x="183" y="152"/><int name="z" value="0"/></canvas><canvas name="6" width="464" height="304"><vector name="origin" x="232" y="152"/><int name="z" value="0"/><int name="delay" value="700"/></canvas><canvas name="7" width="187" height="269"><vector name="origin" x="93" y="134"/><int name="z" value="0"/><int name="delay" value="700"/></canvas><canvas name="8" width="694" height="306"><vector name="origin" x="347" y="153"/><int name="z" value="0"/><int name="delay" value="700"/></canvas><canvas name="9" width="936" height="255"><vector name="origin" x="468" y="127"/><int name="z" value="0"/><int name="delay" value="700"/></canvas><canvas name="10" width="190" height="315"><vector name="origin" x="90" y="155"/><int name="z" value="0"/><int name="delay" value="700"/></canvas></imgdir><imgdir name="ani"><imgdir name="0"><canvas name="0" width="368" height="278"><vector name="origin" x="184" y="139"/><int name="z" value="0"/><int name="delay" value="100"/></canvas><canvas name="1" width="368" height="278"><vector name="origin" x="184" y="139"/><int name="z" value="0"/><int name="delay" value="250"/></canvas><canvas name="2" width="368" height="278"><vector name="origin" x="184" y="139"/><int name="z" value="0"/><int name="delay" value="250"/></canvas><canvas name="3" width="368" height="278"><vector name="origin" x="184" y="139"/><int name="z" value="0"/><int name="delay" value="250"/></canvas><canvas name="4" width="368" height="278"><vector name="origin" x="184" y="139"/><int name="z" value="0"/><int name="delay" value="250"/></canvas><canvas name="5" width="368" height="278"><vector name="origin" x="184" y="139"/><int name="z" value="0"/><int name="delay" value="250"/></canvas><canvas name="6" width="368" height="278"><vector name="origin" x="184" y="139"/><int name="z" value="0"/><int name="delay" value="250"/></canvas><canvas name="7" width="368" height="278"><vector name="origin" x="184" y="139"/><int name="z" value="0"/><int name="delay" value="250"/></canvas><canvas name="8" width="368" height="278"><vector name="origin" x="184" y="139"/><int name="z" value="0"/><int name="delay" value="250"/></canvas><canvas name="9" width="334" height="278"><vector name="origin" x="150" y="139"/><int name="z" value="0"/><int name="delay" value="250"/></canvas></imgdir><imgdir name="1"><canvas name="0" width="381" height="312"><vector name="origin" x="190" y="156"/><int name="z" value="0"/><int name="delay" value="250"/></canvas><canvas name="1" width="384" height="312"><vector name="origin" x="190" y="156"/><int name="z" value="0"/><int name="delay" value="250"/></canvas><canvas name="2" width="384" height="312"><vector name="origin" x="190" y="156"/><int name="z" value="0"/><int name="delay" value="250"/></canvas><canvas name="3" width="384" height="311"><vector name="origin" x="190" y="156"/><int name="z" value="0"/><int name="delay" value="250"/></canvas><canvas name="4" width="384" height="287"><vector name="origin" x="190" y="156"/><int name="z" value="0"/><int name="delay" value="250"/></canvas><canvas name="5" width="383" height="310"><vector name="origin" x="189" y="155"/><int name="z" value="0"/><int name="delay" value="100"/></canvas><canvas name="6" width="365" height="310"><vector name="origin" x="171" y="154"/><int name="z" value="0"/><int name="delay" value="250"/></canvas><canvas name="7" width="383" height="296"><vector name="origin" x="189" y="140"/><int name="z" value="0"/><int name="delay" value="250"/></canvas><canvas name="8" width="384" height="310"><vector name="origin" x="190" y="154"/><int name="z" value="0"/><int name="delay" value="250"/></canvas><canvas name="9" width="386" height="311"><vector name="origin" x="192" y="155"/><int name="z" value="0"/><int name="delay" value="250"/></canvas></imgdir><imgdir name="2"><canvas name="0" width="327" height="183"><vector name="origin" x="223" y="178"/><int name="z" value="0"/><string name="delay" value="160"/></canvas><canvas name="1" width="328" height="181"><vector name="origin" x="223" y="178"/><int name="z" value="0"/><string name="delay" value="160"/></canvas><canvas name="2" width="333" height="182"><vector name="origin" x="229" y="178"/><int name="z" value="0"/><string name="delay" value="160"/></canvas><canvas name="3" width="337" height="183"><vector name="origin" x="233" y="178"/><int name="z" value="0"/><string name="delay" value="160"/></canvas><canvas name="4" width="342" height="181"><vector name="origin" x="237" y="178"/><int name="z" value="0"/><string name="delay" value="160"/></canvas><canvas name="5" width="330" height="182"><vector name="origin" x="226" y="178"/><int name="z" value="0"/><string name="delay" value="160"/></canvas></imgdir></imgdir></imgdir>