<?xml version="1.0" encoding="UTF-8" standalone="yes"?><imgdir name="darkWood.img"><imgdir name="back"><canvas name="0" width="842" height="340"><vector name="origin" x="421" y="170"/><int name="z" value="0"/></canvas><canvas name="1" width="150" height="476"><vector name="origin" x="75" y="238"/><int name="z" value="0"/></canvas><canvas name="2" width="151" height="476"><vector name="origin" x="75" y="238"/><int name="z" value="0"/></canvas><canvas name="3" width="124" height="476"><vector name="origin" x="62" y="238"/><int name="z" value="0"/></canvas><canvas name="4" width="199" height="476"><vector name="origin" x="99" y="238"/><int name="z" value="0"/></canvas><canvas name="5" width="99" height="520"><vector name="origin" x="49" y="260"/><int name="z" value="0"/></canvas><canvas name="6" width="130" height="520"><vector name="origin" x="65" y="260"/><int name="z" value="0"/></canvas><canvas name="7" width="176" height="520"><vector name="origin" x="88" y="260"/><int name="z" value="0"/></canvas></imgdir></imgdir>