<?xml version="1.0" encoding="UTF-8" standalone="yes"?><imgdir name="darkCave.img"><imgdir name="back"><canvas name="0" width="800" height="600"><vector name="origin" x="400" y="300"/><int name="z" value="0"/></canvas><canvas name="1" width="800" height="600"><vector name="origin" x="400" y="300"/><int name="z" value="0"/></canvas><canvas name="2" width="800" height="600"><vector name="origin" x="400" y="300"/><int name="z" value="0"/></canvas><canvas name="3" width="800" height="600"><vector name="origin" x="400" y="300"/><int name="z" value="0"/></canvas><canvas name="4" width="800" height="600"><vector name="origin" x="400" y="300"/><int name="z" value="0"/></canvas><canvas name="5" width="800" height="600"><vector name="origin" x="400" y="300"/><int name="z" value="0"/></canvas></imgdir></imgdir>