<?xml version="1.0" encoding="UTF-8" standalone="yes"?><imgdir name="dragonRoad.img"><imgdir name="back"><canvas name="0" width="900" height="50"><vector name="origin" x="450" y="25"/><int name="z" value="0"/></canvas><canvas name="1" width="900" height="509"><vector name="origin" x="450" y="254"/><int name="z" value="0"/></canvas><canvas name="2" width="429" height="368"><vector name="origin" x="214" y="184"/><int name="z" value="0"/></canvas><canvas name="3" width="429" height="286"><vector name="origin" x="214" y="102"/><int name="z" value="0"/></canvas><canvas name="4" width="429" height="351"><vector name="origin" x="214" y="167"/><int name="z" value="0"/></canvas><canvas name="5" width="429" height="455"><vector name="origin" x="214" y="271"/><int name="z" value="0"/></canvas><canvas name="6" width="538" height="91"><vector name="origin" x="162" y="41"/><int name="z" value="0"/></canvas><canvas name="7" width="814" height="210"><vector name="origin" x="371" y="165"/><int name="z" value="0"/></canvas><canvas name="8" width="802" height="121"><vector name="origin" x="399" y="60"/><int name="z" value="0"/></canvas><canvas name="9" width="689" height="492"><vector name="origin" x="344" y="246"/><int name="z" value="0"/></canvas><canvas name="10" width="689" height="226"><vector name="origin" x="344" y="113"/><int name="z" value="0"/></canvas><canvas name="11" width="757" height="650"><vector name="origin" x="378" y="325"/><int name="z" value="0"/></canvas><canvas name="12" width="727" height="510"><vector name="origin" x="363" y="255"/><int name="z" value="0"/></canvas><canvas name="13" width="144" height="218"><vector name="origin" x="72" y="109"/><int name="z" value="0"/></canvas><canvas name="14" width="600" height="393"><vector name="origin" x="300" y="196"/><int name="z" value="0"/></canvas><canvas name="15" width="240" height="226"><vector name="origin" x="120" y="113"/><int name="z" value="0"/></canvas><canvas name="16" width="621" height="389"><vector name="origin" x="310" y="194"/><int name="z" value="0"/></canvas><canvas name="17" width="415" height="246"><vector name="origin" x="207" y="123"/><int name="z" value="0"/></canvas><canvas name="18" width="250" height="270"><vector name="origin" x="125" y="135"/><int name="z" value="0"/></canvas><canvas name="19" width="600" height="393"><vector name="origin" x="300" y="196"/><int name="z" value="0"/></canvas><canvas name="20" width="124" height="258"><vector name="origin" x="62" y="129"/><int name="z" value="0"/></canvas><canvas name="21" width="621" height="389"><vector name="origin" x="310" y="194"/><int name="z" value="0"/></canvas><canvas name="22" width="243" height="275"><vector name="origin" x="121" y="137"/><int name="z" value="0"/></canvas><canvas name="23" width="870" height="804"><vector name="origin" x="435" y="402"/><int name="z" value="0"/></canvas><canvas name="24" width="802" height="761"><vector name="origin" x="401" y="380"/><int name="z" value="0"/></canvas><canvas name="25" width="519" height="329"><vector name="origin" x="259" y="164"/><int name="z" value="0"/></canvas><canvas name="26" width="468" height="448"><vector name="origin" x="234" y="224"/><int name="z" value="0"/></canvas></imgdir><imgdir name="ani"><imgdir name="0"><canvas name="0" width="796" height="358"><vector name="origin" x="397" y="168"/><int name="z" value="0"/><int name="a0" value="30"/><int name="a1" value="255"/><int name="delay" value="4000"/></canvas><canvas name="1" width="806" height="362"><vector name="origin" x="407" y="172"/><int name="z" value="0"/><int name="delay" value="140"/></canvas><canvas name="2" width="809" height="362"><vector name="origin" x="410" y="172"/><int name="z" value="0"/><int name="delay" value="110"/></canvas><canvas name="3" width="809" height="362"><vector name="origin" x="410" y="172"/><int name="z" value="0"/><int name="delay" value="110"/></canvas><canvas name="4" width="806" height="362"><vector name="origin" x="407" y="172"/><int name="z" value="0"/><int name="delay" value="140"/></canvas><canvas name="5" width="796" height="358"><vector name="origin" x="397" y="168"/><int name="z" value="0"/><int name="a0" value="255"/><int name="a1" value="30"/><int name="delay" value="3000"/></canvas><canvas name="6" width="796" height="358"><vector name="origin" x="397" y="168"/><int name="z" value="0"/><int name="a0" value="30"/><int name="delay" value="100"/></canvas><canvas name="7" width="796" height="358"><vector name="origin" x="397" y="168"/><int name="z" value="0"/><int name="a0" value="30"/><int name="a1" value="255"/><int name="delay" value="3000"/></canvas><uol name="8" value="1"/><uol name="9" value="2"/><uol name="10" value="3"/><uol name="11" value="4"/><canvas name="12" width="809" height="362"><vector name="origin" x="410" y="172"/><int name="z" value="0"/><int name="delay" value="100"/></canvas><canvas name="13" width="796" height="362"><vector name="origin" x="397" y="172"/><int name="z" value="0"/><int name="delay" value="140"/></canvas><canvas name="14" width="811" height="527"><vector name="origin" x="410" y="172"/><int name="z" value="0"/><int name="delay" value="110"/></canvas><canvas name="15" width="808" height="522"><vector name="origin" x="407" y="172"/><int name="z" value="0"/><int name="delay" value="110"/></canvas><canvas name="16" width="807" height="521"><vector name="origin" x="407" y="172"/><int name="z" value="0"/><int name="delay" value="140"/></canvas><canvas name="17" width="796" height="520"><vector name="origin" x="397" y="172"/><int name="z" value="0"/><int name="delay" value="140"/></canvas><canvas name="18" width="796" height="520"><vector name="origin" x="397" y="172"/><int name="z" value="0"/><int name="delay" value="140"/></canvas><canvas name="19" width="796" height="517"><vector name="origin" x="397" y="172"/><int name="z" value="0"/><int name="delay" value="140"/></canvas><canvas name="20" width="796" height="515"><vector name="origin" x="397" y="172"/><int name="z" value="0"/><int name="delay" value="4000"/><int name="a0" value="255"/><int name="a1" value="100"/></canvas><canvas name="21" width="796" height="515"><vector name="origin" x="397" y="172"/><int name="z" value="0"/><int name="delay" value="6000"/><int name="a0" value="100"/><int name="a1" value="30"/></canvas></imgdir><imgdir name="1"><canvas name="0" width="796" height="358"><vector name="origin" x="397" y="168"/><int name="z" value="0"/><int name="a0" value="30"/><int name="a1" value="255"/><int name="delay" value="4000"/></canvas><uol name="1" value="../0/1"/><uol name="2" value="../0/2"/><uol name="3" value="../0/3"/><uol name="4" value="../0/4"/><canvas name="5" width="796" height="358"><vector name="origin" x="397" y="168"/><int name="z" value="0"/><int name="delay" value="1"/></canvas><uol name="6" value="../0/1"/><uol name="7" value="../0/2"/><uol name="8" value="../0/3"/><uol name="9" value="../0/4"/><canvas name="10" width="796" height="358"><vector name="origin" x="397" y="168"/><int name="z" value="0"/><int name="delay" value="4000"/><int name="a0" value="255"/><int name="a1" value="100"/></canvas><canvas name="11" width="796" height="358"><vector name="origin" x="397" y="168"/><int name="z" value="0"/><int name="delay" value="6000"/><int name="a0" value="100"/><int name="a1" value="30"/></canvas></imgdir><imgdir name="2"><canvas name="0" width="715" height="529"><vector name="origin" x="357" y="264"/><int name="z" value="0"/><int name="delay" value="4140"/></canvas><canvas name="1" width="715" height="529"><vector name="origin" x="357" y="264"/><int name="z" value="0"/><int name="delay" value="120"/></canvas><canvas name="2" width="715" height="529"><vector name="origin" x="357" y="264"/><int name="z" value="0"/><int name="delay" value="110"/></canvas><canvas name="3" width="715" height="529"><vector name="origin" x="357" y="264"/><int name="z" value="0"/><int name="delay" value="120"/></canvas><canvas name="4" width="715" height="529"><vector name="origin" x="357" y="264"/><int name="z" value="0"/><int name="delay" value="6240"/></canvas><uol name="5" value="2"/><canvas name="6" width="715" height="529"><vector name="origin" x="357" y="264"/><int name="z" value="0"/><int name="delay" value="500"/></canvas><canvas name="7" width="717" height="529"><vector name="origin" x="358" y="264"/><int name="z" value="0"/><int name="delay" value="110"/></canvas><canvas name="8" width="716" height="529"><vector name="origin" x="357" y="264"/><int name="z" value="0"/><int name="delay" value="110"/></canvas><canvas name="9" width="716" height="529"><vector name="origin" x="357" y="264"/><int name="z" value="0"/><int name="delay" value="140"/></canvas><canvas name="10" width="716" height="529"><vector name="origin" x="357" y="264"/><int name="z" value="0"/><int name="delay" value="140"/></canvas><canvas name="11" width="715" height="529"><vector name="origin" x="357" y="264"/><int name="z" value="0"/><int name="delay" value="140"/></canvas><canvas name="12" width="715" height="529"><vector name="origin" x="357" y="264"/><int name="z" value="0"/><int name="delay" value="140"/></canvas><canvas name="13" width="715" height="529"><vector name="origin" x="357" y="264"/><int name="z" value="0"/><int name="delay" value="200"/></canvas><canvas name="14" width="715" height="529"><vector name="origin" x="357" y="264"/><int name="z" value="0"/><int name="delay" value="9800"/></canvas></imgdir><imgdir name="3"><canvas name="0" width="402" height="261"><vector name="origin" x="201" y="130"/><int name="z" value="0"/><int name="delay" value="4140"/></canvas><canvas name="1" width="402" height="263"><vector name="origin" x="201" y="132"/><int name="z" value="0"/><int name="delay" value="120"/></canvas><canvas name="2" width="402" height="261"><vector name="origin" x="201" y="130"/><int name="z" value="0"/><int name="delay" value="110"/></canvas><canvas name="3" width="402" height="263"><vector name="origin" x="201" y="132"/><int name="z" value="0"/><int name="delay" value="120"/></canvas><canvas name="4" width="402" height="258"><vector name="origin" x="201" y="127"/><int name="z" value="0"/><int name="delay" value="6240"/></canvas><uol name="5" value="2"/><canvas name="6" width="402" height="261"><vector name="origin" x="201" y="130"/><int name="z" value="0"/><int name="delay" value="500"/></canvas><canvas name="7" width="403" height="264"><vector name="origin" x="202" y="133"/><int name="z" value="0"/><int name="delay" value="110"/></canvas><canvas name="8" width="403" height="264"><vector name="origin" x="202" y="133"/><int name="z" value="0"/><int name="delay" value="110"/></canvas><canvas name="9" width="403" height="264"><vector name="origin" x="202" y="133"/><int name="z" value="0"/><int name="delay" value="140"/></canvas><canvas name="10" width="403" height="264"><vector name="origin" x="202" y="133"/><int name="z" value="0"/><int name="delay" value="140"/></canvas><canvas name="11" width="402" height="264"><vector name="origin" x="201" y="133"/><int name="z" value="0"/><int name="delay" value="140"/></canvas><canvas name="12" width="402" height="263"><vector name="origin" x="201" y="132"/><int name="z" value="0"/><int name="delay" value="140"/></canvas><canvas name="13" width="402" height="263"><vector name="origin" x="201" y="132"/><int name="z" value="0"/><int name="delay" value="200"/></canvas><canvas name="14" width="402" height="261"><vector name="origin" x="201" y="130"/><int name="z" value="0"/><int name="delay" value="9800"/></canvas></imgdir><imgdir name="4"><uol name="0" value="../2/0"/><uol name="1" value="../2/1"/><uol name="2" value="../2/2"/><uol name="3" value="../2/3"/><canvas name="4" width="715" height="529"><vector name="origin" x="357" y="264"/><int name="z" value="0"/><int name="delay" value="161"/></canvas><uol name="5" value="1"/><uol name="6" value="2"/><uol name="7" value="3"/><canvas name="8" width="715" height="529"><vector name="origin" x="357" y="264"/><int name="z" value="0"/><int name="delay" value="10000"/></canvas></imgdir><imgdir name="5"><uol name="0" value="../3/0"/><uol name="1" value="../3/1"/><uol name="2" value="../3/2"/><uol name="3" value="../3/3"/><canvas name="4" width="402" height="258"><vector name="origin" x="201" y="127"/><int name="z" value="0"/><int name="delay" value="161"/></canvas><uol name="5" value="1"/><uol name="6" value="2"/><uol name="7" value="3"/><canvas name="8" width="402" height="258"><vector name="origin" x="201" y="127"/><int name="z" value="0"/><int name="delay" value="10000"/></canvas></imgdir></imgdir></imgdir>