<?xml version="1.0" encoding="UTF-8" standalone="yes"?><imgdir name="dragonValley.img"><imgdir name="back"><canvas name="0" width="400" height="10"><vector name="origin" x="200" y="5"/><int name="z" value="0"/></canvas><canvas name="1" width="400" height="516"><vector name="origin" x="200" y="258"/><int name="z" value="0"/></canvas><canvas name="2" width="400" height="296"><vector name="origin" x="200" y="148"/><int name="z" value="0"/></canvas><canvas name="3" width="393" height="398"><vector name="origin" x="196" y="199"/><int name="z" value="0"/></canvas><canvas name="4" width="400" height="343"><vector name="origin" x="200" y="171"/><int name="z" value="0"/></canvas><canvas name="5" width="400" height="509"><vector name="origin" x="200" y="254"/><int name="z" value="0"/></canvas><canvas name="6" width="286" height="158"><vector name="origin" x="143" y="79"/><int name="z" value="0"/></canvas><canvas name="7" width="267" height="101"><vector name="origin" x="133" y="50"/><int name="z" value="0"/></canvas><canvas name="8" width="265" height="599"><vector name="origin" x="132" y="299"/><int name="z" value="0"/></canvas><canvas name="9" width="303" height="599"><vector name="origin" x="151" y="299"/><int name="z" value="0"/></canvas><canvas name="10" width="543" height="426"><vector name="origin" x="271" y="213"/><int name="z" value="0"/></canvas></imgdir><imgdir name="ani"><imgdir name="0"><canvas name="0" width="159" height="512"><vector name="origin" x="79" y="256"/><int name="z" value="0"/><int name="a0" value="50"/><int name="a1" value="255"/><int name="delay" value="2000"/></canvas><canvas name="1" width="159" height="512"><vector name="origin" x="79" y="256"/><int name="z" value="0"/><int name="a0" value="255"/><int name="a1" value="50"/><int name="delay" value="2000"/></canvas></imgdir><imgdir name="1"><canvas name="0" width="186" height="396"><vector name="origin" x="93" y="198"/><int name="z" value="0"/><int name="a0" value="50"/><int name="a1" value="255"/><int name="delay" value="2300"/></canvas><canvas name="1" width="186" height="396"><vector name="origin" x="93" y="198"/><int name="z" value="0"/><int name="a0" value="255"/><int name="a1" value="50"/><int name="delay" value="2300"/></canvas></imgdir><imgdir name="2"><canvas name="0" width="116" height="421"><vector name="origin" x="58" y="210"/><int name="z" value="0"/><int name="a0" value="50"/><int name="a1" value="255"/><int name="delay" value="2600"/></canvas><canvas name="1" width="116" height="421"><vector name="origin" x="58" y="210"/><int name="z" value="0"/><int name="a0" value="255"/><int name="a1" value="50"/><int name="delay" value="2600"/></canvas></imgdir><imgdir name="3"><canvas name="0" width="175" height="545"><vector name="origin" x="87" y="272"/><int name="z" value="0"/><int name="a0" value="50"/><int name="a1" value="255"/><int name="delay" value="1700"/></canvas><canvas name="1" width="175" height="545"><vector name="origin" x="87" y="272"/><int name="z" value="0"/><int name="a0" value="255"/><int name="a1" value="50"/><int name="delay" value="1700"/></canvas></imgdir><imgdir name="4"><canvas name="0" width="108" height="366"><vector name="origin" x="54" y="183"/><int name="z" value="0"/><int name="a0" value="50"/><int name="a1" value="255"/><int name="delay" value="2900"/></canvas><canvas name="1" width="108" height="366"><vector name="origin" x="54" y="183"/><int name="z" value="0"/><int name="a0" value="255"/><int name="a1" value="50"/><int name="delay" value="2900"/></canvas></imgdir></imgdir></imgdir>