<?xml version="1.0" encoding="UTF-8" standalone="yes"?><imgdir name="dryRock2.img"><imgdir name="back"><canvas name="0" width="600" height="475"><vector name="origin" x="300" y="237"/><int name="z" value="0"/></canvas><canvas name="1" width="900" height="235"><vector name="origin" x="450" y="117"/><int name="z" value="0"/></canvas><canvas name="2" width="242" height="281"><vector name="origin" x="121" y="140"/><int name="z" value="0"/></canvas><canvas name="3" width="162" height="301"><vector name="origin" x="81" y="150"/><int name="z" value="0"/></canvas><canvas name="4" width="208" height="239"><vector name="origin" x="104" y="119"/><int name="z" value="0"/></canvas><canvas name="5" width="103" height="102"><vector name="origin" x="51" y="51"/><int name="z" value="0"/></canvas><canvas name="6" width="900" height="224"><vector name="origin" x="450" y="112"/><int name="z" value="0"/></canvas><canvas name="7" width="493" height="351"><vector name="origin" x="246" y="175"/><int name="z" value="0"/></canvas><canvas name="8" width="347" height="402"><vector name="origin" x="173" y="201"/><int name="z" value="0"/></canvas><canvas name="9" width="900" height="224"><vector name="origin" x="450" y="112"/><int name="z" value="0"/></canvas><canvas name="10" width="280" height="221"><vector name="origin" x="140" y="110"/><int name="z" value="0"/></canvas><canvas name="11" width="635" height="123"><vector name="origin" x="317" y="61"/><int name="z" value="0"/></canvas><canvas name="12" width="445" height="192"><vector name="origin" x="222" y="96"/><int name="z" value="0"/></canvas><canvas name="13" width="181" height="285"><vector name="origin" x="90" y="142"/><int name="z" value="0"/></canvas><canvas name="14" width="33" height="261"><vector name="origin" x="16" y="130"/><int name="z" value="0"/></canvas></imgdir></imgdir>