<?xml version="1.0" encoding="UTF-8" standalone="yes"?><imgdir name="folkvillige.img"><imgdir name="back"><canvas name="0" width="50" height="50"><vector name="origin" x="25" y="25"/><int name="z" value="0"/></canvas><canvas name="1" width="50" height="550"><vector name="origin" x="25" y="275"/><int name="z" value="0"/></canvas><canvas name="2" width="958" height="227"><vector name="origin" x="479" y="113"/><int name="z" value="0"/></canvas><canvas name="3" width="576" height="125"><vector name="origin" x="321" y="58"/><int name="z" value="0"/></canvas><canvas name="4" width="1023" height="368"><vector name="origin" x="512" y="182"/><int name="z" value="0"/></canvas><canvas name="5" width="1023" height="364"><vector name="origin" x="511" y="184"/><int name="z" value="0"/></canvas><canvas name="6" width="415" height="303"><vector name="origin" x="207" y="151"/><int name="z" value="0"/></canvas><canvas name="7" width="761" height="164"><vector name="origin" x="178" y="47"/><int name="z" value="0"/></canvas><canvas name="8" width="576" height="125"><vector name="origin" x="447" y="9"/><int name="z" value="0"/></canvas><canvas name="9" width="473" height="205"><vector name="origin" x="241" y="148"/><int name="z" value="0"/></canvas><canvas name="10" width="385" height="188"><vector name="origin" x="106" y="163"/><int name="z" value="0"/></canvas><canvas name="11" width="354" height="143"><vector name="origin" x="177" y="71"/><int name="z" value="0"/></canvas><canvas name="12" width="277" height="213"><vector name="origin" x="132" y="111"/><int name="z" value="0"/></canvas><canvas name="13" width="492" height="235"><vector name="origin" x="246" y="117"/><int name="z" value="0"/></canvas><canvas name="14" width="410" height="178"><vector name="origin" x="205" y="89"/><int name="z" value="0"/></canvas><canvas name="15" width="358" height="196"><vector name="origin" x="179" y="98"/><int name="z" value="0"/></canvas></imgdir></imgdir>