<?xml version="1.0" encoding="UTF-8" standalone="yes"?><imgdir name="globalJP3_ghost.img"><imgdir name="back"><canvas name="0" width="315" height="315"><vector name="origin" x="157" y="157"/><int name="z" value="0"/></canvas><canvas name="1" width="560" height="560"><vector name="origin" x="280" y="280"/><int name="z" value="0"/></canvas><canvas name="2" width="890" height="395"><vector name="origin" x="445" y="197"/><int name="z" value="0"/></canvas><canvas name="3" width="900" height="181"><vector name="origin" x="450" y="90"/><int name="z" value="0"/></canvas><canvas name="4" width="268" height="126"><vector name="origin" x="134" y="63"/><int name="z" value="0"/></canvas><canvas name="5" width="594" height="235"><vector name="origin" x="297" y="117"/><int name="z" value="0"/></canvas><canvas name="6" width="371" height="139"><vector name="origin" x="185" y="69"/><int name="z" value="0"/></canvas><canvas name="7" width="218" height="79"><vector name="origin" x="109" y="39"/><int name="z" value="0"/></canvas><canvas name="9" width="900" height="181"><vector name="origin" x="450" y="90"/><int name="z" value="0"/></canvas><canvas name="10" width="95" height="63"><vector name="origin" x="42" y="-2"/><int name="z" value="0"/></canvas><canvas name="11" width="397" height="182"><vector name="origin" x="198" y="91"/><int name="z" value="0"/></canvas><canvas name="12" width="176" height="116"><vector name="origin" x="39" y="9"/><int name="z" value="0"/></canvas><canvas name="13" width="281" height="102"><vector name="origin" x="140" y="51"/><int name="z" value="0"/></canvas><canvas name="14" width="333" height="141"><vector name="origin" x="166" y="70"/><int name="z" value="0"/></canvas><canvas name="15" width="253" height="128"><vector name="origin" x="3" y="96"/><int name="z" value="0"/></canvas><canvas name="16" width="331" height="175"><vector name="origin" x="165" y="87"/><int name="z" value="0"/></canvas><canvas name="17" width="236" height="93"><vector name="origin" x="118" y="46"/><int name="z" value="0"/></canvas><canvas name="18" width="195" height="152"><vector name="origin" x="97" y="76"/><int name="z" value="0"/></canvas><canvas name="19" width="109" height="88"><vector name="origin" x="54" y="44"/><int name="z" value="0"/></canvas><canvas name="20" width="188" height="153"><vector name="origin" x="94" y="76"/><int name="z" value="0"/></canvas><canvas name="21" width="190" height="354"><vector name="origin" x="95" y="177"/><int name="z" value="0"/></canvas></imgdir><imgdir name="ani"><imgdir name="0"><canvas name="0" width="903" height="148"><vector name="origin" x="451" y="74"/><int name="z" value="0"/><int name="delay" value="800"/></canvas><canvas name="1" width="903" height="148"><vector name="origin" x="451" y="74"/><int name="z" value="0"/><int name="delay" value="800"/></canvas><canvas name="2" width="903" height="148"><vector name="origin" x="451" y="74"/><int name="z" value="0"/><int name="delay" value="800"/></canvas></imgdir></imgdir></imgdir>