<?xml version="1.0" encoding="UTF-8" standalone="yes"?><imgdir name="globalJP2.img"><imgdir name="back"><canvas name="0" width="256" height="256"><vector name="origin" x="128" y="128"/><int name="z" value="0"/></canvas><canvas name="1" width="647" height="667"><vector name="origin" x="241" y="224"/><int name="z" value="0"/></canvas><canvas name="2" width="890" height="396"><vector name="origin" x="445" y="198"/><int name="z" value="0"/></canvas><canvas name="3" width="162" height="61"><vector name="origin" x="81" y="30"/><int name="z" value="0"/></canvas><canvas name="4" width="186" height="358"><vector name="origin" x="93" y="179"/><int name="z" value="0"/></canvas><canvas name="5" width="236" height="83"><vector name="origin" x="118" y="41"/><int name="z" value="0"/></canvas><canvas name="6" width="900" height="184"><vector name="origin" x="450" y="92"/><int name="z" value="0"/></canvas><canvas name="7" width="331" height="175"><vector name="origin" x="165" y="87"/><int name="z" value="0"/></canvas><canvas name="8" width="333" height="141"><vector name="origin" x="166" y="70"/><int name="z" value="0"/></canvas><canvas name="9" width="253" height="129"><vector name="origin" x="126" y="64"/><int name="z" value="0"/></canvas><canvas name="10" width="389" height="102"><vector name="origin" x="194" y="51"/><int name="z" value="0"/></canvas><canvas name="11" width="397" height="182"><vector name="origin" x="198" y="91"/><int name="z" value="0"/></canvas><canvas name="12" width="176" height="116"><vector name="origin" x="88" y="58"/><int name="z" value="0"/></canvas></imgdir><imgdir name="ani"><imgdir name="0"><canvas name="0" width="11" height="11"><vector name="origin" x="11" y="11"/><int name="z" value="0"/><int name="delay" value="350"/><int name="a0" value="0"/><int name="a1" value="150"/><int name="moveType" value="2"/><int name="moveH" value="30"/><int name="moveP" value="6000"/></canvas><canvas name="1" width="19" height="19"><vector name="origin" x="15" y="14"/><int name="z" value="0"/><int name="delay" value="300"/><int name="a0" value="150"/></canvas><canvas name="2" width="25" height="26"><vector name="origin" x="18" y="18"/><int name="z" value="0"/><int name="delay" value="300"/><int name="a0" value="150"/></canvas><canvas name="3" width="32" height="31"><vector name="origin" x="21" y="20"/><int name="z" value="0"/><int name="delay" value="350"/><int name="a0" value="150"/></canvas><uol name="4" value="2"/><canvas name="5" width="42" height="41"><vector name="origin" x="27" y="24"/><int name="z" value="0"/><int name="delay" value="300"/><int name="a0" value="150"/><int name="a1" value="0"/></canvas></imgdir></imgdir></imgdir>