<?xml version="1.0" encoding="UTF-8" standalone="yes"?><imgdir name="greenCrystalCave.img"><imgdir name="back"><canvas name="0" width="800" height="600"><vector name="origin" x="400" y="300"/><int name="z" value="0"/></canvas><canvas name="1" width="800" height="600"><vector name="origin" x="400" y="300"/><int name="z" value="0"/></canvas><canvas name="2" width="800" height="600"><vector name="origin" x="400" y="300"/><int name="z" value="0"/></canvas><canvas name="3" width="800" height="600"><vector name="origin" x="400" y="300"/><int name="z" value="0"/></canvas><canvas name="4" width="352" height="286"><vector name="origin" x="176" y="143"/><int name="z" value="0"/></canvas><canvas name="5" width="400" height="346"><vector name="origin" x="200" y="173"/><int name="z" value="0"/></canvas><canvas name="6" width="354" height="219"><vector name="origin" x="177" y="109"/><int name="z" value="0"/></canvas><canvas name="7" width="130" height="308"><vector name="origin" x="65" y="154"/><int name="z" value="0"/></canvas><canvas name="8" width="354" height="219"><vector name="origin" x="177" y="109"/><int name="z" value="0"/></canvas><canvas name="9" width="130" height="308"><vector name="origin" x="65" y="154"/><int name="z" value="0"/></canvas><canvas name="10" width="354" height="219"><vector name="origin" x="177" y="109"/><int name="z" value="0"/></canvas><canvas name="11" width="130" height="308"><vector name="origin" x="65" y="154"/><int name="z" value="0"/></canvas><canvas name="12" width="354" height="219"><vector name="origin" x="177" y="109"/><int name="z" value="0"/></canvas><canvas name="13" width="130" height="308"><vector name="origin" x="65" y="154"/><int name="z" value="0"/></canvas></imgdir></imgdir>