<?xml version="1.0" encoding="UTF-8" standalone="yes"?><imgdir name="halloween.img"><imgdir name="back"><canvas name="0" width="98" height="96"><vector name="origin" x="49" y="48"/><int name="z" value="0"/></canvas><canvas name="1" width="520" height="272"><vector name="origin" x="260" y="136"/><int name="z" value="0"/></canvas><canvas name="2" width="520" height="272"><vector name="origin" x="260" y="136"/><int name="z" value="0"/></canvas><canvas name="3" width="520" height="272"><vector name="origin" x="260" y="136"/><int name="z" value="0"/></canvas><canvas name="4" width="98" height="96"><vector name="origin" x="49" y="48"/><int name="z" value="0"/></canvas><canvas name="5" width="399" height="376"><vector name="origin" x="199" y="188"/><int name="z" value="0"/></canvas><canvas name="6" width="106" height="158"><vector name="origin" x="53" y="79"/><int name="z" value="0"/></canvas><canvas name="7" width="106" height="158"><vector name="origin" x="53" y="79"/><int name="z" value="0"/></canvas><canvas name="8" width="106" height="158"><vector name="origin" x="53" y="79"/><int name="z" value="0"/></canvas><canvas name="9" width="1" height="1"><vector name="origin" x="0" y="0"/></canvas><canvas name="10" width="122" height="168"><vector name="origin" x="61" y="84"/><int name="z" value="0"/></canvas><canvas name="11" width="428" height="194"><vector name="origin" x="214" y="97"/><int name="z" value="0"/></canvas><canvas name="12" width="421" height="188"><vector name="origin" x="210" y="94"/><int name="z" value="0"/></canvas><canvas name="13" width="101" height="600"><vector name="origin" x="50" y="300"/><int name="z" value="0"/></canvas><canvas name="14" width="1" height="1"><vector name="origin" x="0" y="0"/></canvas><canvas name="15" width="1" height="1"><vector name="origin" x="0" y="0"/><int name="z" value="0"/><int name="delay" value="1900"/></canvas><canvas name="16" width="800" height="246"><vector name="origin" x="400" y="123"/><int name="z" value="0"/></canvas><canvas name="17" width="224" height="83"><vector name="origin" x="112" y="41"/><int name="z" value="0"/></canvas><canvas name="18" width="159" height="73"><vector name="origin" x="79" y="36"/><int name="z" value="0"/></canvas><canvas name="19" width="213" height="103"><vector name="origin" x="106" y="51"/><int name="z" value="0"/></canvas><canvas name="20" width="293" height="136"><vector name="origin" x="146" y="68"/><int name="z" value="0"/></canvas><canvas name="21" width="365" height="86"><vector name="origin" x="182" y="43"/><int name="z" value="0"/></canvas><canvas name="22" width="323" height="151"><vector name="origin" x="161" y="75"/><int name="z" value="0"/></canvas><canvas name="23" width="132" height="137"><vector name="origin" x="66" y="68"/><int name="z" value="0"/></canvas><canvas name="24" width="98" height="96"><vector name="origin" x="49" y="48"/><int name="z" value="0"/></canvas></imgdir><imgdir name="ani"><imgdir name="0"><canvas name="0" width="106" height="158"><vector name="origin" x="53" y="79"/><int name="z" value="0"/></canvas><canvas name="1" width="106" height="158"><vector name="origin" x="53" y="79"/><int name="z" value="0"/></canvas></imgdir><imgdir name="1"><canvas name="0" width="330" height="307"><vector name="origin" x="165" y="153"/><int name="z" value="0"/><int name="a0" value="255"/><int name="a1" value="100"/><int name="delay" value="5000"/></canvas><canvas name="1" width="330" height="307"><vector name="origin" x="165" y="153"/><int name="z" value="0"/><int name="a0" value="100"/><int name="a1" value="255"/><int name="delay" value="5000"/></canvas></imgdir></imgdir></imgdir>