<?xml version="1.0" encoding="UTF-8" standalone="yes"?><imgdir name="HalloweenBack.img"><imgdir name="back"><canvas name="0" width="800" height="600"><vector name="origin" x="400" y="300"/></canvas><canvas name="1" width="22" height="200"><vector name="origin" x="11" y="100"/><int name="z" value="0"/></canvas><canvas name="2" width="22" height="200"><vector name="origin" x="11" y="100"/><int name="z" value="0"/></canvas><canvas name="3" width="22" height="200"><vector name="origin" x="11" y="100"/></canvas><canvas name="4" width="800" height="320"><vector name="origin" x="400" y="160"/><int name="z" value="0"/></canvas><canvas name="5" width="213" height="103"><vector name="origin" x="106" y="51"/><int name="z" value="0"/></canvas><canvas name="6" width="159" height="73"><vector name="origin" x="79" y="36"/><int name="z" value="0"/></canvas><canvas name="7" width="224" height="83"><vector name="origin" x="112" y="41"/><int name="z" value="0"/></canvas><canvas name="8" width="293" height="136"><vector name="origin" x="146" y="68"/><int name="z" value="0"/></canvas><canvas name="9" width="365" height="86"><vector name="origin" x="182" y="43"/><int name="z" value="0"/></canvas><canvas name="10" width="323" height="151"><vector name="origin" x="161" y="75"/><int name="z" value="0"/></canvas><canvas name="11" width="132" height="137"><vector name="origin" x="66" y="68"/></canvas><canvas name="12" width="735" height="583"><vector name="origin" x="367" y="291"/></canvas><canvas name="13" width="428" height="194"><vector name="origin" x="214" y="97"/></canvas><canvas name="14" width="421" height="188"><vector name="origin" x="210" y="94"/></canvas><canvas name="15" width="270" height="120"><vector name="origin" x="135" y="60"/></canvas><canvas name="16" width="399" height="376"><vector name="origin" x="53" y="79"/><int name="z" value="0"/></canvas><canvas name="17" width="106" height="158"><vector name="origin" x="53" y="79"/><int name="z" value="0"/></canvas><canvas name="18" width="106" height="158"><vector name="origin" x="53" y="79"/><int name="z" value="0"/></canvas><canvas name="19" width="106" height="158"><vector name="origin" x="53" y="79"/><int name="z" value="0"/></canvas><canvas name="20" width="106" height="158"><vector name="origin" x="53" y="79"/><int name="z" value="0"/></canvas><canvas name="21" width="106" height="158"><vector name="origin" x="53" y="79"/><int name="z" value="0"/></canvas><canvas name="22" width="122" height="159"><vector name="origin" x="53" y="79"/><int name="z" value="0"/></canvas></imgdir><imgdir name="ani"><imgdir name="0"><canvas name="0" width="132" height="158"><vector name="origin" x="66" y="79"/><int name="z" value="0"/></canvas><canvas name="1" width="132" height="158"><vector name="origin" x="66" y="79"/><int name="z" value="0"/></canvas><canvas name="2" width="132" height="158"><vector name="origin" x="66" y="79"/><int name="z" value="0"/></canvas><canvas name="3" width="132" height="158"><vector name="origin" x="66" y="79"/><int name="z" value="0"/></canvas><canvas name="4" width="132" height="158"><vector name="origin" x="66" y="79"/><int name="z" value="0"/></canvas><canvas name="5" width="132" height="159"><vector name="origin" x="66" y="80"/><int name="z" value="0"/></canvas><canvas name="6" width="132" height="165"><vector name="origin" x="66" y="86"/><int name="z" value="0"/></canvas><canvas name="7" width="132" height="174"><vector name="origin" x="66" y="95"/><int name="z" value="0"/></canvas><canvas name="8" width="132" height="168"><vector name="origin" x="66" y="89"/><int name="z" value="0"/></canvas><canvas name="9" width="132" height="159"><vector name="origin" x="66" y="80"/><int name="z" value="0"/></canvas></imgdir><imgdir name="1"><canvas name="0" width="106" height="158"><vector name="origin" x="53" y="79"/><int name="z" value="0"/></canvas><canvas name="1" width="106" height="158"><vector name="origin" x="53" y="79"/><int name="z" value="0"/></canvas></imgdir></imgdir></imgdir>