<?xml version="1.0" encoding="UTF-8" standalone="yes"?><imgdir name="laboratory.img"><imgdir name="back"><canvas name="0" width="1" height="1"><vector name="origin" x="0" y="0"/></canvas><canvas name="1" width="150" height="450"><vector name="origin" x="75" y="225"/><int name="z" value="0"/></canvas><canvas name="2" width="150" height="60"><vector name="origin" x="75" y="30"/><int name="z" value="0"/></canvas><canvas name="3" width="117" height="438"><vector name="origin" x="58" y="219"/><int name="z" value="0"/></canvas><canvas name="4" width="600" height="170"><vector name="origin" x="300" y="85"/><int name="z" value="0"/></canvas><canvas name="5" width="19" height="19"><vector name="origin" x="9" y="9"/><int name="z" value="0"/></canvas><canvas name="6" width="9" height="9"><vector name="origin" x="4" y="4"/><int name="z" value="0"/></canvas><canvas name="10" width="150" height="450"><vector name="origin" x="75" y="225"/><int name="z" value="0"/></canvas><canvas name="11" width="150" height="60"><vector name="origin" x="75" y="30"/><int name="z" value="0"/></canvas><canvas name="12" width="117" height="438"><vector name="origin" x="58" y="219"/><int name="z" value="0"/></canvas><canvas name="13" width="204" height="563"><vector name="origin" x="102" y="281"/><int name="z" value="0"/></canvas><canvas name="14" width="205" height="563"><vector name="origin" x="102" y="281"/><int name="z" value="0"/></canvas><canvas name="15" width="208" height="563"><vector name="origin" x="104" y="281"/><int name="z" value="0"/></canvas><canvas name="16" width="207" height="563"><vector name="origin" x="103" y="281"/><int name="z" value="0"/></canvas><canvas name="17" width="42" height="54"><vector name="origin" x="21" y="27"/><int name="z" value="0"/></canvas><canvas name="18" width="88" height="600"><vector name="origin" x="44" y="300"/><int name="z" value="0"/></canvas><canvas name="20" width="150" height="456"><vector name="origin" x="75" y="228"/><int name="z" value="0"/></canvas><canvas name="21" width="150" height="60"><vector name="origin" x="75" y="30"/><int name="z" value="0"/></canvas><canvas name="22" width="117" height="578"><vector name="origin" x="58" y="289"/><int name="z" value="0"/></canvas><canvas name="23" width="89" height="408"><vector name="origin" x="44" y="204"/><int name="z" value="0"/></canvas><canvas name="30" width="148" height="445"><vector name="origin" x="74" y="222"/><int name="z" value="0"/></canvas><canvas name="31" width="148" height="60"><vector name="origin" x="74" y="30"/><int name="z" value="0"/></canvas><canvas name="32" width="119" height="431"><vector name="origin" x="0" y="268"/><int name="z" value="0"/></canvas><canvas name="40" width="150" height="450"><vector name="origin" x="75" y="225"/><int name="z" value="0"/></canvas><canvas name="41" width="150" height="60"><vector name="origin" x="75" y="30"/><int name="z" value="0"/></canvas><canvas name="42" width="146" height="305"><vector name="origin" x="73" y="152"/><int name="z" value="0"/></canvas><canvas name="43" width="294" height="305"><vector name="origin" x="147" y="152"/><int name="z" value="0"/></canvas><canvas name="44" width="167" height="305"><vector name="origin" x="83" y="152"/><int name="z" value="0"/></canvas><canvas name="45" width="220" height="305"><vector name="origin" x="110" y="152"/><int name="z" value="0"/></canvas><canvas name="46" width="234" height="361"><vector name="origin" x="117" y="180"/><int name="z" value="0"/></canvas><canvas name="47" width="305" height="360"><vector name="origin" x="152" y="180"/><int name="z" value="0"/></canvas><canvas name="48" width="257" height="360"><vector name="origin" x="128" y="180"/><int name="z" value="0"/></canvas><canvas name="49" width="112" height="434"><vector name="origin" x="56" y="217"/><int name="z" value="0"/></canvas><canvas name="50" width="150" height="465"><vector name="origin" x="75" y="232"/><int name="z" value="0"/></canvas><canvas name="51" width="150" height="60"><vector name="origin" x="75" y="30"/><int name="z" value="0"/></canvas><canvas name="52" width="146" height="305"><vector name="origin" x="73" y="152"/><int name="z" value="0"/></canvas><canvas name="53" width="294" height="305"><vector name="origin" x="147" y="152"/><int name="z" value="0"/></canvas><canvas name="54" width="167" height="305"><vector name="origin" x="83" y="152"/><int name="z" value="0"/></canvas><canvas name="55" width="220" height="305"><vector name="origin" x="110" y="152"/><int name="z" value="0"/></canvas><canvas name="56" width="257" height="362"><vector name="origin" x="128" y="181"/><int name="z" value="0"/></canvas><canvas name="57" width="305" height="362"><vector name="origin" x="152" y="181"/><int name="z" value="0"/></canvas><canvas name="58" width="235" height="363"><vector name="origin" x="117" y="181"/><int name="z" value="0"/></canvas><canvas name="60" width="150" height="450"><vector name="origin" x="75" y="225"/><int name="z" value="0"/></canvas><canvas name="61" width="150" height="60"><vector name="origin" x="75" y="30"/><int name="z" value="0"/></canvas><canvas name="62" width="110" height="438"><vector name="origin" x="55" y="219"/><int name="z" value="0"/></canvas><canvas name="70" width="150" height="450"><vector name="origin" x="75" y="225"/><int name="z" value="0"/></canvas><canvas name="71" width="150" height="59"><vector name="origin" x="75" y="29"/><int name="z" value="0"/></canvas><canvas name="72" width="113" height="433"><vector name="origin" x="56" y="216"/><int name="z" value="0"/></canvas><canvas name="73" width="205" height="232"><vector name="origin" x="102" y="116"/><int name="z" value="0"/></canvas><canvas name="74" width="314" height="442"><vector name="origin" x="157" y="221"/><int name="z" value="0"/></canvas><canvas name="80" width="150" height="450"><vector name="origin" x="75" y="225"/><int name="z" value="0"/></canvas><canvas name="81" width="150" height="60"><vector name="origin" x="75" y="30"/><int name="z" value="0"/></canvas><canvas name="82" width="201" height="237"><vector name="origin" x="100" y="118"/><int name="z" value="0"/></canvas><canvas name="83" width="157" height="237"><vector name="origin" x="78" y="118"/><int name="z" value="0"/></canvas><canvas name="84" width="321" height="174"><vector name="origin" x="31" y="35"/><int name="z" value="0"/></canvas><canvas name="85" width="290" height="147"><vector name="origin" x="145" y="73"/><int name="z" value="0"/></canvas><canvas name="86" width="210" height="120"><vector name="origin" x="180" y="19"/><int name="z" value="0"/></canvas><canvas name="87" width="113" height="435"><vector name="origin" x="56" y="217"/><int name="z" value="0"/></canvas></imgdir><imgdir name="ani"><imgdir name="10"><canvas name="0" width="61" height="299"><vector name="origin" x="30" y="149"/><int name="z" value="0"/><int name="a0" value="255"/><int name="a1" value="60"/><int name="delay" value="6000"/></canvas><canvas name="1" width="61" height="299"><vector name="origin" x="30" y="149"/><int name="z" value="0"/><int name="a0" value="60"/><int name="a1" value="255"/><int name="delay" value="6000"/></canvas></imgdir><imgdir name="11"><canvas name="0" width="43" height="159"><vector name="origin" x="21" y="79"/><int name="z" value="0"/><int name="a0" value="100"/><int name="a1" value="255"/><int name="delay" value="5500"/></canvas><canvas name="1" width="43" height="159"><vector name="origin" x="21" y="79"/><int name="z" value="0"/><int name="a0" value="255"/><int name="a1" value="100"/><int name="delay" value="5500"/></canvas></imgdir><imgdir name="12"><canvas name="0" width="102" height="302"><vector name="origin" x="51" y="151"/><int name="z" value="0"/><int name="a0" value="200"/><int name="a1" value="20"/><int name="delay" value="3000"/></canvas><canvas name="1" width="102" height="302"><vector name="origin" x="51" y="151"/><int name="z" value="0"/><int name="a0" value="20"/><int name="a1" value="200"/><int name="delay" value="3000"/></canvas></imgdir><imgdir name="13"><canvas name="0" width="39" height="162"><vector name="origin" x="19" y="81"/><int name="z" value="0"/><int name="a0" value="70"/><int name="a1" value="250"/><int name="delay" value="4500"/></canvas><canvas name="1" width="39" height="162"><vector name="origin" x="19" y="81"/><int name="z" value="0"/><int name="a0" value="250"/><int name="a1" value="70"/><int name="delay" value="4500"/></canvas></imgdir><imgdir name="14"><canvas name="0" width="33" height="164"><vector name="origin" x="16" y="82"/><int name="z" value="0"/><int name="a0" value="255"/><int name="a1" value="120"/><int name="delay" value="5100"/></canvas><canvas name="1" width="33" height="164"><vector name="origin" x="16" y="82"/><int name="z" value="0"/><int name="a0" value="120"/><int name="a1" value="255"/><int name="delay" value="5100"/></canvas></imgdir><imgdir name="15"><canvas name="0" width="16" height="15"><vector name="origin" x="8" y="19"/><int name="z" value="0"/></canvas><canvas name="1" width="27" height="26"><vector name="origin" x="12" y="19"/><int name="z" value="0"/></canvas><canvas name="2" width="44" height="36"><vector name="origin" x="20" y="17"/><int name="z" value="0"/></canvas><canvas name="3" width="54" height="51"><vector name="origin" x="28" y="15"/><int name="z" value="0"/></canvas><canvas name="4" width="53" height="62"><vector name="origin" x="27" y="8"/><int name="z" value="0"/></canvas><canvas name="5" width="54" height="69"><vector name="origin" x="20" y="-2"/><int name="z" value="0"/></canvas><canvas name="6" width="62" height="118"><vector name="origin" x="29" y="-4"/><int name="z" value="0"/></canvas><canvas name="7" width="62" height="118"><vector name="origin" x="29" y="-11"/><int name="z" value="0"/></canvas><canvas name="8" width="56" height="143"><vector name="origin" x="28" y="-20"/><int name="z" value="0"/></canvas><canvas name="9" width="61" height="172"><vector name="origin" x="37" y="-29"/><int name="z" value="0"/></canvas><canvas name="10" width="61" height="167"><vector name="origin" x="44" y="-45"/><int name="z" value="0"/></canvas><canvas name="11" width="71" height="160"><vector name="origin" x="55" y="-62"/><int name="z" value="0"/></canvas><canvas name="12" width="63" height="123"><vector name="origin" x="37" y="-86"/><int name="z" value="0"/></canvas><canvas name="13" width="40" height="111"><vector name="origin" x="16" y="-110"/><int name="z" value="0"/></canvas><canvas name="14" width="33" height="68"><vector name="origin" x="14" y="-136"/><int name="z" value="0"/></canvas><canvas name="15" width="17" height="67"><vector name="origin" x="-4" y="-168"/><int name="z" value="0"/></canvas></imgdir><imgdir name="20"><canvas name="0" width="234" height="299"><vector name="origin" x="142" y="127"/><int name="z" value="0"/></canvas><canvas name="1" width="234" height="298"><vector name="origin" x="142" y="126"/><int name="z" value="0"/></canvas><canvas name="2" width="234" height="298"><vector name="origin" x="142" y="126"/><int name="z" value="0"/></canvas><canvas name="3" width="234" height="298"><vector name="origin" x="142" y="126"/><int name="z" value="0"/></canvas><canvas name="4" width="234" height="299"><vector name="origin" x="142" y="127"/><int name="z" value="0"/></canvas><canvas name="5" width="234" height="300"><vector name="origin" x="142" y="128"/><int name="z" value="0"/></canvas></imgdir><imgdir name="21"><canvas name="0" width="235" height="300"><vector name="origin" x="129" y="165"/><int name="z" value="0"/></canvas><canvas name="1" width="235" height="301"><vector name="origin" x="129" y="166"/><int name="z" value="0"/></canvas><canvas name="2" width="235" height="302"><vector name="origin" x="129" y="167"/><int name="z" value="0"/></canvas><canvas name="3" width="235" height="301"><vector name="origin" x="129" y="166"/><int name="z" value="0"/></canvas><canvas name="4" width="235" height="300"><vector name="origin" x="129" y="165"/><int name="z" value="0"/></canvas><canvas name="5" width="235" height="299"><vector name="origin" x="129" y="164"/><int name="z" value="0"/></canvas></imgdir><imgdir name="22"><canvas name="0" width="141" height="412"><vector name="origin" x="73" y="254"/><int name="z" value="0"/></canvas><canvas name="1" width="141" height="412"><vector name="origin" x="73" y="254"/><int name="z" value="0"/></canvas><canvas name="2" width="141" height="412"><vector name="origin" x="73" y="254"/><int name="z" value="0"/></canvas><canvas name="3" width="141" height="412"><vector name="origin" x="73" y="254"/><int name="z" value="0"/></canvas><canvas name="4" width="141" height="412"><vector name="origin" x="73" y="254"/><int name="z" value="0"/></canvas><canvas name="5" width="141" height="412"><vector name="origin" x="73" y="254"/><int name="z" value="0"/></canvas></imgdir><imgdir name="23"><canvas name="0" width="141" height="412"><vector name="origin" x="86" y="257"/><int name="z" value="0"/></canvas><canvas name="1" width="141" height="412"><vector name="origin" x="86" y="257"/><int name="z" value="0"/></canvas><canvas name="2" width="141" height="412"><vector name="origin" x="86" y="257"/><int name="z" value="0"/></canvas><canvas name="3" width="141" height="412"><vector name="origin" x="86" y="257"/><int name="z" value="0"/></canvas><canvas name="4" width="141" height="412"><vector name="origin" x="86" y="257"/><int name="z" value="0"/></canvas><canvas name="5" width="141" height="412"><vector name="origin" x="86" y="257"/><int name="z" value="0"/></canvas></imgdir><imgdir name="24"><canvas name="0" width="141" height="413"><vector name="origin" x="70" y="206"/><int name="z" value="0"/></canvas><canvas name="1" width="141" height="413"><vector name="origin" x="70" y="206"/><int name="z" value="0"/></canvas><canvas name="2" width="141" height="413"><vector name="origin" x="70" y="206"/><int name="z" value="0"/></canvas><canvas name="3" width="141" height="413"><vector name="origin" x="70" y="206"/><int name="z" value="0"/></canvas><canvas name="4" width="141" height="413"><vector name="origin" x="70" y="206"/><int name="z" value="0"/></canvas><canvas name="5" width="141" height="413"><vector name="origin" x="70" y="206"/><int name="z" value="0"/></canvas></imgdir><imgdir name="30"><canvas name="0" width="385" height="422"><vector name="origin" x="220" y="249"/><int name="z" value="0"/></canvas><canvas name="1" width="384" height="420"><vector name="origin" x="220" y="248"/><int name="z" value="0"/></canvas><canvas name="2" width="385" height="422"><vector name="origin" x="220" y="249"/><int name="z" value="0"/></canvas><canvas name="3" width="385" height="422"><vector name="origin" x="220" y="249"/><int name="z" value="0"/></canvas><canvas name="4" width="385" height="422"><vector name="origin" x="220" y="249"/><int name="z" value="0"/></canvas><canvas name="5" width="385" height="422"><vector name="origin" x="220" y="249"/><int name="z" value="0"/></canvas><canvas name="6" width="385" height="422"><vector name="origin" x="220" y="249"/><int name="z" value="0"/></canvas><canvas name="7" width="385" height="422"><vector name="origin" x="220" y="249"/><int name="z" value="0"/></canvas><canvas name="8" width="385" height="422"><vector name="origin" x="220" y="249"/><int name="z" value="0"/></canvas><canvas name="9" width="385" height="422"><vector name="origin" x="220" y="249"/><int name="z" value="0"/></canvas><canvas name="10" width="385" height="422"><vector name="origin" x="220" y="249"/><int name="z" value="0"/></canvas><canvas name="11" width="385" height="422"><vector name="origin" x="220" y="249"/><int name="z" value="0"/></canvas></imgdir><imgdir name="40"><canvas name="0" width="532" height="435"><vector name="origin" x="266" y="217"/><int name="z" value="0"/></canvas><canvas name="1" width="528" height="435"><vector name="origin" x="266" y="217"/><int name="z" value="0"/></canvas><canvas name="2" width="522" height="435"><vector name="origin" x="266" y="217"/><int name="z" value="0"/></canvas><canvas name="3" width="510" height="435"><vector name="origin" x="266" y="217"/><int name="z" value="0"/></canvas><canvas name="4" width="503" height="435"><vector name="origin" x="266" y="217"/><int name="z" value="0"/></canvas><canvas name="5" width="518" height="435"><vector name="origin" x="266" y="217"/><int name="z" value="0"/></canvas></imgdir><imgdir name="41"><canvas name="0" width="50" height="50"><vector name="origin" x="25" y="25"/><int name="z" value="0"/><int name="a0" value="255"/><int name="a1" value="100"/><int name="delay" value="4800"/></canvas><canvas name="1" width="50" height="50"><vector name="origin" x="25" y="25"/><int name="z" value="0"/><int name="a0" value="100"/><int name="a1" value="255"/><int name="delay" value="4800"/></canvas></imgdir><imgdir name="42"><canvas name="0" width="31" height="31"><vector name="origin" x="15" y="15"/><int name="z" value="0"/><int name="a0" value="255"/><int name="a1" value="80"/><int name="delay" value="4000"/></canvas><canvas name="1" width="31" height="31"><vector name="origin" x="15" y="15"/><int name="z" value="0"/><int name="a0" value="80"/><int name="a1" value="255"/><int name="delay" value="4000"/></canvas></imgdir><imgdir name="50"><canvas name="0" width="532" height="437"><vector name="origin" x="225" y="238"/><int name="z" value="0"/></canvas><canvas name="1" width="527" height="437"><vector name="origin" x="225" y="238"/><int name="z" value="0"/></canvas><canvas name="2" width="522" height="437"><vector name="origin" x="225" y="238"/><int name="z" value="0"/></canvas><canvas name="3" width="509" height="437"><vector name="origin" x="225" y="238"/><int name="z" value="0"/></canvas><canvas name="4" width="503" height="437"><vector name="origin" x="225" y="238"/><int name="z" value="0"/></canvas><canvas name="5" width="518" height="437"><vector name="origin" x="225" y="238"/><int name="z" value="0"/></canvas></imgdir><imgdir name="60"><canvas name="0" width="395" height="433"><vector name="origin" x="193" y="212"/><int name="z" value="0"/></canvas><canvas name="1" width="396" height="433"><vector name="origin" x="194" y="212"/><int name="z" value="0"/></canvas><canvas name="2" width="397" height="433"><vector name="origin" x="194" y="212"/><int name="z" value="0"/></canvas><canvas name="3" width="392" height="433"><vector name="origin" x="193" y="212"/><int name="z" value="0"/></canvas><canvas name="4" width="389" height="433"><vector name="origin" x="192" y="212"/><int name="z" value="0"/></canvas><canvas name="5" width="387" height="433"><vector name="origin" x="190" y="212"/><int name="z" value="0"/></canvas><canvas name="6" width="389" height="433"><vector name="origin" x="191" y="212"/><int name="z" value="0"/></canvas><canvas name="7" width="391" height="433"><vector name="origin" x="192" y="212"/><int name="z" value="0"/></canvas></imgdir><imgdir name="61"><canvas name="0" width="60" height="60"><vector name="origin" x="30" y="30"/><int name="z" value="0"/><int name="a0" value="100"/><int name="a1" value="255"/><int name="delay" value="5000"/></canvas><canvas name="1" width="60" height="60"><vector name="origin" x="30" y="30"/><int name="z" value="0"/><int name="a0" value="255"/><int name="a1" value="100"/><int name="delay" value="5000"/></canvas></imgdir><imgdir name="62"><canvas name="0" width="32" height="32"><vector name="origin" x="16" y="16"/><int name="z" value="0"/><int name="a0" value="255"/><int name="a1" value="50"/><int name="delay" value="3000"/></canvas><canvas name="1" width="32" height="32"><vector name="origin" x="16" y="16"/><int name="z" value="0"/><int name="a0" value="50"/><int name="a1" value="255"/><int name="delay" value="3000"/></canvas></imgdir><imgdir name="70"><canvas name="0" width="403" height="433"><vector name="origin" x="196" y="224"/><int name="z" value="0"/></canvas><canvas name="1" width="404" height="433"><vector name="origin" x="196" y="224"/><int name="z" value="0"/></canvas><canvas name="2" width="404" height="433"><vector name="origin" x="196" y="224"/><int name="z" value="0"/></canvas><canvas name="3" width="405" height="433"><vector name="origin" x="196" y="224"/><int name="z" value="0"/></canvas><canvas name="4" width="403" height="433"><vector name="origin" x="196" y="224"/><int name="z" value="0"/></canvas><canvas name="5" width="402" height="433"><vector name="origin" x="195" y="224"/><int name="z" value="0"/></canvas><canvas name="6" width="402" height="433"><vector name="origin" x="195" y="224"/><int name="z" value="0"/></canvas><canvas name="7" width="402" height="433"><vector name="origin" x="195" y="224"/><int name="z" value="0"/></canvas><canvas name="8" width="403" height="433"><vector name="origin" x="196" y="224"/><int name="z" value="0"/></canvas></imgdir><imgdir name="71"><canvas name="0" width="170" height="216"><vector name="origin" x="106" y="143"/><int name="z" value="0"/></canvas><canvas name="1" width="176" height="216"><vector name="origin" x="112" y="143"/><int name="z" value="0"/></canvas><canvas name="2" width="178" height="180"><vector name="origin" x="114" y="107"/><int name="z" value="0"/></canvas><canvas name="3" width="180" height="180"><vector name="origin" x="116" y="107"/><int name="z" value="0"/></canvas><canvas name="4" width="181" height="179"><vector name="origin" x="117" y="106"/><int name="z" value="0"/></canvas><canvas name="5" width="180" height="212"><vector name="origin" x="116" y="139"/><int name="z" value="0"/></canvas><canvas name="6" width="178" height="214"><vector name="origin" x="114" y="141"/><int name="z" value="0"/></canvas><canvas name="7" width="176" height="213"><vector name="origin" x="112" y="140"/><int name="z" value="0"/></canvas></imgdir><imgdir name="72"><canvas name="0" width="170" height="216"><vector name="origin" x="106" y="143"/><int name="z" value="0"/></canvas><canvas name="1" width="176" height="216"><vector name="origin" x="112" y="143"/><int name="z" value="0"/></canvas><canvas name="2" width="178" height="180"><vector name="origin" x="114" y="107"/><int name="z" value="0"/></canvas><canvas name="3" width="180" height="180"><vector name="origin" x="116" y="107"/><int name="z" value="0"/></canvas><canvas name="4" width="181" height="179"><vector name="origin" x="117" y="106"/><int name="z" value="0"/></canvas><canvas name="5" width="180" height="212"><vector name="origin" x="116" y="139"/><int name="z" value="0"/></canvas><canvas name="6" width="178" height="214"><vector name="origin" x="114" y="141"/><int name="z" value="0"/></canvas><canvas name="7" width="176" height="213"><vector name="origin" x="112" y="140"/><int name="z" value="0"/></canvas><canvas name="8" width="170" height="215"><vector name="origin" x="106" y="142"/><int name="z" value="0"/></canvas></imgdir><imgdir name="73"><canvas name="0" width="140" height="292"><vector name="origin" x="70" y="146"/><int name="z" value="0"/></canvas><canvas name="1" width="143" height="291"><vector name="origin" x="71" y="145"/><int name="z" value="0"/></canvas><canvas name="2" width="144" height="294"><vector name="origin" x="72" y="147"/><int name="z" value="0"/></canvas><canvas name="3" width="145" height="294"><vector name="origin" x="72" y="147"/><int name="z" value="0"/></canvas><canvas name="4" width="146" height="295"><vector name="origin" x="73" y="147"/><int name="z" value="0"/></canvas><canvas name="5" width="147" height="295"><vector name="origin" x="73" y="147"/><int name="z" value="0"/></canvas><canvas name="6" width="147" height="293"><vector name="origin" x="73" y="146"/><int name="z" value="0"/></canvas><canvas name="7" width="148" height="291"><vector name="origin" x="74" y="145"/><int name="z" value="0"/></canvas><canvas name="8" width="148" height="292"><vector name="origin" x="74" y="146"/><int name="z" value="0"/></canvas><canvas name="9" width="139" height="291"><vector name="origin" x="69" y="145"/><int name="z" value="0"/></canvas></imgdir><imgdir name="74"><canvas name="0" width="296" height="346"><vector name="origin" x="110" y="115"/><int name="z" value="0"/></canvas><canvas name="1" width="292" height="338"><vector name="origin" x="110" y="115"/><int name="z" value="0"/></canvas><canvas name="2" width="287" height="332"><vector name="origin" x="111" y="115"/><int name="z" value="0"/></canvas><canvas name="3" width="278" height="318"><vector name="origin" x="110" y="115"/><int name="z" value="0"/></canvas><canvas name="4" width="263" height="303"><vector name="origin" x="110" y="114"/><int name="z" value="0"/></canvas><canvas name="5" width="281" height="313"><vector name="origin" x="109" y="114"/><int name="z" value="0"/></canvas></imgdir></imgdir></imgdir>