<?xml version="1.0" encoding="UTF-8" standalone="yes"?><imgdir name="login.img"><imgdir name="back"><canvas name="0" width="20" height="600"><vector name="origin" x="10" y="300"/><int name="z" value="0"/></canvas><canvas name="1" width="20" height="600"><vector name="origin" x="10" y="300"/><int name="z" value="0"/></canvas><canvas name="2" width="20" height="600"><vector name="origin" x="10" y="300"/><int name="z" value="0"/></canvas><canvas name="3" width="224" height="102"><vector name="origin" x="112" y="51"/><int name="z" value="0"/></canvas><canvas name="4" width="281" height="102"><vector name="origin" x="140" y="51"/><int name="z" value="0"/></canvas><canvas name="5" width="473" height="205"><vector name="origin" x="241" y="148"/><int name="z" value="0"/></canvas><canvas name="6" width="301" height="142"><vector name="origin" x="116" y="51"/><int name="z" value="0"/></canvas><canvas name="7" width="198" height="152"><vector name="origin" x="99" y="76"/><int name="z" value="0"/></canvas><canvas name="8" width="291" height="165"><vector name="origin" x="120" y="81"/><int name="z" value="0"/></canvas><canvas name="9" width="492" height="235"><vector name="origin" x="246" y="117"/><int name="z" value="0"/></canvas><canvas name="10" width="358" height="275"><vector name="origin" x="179" y="137"/><int name="z" value="0"/></canvas><canvas name="11" width="800" height="600"><vector name="origin" x="400" y="300"/><int name="z" value="0"/></canvas><canvas name="12" width="790" height="294"><vector name="origin" x="395" y="147"/><int name="z" value="0"/></canvas><canvas name="13" width="438" height="448"><vector name="origin" x="219" y="224"/><int name="z" value="0"/></canvas><canvas name="14" width="751" height="160"><vector name="origin" x="375" y="80"/><int name="z" value="0"/></canvas><canvas name="15" width="408" height="463"><vector name="origin" x="204" y="231"/><int name="z" value="0"/></canvas><canvas name="16" width="500" height="108"><vector name="origin" x="250" y="54"/><int name="z" value="0"/></canvas><canvas name="17" width="432" height="167"><vector name="origin" x="216" y="83"/><int name="z" value="0"/></canvas><canvas name="18" width="514" height="160"><vector name="origin" x="400" y="1200"/><int name="z" value="0"/></canvas><canvas name="19" width="10" height="7"><vector name="origin" x="5" y="3"/><int name="z" value="0"/><int name="moveType" value="2"/><int name="moveH" value="30"/><int name="moveP" value="4000"/></canvas><canvas name="20" width="14" height="10"><vector name="origin" x="7" y="5"/><int name="z" value="0"/><int name="moveType" value="2"/><int name="moveH" value="-30"/><int name="moveP" value="4100"/></canvas><canvas name="21" width="12" height="9"><vector name="origin" x="6" y="4"/><int name="z" value="0"/><int name="moveType" value="2"/><int name="moveH" value="35"/><int name="moveP" value="4300"/></canvas><canvas name="22" width="17" height="13"><vector name="origin" x="8" y="6"/><int name="z" value="0"/><int name="moveType" value="2"/><int name="moveH" value="-40"/><int name="moveP" value="4600"/></canvas><canvas name="23" width="25" height="19"><vector name="origin" x="12" y="9"/><int name="z" value="0"/><int name="moveType" value="2"/><int name="moveH" value="50"/><int name="moveP" value="5000"/></canvas><canvas name="24" width="630" height="485"><vector name="origin" x="329" y="332"/><int name="z" value="0"/></canvas><canvas name="25" width="620" height="302"><vector name="origin" x="319" y="163"/><int name="z" value="0"/></canvas><canvas name="26" width="27" height="600"><vector name="origin" x="13" y="300"/><int name="z" value="0"/></canvas><canvas name="27" width="800" height="356"><vector name="origin" x="400" y="178"/><int name="z" value="0"/></canvas></imgdir><imgdir name="ani"><imgdir name="0"><canvas name="0" width="10" height="7"><vector name="origin" x="4" y="-3"/><int name="z" value="0"/><int name="delay" value="80"/><int name="moveType" value="2"/><int name="moveH" value="15"/><int name="moveP" value="4000"/></canvas><canvas name="1" width="9" height="5"><vector name="origin" x="3" y="-2"/><int name="z" value="0"/><int name="delay" value="80"/></canvas><canvas name="2" width="8" height="8"><vector name="origin" x="2" y="0"/><int name="z" value="0"/><int name="delay" value="80"/></canvas></imgdir><imgdir name="1"><canvas name="0" width="10" height="7"><vector name="origin" x="4" y="-3"/><int name="z" value="0"/><int name="delay" value="80"/><int name="moveType" value="2"/><int name="moveH" value="-16"/><int name="moveP" value="4050"/></canvas><canvas name="1" width="9" height="5"><vector name="origin" x="3" y="-2"/><int name="z" value="0"/><int name="delay" value="80"/></canvas><canvas name="2" width="8" height="8"><vector name="origin" x="2" y="0"/><int name="z" value="0"/><int name="delay" value="80"/></canvas></imgdir><imgdir name="2"><canvas name="0" width="12" height="9"><vector name="origin" x="5" y="-3"/><int name="z" value="0"/><int name="delay" value="80"/><int name="moveType" value="2"/><int name="moveH" value="18"/><int name="moveP" value="4100"/></canvas><canvas name="1" width="11" height="6"><vector name="origin" x="4" y="-2"/><int name="z" value="0"/><int name="delay" value="80"/></canvas><canvas name="2" width="11" height="10"><vector name="origin" x="3" y="1"/><int name="z" value="0"/><int name="delay" value="80"/></canvas></imgdir><imgdir name="3"><canvas name="0" width="12" height="9"><vector name="origin" x="5" y="-3"/><int name="z" value="0"/><int name="delay" value="80"/><int name="moveType" value="2"/><int name="moveH" value="-17"/><int name="moveP" value="4200"/></canvas><canvas name="1" width="11" height="6"><vector name="origin" x="4" y="-2"/><int name="z" value="0"/><int name="delay" value="80"/></canvas><canvas name="2" width="11" height="10"><vector name="origin" x="3" y="1"/><int name="z" value="0"/><int name="delay" value="80"/></canvas></imgdir><imgdir name="4"><canvas name="0" width="14" height="10"><vector name="origin" x="6" y="-1"/><int name="z" value="0"/><int name="delay" value="80"/><int name="moveType" value="2"/><int name="moveH" value="20"/><int name="moveP" value="4300"/></canvas><canvas name="1" width="13" height="7"><vector name="origin" x="6" y="1"/><int name="z" value="0"/><int name="delay" value="80"/></canvas><canvas name="2" width="12" height="11"><vector name="origin" x="5" y="5"/><int name="z" value="0"/><int name="delay" value="80"/></canvas></imgdir><imgdir name="5"><canvas name="0" width="266" height="122"><vector name="origin" x="133" y="61"/><int name="z" value="0"/><int name="delay" value="150"/></canvas><canvas name="1" width="270" height="63"><vector name="origin" x="138" y="1"/><int name="z" value="0"/><int name="delay" value="150"/></canvas><canvas name="2" width="292" height="72"><vector name="origin" x="157" y="12"/><int name="z" value="0"/><int name="delay" value="150"/></canvas><canvas name="3" width="302" height="89"><vector name="origin" x="170" y="27"/><int name="z" value="0"/><int name="delay" value="150"/></canvas></imgdir><imgdir name="6"><canvas name="0" width="128" height="276"><vector name="origin" x="64" y="138"/><int name="z" value="0"/><int name="delay" value="250"/></canvas><canvas name="1" width="128" height="276"><vector name="origin" x="64" y="135"/><int name="z" value="0"/><int name="delay" value="250"/></canvas><canvas name="2" width="128" height="276"><vector name="origin" x="64" y="134"/><int name="z" value="0"/><int name="delay" value="250"/></canvas><uol name="3" value="1"/><uol name="4" value="0"/><canvas name="5" width="128" height="276"><vector name="origin" x="64" y="141"/><int name="z" value="0"/><int name="delay" value="250"/></canvas><canvas name="6" width="128" height="276"><vector name="origin" x="64" y="142"/><int name="z" value="0"/><int name="delay" value="250"/></canvas><uol name="7" value="5"/></imgdir><imgdir name="7"><canvas name="0" width="109" height="173"><vector name="origin" x="54" y="86"/><int name="z" value="0"/><int name="delay" value="230"/></canvas><canvas name="1" width="109" height="173"><vector name="origin" x="54" y="89"/><int name="z" value="0"/><int name="delay" value="230"/></canvas><canvas name="2" width="109" height="173"><vector name="origin" x="54" y="90"/><int name="z" value="0"/><int name="delay" value="230"/></canvas><uol name="3" value="1"/><uol name="4" value="0"/><canvas name="5" width="109" height="173"><vector name="origin" x="54" y="83"/><int name="z" value="0"/><int name="delay" value="230"/></canvas><canvas name="6" width="109" height="173"><vector name="origin" x="54" y="82"/><int name="z" value="0"/><int name="delay" value="230"/></canvas><uol name="7" value="5"/></imgdir><imgdir name="8"><canvas name="0" width="89" height="89"><vector name="origin" x="44" y="44"/><int name="z" value="0"/><int name="delay" value="200"/></canvas><canvas name="1" width="97" height="90"><vector name="origin" x="48" y="45"/><int name="z" value="0"/><int name="delay" value="200"/></canvas><canvas name="2" width="105" height="92"><vector name="origin" x="52" y="47"/><int name="z" value="0"/><int name="delay" value="200"/></canvas><canvas name="3" width="109" height="93"><vector name="origin" x="54" y="48"/><int name="z" value="0"/><int name="delay" value="200"/></canvas><canvas name="4" width="105" height="91"><vector name="origin" x="52" y="46"/><int name="z" value="0"/><int name="delay" value="200"/></canvas><canvas name="5" width="97" height="89"><vector name="origin" x="48" y="44"/><int name="z" value="0"/><int name="delay" value="200"/></canvas></imgdir><imgdir name="9"><canvas name="0" width="213" height="97"><vector name="origin" x="106" y="48"/><int name="z" value="0"/><int name="delay" value="160"/></canvas><canvas name="1" width="216" height="50"><vector name="origin" x="110" y="0"/><int name="z" value="0"/><int name="delay" value="160"/></canvas><canvas name="2" width="234" height="57"><vector name="origin" x="125" y="8"/><int name="z" value="0"/><int name="delay" value="160"/></canvas><canvas name="3" width="240" height="71"><vector name="origin" x="134" y="20"/><int name="z" value="0"/><int name="delay" value="160"/></canvas></imgdir><imgdir name="10"><canvas name="0" width="163" height="75"><vector name="origin" x="81" y="37"/><int name="z" value="0"/><int name="delay" value="170"/></canvas><canvas name="1" width="166" height="40"><vector name="origin" x="84" y="1"/><int name="z" value="0"/><int name="delay" value="170"/></canvas><canvas name="2" width="178" height="45"><vector name="origin" x="95" y="8"/><int name="z" value="0"/><int name="delay" value="170"/></canvas><canvas name="3" width="186" height="55"><vector name="origin" x="104" y="16"/><int name="z" value="0"/><int name="delay" value="170"/></canvas></imgdir><imgdir name="11"><canvas name="0" width="130" height="60"><vector name="origin" x="65" y="30"/><int name="z" value="0"/><int name="delay" value="180"/></canvas><canvas name="1" width="132" height="32"><vector name="origin" x="67" y="2"/><int name="z" value="0"/><int name="delay" value="180"/></canvas><canvas name="2" width="142" height="36"><vector name="origin" x="76" y="6"/><int name="z" value="0"/><int name="delay" value="180"/></canvas><canvas name="3" width="148" height="44"><vector name="origin" x="83" y="13"/><int name="z" value="0"/><int name="delay" value="180"/></canvas></imgdir><imgdir name="12"><canvas name="0" width="10" height="41"><vector name="origin" x="5" y="20"/><int name="z" value="0"/><int name="delay" value="1500"/></canvas><canvas name="1" width="10" height="92"><vector name="origin" x="5" y="80"/><int name="z" value="0"/><int name="delay" value="100"/></canvas><canvas name="2" width="10" height="147"><vector name="origin" x="5" y="139"/><int name="z" value="0"/><int name="delay" value="100"/></canvas><canvas name="3" width="10" height="193"><vector name="origin" x="5" y="185"/><int name="z" value="0"/><int name="delay" value="100"/></canvas><canvas name="4" width="10" height="247"><vector name="origin" x="5" y="210"/><int name="z" value="0"/><int name="delay" value="100"/></canvas><canvas name="5" width="11" height="258"><vector name="origin" x="6" y="219"/><int name="z" value="0"/><int name="delay" value="100"/></canvas><canvas name="6" width="12" height="249"><vector name="origin" x="6" y="227"/><int name="z" value="0"/><int name="delay" value="100"/></canvas><canvas name="7" width="14" height="247"><vector name="origin" x="7" y="229"/><int name="z" value="0"/><int name="delay" value="100"/></canvas><canvas name="8" width="16" height="248"><vector name="origin" x="8" y="230"/><int name="z" value="0"/><int name="delay" value="100"/></canvas><canvas name="9" width="16" height="17"><vector name="origin" x="8" y="231"/><int name="z" value="0"/><int name="delay" value="100"/></canvas><canvas name="10" width="86" height="87"><vector name="origin" x="40" y="263"/><int name="z" value="0"/><int name="delay" value="100"/></canvas><canvas name="11" width="102" height="103"><vector name="origin" x="51" y="273"/><int name="z" value="0"/><int name="delay" value="100"/></canvas><canvas name="12" width="124" height="125"><vector name="origin" x="62" y="282"/><int name="z" value="0"/><int name="delay" value="100"/></canvas><canvas name="13" width="146" height="148"><vector name="origin" x="73" y="291"/><int name="z" value="0"/><int name="delay" value="100"/></canvas><canvas name="14" width="156" height="158"><vector name="origin" x="77" y="296"/><int name="z" value="0"/><int name="delay" value="100"/></canvas><canvas name="15" width="164" height="167"><vector name="origin" x="81" y="300"/><int name="z" value="0"/><int name="delay" value="100"/></canvas><canvas name="16" width="174" height="172"><vector name="origin" x="86" y="302"/><int name="z" value="0"/><int name="delay" value="100"/></canvas><canvas name="17" width="176" height="174"><vector name="origin" x="87" y="303"/><int name="z" value="0"/><int name="delay" value="100"/></canvas><canvas name="18" width="174" height="171"><vector name="origin" x="86" y="301"/><int name="z" value="0"/><int name="delay" value="100"/></canvas></imgdir><imgdir name="13"><canvas name="0" width="9" height="41"><vector name="origin" x="4" y="20"/><int name="z" value="0"/><int name="delay" value="1600"/></canvas><canvas name="1" width="9" height="90"><vector name="origin" x="4" y="79"/><int name="z" value="0"/><int name="delay" value="100"/></canvas><canvas name="2" width="9" height="144"><vector name="origin" x="4" y="137"/><int name="z" value="0"/><int name="delay" value="100"/></canvas><canvas name="3" width="9" height="189"><vector name="origin" x="4" y="182"/><int name="z" value="0"/><int name="delay" value="100"/></canvas><canvas name="4" width="9" height="242"><vector name="origin" x="4" y="207"/><int name="z" value="0"/><int name="delay" value="100"/></canvas><canvas name="5" width="11" height="241"><vector name="origin" x="6" y="216"/><int name="z" value="0"/><int name="delay" value="100"/></canvas><canvas name="6" width="12" height="244"><vector name="origin" x="6" y="223"/><int name="z" value="0"/><int name="delay" value="100"/></canvas><canvas name="7" width="14" height="243"><vector name="origin" x="7" y="224"/><int name="z" value="0"/><int name="delay" value="100"/></canvas><canvas name="8" width="16" height="244"><vector name="origin" x="8" y="228"/><int name="z" value="0"/><int name="delay" value="100"/></canvas><canvas name="9" width="16" height="16"><vector name="origin" x="8" y="229"/><int name="z" value="0"/><int name="delay" value="100"/></canvas><canvas name="10" width="87" height="85"><vector name="origin" x="-19" y="213"/><int name="z" value="0"/></canvas><canvas name="11" width="149" height="139"><vector name="origin" x="42" y="263"/><int name="z" value="0"/><int name="delay" value="100"/></canvas><canvas name="12" width="175" height="165"><vector name="origin" x="66" y="265"/><int name="z" value="0"/><int name="delay" value="100"/></canvas><canvas name="13" width="178" height="172"><vector name="origin" x="67" y="268"/><int name="z" value="0"/><int name="delay" value="100"/></canvas><canvas name="14" width="182" height="176"><vector name="origin" x="70" y="269"/><int name="z" value="0"/><int name="delay" value="100"/></canvas><canvas name="15" width="184" height="178"><vector name="origin" x="72" y="270"/><int name="z" value="0"/><int name="delay" value="100"/></canvas><canvas name="16" width="123" height="178"><vector name="origin" x="72" y="269"/><int name="z" value="0"/><int name="delay" value="100"/></canvas><canvas name="17" width="98" height="97"><vector name="origin" x="71" y="190"/><int name="z" value="0"/><int name="delay" value="100"/></canvas></imgdir><imgdir name="14"><canvas name="0" width="5" height="21"><vector name="origin" x="2" y="10"/><int name="z" value="0"/><int name="delay" value="1300"/></canvas><canvas name="1" width="5" height="45"><vector name="origin" x="2" y="38"/><int name="z" value="0"/><int name="delay" value="100"/></canvas><canvas name="2" width="5" height="73"><vector name="origin" x="2" y="68"/><int name="z" value="0"/><int name="delay" value="100"/></canvas><canvas name="3" width="5" height="96"><vector name="origin" x="2" y="91"/><int name="z" value="0"/><int name="delay" value="100"/></canvas><canvas name="4" width="5" height="110"><vector name="origin" x="2" y="107"/><int name="z" value="0"/><int name="delay" value="100"/></canvas><canvas name="5" width="5" height="109"><vector name="origin" x="2" y="114"/><int name="z" value="0"/><int name="delay" value="100"/></canvas><canvas name="6" width="5" height="126"><vector name="origin" x="2" y="138"/><int name="z" value="0"/><int name="delay" value="100"/></canvas><canvas name="7" width="7" height="124"><vector name="origin" x="3" y="124"/><int name="z" value="0"/><int name="delay" value="100"/></canvas><canvas name="8" width="7" height="124"><vector name="origin" x="3" y="126"/><int name="z" value="0"/><int name="delay" value="100"/></canvas><canvas name="9" width="7" height="8"><vector name="origin" x="3" y="126"/><int name="z" value="0"/><int name="delay" value="100"/></canvas><canvas name="10" width="85" height="80"><vector name="origin" x="43" y="162"/><int name="z" value="0"/><int name="delay" value="100"/></canvas><canvas name="11" width="86" height="85"><vector name="origin" x="43" y="164"/><int name="z" value="0"/><int name="delay" value="100"/></canvas><canvas name="12" width="89" height="88"><vector name="origin" x="45" y="165"/><int name="z" value="0"/><int name="delay" value="100"/></canvas><canvas name="13" width="92" height="91"><vector name="origin" x="46" y="167"/><int name="z" value="0"/><int name="delay" value="100"/></canvas><canvas name="14" width="92" height="92"><vector name="origin" x="46" y="167"/><int name="z" value="0"/><int name="delay" value="100"/></canvas><canvas name="15" width="89" height="87"><vector name="origin" x="45" y="164"/><int name="z" value="0"/><int name="delay" value="100"/></canvas></imgdir><imgdir name="15"><canvas name="0" width="3" height="9"><vector name="origin" x="1" y="4"/><int name="z" value="0"/><int name="delay" value="1400"/></canvas><canvas name="1" width="3" height="21"><vector name="origin" x="1" y="18"/><int name="z" value="0"/><int name="delay" value="100"/></canvas><canvas name="2" width="3" height="33"><vector name="origin" x="1" y="31"/><int name="z" value="0"/><int name="delay" value="100"/></canvas><canvas name="3" width="3" height="44"><vector name="origin" x="1" y="42"/><int name="z" value="0"/><int name="delay" value="100"/></canvas><canvas name="4" width="3" height="51"><vector name="origin" x="1" y="48"/><int name="z" value="0"/><int name="delay" value="100"/></canvas><canvas name="5" width="3" height="50"><vector name="origin" x="1" y="51"/><int name="z" value="0"/><int name="delay" value="100"/></canvas><canvas name="6" width="3" height="57"><vector name="origin" x="1" y="53"/><int name="z" value="0"/><int name="delay" value="100"/></canvas><canvas name="7" width="3" height="56"><vector name="origin" x="1" y="53"/><int name="z" value="0"/></canvas><canvas name="8" width="3" height="56"><vector name="origin" x="1" y="53"/><int name="z" value="0"/><int name="delay" value="100"/></canvas><canvas name="9" width="3" height="3"><vector name="origin" x="1" y="53"/><int name="z" value="0"/></canvas><canvas name="10" width="61" height="42"><vector name="origin" x="29" y="73"/><int name="z" value="0"/><int name="delay" value="100"/></canvas><canvas name="11" width="64" height="43"><vector name="origin" x="31" y="74"/><int name="z" value="0"/><int name="delay" value="100"/></canvas><canvas name="12" width="67" height="45"><vector name="origin" x="32" y="75"/><int name="z" value="0"/><int name="delay" value="100"/></canvas><canvas name="13" width="70" height="45"><vector name="origin" x="34" y="75"/><int name="z" value="0"/><int name="delay" value="100"/></canvas><canvas name="14" width="69" height="44"><vector name="origin" x="33" y="74"/><int name="z" value="0"/><int name="delay" value="100"/></canvas><canvas name="15" width="66" height="41"><vector name="origin" x="33" y="71"/><int name="z" value="0"/><int name="delay" value="100"/></canvas></imgdir></imgdir></imgdir>