<?xml version="1.0" encoding="UTF-8" standalone="yes"?><imgdir name="masteriacaveGL.img"><imgdir name="back"><canvas name="0" width="94" height="108"><vector name="origin" x="47" y="54"/><int name="z" value="0"/></canvas><canvas name="1" width="390" height="483"><vector name="origin" x="195" y="241"/><int name="z" value="0"/></canvas><canvas name="2" width="407" height="936"><vector name="origin" x="203" y="468"/><int name="z" value="0"/></canvas><canvas name="3" width="223" height="668"><vector name="origin" x="111" y="334"/><int name="z" value="0"/></canvas><canvas name="4" width="382" height="185"><vector name="origin" x="191" y="92"/><int name="z" value="0"/></canvas><canvas name="5" width="256" height="251"><vector name="origin" x="128" y="125"/><int name="z" value="0"/></canvas><canvas name="6" width="234" height="162"><vector name="origin" x="117" y="81"/><int name="z" value="0"/></canvas><canvas name="7" width="281" height="143"><vector name="origin" x="140" y="71"/><int name="z" value="0"/></canvas><canvas name="8" width="161" height="292"><vector name="origin" x="80" y="146"/><int name="z" value="0"/></canvas><canvas name="9" width="147" height="299"><vector name="origin" x="73" y="149"/><int name="z" value="0"/></canvas><canvas name="10" width="133" height="373"><vector name="origin" x="66" y="186"/><int name="z" value="0"/></canvas><canvas name="11" width="192" height="268"><vector name="origin" x="96" y="134"/><int name="z" value="0"/></canvas><canvas name="12" width="124" height="240"><vector name="origin" x="62" y="120"/><int name="z" value="0"/></canvas><canvas name="13" width="145" height="223"><vector name="origin" x="72" y="111"/><int name="z" value="0"/></canvas><canvas name="14" width="145" height="578"><vector name="origin" x="72" y="289"/><int name="z" value="0"/></canvas></imgdir><imgdir name="ani"><imgdir name="0"><canvas name="0" width="297" height="903"><vector name="origin" x="148" y="451"/><int name="z" value="0"/></canvas><canvas name="1" width="297" height="903"><vector name="origin" x="148" y="451"/><int name="z" value="0"/></canvas><canvas name="2" width="297" height="903"><vector name="origin" x="148" y="451"/><int name="z" value="0"/></canvas><canvas name="3" width="297" height="903"><vector name="origin" x="148" y="451"/><int name="z" value="0"/></canvas><canvas name="4" width="297" height="903"><vector name="origin" x="148" y="451"/><int name="z" value="0"/></canvas><canvas name="5" width="297" height="903"><vector name="origin" x="148" y="451"/><int name="z" value="0"/></canvas><canvas name="6" width="297" height="903"><vector name="origin" x="148" y="451"/><int name="z" value="0"/></canvas></imgdir><imgdir name="1"><canvas name="0" width="234" height="650"><vector name="origin" x="117" y="325"/><int name="z" value="0"/></canvas><canvas name="1" width="234" height="650"><vector name="origin" x="117" y="325"/><int name="z" value="0"/></canvas><canvas name="2" width="234" height="650"><vector name="origin" x="117" y="325"/><int name="z" value="0"/></canvas><canvas name="3" width="234" height="650"><vector name="origin" x="117" y="325"/><int name="z" value="0"/></canvas><canvas name="4" width="234" height="650"><vector name="origin" x="117" y="325"/><int name="z" value="0"/></canvas><canvas name="5" width="234" height="650"><vector name="origin" x="117" y="325"/><int name="z" value="0"/></canvas><canvas name="6" width="234" height="650"><vector name="origin" x="117" y="325"/><int name="z" value="0"/></canvas></imgdir><imgdir name="2"><canvas name="0" width="289" height="390"><vector name="origin" x="144" y="195"/><int name="z" value="0"/></canvas><canvas name="1" width="405" height="437"><vector name="origin" x="202" y="218"/><int name="z" value="0"/></canvas><canvas name="2" width="315" height="322"><vector name="origin" x="157" y="161"/><int name="z" value="0"/></canvas><canvas name="3" width="463" height="388"><vector name="origin" x="231" y="194"/><int name="z" value="0"/></canvas><canvas name="4" width="94" height="108"><vector name="origin" x="47" y="54"/><int name="z" value="0"/></canvas></imgdir></imgdir></imgdir>