<?xml version="1.0" encoding="UTF-8" standalone="yes"?><imgdir name="masteriaGL.img"><imgdir name="back"><canvas name="0" width="84" height="90"><vector name="origin" x="42" y="45"/><int name="z" value="0"/></canvas><canvas name="1" width="980" height="688"><vector name="origin" x="490" y="344"/><int name="z" value="0"/></canvas><canvas name="2" width="609" height="182"><vector name="origin" x="304" y="91"/><int name="z" value="0"/></canvas><canvas name="3" width="910" height="146"><vector name="origin" x="455" y="73"/><int name="z" value="0"/></canvas><canvas name="4" width="970" height="143"><vector name="origin" x="485" y="71"/><int name="z" value="0"/></canvas><canvas name="5" width="1057" height="163"><vector name="origin" x="528" y="81"/><int name="z" value="0"/></canvas><canvas name="6" width="1144" height="153"><vector name="origin" x="572" y="76"/><int name="z" value="0"/></canvas><canvas name="7" width="844" height="399"><vector name="origin" x="422" y="199"/><int name="z" value="0"/></canvas><canvas name="8" width="689" height="447"><vector name="origin" x="344" y="223"/><int name="z" value="0"/></canvas><canvas name="9" width="862" height="715"><vector name="origin" x="431" y="357"/><int name="z" value="0"/></canvas><canvas name="10" width="825" height="552"><vector name="origin" x="412" y="276"/><int name="z" value="0"/></canvas><canvas name="11" width="750" height="477"><vector name="origin" x="375" y="238"/><int name="z" value="0"/></canvas><canvas name="12" width="653" height="488"><vector name="origin" x="326" y="244"/><int name="z" value="0"/></canvas><canvas name="13" width="1089" height="499"><vector name="origin" x="544" y="249"/><int name="z" value="0"/></canvas><canvas name="14" width="428" height="207"><vector name="origin" x="214" y="103"/><int name="z" value="0"/><int name="a0" value="10"/><int name="a1" value="255"/><int name="delay" value="4000"/></canvas><canvas name="15" width="422" height="195"><vector name="origin" x="211" y="97"/><int name="z" value="0"/><int name="a0" value="255"/><int name="a1" value="10"/><int name="delay" value="4000"/></canvas><canvas name="16" width="636" height="303"><vector name="origin" x="318" y="151"/><int name="z" value="0"/><int name="a0" value="10"/><int name="a1" value="220"/><int name="delay" value="3800"/></canvas><canvas name="17" width="590" height="272"><vector name="origin" x="295" y="136"/><int name="z" value="0"/><int name="a0" value="220"/><int name="a1" value="10"/><int name="delay" value="3800"/></canvas><canvas name="18" width="174" height="266"><vector name="origin" x="87" y="133"/><int name="z" value="0"/><int name="a0" value="10"/><int name="a1" value="220"/><int name="delay" value="3600"/></canvas><canvas name="19" width="193" height="209"><vector name="origin" x="96" y="104"/><int name="z" value="0"/><int name="a0" value="220"/><int name="a1" value="10"/><int name="delay" value="3600"/></canvas><canvas name="20" width="207" height="216"><vector name="origin" x="103" y="108"/><int name="z" value="0"/><int name="a0" value="10"/><int name="a1" value="220"/><int name="delay" value="3600"/></canvas><canvas name="21" width="229" height="219"><vector name="origin" x="114" y="109"/><int name="z" value="0"/><int name="a0" value="10"/><int name="a1" value="220"/><int name="delay" value="3600"/></canvas><canvas name="22" width="711" height="192"><vector name="origin" x="355" y="96"/><int name="z" value="0"/><int name="a0" value="100"/><int name="a1" value="255"/><int name="delay" value="3000"/></canvas><canvas name="23" width="174" height="266"><vector name="origin" x="87" y="133"/><int name="z" value="0"/><int name="a0" value="10"/><int name="a1" value="220"/><int name="delay" value="3400"/></canvas><canvas name="24" width="193" height="209"><vector name="origin" x="96" y="104"/><int name="z" value="0"/><int name="a0" value="220"/><int name="a1" value="10"/><int name="delay" value="3400"/></canvas><canvas name="25" width="207" height="216"><vector name="origin" x="103" y="108"/><int name="z" value="0"/><int name="a0" value="10"/><int name="a1" value="220"/><int name="delay" value="3400"/></canvas><canvas name="26" width="229" height="219"><vector name="origin" x="114" y="109"/><int name="z" value="0"/><int name="a0" value="10"/><int name="a1" value="220"/><int name="delay" value="3400"/></canvas><canvas name="27" width="496" height="144"><vector name="origin" x="248" y="72"/><int name="z" value="0"/><int name="a0" value="255"/><int name="a1" value="100"/><int name="delay" value="3000"/></canvas></imgdir><imgdir name="ani"><imgdir name="0"><canvas name="0" width="112" height="73"><vector name="origin" x="56" y="36"/><int name="z" value="0"/></canvas><canvas name="1" width="112" height="81"><vector name="origin" x="56" y="36"/><int name="z" value="0"/></canvas><canvas name="2" width="112" height="192"><vector name="origin" x="56" y="36"/><int name="z" value="0"/></canvas><canvas name="3" width="112" height="192"><vector name="origin" x="56" y="36"/><int name="z" value="0"/></canvas><canvas name="4" width="112" height="191"><vector name="origin" x="56" y="36"/><int name="z" value="0"/></canvas><canvas name="5" width="112" height="189"><vector name="origin" x="56" y="36"/><int name="z" value="0"/></canvas><canvas name="6" width="112" height="187"><vector name="origin" x="56" y="36"/><int name="z" value="0"/></canvas></imgdir><imgdir name="1"><canvas name="0" width="176" height="51"><vector name="origin" x="88" y="25"/><int name="z" value="0"/></canvas><canvas name="1" width="176" height="51"><vector name="origin" x="88" y="25"/><int name="z" value="0"/></canvas><canvas name="2" width="176" height="51"><vector name="origin" x="88" y="25"/><int name="z" value="0"/></canvas><canvas name="3" width="176" height="51"><vector name="origin" x="88" y="25"/><int name="z" value="0"/></canvas><canvas name="4" width="176" height="51"><vector name="origin" x="88" y="25"/><int name="z" value="0"/></canvas><canvas name="5" width="176" height="51"><vector name="origin" x="88" y="25"/><int name="z" value="0"/></canvas><canvas name="6" width="176" height="51"><vector name="origin" x="88" y="25"/><int name="z" value="0"/></canvas><canvas name="7" width="176" height="51"><vector name="origin" x="88" y="25"/><int name="z" value="0"/></canvas><canvas name="8" width="176" height="51"><vector name="origin" x="88" y="25"/><int name="z" value="0"/></canvas><canvas name="9" width="176" height="51"><vector name="origin" x="88" y="25"/><int name="z" value="0"/></canvas><canvas name="10" width="176" height="51"><vector name="origin" x="88" y="25"/><int name="z" value="0"/></canvas><canvas name="11" width="176" height="51"><vector name="origin" x="88" y="25"/><int name="z" value="0"/></canvas><canvas name="12" width="176" height="51"><vector name="origin" x="88" y="25"/><int name="z" value="0"/></canvas></imgdir><imgdir name="2"><canvas name="0" width="269" height="89"><vector name="origin" x="134" y="44"/><int name="z" value="0"/></canvas><canvas name="1" width="269" height="91"><vector name="origin" x="134" y="44"/><int name="z" value="0"/></canvas><canvas name="2" width="269" height="306"><vector name="origin" x="134" y="44"/><int name="z" value="0"/></canvas><canvas name="3" width="269" height="305"><vector name="origin" x="134" y="44"/><int name="z" value="0"/></canvas><canvas name="4" width="269" height="305"><vector name="origin" x="134" y="44"/><int name="z" value="0"/></canvas><canvas name="5" width="269" height="302"><vector name="origin" x="134" y="44"/><int name="z" value="0"/></canvas><canvas name="6" width="269" height="302"><vector name="origin" x="134" y="44"/><int name="z" value="0"/></canvas><canvas name="7" width="269" height="296"><vector name="origin" x="134" y="44"/><int name="z" value="0"/></canvas></imgdir><imgdir name="3"><canvas name="0" width="185" height="52"><vector name="origin" x="92" y="26"/><int name="z" value="0"/></canvas><canvas name="1" width="185" height="73"><vector name="origin" x="92" y="26"/><int name="z" value="0"/></canvas><canvas name="2" width="253" height="325"><vector name="origin" x="92" y="26"/><int name="z" value="0"/></canvas><canvas name="3" width="253" height="322"><vector name="origin" x="115" y="26"/><int name="z" value="0"/></canvas><canvas name="4" width="253" height="325"><vector name="origin" x="115" y="26"/><int name="z" value="0"/></canvas><canvas name="5" width="228" height="319"><vector name="origin" x="92" y="26"/><int name="z" value="0"/></canvas><canvas name="6" width="225" height="317"><vector name="origin" x="92" y="26"/><int name="z" value="0"/></canvas><canvas name="7" width="193" height="281"><vector name="origin" x="92" y="26"/><int name="z" value="0"/></canvas></imgdir><imgdir name="4"><canvas name="0" width="297" height="89"><vector name="origin" x="148" y="44"/><int name="z" value="0"/></canvas><canvas name="1" width="297" height="146"><vector name="origin" x="148" y="73"/><int name="z" value="0"/></canvas><canvas name="2" width="297" height="225"><vector name="origin" x="148" y="112"/><int name="z" value="0"/></canvas><canvas name="3" width="304" height="501"><vector name="origin" x="152" y="250"/><int name="z" value="0"/></canvas><canvas name="4" width="303" height="501"><vector name="origin" x="151" y="250"/><int name="z" value="0"/></canvas><canvas name="5" width="302" height="501"><vector name="origin" x="151" y="250"/><int name="z" value="0"/></canvas><canvas name="6" width="301" height="501"><vector name="origin" x="150" y="250"/><int name="z" value="0"/></canvas><canvas name="7" width="299" height="501"><vector name="origin" x="149" y="250"/><int name="z" value="0"/></canvas><canvas name="8" width="297" height="474"><vector name="origin" x="148" y="237"/><int name="z" value="0"/></canvas><canvas name="9" width="297" height="89"><vector name="origin" x="148" y="44"/><int name="z" value="0"/></canvas></imgdir></imgdir></imgdir>