<?xml version="1.0" encoding="UTF-8" standalone="yes"?><imgdir name="metroCity.img"><imgdir name="back"><canvas name="0" width="256" height="256"><vector name="origin" x="128" y="128"/><int name="z" value="0"/></canvas><canvas name="1" width="516" height="641"><vector name="origin" x="258" y="320"/><int name="z" value="0"/></canvas><canvas name="2" width="900" height="145"><vector name="origin" x="450" y="72"/><int name="z" value="0"/></canvas><canvas name="3" width="900" height="160"><vector name="origin" x="450" y="80"/><int name="z" value="0"/></canvas><canvas name="4" width="900" height="184"><vector name="origin" x="450" y="92"/><int name="z" value="0"/></canvas><canvas name="5" width="900" height="210"><vector name="origin" x="450" y="105"/><int name="z" value="0"/></canvas><canvas name="6" width="900" height="235"><vector name="origin" x="450" y="117"/><int name="z" value="0"/></canvas><canvas name="7" width="549" height="522"><vector name="origin" x="274" y="261"/><int name="z" value="0"/></canvas><canvas name="8" width="395" height="745"><vector name="origin" x="197" y="372"/><int name="z" value="0"/></canvas><canvas name="9" width="674" height="543"><vector name="origin" x="337" y="271"/><int name="z" value="0"/></canvas><canvas name="10" width="674" height="543"><vector name="origin" x="337" y="271"/><int name="z" value="0"/></canvas><canvas name="11" width="674" height="543"><vector name="origin" x="337" y="271"/><int name="z" value="0"/></canvas><canvas name="12" width="291" height="468"><vector name="origin" x="145" y="234"/><int name="z" value="0"/></canvas><canvas name="13" width="553" height="410"><vector name="origin" x="276" y="205"/><int name="z" value="0"/></canvas></imgdir></imgdir>