<?xml version="1.0" encoding="UTF-8" standalone="yes"?><imgdir name="metroSubway2.img"><imgdir name="back"><canvas name="0" width="182" height="145"><vector name="origin" x="91" y="72"/><int name="z" value="0"/></canvas><canvas name="1" width="264" height="76"><vector name="origin" x="132" y="38"/><int name="z" value="0"/></canvas><canvas name="2" width="225" height="76"><vector name="origin" x="112" y="38"/><int name="z" value="0"/></canvas><canvas name="3" width="70" height="48"><vector name="origin" x="35" y="24"/><int name="z" value="0"/></canvas><canvas name="4" width="91" height="76"><vector name="origin" x="45" y="38"/><int name="z" value="0"/></canvas><canvas name="5" width="277" height="222"><vector name="origin" x="138" y="111"/><int name="z" value="0"/></canvas><canvas name="6" width="225" height="182"><vector name="origin" x="112" y="91"/><int name="z" value="0"/></canvas><canvas name="7" width="225" height="182"><vector name="origin" x="112" y="91"/><int name="z" value="0"/></canvas><canvas name="8" width="70" height="182"><vector name="origin" x="35" y="91"/><int name="z" value="0"/></canvas><canvas name="9" width="98" height="182"><vector name="origin" x="49" y="91"/><int name="z" value="0"/></canvas><canvas name="10" width="277" height="222"><vector name="origin" x="138" y="111"/><int name="z" value="0"/></canvas><canvas name="11" width="225" height="182"><vector name="origin" x="112" y="91"/><int name="z" value="0"/></canvas><canvas name="12" width="225" height="182"><vector name="origin" x="112" y="91"/><int name="z" value="0"/></canvas><canvas name="13" width="70" height="182"><vector name="origin" x="35" y="91"/><int name="z" value="0"/></canvas><canvas name="14" width="98" height="182"><vector name="origin" x="49" y="91"/><int name="z" value="0"/></canvas><canvas name="15" width="277" height="222"><vector name="origin" x="138" y="111"/><int name="z" value="0"/></canvas><canvas name="16" width="225" height="182"><vector name="origin" x="112" y="91"/><int name="z" value="0"/></canvas><canvas name="17" width="225" height="182"><vector name="origin" x="112" y="91"/><int name="z" value="0"/></canvas><canvas name="18" width="70" height="182"><vector name="origin" x="35" y="91"/><int name="z" value="0"/></canvas><canvas name="19" width="98" height="182"><vector name="origin" x="49" y="91"/><int name="z" value="0"/></canvas><canvas name="20" width="431" height="176"><vector name="origin" x="215" y="88"/><int name="z" value="0"/></canvas><canvas name="21" width="426" height="178"><vector name="origin" x="213" y="89"/><int name="z" value="0"/></canvas></imgdir></imgdir>