<?xml version="1.0" encoding="UTF-8" standalone="yes"?><imgdir name="midForest.img"><imgdir name="back"><canvas name="0" width="128" height="128"><vector name="origin" x="64" y="64"/><int name="z" value="0"/></canvas><canvas name="1" width="635" height="719"><vector name="origin" x="317" y="359"/><int name="z" value="0"/></canvas><canvas name="2" width="1024" height="439"><vector name="origin" x="512" y="219"/><int name="z" value="0"/></canvas><canvas name="3" width="1024" height="502"><vector name="origin" x="512" y="251"/><int name="z" value="0"/></canvas><canvas name="4" width="1025" height="503"><vector name="origin" x="512" y="251"/><int name="z" value="0"/></canvas></imgdir></imgdir>