<?xml version="1.0" encoding="UTF-8" standalone="yes"?><imgdir name="nautilusPort.img"><imgdir name="back"><canvas name="0" width="58" height="64"><vector name="origin" x="29" y="32"/><int name="z" value="0"/></canvas><canvas name="1" width="60" height="578"><vector name="origin" x="30" y="289"/><int name="z" value="0"/></canvas><canvas name="2" width="800" height="366"><vector name="origin" x="400" y="183"/><int name="z" value="0"/></canvas><canvas name="3" width="800" height="206"><vector name="origin" x="400" y="103"/><int name="z" value="0"/></canvas><canvas name="4" width="800" height="89"><vector name="origin" x="400" y="44"/><int name="z" value="0"/></canvas><canvas name="5" width="800" height="180"><vector name="origin" x="400" y="90"/><int name="z" value="0"/></canvas><canvas name="6" width="302" height="231"><vector name="origin" x="328" y="157"/><int name="z" value="0"/></canvas><canvas name="7" width="221" height="296"><vector name="origin" x="157" y="211"/><int name="z" value="0"/></canvas><canvas name="8" width="400" height="123"><vector name="origin" x="200" y="61"/><int name="z" value="0"/></canvas><canvas name="9" width="400" height="125"><vector name="origin" x="214" y="114"/><int name="z" value="0"/></canvas><canvas name="10" width="304" height="296"><vector name="origin" x="178" y="17"/><int name="z" value="0"/></canvas><canvas name="11" width="328" height="330"><vector name="origin" x="164" y="165"/><int name="z" value="0"/></canvas><canvas name="12" width="657" height="198"><vector name="origin" x="328" y="99"/><int name="z" value="0"/></canvas><canvas name="13" width="1" height="1"><vector name="origin" x="0" y="0"/></canvas><canvas name="14" width="800" height="413"><vector name="origin" x="400" y="206"/><int name="z" value="0"/></canvas><canvas name="15" width="400" height="123"><vector name="origin" x="200" y="61"/><int name="z" value="0"/></canvas><canvas name="16" width="400" height="125"><vector name="origin" x="200" y="62"/><int name="z" value="0"/></canvas><canvas name="17" width="1" height="1"><vector name="origin" x="0" y="0"/></canvas></imgdir><imgdir name="ani"><imgdir name="1"><canvas name="0" width="376" height="52"><vector name="origin" x="188" y="26"/><int name="z" value="0"/><int name="a0" value="10"/><int name="a1" value="255"/><int name="delay" value="2400"/></canvas><canvas name="1" width="376" height="52"><vector name="origin" x="188" y="26"/><int name="z" value="0"/><int name="a0" value="255"/><int name="a1" value="10"/><int name="delay" value="2400"/></canvas></imgdir><imgdir name="2"><canvas name="0" width="61" height="17"><vector name="origin" x="30" y="8"/><int name="z" value="0"/><int name="delay" value="500"/></canvas><canvas name="1" width="61" height="17"><vector name="origin" x="29" y="7"/><int name="z" value="0"/><int name="delay" value="200"/></canvas><canvas name="2" width="61" height="17"><vector name="origin" x="28" y="6"/><int name="z" value="0"/><int name="delay" value="200"/></canvas><canvas name="3" width="61" height="17"><vector name="origin" x="27" y="7"/><int name="z" value="0"/><int name="delay" value="200"/></canvas><canvas name="4" width="61" height="17"><vector name="origin" x="26" y="8"/><int name="z" value="0"/><int name="delay" value="200"/></canvas><uol name="5" value="3"/><uol name="6" value="2"/><uol name="7" value="1"/></imgdir><imgdir name="3"><canvas name="0" width="33" height="11"><vector name="origin" x="30" y="8"/><int name="z" value="0"/><int name="delay" value="300"/></canvas><canvas name="1" width="33" height="11"><vector name="origin" x="29" y="7"/><int name="z" value="0"/><int name="delay" value="300"/></canvas><canvas name="2" width="33" height="11"><vector name="origin" x="28" y="6"/><int name="z" value="0"/><int name="delay" value="300"/></canvas><canvas name="3" width="33" height="11"><vector name="origin" x="27" y="7"/><int name="z" value="0"/><int name="delay" value="300"/></canvas><canvas name="4" width="33" height="11"><vector name="origin" x="26" y="8"/><int name="z" value="0"/><int name="delay" value="300"/></canvas><uol name="5" value="3"/><uol name="6" value="2"/><uol name="7" value="1"/></imgdir><imgdir name="4"><canvas name="0" width="242" height="218"><vector name="origin" x="273" y="231"/><int name="z" value="0"/><int name="delay" value="100"/></canvas><canvas name="1" width="244" height="217"><vector name="origin" x="273" y="232"/><int name="z" value="0"/><int name="delay" value="100"/></canvas><canvas name="2" width="244" height="218"><vector name="origin" x="273" y="233"/><int name="z" value="0"/><int name="delay" value="100"/></canvas><canvas name="3" width="242" height="217"><vector name="origin" x="273" y="232"/><int name="z" value="0"/><int name="delay" value="100"/></canvas><canvas name="4" width="244" height="218"><vector name="origin" x="273" y="231"/><int name="z" value="0"/><int name="delay" value="100"/></canvas><canvas name="5" width="244" height="217"><vector name="origin" x="273" y="230"/><int name="z" value="0"/><int name="delay" value="100"/></canvas></imgdir></imgdir></imgdir>