<?xml version="1.0" encoding="UTF-8" standalone="yes"?><imgdir name="omegaSectorHangar.img"><imgdir name="back"><canvas name="0" width="200" height="500"><vector name="origin" x="100" y="250"/><int name="z" value="0"/></canvas><canvas name="1" width="200" height="500"><vector name="origin" x="100" y="250"/><int name="z" value="0"/></canvas><canvas name="2" width="200" height="250"><vector name="origin" x="100" y="125"/><int name="z" value="0"/></canvas><canvas name="3" width="200" height="250"><vector name="origin" x="100" y="125"/><int name="z" value="0"/></canvas><canvas name="4" width="200" height="500"><vector name="origin" x="100" y="250"/><int name="z" value="0"/></canvas><canvas name="5" width="200" height="500"><vector name="origin" x="100" y="250"/><int name="z" value="0"/></canvas><canvas name="6" width="77" height="54"><vector name="origin" x="38" y="27"/><int name="z" value="0"/></canvas><canvas name="7" width="106" height="75"><vector name="origin" x="53" y="37"/><int name="z" value="0"/></canvas><canvas name="8" width="143" height="103"><vector name="origin" x="71" y="51"/><int name="z" value="0"/></canvas><canvas name="9" width="260" height="118"><vector name="origin" x="130" y="59"/><int name="z" value="0"/></canvas><canvas name="10" width="731" height="197"><vector name="origin" x="745" y="97"/><int name="z" value="0"/></canvas><canvas name="11" width="610" height="242"><vector name="origin" x="305" y="121"/><int name="z" value="0"/></canvas><canvas name="12" width="631" height="434"><vector name="origin" x="315" y="217"/><int name="z" value="0"/></canvas><canvas name="13" width="445" height="346"><vector name="origin" x="222" y="173"/><int name="z" value="0"/></canvas><canvas name="14" width="565" height="148"><vector name="origin" x="282" y="74"/><int name="z" value="0"/></canvas><canvas name="15" width="181" height="200"><vector name="origin" x="90" y="100"/><int name="z" value="0"/></canvas><canvas name="16" width="181" height="200"><vector name="origin" x="90" y="100"/><int name="z" value="0"/></canvas><canvas name="17" width="181" height="200"><vector name="origin" x="90" y="100"/><int name="z" value="0"/></canvas><canvas name="18" width="147" height="153"><vector name="origin" x="73" y="76"/><int name="z" value="0"/></canvas><canvas name="19" width="347" height="64"><vector name="origin" x="173" y="32"/><int name="z" value="0"/></canvas><canvas name="20" width="116" height="39"><vector name="origin" x="58" y="19"/><int name="z" value="0"/></canvas><canvas name="21" width="83" height="132"><vector name="origin" x="41" y="66"/><int name="z" value="0"/></canvas><canvas name="22" width="152" height="118"><vector name="origin" x="76" y="59"/><int name="z" value="0"/></canvas><canvas name="23" width="116" height="39"><vector name="origin" x="58" y="19"/><int name="z" value="0"/></canvas><canvas name="24" width="83" height="132"><vector name="origin" x="41" y="66"/><int name="z" value="0"/></canvas><canvas name="25" width="152" height="118"><vector name="origin" x="76" y="59"/><int name="z" value="0"/></canvas><canvas name="26" width="228" height="113"><vector name="origin" x="114" y="56"/><int name="z" value="0"/></canvas><canvas name="27" width="200" height="250"><vector name="origin" x="100" y="125"/><int name="z" value="0"/></canvas><canvas name="28" width="200" height="250"><vector name="origin" x="100" y="125"/><int name="z" value="0"/></canvas></imgdir></imgdir>