<?xml version="1.0" encoding="UTF-8" standalone="yes"?><imgdir name="poisonForest.img"><imgdir name="back"><canvas name="0" width="137" height="600"><vector name="origin" x="68" y="300"/><int name="z" value="0"/></canvas><canvas name="1" width="141" height="600"><vector name="origin" x="70" y="300"/><int name="z" value="0"/></canvas><canvas name="2" width="129" height="600"><vector name="origin" x="64" y="300"/><int name="z" value="0"/></canvas><canvas name="3" width="194" height="600"><vector name="origin" x="97" y="300"/><int name="z" value="0"/></canvas><canvas name="4" width="199" height="600"><vector name="origin" x="99" y="300"/><int name="z" value="0"/></canvas><canvas name="5" width="184" height="600"><vector name="origin" x="92" y="300"/><int name="z" value="0"/></canvas><canvas name="6" width="50" height="150"><vector name="origin" x="25" y="75"/><int name="z" value="0"/></canvas><canvas name="7" width="277" height="332"><vector name="origin" x="138" y="166"/><int name="z" value="0"/></canvas><canvas name="8" width="266" height="329"><vector name="origin" x="133" y="164"/><int name="z" value="0"/></canvas><canvas name="9" width="216" height="317"><vector name="origin" x="108" y="158"/><int name="z" value="0"/></canvas><canvas name="10" width="218" height="317"><vector name="origin" x="109" y="158"/><int name="z" value="0"/></canvas><canvas name="11" width="319" height="177"><vector name="origin" x="159" y="88"/><int name="z" value="0"/></canvas><canvas name="12" width="213" height="354"><vector name="origin" x="106" y="177"/><int name="z" value="0"/></canvas><canvas name="13" width="314" height="444"><vector name="origin" x="157" y="222"/><int name="z" value="0"/></canvas><canvas name="14" width="277" height="605"><vector name="origin" x="138" y="302"/><int name="z" value="0"/></canvas><canvas name="15" width="500" height="183"><vector name="origin" x="250" y="91"/><int name="z" value="0"/></canvas><canvas name="16" width="500" height="276"><vector name="origin" x="154" y="142"/><int name="z" value="0"/></canvas><canvas name="17" width="500" height="335"><vector name="origin" x="211" y="186"/><int name="z" value="0"/></canvas></imgdir></imgdir>