<?xml version="1.0" encoding="UTF-8" standalone="yes"?><imgdir name="safetyIslandWest.img"><imgdir name="back"><canvas name="0" width="95" height="84"><vector name="origin" x="47" y="42"/><int name="z" value="0"/></canvas><canvas name="1" width="15" height="377"><vector name="origin" x="7" y="188"/><int name="z" value="0"/></canvas><canvas name="2" width="449" height="120"><vector name="origin" x="224" y="60"/><int name="z" value="0"/></canvas><canvas name="3" width="466" height="74"><vector name="origin" x="233" y="37"/><int name="z" value="0"/></canvas><canvas name="4" width="80" height="183"><vector name="origin" x="40" y="91"/><int name="z" value="0"/></canvas><canvas name="5" width="80" height="118"><vector name="origin" x="40" y="59"/><int name="z" value="0"/></canvas></imgdir><imgdir name="ani"><imgdir name="0"><canvas name="0" width="400" height="33"><vector name="origin" x="200" y="16"/><int name="z" value="0"/><int name="moveType" value="1"/><int name="moveW" value="5"/><int name="moveP" value="1500"/></canvas></imgdir><imgdir name="1"><canvas name="0" width="400" height="49"><vector name="origin" x="152" y="37"/><int name="z" value="0"/><int name="moveType" value="1"/><int name="moveW" value="-6"/><int name="moveP" value="1800"/></canvas></imgdir><imgdir name="2"><canvas name="0" width="400" height="125"><vector name="origin" x="224" y="60"/><int name="z" value="0"/><int name="moveType" value="1"/><int name="moveW" value="8"/><int name="moveP" value="2000"/></canvas></imgdir><imgdir name="3"><canvas name="0" width="376" height="52"><vector name="origin" x="188" y="26"/><int name="z" value="0"/><int name="moveType" value="1"/><int name="moveW" value="5"/><int name="moveP" value="1500"/><int name="a0" value="0"/><int name="a1" value="255"/><int name="delay" value="2000"/></canvas><canvas name="1" width="376" height="52"><vector name="origin" x="188" y="26"/><int name="z" value="0"/><int name="a0" value="255"/><int name="a1" value="0"/><int name="delay" value="2000"/></canvas></imgdir></imgdir></imgdir>