<?xml version="1.0" encoding="UTF-8" standalone="yes"?><imgdir name="sandBeach.img"><imgdir name="back"><canvas name="0" width="64" height="64"><vector name="origin" x="32" y="32"/><int name="z" value="0"/></canvas><canvas name="1" width="18" height="273"><vector name="origin" x="9" y="136"/><int name="z" value="0"/></canvas><canvas name="2" width="649" height="293"><vector name="origin" x="324" y="146"/><int name="z" value="0"/></canvas><canvas name="3" width="426" height="342"><vector name="origin" x="213" y="171"/><int name="z" value="0"/></canvas><canvas name="4" width="380" height="186"><vector name="origin" x="190" y="93"/><int name="z" value="0"/></canvas><canvas name="5" width="291" height="165"><vector name="origin" x="120" y="81"/><int name="z" value="0"/></canvas><canvas name="6" width="277" height="213"><vector name="origin" x="132" y="111"/><int name="z" value="0"/></canvas><canvas name="7" width="18" height="7"><vector name="origin" x="9" y="3"/><int name="z" value="0"/><int name="moveType" value="2"/><int name="moveH" value="10"/><int name="moveP" value="4000"/></canvas><canvas name="8" width="32" height="10"><vector name="origin" x="16" y="5"/><int name="z" value="0"/><int name="moveType" value="2"/><int name="moveH" value="15"/><int name="moveP" value="3500"/></canvas><canvas name="9" width="33" height="11"><vector name="origin" x="16" y="5"/><int name="z" value="0"/><int name="moveType" value="2"/><int name="moveH" value="23"/><int name="moveP" value="2800"/></canvas><canvas name="10" width="61" height="17"><vector name="origin" x="30" y="8"/><int name="z" value="0"/><int name="moveType" value="2"/><int name="moveH" value="30"/><int name="moveP" value="2500"/></canvas><canvas name="11" width="117" height="205"><vector name="origin" x="58" y="102"/><int name="z" value="0"/></canvas><canvas name="12" width="381" height="172"><vector name="origin" x="190" y="86"/><int name="z" value="0"/></canvas><canvas name="13" width="120" height="50"><vector name="origin" x="60" y="25"/><int name="z" value="0"/></canvas></imgdir></imgdir>