<?xml version="1.0" encoding="UTF-8" standalone="yes"?><imgdir name="shineWood.img"><imgdir name="back"><canvas name="0" width="303" height="180"><vector name="origin" x="200" y="150"/><int name="z" value="0"/></canvas><canvas name="1" width="469" height="647"><vector name="origin" x="212" y="495"/><int name="z" value="0"/></canvas><canvas name="2" width="392" height="600"><vector name="origin" x="226" y="489"/><int name="z" value="0"/></canvas><canvas name="3" width="283" height="914"><vector name="origin" x="141" y="457"/><int name="z" value="0"/></canvas><canvas name="4" width="392" height="995"><vector name="origin" x="196" y="497"/><int name="z" value="0"/></canvas><canvas name="5" width="195" height="392"><vector name="origin" x="97" y="196"/><int name="z" value="0"/></canvas><canvas name="6" width="191" height="392"><vector name="origin" x="95" y="196"/><int name="z" value="0"/></canvas><canvas name="7" width="180" height="392"><vector name="origin" x="90" y="196"/><int name="z" value="0"/></canvas><canvas name="8" width="301" height="602"><vector name="origin" x="150" y="301"/><int name="z" value="0"/></canvas><canvas name="9" width="283" height="255"><vector name="origin" x="141" y="127"/><int name="z" value="0"/></canvas><canvas name="10" width="205" height="602"><vector name="origin" x="102" y="301"/><int name="z" value="0"/></canvas><canvas name="11" width="280" height="197"><vector name="origin" x="140" y="98"/><int name="z" value="0"/></canvas><canvas name="12" width="295" height="602"><vector name="origin" x="147" y="301"/><int name="z" value="0"/></canvas><canvas name="13" width="294" height="602"><vector name="origin" x="147" y="301"/><int name="z" value="0"/></canvas><canvas name="14" width="275" height="400"><vector name="origin" x="137" y="200"/><int name="z" value="0"/></canvas><canvas name="15" width="275" height="400"><vector name="origin" x="137" y="200"/><int name="z" value="0"/></canvas><canvas name="16" width="265" height="265"><vector name="origin" x="134" y="134"/><int name="z" value="0"/><int name="a0" value="235"/><int name="blend" value="1"/></canvas><canvas name="17" width="233" height="233"><vector name="origin" x="116" y="116"/><int name="z" value="0"/><int name="blend" value="1"/></canvas><canvas name="18" width="233" height="233"><vector name="origin" x="116" y="116"/><int name="z" value="0"/><int name="blend" value="1"/></canvas><canvas name="19" width="242" height="242"><vector name="origin" x="121" y="121"/><int name="z" value="0"/><int name="blend" value="1"/></canvas><canvas name="20" width="245" height="245"><vector name="origin" x="122" y="122"/><int name="z" value="0"/><int name="blend" value="1"/></canvas><canvas name="21" width="276" height="400"><vector name="origin" x="138" y="400"/><int name="z" value="0"/></canvas><canvas name="22" width="146" height="209"><vector name="origin" x="72" y="206"/><int name="z" value="0"/></canvas><canvas name="23" width="183" height="341"><vector name="origin" x="91" y="170"/><int name="z" value="0"/></canvas><canvas name="24" width="182" height="273"><vector name="origin" x="91" y="136"/><int name="z" value="0"/></canvas><canvas name="25" width="181" height="282"><vector name="origin" x="90" y="141"/><int name="z" value="0"/></canvas><canvas name="26" width="165" height="337"><vector name="origin" x="82" y="168"/><int name="z" value="0"/></canvas><canvas name="27" width="173" height="259"><vector name="origin" x="86" y="129"/><int name="z" value="0"/></canvas><canvas name="28" width="169" height="380"><vector name="origin" x="84" y="190"/><int name="z" value="0"/></canvas><canvas name="29" width="123" height="280"><vector name="origin" x="61" y="140"/><int name="z" value="0"/></canvas><canvas name="30" width="159" height="343"><vector name="origin" x="79" y="171"/><int name="z" value="0"/></canvas><canvas name="31" width="97" height="323"><vector name="origin" x="48" y="161"/><int name="z" value="0"/></canvas><canvas name="32" width="91" height="292"><vector name="origin" x="45" y="146"/><int name="z" value="0"/></canvas><canvas name="33" width="95" height="287"><vector name="origin" x="47" y="143"/><int name="z" value="0"/></canvas><canvas name="34" width="76" height="257"><vector name="origin" x="38" y="128"/><int name="z" value="0"/></canvas><canvas name="35" width="168" height="398"><vector name="origin" x="84" y="199"/><int name="z" value="0"/></canvas><canvas name="36" width="146" height="281"><vector name="origin" x="73" y="140"/><int name="z" value="0"/></canvas><canvas name="37" width="38" height="173"><vector name="origin" x="19" y="86"/><int name="z" value="0"/></canvas></imgdir></imgdir>