<?xml version="1.0" encoding="UTF-8" standalone="yes"?><imgdir name="snowyLightrock.img"><imgdir name="back"><canvas name="0" width="179" height="170"><vector name="origin" x="89" y="85"/><int name="z" value="0"/></canvas><canvas name="1" width="267" height="76"><vector name="origin" x="128" y="34"/><int name="z" value="0"/></canvas><canvas name="2" width="308" height="72"><vector name="origin" x="152" y="36"/><int name="z" value="0"/></canvas><canvas name="3" width="501" height="297"><vector name="origin" x="249" y="141"/><int name="z" value="0"/></canvas><canvas name="4" width="682" height="288"><vector name="origin" x="341" y="144"/><int name="z" value="0"/></canvas><canvas name="5" width="507" height="267"><vector name="origin" x="253" y="133"/><int name="z" value="0"/></canvas><canvas name="6" width="232" height="246"><vector name="origin" x="116" y="123"/><int name="z" value="0"/></canvas></imgdir></imgdir>