<?xml version="1.0" encoding="UTF-8" standalone="yes"?><imgdir name="snowyLightrock2.img"><imgdir name="back"><canvas name="0" width="239" height="216"><vector name="origin" x="119" y="108"/><int name="z" value="0"/></canvas><canvas name="1" width="283" height="252"><vector name="origin" x="141" y="126"/><int name="z" value="0"/></canvas><canvas name="2" width="338" height="298"><vector name="origin" x="169" y="149"/><int name="z" value="0"/></canvas><canvas name="3" width="282" height="300"><vector name="origin" x="141" y="150"/><int name="z" value="0"/></canvas><canvas name="4" width="306" height="300"><vector name="origin" x="153" y="150"/><int name="z" value="0"/></canvas><canvas name="5" width="137" height="114"><vector name="origin" x="68" y="57"/><int name="z" value="0"/></canvas><canvas name="6" width="52" height="88"><vector name="origin" x="26" y="44"/><int name="z" value="0"/></canvas><canvas name="7" width="43" height="72"><vector name="origin" x="21" y="36"/><int name="z" value="0"/></canvas><canvas name="8" width="104" height="91"><vector name="origin" x="52" y="45"/><int name="z" value="0"/></canvas><canvas name="9" width="90" height="77"><vector name="origin" x="45" y="38"/><int name="z" value="0"/></canvas><canvas name="10" width="51" height="73"><vector name="origin" x="25" y="36"/><int name="z" value="0"/></canvas><canvas name="11" width="29" height="21"><vector name="origin" x="14" y="10"/><int name="z" value="0"/></canvas><canvas name="12" width="157" height="165"><vector name="origin" x="78" y="82"/><int name="z" value="0"/></canvas><canvas name="13" width="74" height="88"><vector name="origin" x="37" y="44"/><int name="z" value="0"/></canvas><canvas name="14" width="291" height="300"><vector name="origin" x="145" y="150"/><int name="z" value="0"/></canvas><canvas name="15" width="242" height="300"><vector name="origin" x="121" y="150"/><int name="z" value="0"/></canvas><canvas name="16" width="50" height="77"><vector name="origin" x="25" y="38"/><int name="z" value="0"/></canvas><canvas name="17" width="120" height="161"><vector name="origin" x="60" y="80"/><int name="z" value="0"/></canvas><canvas name="18" width="43" height="64"><vector name="origin" x="21" y="32"/><int name="z" value="0"/></canvas><canvas name="19" width="100" height="96"><vector name="origin" x="50" y="48"/><int name="z" value="0"/></canvas><canvas name="20" width="77" height="87"><vector name="origin" x="38" y="43"/><int name="z" value="0"/></canvas><canvas name="21" width="91" height="100"><vector name="origin" x="45" y="50"/><int name="z" value="0"/></canvas><canvas name="22" width="725" height="199"><vector name="origin" x="362" y="99"/><int name="z" value="0"/></canvas><canvas name="23" width="700" height="200"><vector name="origin" x="350" y="100"/><int name="z" value="0"/></canvas><canvas name="24" width="700" height="200"><vector name="origin" x="350" y="100"/><int name="z" value="0"/></canvas><canvas name="25" width="700" height="200"><vector name="origin" x="350" y="100"/><int name="z" value="0"/></canvas><canvas name="26" width="600" height="246"><vector name="origin" x="300" y="123"/><int name="z" value="0"/></canvas><canvas name="27" width="1200" height="388"><vector name="origin" x="600" y="194"/><int name="z" value="0"/></canvas><canvas name="28" width="1200" height="482"><vector name="origin" x="600" y="241"/><int name="z" value="0"/></canvas><canvas name="29" width="628" height="403"><vector name="origin" x="341" y="30"/><int name="z" value="0"/></canvas><canvas name="30" width="372" height="486"><vector name="origin" x="228" y="45"/><int name="z" value="0"/></canvas><canvas name="31" width="1101" height="339"><vector name="origin" x="550" y="169"/><int name="z" value="0"/></canvas><canvas name="32" width="201" height="152"><vector name="origin" x="100" y="76"/><int name="z" value="0"/></canvas><canvas name="33" width="819" height="405"><vector name="origin" x="409" y="202"/><int name="z" value="0"/></canvas><canvas name="34" width="734" height="401"><vector name="origin" x="367" y="200"/><int name="z" value="0"/></canvas><canvas name="35" width="110" height="99"><vector name="origin" x="63" y="50"/><int name="z" value="0"/></canvas><canvas name="36" width="131" height="115"><vector name="origin" x="72" y="58"/><int name="z" value="0"/></canvas><canvas name="37" width="156" height="138"><vector name="origin" x="78" y="69"/><int name="z" value="0"/></canvas><canvas name="38" width="239" height="190"><vector name="origin" x="119" y="95"/><int name="z" value="0"/></canvas><canvas name="39" width="239" height="190"><vector name="origin" x="119" y="95"/><int name="z" value="0"/></canvas><canvas name="40" width="152" height="151"><vector name="origin" x="74" y="69"/><int name="z" value="0"/></canvas><canvas name="41" width="152" height="137"><vector name="origin" x="74" y="69"/><int name="z" value="0"/></canvas><canvas name="42" width="600" height="170"><vector name="origin" x="300" y="85"/><int name="z" value="0"/></canvas><canvas name="43" width="600" height="170"><vector name="origin" x="300" y="85"/><int name="z" value="0"/></canvas><canvas name="44" width="600" height="170"><vector name="origin" x="300" y="85"/><int name="z" value="0"/></canvas></imgdir></imgdir>