<?xml version="1.0" encoding="UTF-8" standalone="yes"?><imgdir name="syarenInside.img"><imgdir name="back"><canvas name="0" width="199" height="300"><vector name="origin" x="99" y="150"/><int name="z" value="0"/></canvas><canvas name="1" width="199" height="300"><vector name="origin" x="99" y="150"/><int name="z" value="0"/></canvas><canvas name="2" width="199" height="300"><vector name="origin" x="99" y="150"/><int name="z" value="0"/></canvas><canvas name="3" width="199" height="300"><vector name="origin" x="99" y="150"/><int name="z" value="0"/></canvas><canvas name="4" width="199" height="300"><vector name="origin" x="99" y="150"/><int name="z" value="0"/></canvas><canvas name="5" width="199" height="300"><vector name="origin" x="99" y="150"/><int name="z" value="0"/></canvas><canvas name="6" width="199" height="300"><vector name="origin" x="99" y="150"/><int name="z" value="0"/></canvas><canvas name="7" width="199" height="300"><vector name="origin" x="99" y="150"/><int name="z" value="0"/></canvas><canvas name="8" width="199" height="300"><vector name="origin" x="99" y="150"/><int name="z" value="0"/></canvas><canvas name="9" width="199" height="300"><vector name="origin" x="99" y="150"/><int name="z" value="0"/></canvas><canvas name="10" width="199" height="300"><vector name="origin" x="99" y="150"/><int name="z" value="0"/></canvas><canvas name="11" width="199" height="300"><vector name="origin" x="99" y="150"/><int name="z" value="0"/></canvas><canvas name="12" width="199" height="300"><vector name="origin" x="99" y="150"/><int name="z" value="0"/></canvas><canvas name="13" width="199" height="300"><vector name="origin" x="99" y="150"/><int name="z" value="0"/></canvas><canvas name="14" width="199" height="300"><vector name="origin" x="99" y="150"/><int name="z" value="0"/></canvas><canvas name="15" width="199" height="300"><vector name="origin" x="99" y="150"/><int name="z" value="0"/></canvas><canvas name="16" width="120" height="38"><vector name="origin" x="60" y="19"/><int name="z" value="0"/></canvas><canvas name="17" width="80" height="156"><vector name="origin" x="40" y="78"/><int name="z" value="0"/></canvas><canvas name="18" width="78" height="78"><vector name="origin" x="39" y="78"/><int name="z" value="0"/></canvas><canvas name="19" width="320" height="136"><vector name="origin" x="160" y="68"/><int name="z" value="0"/></canvas><canvas name="20" width="150" height="63"><vector name="origin" x="75" y="31"/><int name="z" value="0"/></canvas><canvas name="21" width="400" height="206"><vector name="origin" x="200" y="103"/><int name="z" value="0"/></canvas><canvas name="22" width="400" height="206"><vector name="origin" x="200" y="103"/><int name="z" value="0"/></canvas><canvas name="23" width="400" height="206"><vector name="origin" x="200" y="103"/><int name="z" value="0"/></canvas><canvas name="24" width="268" height="206"><vector name="origin" x="134" y="103"/><int name="z" value="0"/></canvas><canvas name="25" width="269" height="206"><vector name="origin" x="134" y="103"/><int name="z" value="0"/></canvas><canvas name="26" width="81" height="301"><vector name="origin" x="40" y="50"/><int name="z" value="0"/></canvas><canvas name="27" width="179" height="170"><vector name="origin" x="89" y="85"/><int name="z" value="0"/></canvas><canvas name="28" width="224" height="171"><vector name="origin" x="112" y="85"/><int name="z" value="0"/></canvas><canvas name="29" width="199" height="93"><vector name="origin" x="99" y="46"/><int name="z" value="0"/></canvas><canvas name="30" width="199" height="300"><vector name="origin" x="99" y="150"/><int name="z" value="0"/></canvas><canvas name="31" width="199" height="300"><vector name="origin" x="99" y="150"/><int name="z" value="0"/></canvas><canvas name="32" width="199" height="300"><vector name="origin" x="99" y="150"/><int name="z" value="0"/></canvas><canvas name="33" width="199" height="300"><vector name="origin" x="99" y="150"/><int name="z" value="0"/></canvas><canvas name="34" width="199" height="300"><vector name="origin" x="99" y="150"/><int name="z" value="0"/></canvas><canvas name="35" width="199" height="300"><vector name="origin" x="99" y="150"/><int name="z" value="0"/></canvas><canvas name="36" width="199" height="300"><vector name="origin" x="99" y="150"/><int name="z" value="0"/></canvas><canvas name="37" width="199" height="300"><vector name="origin" x="99" y="150"/><int name="z" value="0"/></canvas><canvas name="38" width="199" height="300"><vector name="origin" x="99" y="150"/><int name="z" value="0"/></canvas><canvas name="39" width="199" height="300"><vector name="origin" x="99" y="150"/><int name="z" value="0"/></canvas><canvas name="40" width="199" height="300"><vector name="origin" x="99" y="150"/><int name="z" value="0"/></canvas><canvas name="41" width="199" height="300"><vector name="origin" x="99" y="150"/><int name="z" value="0"/></canvas></imgdir></imgdir>