<?xml version="1.0" encoding="UTF-8" standalone="yes"?><imgdir name="syarenOutside.img"><imgdir name="back"><canvas name="0" width="662" height="465"><vector name="origin" x="331" y="232"/><int name="z" value="0"/></canvas><canvas name="1" width="277" height="334"><vector name="origin" x="138" y="167"/><int name="z" value="0"/></canvas><canvas name="2" width="528" height="203"><vector name="origin" x="264" y="101"/><int name="z" value="0"/></canvas><canvas name="3" width="528" height="202"><vector name="origin" x="264" y="101"/><int name="z" value="0"/></canvas><canvas name="4" width="516" height="199"><vector name="origin" x="258" y="99"/><int name="z" value="0"/></canvas><canvas name="5" width="103" height="318"><vector name="origin" x="51" y="159"/><int name="z" value="0"/></canvas><canvas name="6" width="101" height="319"><vector name="origin" x="50" y="159"/><int name="z" value="0"/></canvas><canvas name="7" width="344" height="197"><vector name="origin" x="172" y="98"/><int name="z" value="0"/></canvas><canvas name="8" width="172" height="135"><vector name="origin" x="86" y="67"/><int name="z" value="0"/></canvas><canvas name="9" width="601" height="325"><vector name="origin" x="300" y="363"/><int name="z" value="0"/></canvas><canvas name="10" width="543" height="402"><vector name="origin" x="271" y="201"/><int name="z" value="0"/></canvas><canvas name="11" width="543" height="402"><vector name="origin" x="271" y="201"/><int name="z" value="0"/></canvas></imgdir></imgdir>