<?xml version="1.0" encoding="UTF-8" standalone="yes"?><imgdir name="ThemeBack1.img"><imgdir name="back"><canvas name="0" width="71" height="885"><vector name="origin" x="-20" y="177"/></canvas><canvas name="1" width="80" height="60"><vector name="origin" x="4" y="52"/></canvas><canvas name="2" width="374" height="228"><vector name="origin" x="183" y="141"/><int name="z" value="0"/></canvas><canvas name="3" width="291" height="177"><vector name="origin" x="183" y="141"/><int name="z" value="0"/></canvas><canvas name="4" width="377" height="241"><vector name="origin" x="183" y="141"/><int name="z" value="0"/></canvas><canvas name="5" width="230" height="101"><vector name="origin" x="183" y="141"/><int name="z" value="0"/></canvas><canvas name="6" width="224" height="109"><vector name="origin" x="183" y="141"/><int name="z" value="0"/></canvas><canvas name="7" width="235" height="89"><vector name="origin" x="183" y="141"/><int name="z" value="0"/></canvas><canvas name="8" width="141" height="63"><vector name="origin" x="183" y="141"/><int name="z" value="0"/></canvas><canvas name="9" width="165" height="97"><vector name="origin" x="183" y="141"/><int name="z" value="0"/></canvas><canvas name="10" width="206" height="65"><vector name="origin" x="183" y="141"/><int name="z" value="0"/></canvas><canvas name="11" width="490" height="64"><vector name="origin" x="243" y="24"/></canvas><canvas name="12" width="490" height="66"><vector name="origin" x="243" y="24"/></canvas><canvas name="13" width="400" height="177"><vector name="origin" x="183" y="141"/></canvas><canvas name="14" width="400" height="165"><vector name="origin" x="183" y="141"/></canvas><canvas name="15" width="356" height="156"><vector name="origin" x="183" y="141"/></canvas><canvas name="16" width="356" height="169"><vector name="origin" x="183" y="141"/></canvas></imgdir></imgdir>