<?xml version="1.0" encoding="UTF-8" standalone="yes"?><imgdir name="ThemeBack3.img"><imgdir name="back"><canvas name="0" width="792" height="152"><vector name="origin" x="396" y="76"/><int name="z" value="0"/></canvas><canvas name="1" width="798" height="220"><vector name="origin" x="399" y="110"/><int name="z" value="0"/></canvas><canvas name="2" width="798" height="147"><vector name="origin" x="399" y="73"/><int name="z" value="0"/></canvas><canvas name="3" width="803" height="154"><vector name="origin" x="401" y="77"/><int name="z" value="0"/></canvas><canvas name="4" width="797" height="193"><vector name="origin" x="398" y="96"/><int name="z" value="0"/></canvas><canvas name="5" width="810" height="294"><vector name="origin" x="405" y="147"/><int name="z" value="0"/></canvas><canvas name="6" width="159" height="159"><vector name="origin" x="79" y="79"/><int name="z" value="0"/></canvas><canvas name="7" width="142" height="151"><vector name="origin" x="71" y="75"/><int name="z" value="0"/></canvas><canvas name="8" width="121" height="151"><vector name="origin" x="60" y="75"/><int name="z" value="0"/></canvas><canvas name="9" width="196" height="211"><vector name="origin" x="98" y="105"/><int name="z" value="0"/></canvas><canvas name="10" width="160" height="184"><vector name="origin" x="80" y="92"/><int name="z" value="0"/></canvas><canvas name="11" width="214" height="195"><vector name="origin" x="107" y="97"/><int name="z" value="0"/></canvas><canvas name="12" width="212" height="195"><vector name="origin" x="106" y="97"/><int name="z" value="0"/></canvas><canvas name="13" width="196" height="226"><vector name="origin" x="98" y="113"/><int name="z" value="0"/></canvas><canvas name="14" width="137" height="213"><vector name="origin" x="68" y="106"/><int name="z" value="0"/></canvas><canvas name="15" width="98" height="153"><vector name="origin" x="49" y="76"/><int name="z" value="0"/></canvas></imgdir></imgdir>