<?xml version="1.0" encoding="UTF-8" standalone="yes"?><imgdir name="ThemeBack2.img"><imgdir name="back"><canvas name="0" width="515" height="308"><vector name="origin" x="121" y="144"/><int name="z" value="0"/></canvas><canvas name="1" width="699" height="199"><vector name="origin" x="201" y="105"/><int name="z" value="0"/></canvas><canvas name="2" width="543" height="264"><vector name="origin" x="154" y="145"/><int name="z" value="0"/></canvas><canvas name="3" width="583" height="481"><vector name="origin" x="164" y="258"/><int name="z" value="0"/></canvas><canvas name="4" width="637" height="474"><vector name="origin" x="190" y="252"/><int name="z" value="0"/></canvas><canvas name="5" width="541" height="306"><vector name="origin" x="128" y="128"/><int name="z" value="0"/></canvas><canvas name="6" width="206" height="113"><vector name="origin" x="-33" y="28"/></canvas><canvas name="7" width="209" height="95"><vector name="origin" x="-33" y="28"/></canvas><canvas name="8" width="292" height="111"><vector name="origin" x="-33" y="28"/></canvas><canvas name="9" width="744" height="334"><vector name="origin" x="128" y="128"/><int name="z" value="0"/></canvas><canvas name="10" width="317" height="611"><vector name="origin" x="183" y="141"/></canvas><canvas name="11" width="576" height="462"><vector name="origin" x="295" y="-9"/><int name="z" value="0"/></canvas><canvas name="12" width="402" height="377"><vector name="origin" x="211" y="194"/><int name="z" value="0"/></canvas></imgdir><imgdir name="ani"><imgdir name="0"><canvas name="0" width="49" height="106"><vector name="origin" x="55" y="103"/><int name="delay" value="130"/></canvas><canvas name="1" width="53" height="103"><vector name="origin" x="60" y="100"/><int name="delay" value="130"/></canvas><canvas name="2" width="55" height="110"><vector name="origin" x="62" y="108"/><int name="delay" value="130"/></canvas><canvas name="3" width="57" height="113"><vector name="origin" x="63" y="110"/><int name="delay" value="130"/></canvas><canvas name="4" width="50" height="112"><vector name="origin" x="56" y="109"/><int name="delay" value="130"/></canvas><canvas name="5" width="46" height="117"><vector name="origin" x="56" y="114"/><int name="delay" value="130"/></canvas></imgdir></imgdir></imgdir>