<?xml version="1.0" encoding="UTF-8" standalone="yes"?><imgdir name="toyCastleB1.img"><imgdir name="back"><canvas name="0" width="400" height="513"><vector name="origin" x="200" y="256"/><int name="z" value="0"/></canvas><canvas name="1" width="319" height="512"><vector name="origin" x="159" y="256"/><int name="z" value="0"/></canvas><canvas name="2" width="423" height="270"><vector name="origin" x="211" y="135"/><int name="z" value="0"/></canvas><canvas name="3" width="423" height="270"><vector name="origin" x="211" y="135"/><int name="z" value="0"/></canvas><canvas name="4" width="423" height="270"><vector name="origin" x="211" y="135"/><int name="z" value="0"/></canvas><canvas name="5" width="423" height="270"><vector name="origin" x="211" y="135"/><int name="z" value="0"/></canvas><canvas name="6" width="423" height="270"><vector name="origin" x="211" y="135"/><int name="z" value="0"/></canvas><canvas name="7" width="423" height="270"><vector name="origin" x="211" y="135"/><int name="z" value="0"/></canvas></imgdir><imgdir name="ani"><imgdir name="0"><canvas name="0" width="154" height="249"><vector name="origin" x="77" y="124"/><int name="z" value="0"/><int name="delay" value="150"/></canvas><canvas name="1" width="154" height="249"><vector name="origin" x="77" y="124"/><int name="z" value="0"/><int name="delay" value="150"/></canvas><canvas name="2" width="154" height="249"><vector name="origin" x="77" y="124"/><int name="z" value="0"/><int name="delay" value="150"/></canvas><canvas name="3" width="154" height="249"><vector name="origin" x="77" y="124"/><int name="z" value="0"/><int name="delay" value="150"/></canvas><canvas name="4" width="154" height="249"><vector name="origin" x="77" y="124"/><int name="z" value="0"/><int name="delay" value="150"/></canvas><canvas name="5" width="154" height="249"><vector name="origin" x="77" y="124"/><int name="z" value="0"/><int name="delay" value="150"/></canvas><canvas name="6" width="154" height="249"><vector name="origin" x="77" y="124"/><int name="z" value="0"/><int name="delay" value="150"/></canvas><canvas name="7" width="154" height="249"><vector name="origin" x="77" y="124"/><int name="z" value="0"/><int name="delay" value="1000"/></canvas></imgdir><imgdir name="1"><canvas name="0" width="262" height="246"><vector name="origin" x="131" y="123"/><int name="z" value="0"/><int name="delay" value="150"/></canvas><canvas name="1" width="262" height="246"><vector name="origin" x="131" y="123"/><int name="z" value="0"/><int name="delay" value="150"/></canvas><canvas name="2" width="262" height="246"><vector name="origin" x="131" y="123"/><int name="z" value="0"/><int name="delay" value="150"/></canvas><canvas name="3" width="262" height="246"><vector name="origin" x="131" y="123"/><int name="z" value="0"/><int name="delay" value="150"/></canvas><canvas name="4" width="262" height="246"><vector name="origin" x="131" y="123"/><int name="z" value="0"/><int name="delay" value="150"/></canvas><canvas name="5" width="262" height="246"><vector name="origin" x="131" y="123"/><int name="z" value="0"/><int name="delay" value="150"/></canvas><canvas name="6" width="262" height="246"><vector name="origin" x="131" y="123"/><int name="z" value="0"/><int name="delay" value="150"/></canvas><canvas name="7" width="262" height="246"><vector name="origin" x="131" y="123"/><int name="z" value="0"/><int name="delay" value="150"/></canvas></imgdir><imgdir name="2"><canvas name="0" width="130" height="162"><vector name="origin" x="65" y="81"/><int name="z" value="0"/><int name="delay" value="150"/></canvas><canvas name="1" width="130" height="162"><vector name="origin" x="65" y="81"/><int name="z" value="0"/><int name="delay" value="150"/></canvas><canvas name="2" width="130" height="162"><vector name="origin" x="65" y="81"/><int name="z" value="0"/><int name="delay" value="150"/></canvas><canvas name="3" width="130" height="162"><vector name="origin" x="65" y="81"/><int name="z" value="0"/><int name="delay" value="150"/></canvas></imgdir><imgdir name="3"><canvas name="0" width="264" height="155"><vector name="origin" x="132" y="77"/><int name="z" value="0"/><int name="delay" value="150"/></canvas><canvas name="1" width="264" height="155"><vector name="origin" x="132" y="77"/><int name="z" value="0"/><int name="delay" value="150"/></canvas><canvas name="2" width="264" height="155"><vector name="origin" x="132" y="77"/><int name="z" value="0"/><int name="delay" value="150"/></canvas><canvas name="3" width="264" height="155"><vector name="origin" x="132" y="77"/><int name="z" value="0"/><int name="delay" value="150"/></canvas></imgdir></imgdir></imgdir>