<?xml version="1.0" encoding="UTF-8" standalone="yes"?><imgdir name="toyCastle.img"><imgdir name="back"><canvas name="0" width="128" height="128"><vector name="origin" x="64" y="64"/><int name="z" value="0"/></canvas><canvas name="1" width="22" height="522"><vector name="origin" x="11" y="261"/><int name="z" value="0"/></canvas><canvas name="2" width="682" height="133"><vector name="origin" x="502" y="76"/><int name="z" value="0"/></canvas><canvas name="3" width="338" height="209"><vector name="origin" x="202" y="118"/><int name="z" value="0"/></canvas><canvas name="4" width="353" height="127"><vector name="origin" x="176" y="63"/><int name="z" value="0"/></canvas><canvas name="5" width="488" height="427"><vector name="origin" x="262" y="221"/><int name="z" value="0"/></canvas><canvas name="6" width="708" height="411"><vector name="origin" x="305" y="273"/><int name="z" value="0"/></canvas><canvas name="7" width="785" height="94"><vector name="origin" x="392" y="47"/><int name="z" value="0"/></canvas><canvas name="8" width="445" height="162"><vector name="origin" x="223" y="81"/><int name="z" value="0"/></canvas><canvas name="9" width="744" height="276"><vector name="origin" x="373" y="138"/><int name="z" value="0"/></canvas><canvas name="10" width="237" height="89"><vector name="origin" x="119" y="44"/><int name="z" value="0"/></canvas><canvas name="11" width="413" height="134"><vector name="origin" x="208" y="67"/><int name="z" value="0"/></canvas><canvas name="12" width="543" height="190"><vector name="origin" x="271" y="95"/><int name="z" value="0"/></canvas><canvas name="13" width="134" height="721"><vector name="origin" x="63" y="216"/><int name="z" value="0"/></canvas><canvas name="14" width="242" height="557"><vector name="origin" x="121" y="278"/><int name="z" value="0"/></canvas><canvas name="15" width="200" height="122"><vector name="origin" x="100" y="61"/><int name="z" value="0"/></canvas><canvas name="16" width="467" height="222"><vector name="origin" x="233" y="111"/><int name="z" value="0"/></canvas><canvas name="17" width="704" height="459"><vector name="origin" x="352" y="229"/><int name="z" value="0"/></canvas><canvas name="18" width="46" height="13"><vector name="origin" x="23" y="6"/><int name="z" value="0"/></canvas><canvas name="19" width="209" height="239"><vector name="origin" x="104" y="119"/><int name="z" value="0"/></canvas></imgdir><imgdir name="ani"><imgdir name="0"><canvas name="0" width="85" height="191"><vector name="origin" x="42" y="95"/><int name="z" value="0"/><int name="delay" value="120"/></canvas><canvas name="1" width="128" height="154"><vector name="origin" x="42" y="77"/><int name="z" value="0"/><int name="delay" value="120"/></canvas><canvas name="2" width="156" height="54"><vector name="origin" x="55" y="27"/><int name="z" value="0"/><int name="delay" value="120"/></canvas><canvas name="3" width="128" height="154"><vector name="origin" x="42" y="77"/><int name="z" value="0"/><int name="delay" value="120"/></canvas></imgdir></imgdir></imgdir>