<?xml version="1.0" encoding="UTF-8" standalone="yes"?><imgdir name="toyCastleDungeon1.img"><imgdir name="back"><canvas name="0" width="176" height="617"><vector name="origin" x="87" y="308"/><int name="z" value="0"/></canvas><canvas name="1" width="93" height="339"><vector name="origin" x="46" y="169"/><int name="z" value="0"/></canvas><canvas name="2" width="226" height="470"><vector name="origin" x="113" y="235"/><int name="z" value="0"/></canvas><canvas name="3" width="131" height="367"><vector name="origin" x="66" y="183"/><int name="z" value="0"/></canvas><canvas name="4" width="323" height="838"><vector name="origin" x="165" y="419"/><int name="z" value="0"/></canvas><canvas name="5" width="444" height="141"><vector name="origin" x="222" y="70"/><int name="z" value="0"/></canvas><canvas name="6" width="281" height="102"><vector name="origin" x="140" y="51"/><int name="z" value="0"/></canvas><canvas name="7" width="176" height="116"><vector name="origin" x="39" y="9"/><int name="z" value="0"/></canvas><canvas name="8" width="283" height="115"><vector name="origin" x="299" y="59"/><int name="z" value="0"/></canvas><canvas name="9" width="274" height="109"><vector name="origin" x="137" y="54"/><int name="z" value="0"/></canvas><canvas name="10" width="817" height="124"><vector name="origin" x="495" y="118"/><int name="z" value="0"/></canvas><canvas name="11" width="1004" height="137"><vector name="origin" x="607" y="70"/><int name="z" value="0"/></canvas><canvas name="12" width="944" height="122"><vector name="origin" x="478" y="128"/><int name="z" value="0"/></canvas><canvas name="13" width="254" height="154"><vector name="origin" x="127" y="77"/><int name="z" value="0"/></canvas><canvas name="14" width="300" height="194"><vector name="origin" x="150" y="97"/><int name="z" value="0"/></canvas></imgdir><imgdir name="ani"><imgdir name="0"><canvas name="0" width="289" height="409"><vector name="origin" x="144" y="204"/><int name="z" value="0"/><int name="delay" value="150"/></canvas><canvas name="1" width="289" height="409"><vector name="origin" x="144" y="204"/><int name="z" value="0"/><int name="delay" value="150"/></canvas><canvas name="2" width="289" height="409"><vector name="origin" x="144" y="204"/><int name="z" value="0"/><int name="delay" value="150"/></canvas><canvas name="3" width="289" height="409"><vector name="origin" x="144" y="204"/><int name="z" value="0"/><int name="delay" value="150"/></canvas><canvas name="4" width="289" height="409"><vector name="origin" x="144" y="204"/><int name="z" value="0"/><int name="delay" value="150"/></canvas><canvas name="5" width="289" height="409"><vector name="origin" x="144" y="204"/><int name="z" value="0"/><int name="delay" value="150"/></canvas></imgdir><imgdir name="1"><canvas name="0" width="215" height="384"><vector name="origin" x="107" y="192"/><int name="z" value="0"/><int name="delay" value="150"/></canvas><canvas name="1" width="215" height="384"><vector name="origin" x="107" y="192"/><int name="z" value="0"/><int name="delay" value="150"/></canvas><canvas name="2" width="215" height="384"><vector name="origin" x="107" y="192"/><int name="z" value="0"/><int name="delay" value="150"/></canvas><canvas name="3" width="215" height="384"><vector name="origin" x="107" y="192"/><int name="z" value="0"/><int name="delay" value="150"/></canvas><canvas name="4" width="215" height="384"><vector name="origin" x="107" y="192"/><int name="z" value="0"/><int name="delay" value="150"/></canvas><canvas name="5" width="215" height="384"><vector name="origin" x="107" y="192"/><int name="z" value="0"/><int name="delay" value="150"/></canvas></imgdir><imgdir name="2"><canvas name="0" width="289" height="409"><vector name="origin" x="144" y="204"/><int name="z" value="0"/><int name="delay" value="150"/></canvas><canvas name="1" width="289" height="410"><vector name="origin" x="144" y="205"/><int name="z" value="0"/><int name="delay" value="150"/></canvas><canvas name="2" width="289" height="409"><vector name="origin" x="144" y="204"/><int name="z" value="0"/><int name="delay" value="150"/></canvas><canvas name="3" width="289" height="409"><vector name="origin" x="144" y="204"/><int name="z" value="0"/><int name="delay" value="150"/></canvas><canvas name="4" width="289" height="410"><vector name="origin" x="144" y="205"/><int name="z" value="0"/><int name="delay" value="150"/></canvas><canvas name="5" width="289" height="409"><vector name="origin" x="144" y="204"/><int name="z" value="0"/><int name="delay" value="150"/></canvas></imgdir><imgdir name="3"><canvas name="0" width="214" height="473"><vector name="origin" x="107" y="236"/><int name="z" value="0"/><int name="delay" value="150"/></canvas><canvas name="1" width="214" height="473"><vector name="origin" x="107" y="236"/><int name="z" value="0"/><int name="delay" value="150"/></canvas><canvas name="2" width="214" height="473"><vector name="origin" x="107" y="236"/><int name="z" value="0"/><int name="delay" value="150"/></canvas><canvas name="3" width="214" height="473"><vector name="origin" x="107" y="236"/><int name="z" value="0"/><int name="delay" value="150"/></canvas><canvas name="4" width="214" height="473"><vector name="origin" x="107" y="236"/><int name="z" value="0"/><int name="delay" value="150"/></canvas><canvas name="5" width="214" height="473"><vector name="origin" x="107" y="236"/><int name="z" value="0"/><int name="delay" value="150"/></canvas></imgdir><imgdir name="4"><canvas name="0" width="165" height="295"><vector name="origin" x="82" y="147"/><int name="z" value="0"/><int name="delay" value="150"/></canvas><canvas name="1" width="165" height="295"><vector name="origin" x="82" y="147"/><int name="z" value="0"/><int name="delay" value="150"/></canvas><canvas name="2" width="165" height="295"><vector name="origin" x="82" y="147"/><int name="z" value="0"/><int name="delay" value="150"/></canvas><canvas name="3" width="165" height="295"><vector name="origin" x="82" y="147"/><int name="z" value="0"/><int name="delay" value="150"/></canvas><canvas name="4" width="165" height="295"><vector name="origin" x="82" y="147"/><int name="z" value="0"/><int name="delay" value="150"/></canvas><canvas name="5" width="165" height="295"><vector name="origin" x="82" y="147"/><int name="z" value="0"/><int name="delay" value="150"/></canvas></imgdir><imgdir name="5"><canvas name="0" width="288" height="319"><vector name="origin" x="144" y="159"/><int name="z" value="0"/><int name="delay" value="150"/></canvas><canvas name="1" width="288" height="320"><vector name="origin" x="144" y="160"/><int name="z" value="0"/><int name="delay" value="150"/></canvas><canvas name="2" width="288" height="319"><vector name="origin" x="144" y="159"/><int name="z" value="0"/><int name="delay" value="150"/></canvas><canvas name="3" width="288" height="319"><vector name="origin" x="144" y="159"/><int name="z" value="0"/><int name="delay" value="150"/></canvas><canvas name="4" width="288" height="320"><vector name="origin" x="144" y="160"/><int name="z" value="0"/><int name="delay" value="150"/></canvas><canvas name="5" width="288" height="319"><vector name="origin" x="144" y="159"/><int name="z" value="0"/><int name="delay" value="150"/></canvas></imgdir><imgdir name="6"><canvas name="0" width="197" height="402"><vector name="origin" x="98" y="201"/><int name="z" value="0"/><int name="delay" value="150"/></canvas><canvas name="1" width="197" height="402"><vector name="origin" x="98" y="201"/><int name="z" value="0"/><int name="delay" value="150"/></canvas><canvas name="2" width="197" height="402"><vector name="origin" x="98" y="201"/><int name="z" value="0"/><int name="delay" value="150"/></canvas><canvas name="3" width="197" height="402"><vector name="origin" x="98" y="201"/><int name="z" value="0"/><int name="delay" value="150"/></canvas><canvas name="4" width="197" height="402"><vector name="origin" x="98" y="201"/><int name="z" value="0"/><int name="delay" value="150"/></canvas><canvas name="5" width="197" height="402"><vector name="origin" x="98" y="201"/><int name="z" value="0"/><int name="delay" value="150"/></canvas></imgdir><imgdir name="7"><canvas name="0" width="289" height="320"><vector name="origin" x="144" y="159"/><int name="z" value="0"/><int name="delay" value="150"/></canvas><canvas name="1" width="289" height="321"><vector name="origin" x="144" y="160"/><int name="z" value="0"/><int name="delay" value="150"/></canvas><canvas name="2" width="289" height="321"><vector name="origin" x="144" y="160"/><int name="z" value="0"/><int name="delay" value="150"/></canvas><canvas name="3" width="289" height="321"><vector name="origin" x="144" y="160"/><int name="z" value="0"/><int name="delay" value="150"/></canvas><canvas name="4" width="289" height="321"><vector name="origin" x="144" y="160"/><int name="z" value="0"/><int name="delay" value="150"/></canvas><canvas name="5" width="289" height="320"><vector name="origin" x="144" y="159"/><int name="z" value="0"/><int name="delay" value="150"/></canvas></imgdir><imgdir name="8"><canvas name="0" width="211" height="241"><vector name="origin" x="105" y="120"/><int name="z" value="0"/><int name="delay" value="150"/></canvas><canvas name="1" width="204" height="241"><vector name="origin" x="105" y="120"/><int name="z" value="0"/><int name="delay" value="150"/></canvas><canvas name="2" width="211" height="241"><vector name="origin" x="105" y="120"/><int name="z" value="0"/><int name="delay" value="150"/></canvas><canvas name="3" width="219" height="241"><vector name="origin" x="105" y="120"/><int name="z" value="0"/><int name="delay" value="150"/></canvas></imgdir><imgdir name="9"><canvas name="0" width="152" height="213"><vector name="origin" x="76" y="106"/><int name="z" value="0"/><int name="delay" value="150"/></canvas><canvas name="1" width="152" height="213"><vector name="origin" x="76" y="106"/><int name="z" value="0"/><int name="delay" value="150"/></canvas><canvas name="2" width="152" height="213"><vector name="origin" x="76" y="106"/><int name="z" value="0"/><int name="delay" value="150"/></canvas><canvas name="3" width="152" height="213"><vector name="origin" x="76" y="106"/><int name="z" value="0"/><int name="delay" value="150"/></canvas></imgdir><imgdir name="10"><canvas name="0" width="147" height="120"><vector name="origin" x="73" y="60"/><int name="z" value="0"/><int name="a0" value="10"/><int name="a1" value="225"/><int name="delay" value="3000"/></canvas><canvas name="1" width="147" height="120"><vector name="origin" x="73" y="60"/><int name="z" value="0"/><int name="a0" value="225"/><int name="a1" value="10"/><int name="delay" value="3000"/></canvas></imgdir><imgdir name="11"><canvas name="0" width="154" height="114"><vector name="origin" x="77" y="57"/><int name="z" value="0"/><int name="a0" value="10"/><int name="a1" value="225"/><int name="delay" value="3100"/></canvas><canvas name="1" width="154" height="114"><vector name="origin" x="77" y="57"/><int name="z" value="0"/><int name="a0" value="225"/><int name="a1" value="10"/><int name="delay" value="3100"/></canvas></imgdir><imgdir name="12"><canvas name="0" width="167" height="154"><vector name="origin" x="83" y="77"/><int name="z" value="0"/><int name="a0" value="10"/><int name="a1" value="225"/><int name="delay" value="3100"/></canvas><canvas name="1" width="167" height="154"><vector name="origin" x="83" y="77"/><int name="z" value="0"/><int name="a0" value="225"/><int name="a1" value="10"/><int name="delay" value="3100"/></canvas></imgdir><imgdir name="13"><canvas name="0" width="145" height="120"><vector name="origin" x="72" y="60"/><int name="z" value="0"/><int name="a0" value="0"/><int name="a1" value="225"/><int name="delay" value="2800"/></canvas><canvas name="1" width="145" height="120"><vector name="origin" x="72" y="60"/><int name="z" value="0"/><int name="a0" value="225"/><int name="a1" value="0"/><int name="delay" value="2800"/></canvas></imgdir><imgdir name="14"><canvas name="0" width="152" height="114"><vector name="origin" x="76" y="57"/><int name="z" value="0"/><int name="a0" value="0"/><int name="a1" value="225"/><int name="delay" value="2800"/></canvas><canvas name="1" width="152" height="114"><vector name="origin" x="76" y="57"/><int name="z" value="0"/><int name="a0" value="225"/><int name="a1" value="0"/><int name="delay" value="2800"/></canvas></imgdir><imgdir name="15"><canvas name="0" width="135" height="141"><vector name="origin" x="67" y="70"/><int name="z" value="0"/><int name="a0" value="0"/><int name="a1" value="225"/><int name="delay" value="2800"/></canvas><canvas name="1" width="135" height="141"><vector name="origin" x="67" y="70"/><int name="z" value="0"/><int name="a0" value="225"/><int name="a1" value="0"/><int name="delay" value="2800"/></canvas></imgdir><imgdir name="16"><canvas name="0" width="219" height="180"><vector name="origin" x="109" y="90"/><int name="z" value="0"/><int name="a0" value="0"/><int name="a1" value="215"/><int name="delay" value="3000"/></canvas><canvas name="1" width="219" height="180"><vector name="origin" x="109" y="90"/><int name="z" value="0"/><int name="a0" value="215"/><int name="a1" value="0"/><int name="delay" value="3000"/></canvas></imgdir><imgdir name="17"><canvas name="0" width="209" height="132"><vector name="origin" x="104" y="66"/><int name="z" value="0"/><int name="a0" value="0"/><int name="a1" value="215"/><int name="delay" value="3000"/></canvas><canvas name="1" width="209" height="132"><vector name="origin" x="104" y="66"/><int name="z" value="0"/><int name="a0" value="215"/><int name="a1" value="0"/><int name="delay" value="3000"/></canvas></imgdir><imgdir name="18"><canvas name="0" width="261" height="261"><vector name="origin" x="130" y="130"/><int name="z" value="0"/><int name="a0" value="0"/><int name="a1" value="215"/><int name="delay" value="3000"/></canvas><canvas name="1" width="261" height="261"><vector name="origin" x="130" y="130"/><int name="z" value="0"/><int name="a0" value="215"/><int name="a1" value="0"/><int name="delay" value="3000"/></canvas></imgdir><imgdir name="19"><canvas name="0" width="215" height="180"><vector name="origin" x="107" y="90"/><int name="z" value="0"/><int name="a0" value="5"/><int name="a1" value="220"/><int name="delay" value="2800"/></canvas><canvas name="1" width="215" height="180"><vector name="origin" x="107" y="90"/><int name="z" value="0"/><int name="a0" value="220"/><int name="a1" value="5"/><int name="delay" value="2800"/></canvas></imgdir><imgdir name="20"><canvas name="0" width="206" height="132"><vector name="origin" x="103" y="66"/><int name="z" value="0"/><int name="a0" value="5"/><int name="a1" value="220"/><int name="delay" value="2800"/></canvas><canvas name="1" width="206" height="132"><vector name="origin" x="103" y="66"/><int name="z" value="0"/><int name="a0" value="220"/><int name="a1" value="5"/><int name="delay" value="2800"/></canvas></imgdir><imgdir name="21"><canvas name="0" width="216" height="242"><vector name="origin" x="108" y="121"/><int name="z" value="0"/><int name="a0" value="5"/><int name="a1" value="220"/><int name="delay" value="2800"/></canvas><canvas name="1" width="216" height="242"><vector name="origin" x="108" y="121"/><int name="z" value="0"/><int name="a0" value="220"/><int name="a1" value="5"/><int name="delay" value="2800"/></canvas></imgdir><imgdir name="22"><canvas name="0" width="227" height="180"><vector name="origin" x="113" y="90"/><int name="z" value="0"/><int name="a0" value="5"/><int name="a1" value="210"/><int name="delay" value="2600"/></canvas><canvas name="1" width="227" height="180"><vector name="origin" x="113" y="90"/><int name="z" value="0"/><int name="a0" value="210"/><int name="a1" value="5"/><int name="delay" value="2600"/></canvas></imgdir><imgdir name="23"><canvas name="0" width="217" height="132"><vector name="origin" x="108" y="66"/><int name="z" value="0"/><int name="a0" value="5"/><int name="a1" value="210"/><int name="delay" value="2600"/></canvas><canvas name="1" width="217" height="132"><vector name="origin" x="108" y="66"/><int name="z" value="0"/><int name="a0" value="210"/><int name="a1" value="5"/><int name="delay" value="2600"/></canvas></imgdir><imgdir name="24"><canvas name="0" width="282" height="271"><vector name="origin" x="141" y="135"/><int name="z" value="0"/><int name="a0" value="5"/><int name="a1" value="210"/><int name="delay" value="2600"/></canvas><canvas name="1" width="282" height="271"><vector name="origin" x="141" y="135"/><int name="z" value="0"/><int name="a0" value="210"/><int name="a1" value="5"/><int name="delay" value="2600"/></canvas></imgdir><imgdir name="25"><canvas name="0" width="130" height="232"><vector name="origin" x="65" y="116"/><int name="z" value="0"/><int name="a0" value="50"/><int name="a1" value="255"/><int name="delay" value="1000"/></canvas><canvas name="1" width="130" height="232"><vector name="origin" x="65" y="116"/><int name="z" value="0"/><int name="a0" value="255"/><int name="a1" value="50"/><int name="delay" value="1000"/></canvas><canvas name="2" width="130" height="232"><vector name="origin" x="65" y="116"/><int name="z" value="0"/><int name="a0" value="50"/><int name="a1" value="50"/><int name="delay" value="1800"/></canvas></imgdir><imgdir name="26"><canvas name="0" width="104" height="206"><vector name="origin" x="52" y="103"/><int name="z" value="0"/><int name="a0" value="50"/><int name="a1" value="50"/><int name="delay" value="1000"/></canvas><canvas name="1" width="104" height="206"><vector name="origin" x="52" y="103"/><int name="z" value="0"/><int name="a0" value="50"/><int name="a1" value="255"/><int name="delay" value="750"/></canvas><canvas name="2" width="104" height="206"><vector name="origin" x="52" y="103"/><int name="z" value="0"/><int name="a0" value="255"/><int name="a1" value="50"/><int name="delay" value="750"/></canvas><canvas name="3" width="104" height="206"><vector name="origin" x="52" y="103"/><int name="z" value="0"/><int name="a0" value="50"/><int name="a1" value="50"/><int name="delay" value="1300"/></canvas></imgdir><imgdir name="27"><canvas name="0" width="110" height="189"><vector name="origin" x="55" y="94"/><int name="z" value="0"/><int name="a0" value="50"/><int name="a1" value="50"/><int name="delay" value="1750"/></canvas><canvas name="1" width="110" height="189"><vector name="origin" x="55" y="94"/><int name="z" value="0"/><int name="50" value="50"/><int name="a1" value="255"/><int name="delay" value="550"/></canvas><canvas name="2" width="110" height="189"><vector name="origin" x="55" y="94"/><int name="z" value="0"/><int name="a0" value="255"/><int name="a1" value="50"/><int name="delay" value="550"/></canvas><canvas name="3" width="110" height="189"><vector name="origin" x="55" y="94"/><int name="z" value="0"/><int name="a0" value="50"/><int name="a1" value="50"/><int name="delay" value="950"/></canvas></imgdir><imgdir name="28"><canvas name="0" width="47" height="188"><vector name="origin" x="23" y="94"/><int name="z" value="0"/><int name="a0" value="50"/><int name="a1" value="50"/><int name="delay" value="1900"/></canvas><canvas name="1" width="47" height="188"><vector name="origin" x="23" y="94"/><int name="z" value="0"/><int name="a0" value="50"/><int name="a1" value="255"/><int name="delay" value="450"/></canvas><canvas name="2" width="47" height="188"><vector name="origin" x="23" y="94"/><int name="z" value="0"/><int name="a0" value="255"/><int name="a1" value="50"/><int name="delay" value="450"/></canvas><canvas name="3" width="47" height="188"><vector name="origin" x="23" y="94"/><int name="z" value="0"/><int name="a0" value="50"/><int name="a1" value="50"/><int name="delay" value="1000"/></canvas></imgdir><imgdir name="29"><canvas name="0" width="82" height="213"><vector name="origin" x="41" y="106"/><int name="z" value="0"/><int name="a0" value="40"/><int name="a1" value="40"/><int name="delay" value="700"/></canvas><canvas name="1" width="82" height="213"><vector name="origin" x="41" y="106"/><int name="z" value="0"/><int name="a0" value="40"/><int name="a1" value="255"/><int name="delay" value="1050"/></canvas><canvas name="2" width="82" height="213"><vector name="origin" x="41" y="106"/><int name="z" value="0"/><int name="a0" value="255"/><int name="a1" value="40"/><int name="delay" value="1050"/></canvas><canvas name="3" width="82" height="213"><vector name="origin" x="41" y="106"/><int name="z" value="0"/><int name="a0" value="40"/><int name="a1" value="40"/><int name="delay" value="1000"/></canvas></imgdir><imgdir name="30"><canvas name="0" width="95" height="194"><vector name="origin" x="47" y="97"/><int name="z" value="0"/><int name="a0" value="40"/><int name="a1" value="40"/><int name="delay" value="1750"/></canvas><canvas name="1" width="95" height="194"><vector name="origin" x="47" y="97"/><int name="z" value="0"/><int name="a0" value="40"/><int name="a1" value="255"/><int name="delay" value="700"/></canvas><canvas name="2" width="95" height="194"><vector name="origin" x="47" y="97"/><int name="z" value="0"/><int name="a0" value="255"/><int name="a1" value="40"/><int name="delay" value="700"/></canvas><canvas name="3" width="95" height="194"><vector name="origin" x="47" y="97"/><int name="z" value="0"/><int name="a0" value="40"/><int name="a1" value="40"/><int name="delay" value="650"/></canvas></imgdir><imgdir name="31"><canvas name="0" width="101" height="210"><vector name="origin" x="50" y="105"/><int name="z" value="0"/><int name="a0" value="40"/><int name="a1" value="40"/><int name="delay" value="2450"/></canvas><canvas name="1" width="101" height="210"><vector name="origin" x="50" y="105"/><int name="z" value="0"/><int name="a0" value="40"/><int name="a1" value="255"/><int name="delay" value="550"/></canvas><canvas name="2" width="101" height="210"><vector name="origin" x="50" y="105"/><int name="z" value="0"/><int name="a0" value="255"/><int name="a1" value="40"/><int name="delay" value="550"/></canvas><canvas name="3" width="101" height="210"><vector name="origin" x="50" y="105"/><int name="z" value="0"/><int name="a0" value="40"/><int name="a1" value="40"/><int name="delay" value="250"/></canvas></imgdir><imgdir name="32"><canvas name="0" width="92" height="181"><vector name="origin" x="46" y="90"/><int name="z" value="0"/><int name="a0" value="40"/><int name="a1" value="40"/><int name="delay" value="3000"/></canvas><canvas name="1" width="92" height="181"><vector name="origin" x="46" y="90"/><int name="z" value="0"/><int name="a0" value="40"/><int name="a1" value="255"/><int name="delay" value="400"/></canvas><canvas name="2" width="92" height="181"><vector name="origin" x="46" y="90"/><int name="z" value="0"/><int name="a0" value="255"/><int name="a1" value="40"/><int name="delay" value="400"/></canvas></imgdir><imgdir name="33"><canvas name="0" width="80" height="172"><vector name="origin" x="40" y="86"/><int name="z" value="0"/><int name="a0" value="45"/><int name="a1" value="45"/><int name="delay" value="350"/></canvas><canvas name="1" width="80" height="172"><vector name="origin" x="40" y="86"/><int name="z" value="0"/><int name="a0" value="45"/><int name="a1" value="255"/><int name="delay" value="1000"/></canvas><canvas name="2" width="80" height="172"><vector name="origin" x="40" y="86"/><int name="z" value="0"/><int name="a0" value="255"/><int name="a1" value="45"/><int name="delay" value="1000"/></canvas><canvas name="3" width="80" height="172"><vector name="origin" x="40" y="86"/><int name="z" value="0"/><int name="a0" value="45"/><int name="a1" value="45"/><int name="delay" value="1450"/></canvas></imgdir><imgdir name="34"><canvas name="0" width="126" height="200"><vector name="origin" x="63" y="100"/><int name="z" value="0"/><int name="a0" value="45"/><int name="a1" value="45"/><int name="delay" value="1350"/></canvas><canvas name="1" width="126" height="200"><vector name="origin" x="63" y="100"/><int name="z" value="0"/><int name="a0" value="45"/><int name="a1" value="255"/><int name="delay" value="800"/></canvas><canvas name="2" width="126" height="200"><vector name="origin" x="63" y="100"/><int name="z" value="0"/><int name="a0" value="255"/><int name="a1" value="45"/><int name="delay" value="800"/></canvas><canvas name="3" width="126" height="200"><vector name="origin" x="63" y="100"/><int name="z" value="0"/><int name="a0" value="45"/><int name="a1" value="45"/><int name="delay" value="850"/></canvas></imgdir><imgdir name="35"><canvas name="0" width="101" height="198"><vector name="origin" x="50" y="99"/><int name="z" value="0"/><int name="a0" value="45"/><int name="a1" value="45"/><int name="delay" value="2150"/></canvas><canvas name="1" width="101" height="198"><vector name="origin" x="50" y="99"/><int name="z" value="0"/><int name="a0" value="45"/><int name="a1" value="255"/><int name="delay" value="650"/></canvas><canvas name="2" width="101" height="198"><vector name="origin" x="50" y="99"/><int name="z" value="0"/><int name="a0" value="255"/><int name="a1" value="45"/><int name="delay" value="650"/></canvas><canvas name="3" width="101" height="198"><vector name="origin" x="50" y="99"/><int name="z" value="0"/><int name="a0" value="45"/><int name="a1" value="45"/><int name="delay" value="350"/></canvas></imgdir><imgdir name="36"><canvas name="0" width="138" height="185"><vector name="origin" x="69" y="92"/><int name="z" value="0"/><int name="a0" value="40"/><int name="a1" value="40"/><int name="delay" value="2800"/></canvas><canvas name="1" width="138" height="185"><vector name="origin" x="69" y="92"/><int name="z" value="0"/><int name="a0" value="40"/><int name="a1" value="255"/><int name="delay" value="500"/></canvas><canvas name="2" width="138" height="185"><vector name="origin" x="69" y="92"/><int name="z" value="0"/><int name="a0" value="255"/><int name="a1" value="40"/><int name="delay" value="500"/></canvas></imgdir><imgdir name="37"><canvas name="0" width="367" height="326"><vector name="origin" x="183" y="163"/><int name="z" value="0"/><int name="a0" value="0"/><int name="a1" value="255"/><int name="delay" value="2000"/></canvas><canvas name="1" width="367" height="326"><vector name="origin" x="183" y="163"/><int name="z" value="0"/><int name="a0" value="255"/><int name="a1" value="0"/><int name="delay" value="2000"/></canvas><canvas name="2" width="326" height="353"><vector name="origin" x="163" y="176"/><int name="z" value="0"/><int name="a0" value="0"/><int name="a1" value="255"/><int name="delay" value="2000"/></canvas><canvas name="3" width="326" height="353"><vector name="origin" x="163" y="176"/><int name="z" value="0"/><int name="a0" value="255"/><int name="a1" value="0"/><int name="delay" value="2000"/></canvas><canvas name="4" width="216" height="151"><vector name="origin" x="108" y="75"/><int name="z" value="0"/><int name="a0" value="0"/><int name="a1" value="255"/><int name="delay" value="2000"/></canvas><canvas name="5" width="216" height="151"><vector name="origin" x="108" y="75"/><int name="z" value="0"/><int name="a0" value="255"/><int name="a1" value="0"/><int name="delay" value="2000"/></canvas></imgdir><imgdir name="38"><canvas name="0" width="250" height="250"><vector name="origin" x="125" y="125"/><int name="z" value="0"/><int name="a0" value="150"/><int name="a1" value="255"/><int name="delay" value="3000"/><int name="moveType" value="3"/><int name="moveR" value="6000"/><int name="moveW" value="0"/><int name="moveH" value="0"/></canvas><canvas name="1" width="250" height="250"><vector name="origin" x="125" y="125"/><int name="z" value="0"/><int name="a0" value="255"/><int name="a1" value="150"/><int name="delay" value="3000"/></canvas></imgdir><imgdir name="39"><canvas name="0" width="199" height="198"><vector name="origin" x="99" y="99"/><int name="z" value="0"/><int name="a0" value="150"/><int name="a1" value="255"/><int name="delay" value="2700"/><int name="moveType" value="3"/><int name="moveR" value="-5400"/><int name="moveW" value="0"/><int name="moveH" value="0"/></canvas><canvas name="1" width="199" height="198"><vector name="origin" x="99" y="99"/><int name="z" value="0"/><int name="a0" value="255"/><int name="a1" value="150"/><int name="delay" value="2700"/></canvas></imgdir><imgdir name="40"><canvas name="0" width="165" height="166"><vector name="origin" x="82" y="83"/><int name="z" value="0"/><int name="a0" value="150"/><int name="a1" value="255"/><int name="delay" value="2600"/><int name="moveType" value="3"/><int name="moveR" value="5200"/><int name="moveW" value="0"/><int name="moveH" value="0"/></canvas><canvas name="1" width="165" height="166"><vector name="origin" x="82" y="83"/><int name="z" value="0"/><int name="a0" value="255"/><int name="a1" value="150"/><int name="delay" value="2600"/></canvas></imgdir><imgdir name="41"><canvas name="0" width="125" height="126"><vector name="origin" x="62" y="63"/><int name="z" value="0"/><int name="a0" value="150"/><int name="a1" value="255"/><int name="delay" value="2400"/><int name="moveType" value="3"/><int name="moveR" value="4800"/><int name="moveW" value="0"/><int name="moveH" value="0"/></canvas><canvas name="1" width="125" height="126"><vector name="origin" x="62" y="63"/><int name="z" value="0"/><int name="a0" value="255"/><int name="a1" value="150"/><int name="delay" value="2400"/></canvas></imgdir><imgdir name="42"><canvas name="0" width="250" height="250"><vector name="origin" x="125" y="125"/><int name="z" value="0"/><int name="a0" value="150"/><int name="a1" value="255"/><int name="delay" value="2300"/><int name="moveType" value="3"/><int name="moveR" value="-4600"/><int name="moveW" value="0"/><int name="moveH" value="0"/></canvas><canvas name="1" width="250" height="250"><vector name="origin" x="125" y="125"/><int name="z" value="0"/><int name="a0" value="255"/><int name="a1" value="150"/><int name="delay" value="2300"/></canvas></imgdir><imgdir name="43"><canvas name="0" width="199" height="198"><vector name="origin" x="99" y="99"/><int name="z" value="0"/><int name="a0" value="150"/><int name="a1" value="255"/><int name="delay" value="2200"/><int name="moveType" value="3"/><int name="moveR" value="4400"/><int name="moveW" value="0"/><int name="moveH" value="0"/></canvas><canvas name="1" width="199" height="198"><vector name="origin" x="99" y="99"/><int name="z" value="0"/><int name="a0" value="255"/><int name="a1" value="150"/><int name="delay" value="2200"/></canvas></imgdir><imgdir name="44"><canvas name="0" width="165" height="166"><vector name="origin" x="82" y="83"/><int name="z" value="0"/><int name="a0" value="150"/><int name="a1" value="255"/><int name="delay" value="2000"/><int name="moveType" value="3"/><int name="moveR" value="4000"/><int name="moveW" value="0"/><int name="moveH" value="0"/></canvas><canvas name="1" width="165" height="166"><vector name="origin" x="82" y="83"/><int name="z" value="0"/><int name="a0" value="255"/><int name="a1" value="150"/><int name="delay" value="2000"/></canvas></imgdir><imgdir name="45"><canvas name="0" width="125" height="126"><vector name="origin" x="62" y="63"/><int name="z" value="0"/><int name="a0" value="150"/><int name="a1" value="255"/><int name="delay" value="1700"/><int name="moveType" value="3"/><int name="moveR" value="-3400"/><int name="moveW" value="0"/><int name="moveH" value="0"/></canvas><canvas name="1" width="125" height="126"><vector name="origin" x="62" y="63"/><int name="z" value="0"/><int name="a0" value="255"/><int name="a1" value="150"/><int name="delay" value="1700"/></canvas></imgdir></imgdir></imgdir>