<?xml version="1.0" encoding="UTF-8" standalone="yes"?><imgdir name="toyTowerInsideQuest.img"><imgdir name="back"><canvas name="0" width="259" height="132"><vector name="origin" x="129" y="66"/><int name="z" value="0"/></canvas><canvas name="1" width="252" height="132"><vector name="origin" x="126" y="66"/><int name="z" value="0"/></canvas><canvas name="2" width="263" height="132"><vector name="origin" x="131" y="66"/><int name="z" value="0"/></canvas><canvas name="3" width="260" height="132"><vector name="origin" x="130" y="66"/><int name="z" value="0"/></canvas><canvas name="4" width="76" height="123"><vector name="origin" x="38" y="61"/><int name="z" value="0"/></canvas><canvas name="5" width="80" height="82"><vector name="origin" x="40" y="41"/><int name="z" value="0"/></canvas><canvas name="6" width="163" height="124"><vector name="origin" x="81" y="62"/><int name="z" value="0"/></canvas><canvas name="7" width="166" height="244"><vector name="origin" x="83" y="122"/><int name="z" value="0"/></canvas><canvas name="8" width="179" height="165"><vector name="origin" x="89" y="82"/><int name="z" value="0"/></canvas><canvas name="9" width="161" height="160"><vector name="origin" x="80" y="80"/><int name="z" value="0"/></canvas><canvas name="10" width="166" height="161"><vector name="origin" x="83" y="80"/><int name="z" value="0"/></canvas><canvas name="11" width="157" height="161"><vector name="origin" x="78" y="80"/><int name="z" value="0"/></canvas><canvas name="12" width="189" height="161"><vector name="origin" x="94" y="80"/><int name="z" value="0"/></canvas><canvas name="13" width="166" height="161"><vector name="origin" x="83" y="80"/><int name="z" value="0"/></canvas><canvas name="14" width="165" height="161"><vector name="origin" x="82" y="80"/><int name="z" value="0"/></canvas><canvas name="15" width="152" height="162"><vector name="origin" x="76" y="81"/><int name="z" value="0"/></canvas><canvas name="16" width="165" height="162"><vector name="origin" x="82" y="81"/><int name="z" value="0"/></canvas><canvas name="17" width="173" height="123"><vector name="origin" x="86" y="61"/><int name="z" value="0"/></canvas><canvas name="18" width="83" height="87"><vector name="origin" x="41" y="43"/><int name="z" value="0"/></canvas></imgdir><imgdir name="ani"><imgdir name="0"><canvas name="0" width="171" height="194"><vector name="origin" x="85" y="97"/><int name="z" value="0"/><int name="a0" value="10"/><int name="a1" value="200"/><int name="delay" value="3300"/></canvas><canvas name="1" width="171" height="194"><vector name="origin" x="85" y="97"/><int name="z" value="0"/><int name="a0" value="200"/><int name="a1" value="10"/><int name="delay" value="3300"/></canvas></imgdir><imgdir name="1"><canvas name="0" width="163" height="153"><vector name="origin" x="81" y="76"/><int name="z" value="0"/><int name="a0" value="0"/><int name="a1" value="220"/><int name="delay" value="3000"/></canvas><canvas name="1" width="163" height="153"><vector name="origin" x="81" y="76"/><int name="z" value="0"/><int name="a0" value="220"/><int name="a1" value="10"/><int name="delay" value="3000"/></canvas></imgdir><imgdir name="2"><canvas name="0" width="188" height="227"><vector name="origin" x="94" y="113"/><int name="z" value="0"/><int name="a0" value="5"/><int name="a1" value="200"/><int name="delay" value="3500"/></canvas><canvas name="1" width="188" height="227"><vector name="origin" x="94" y="113"/><int name="z" value="0"/><int name="a0" value="200"/><int name="a1" value="5"/><int name="delay" value="3500"/></canvas></imgdir><imgdir name="3"><canvas name="0" width="150" height="200"><vector name="origin" x="75" y="100"/><int name="z" value="0"/><int name="a0" value="10"/><int name="a1" value="200"/><int name="delay" value="3100"/></canvas><canvas name="1" width="150" height="200"><vector name="origin" x="75" y="100"/><int name="z" value="0"/><int name="a0" value="200"/><int name="a1" value="10"/><int name="delay" value="3100"/></canvas></imgdir><imgdir name="4"><canvas name="0" width="142" height="210"><vector name="origin" x="71" y="105"/><int name="z" value="0"/><int name="a0" value="5"/><int name="a1" value="220"/><int name="delay" value="2900"/></canvas><canvas name="1" width="142" height="210"><vector name="origin" x="71" y="105"/><int name="z" value="0"/><int name="a0" value="220"/><int name="a1" value="5"/><int name="delay" value="2900"/></canvas></imgdir><imgdir name="5"><canvas name="0" width="113" height="139"><vector name="origin" x="56" y="69"/><int name="z" value="0"/><int name="a0" value="0"/><int name="a1" value="240"/><int name="delay" value="1400"/></canvas><canvas name="1" width="113" height="139"><vector name="origin" x="56" y="69"/><int name="z" value="0"/><int name="a0" value="240"/><int name="a1" value="0"/><int name="delay" value="1400"/></canvas><canvas name="2" width="120" height="182"><vector name="origin" x="60" y="91"/><int name="z" value="0"/><int name="a0" value="0"/><int name="a1" value="240"/><int name="delay" value="1400"/></canvas><canvas name="3" width="120" height="182"><vector name="origin" x="60" y="91"/><int name="z" value="0"/><int name="a0" value="240"/><int name="a1" value="0"/><int name="delay" value="1400"/></canvas></imgdir><imgdir name="6"><canvas name="0" width="137" height="189"><vector name="origin" x="68" y="94"/><int name="z" value="0"/><int name="a0" value="10"/><int name="a1" value="220"/><int name="delay" value="3000"/></canvas><canvas name="1" width="137" height="189"><vector name="origin" x="68" y="94"/><int name="z" value="0"/><int name="a0" value="220"/><int name="a1" value="10"/><int name="delay" value="3000"/></canvas></imgdir><imgdir name="7"><canvas name="0" width="103" height="141"><vector name="origin" x="51" y="70"/><int name="z" value="0"/><int name="a0" value="10"/><int name="a1" value="220"/><int name="delay" value="2900"/></canvas><canvas name="1" width="103" height="141"><vector name="origin" x="51" y="70"/><int name="z" value="0"/><int name="a0" value="220"/><int name="a1" value="10"/><int name="delay" value="2900"/></canvas></imgdir><imgdir name="8"><canvas name="0" width="109" height="171"><vector name="origin" x="54" y="85"/><int name="z" value="0"/><int name="a0" value="5"/><int name="a1" value="210"/><int name="delay" value="3100"/></canvas><canvas name="1" width="109" height="171"><vector name="origin" x="54" y="85"/><int name="z" value="0"/><int name="a0" value="210"/><int name="a1" value="5"/><int name="delay" value="3100"/></canvas></imgdir><imgdir name="9"><canvas name="0" width="116" height="185"><vector name="origin" x="58" y="92"/><int name="z" value="0"/><int name="a0" value="0"/><int name="a1" value="230"/><int name="delay" value="3200"/></canvas><canvas name="1" width="116" height="185"><vector name="origin" x="58" y="92"/><int name="z" value="0"/><int name="a0" value="230"/><int name="a1" value="0"/><int name="delay" value="3200"/></canvas></imgdir><imgdir name="10"><canvas name="0" width="81" height="117"><vector name="origin" x="40" y="58"/><int name="z" value="0"/><int name="a0" value="0"/><int name="a1" value="240"/><int name="delay" value="1400"/></canvas><canvas name="1" width="81" height="117"><vector name="origin" x="40" y="58"/><int name="z" value="0"/><int name="a0" value="240"/><int name="a1" value="0"/><int name="delay" value="1400"/></canvas><canvas name="2" width="68" height="140"><vector name="origin" x="34" y="70"/><int name="z" value="0"/><int name="a0" value="0"/><int name="a1" value="240"/><int name="delay" value="1400"/></canvas><canvas name="3" width="68" height="140"><vector name="origin" x="34" y="70"/><int name="z" value="0"/><int name="a0" value="240"/><int name="a1" value="0"/><int name="delay" value="1400"/></canvas></imgdir><imgdir name="11"><canvas name="0" width="201" height="255"><vector name="origin" x="100" y="127"/><int name="z" value="0"/><int name="a0" value="10"/><int name="a1" value="255"/><int name="delay" value="3200"/></canvas><canvas name="1" width="201" height="255"><vector name="origin" x="100" y="127"/><int name="z" value="0"/><int name="a0" value="255"/><int name="a1" value="10"/><int name="delay" value="3200"/></canvas></imgdir><imgdir name="12"><canvas name="0" width="167" height="186"><vector name="origin" x="83" y="93"/><int name="z" value="0"/><int name="a0" value="10"/><int name="a1" value="255"/><int name="delay" value="2700"/></canvas><canvas name="1" width="167" height="186"><vector name="origin" x="83" y="93"/><int name="z" value="0"/><int name="a0" value="255"/><int name="a1" value="10"/><int name="delay" value="2700"/></canvas></imgdir><imgdir name="13"><canvas name="0" width="187" height="288"><vector name="origin" x="93" y="144"/><int name="z" value="0"/><int name="a0" value="10"/><int name="a1" value="255"/><int name="delay" value="3500"/></canvas><canvas name="1" width="187" height="288"><vector name="origin" x="93" y="144"/><int name="z" value="0"/><int name="a0" value="255"/><int name="a1" value="10"/><int name="delay" value="3500"/></canvas></imgdir><imgdir name="14"><canvas name="0" width="172" height="202"><vector name="origin" x="86" y="101"/><int name="z" value="0"/><int name="a0" value="10"/><int name="a1" value="255"/><int name="delay" value="3000"/></canvas><canvas name="1" width="172" height="202"><vector name="origin" x="86" y="101"/><int name="z" value="0"/><int name="a0" value="255"/><int name="a1" value="10"/><int name="delay" value="3000"/></canvas></imgdir><imgdir name="15"><canvas name="0" width="157" height="171"><vector name="origin" x="78" y="85"/><int name="z" value="0"/><int name="a0" value="5"/><int name="a1" value="255"/><int name="delay" value="2000"/></canvas><canvas name="1" width="157" height="171"><vector name="origin" x="78" y="85"/><int name="z" value="0"/><int name="a0" value="255"/><int name="a1" value="5"/><int name="delay" value="2000"/></canvas></imgdir><imgdir name="16"><canvas name="0" width="119" height="139"><vector name="origin" x="59" y="69"/><int name="z" value="0"/><int name="a0" value="0"/><int name="a1" value="240"/><int name="delay" value="1500"/></canvas><canvas name="1" width="119" height="139"><vector name="origin" x="59" y="69"/><int name="z" value="0"/><int name="a0" value="240"/><int name="a1" value="0"/><int name="delay" value="1500"/></canvas><canvas name="2" width="129" height="208"><vector name="origin" x="64" y="104"/><int name="z" value="0"/><int name="a0" value="0"/><int name="a1" value="240"/><int name="delay" value="1500"/></canvas><canvas name="3" width="129" height="208"><vector name="origin" x="64" y="104"/><int name="z" value="0"/><int name="a0" value="240"/><int name="a1" value="0"/><int name="delay" value="1500"/></canvas></imgdir><imgdir name="17"><canvas name="0" width="179" height="231"><vector name="origin" x="89" y="115"/><int name="z" value="0"/><int name="a0" value="10"/><int name="a1" value="255"/><int name="delay" value="3200"/></canvas><canvas name="1" width="179" height="231"><vector name="origin" x="89" y="115"/><int name="z" value="0"/><int name="a0" value="255"/><int name="a1" value="10"/><int name="delay" value="3200"/></canvas></imgdir><imgdir name="18"><canvas name="0" width="162" height="219"><vector name="origin" x="81" y="109"/><int name="z" value="0"/><int name="a0" value="5"/><int name="a1" value="255"/><int name="delay" value="2700"/></canvas><canvas name="1" width="162" height="219"><vector name="origin" x="81" y="109"/><int name="z" value="0"/><int name="a0" value="255"/><int name="a1" value="5"/><int name="delay" value="2700"/></canvas></imgdir><imgdir name="19"><canvas name="0" width="175" height="248"><vector name="origin" x="87" y="124"/><int name="z" value="0"/><int name="a0" value="10"/><int name="a1" value="255"/><int name="delay" value="3500"/></canvas><canvas name="1" width="175" height="248"><vector name="origin" x="87" y="124"/><int name="z" value="0"/><int name="a0" value="255"/><int name="a1" value="10"/><int name="delay" value="3500"/></canvas></imgdir><imgdir name="20"><canvas name="0" width="177" height="225"><vector name="origin" x="88" y="112"/><int name="z" value="0"/><int name="a0" value="5"/><int name="a1" value="230"/><int name="delay" value="3000"/></canvas><canvas name="1" width="177" height="225"><vector name="origin" x="88" y="112"/><int name="z" value="0"/><int name="a0" value="230"/><int name="a1" value="0"/><int name="delay" value="3000"/></canvas></imgdir><imgdir name="21"><canvas name="0" width="173" height="241"><vector name="origin" x="86" y="120"/><int name="z" value="0"/><int name="a0" value="5"/><int name="a1" value="255"/><int name="delay" value="2000"/></canvas><canvas name="1" width="173" height="241"><vector name="origin" x="86" y="120"/><int name="z" value="0"/><int name="a0" value="255"/><int name="a1" value="5"/><int name="delay" value="2000"/></canvas></imgdir><imgdir name="22"><canvas name="0" width="163" height="221"><vector name="origin" x="81" y="110"/><int name="z" value="0"/><int name="a0" value="0"/><int name="a1" value="255"/><int name="delay" value="1450"/></canvas><canvas name="1" width="163" height="221"><vector name="origin" x="81" y="110"/><int name="z" value="0"/><int name="a0" value="255"/><int name="a1" value="0"/><int name="delay" value="1450"/></canvas><canvas name="2" width="177" height="208"><vector name="origin" x="88" y="104"/><int name="z" value="0"/><int name="a0" value="0"/><int name="a1" value="255"/><int name="delay" value="1450"/></canvas><canvas name="3" width="177" height="208"><vector name="origin" x="88" y="104"/><int name="z" value="0"/><int name="a0" value="255"/><int name="a1" value="0"/><int name="delay" value="1450"/></canvas></imgdir><imgdir name="23"><canvas name="0" width="154" height="245"><vector name="origin" x="77" y="122"/><int name="z" value="0"/><int name="a0" value="10"/><int name="a1" value="255"/><int name="delay" value="3300"/></canvas><canvas name="1" width="154" height="245"><vector name="origin" x="77" y="122"/><int name="z" value="0"/><int name="a0" value="255"/><int name="a1" value="10"/><int name="delay" value="3300"/></canvas></imgdir><imgdir name="24"><canvas name="0" width="96" height="129"><vector name="origin" x="48" y="64"/><int name="z" value="0"/><int name="a0" value="2"/><int name="a1" value="255"/><int name="delay" value="2700"/></canvas></imgdir><imgdir name="25"><canvas name="0" width="155" height="213"><vector name="origin" x="77" y="106"/><int name="z" value="0"/><int name="a0" value="10"/><int name="a1" value="230"/><int name="delay" value="3600"/></canvas><canvas name="1" width="155" height="213"><vector name="origin" x="77" y="106"/><int name="z" value="0"/><int name="a0" value="230"/><int name="a1" value="10"/><int name="delay" value="3600"/></canvas></imgdir><imgdir name="26"><canvas name="0" width="183" height="219"><vector name="origin" x="91" y="109"/><int name="z" value="0"/><int name="a0" value="10"/><int name="a1" value="255"/><int name="delay" value="3100"/></canvas><canvas name="1" width="183" height="219"><vector name="origin" x="91" y="109"/><int name="z" value="0"/><int name="a0" value="255"/><int name="a1" value="10"/><int name="delay" value="3100"/></canvas></imgdir><imgdir name="27"><canvas name="0" width="124" height="193"><vector name="origin" x="62" y="96"/><int name="z" value="0"/><int name="a0" value="5"/><int name="a1" value="255"/><int name="delay" value="2300"/></canvas><canvas name="1" width="124" height="193"><vector name="origin" x="62" y="96"/><int name="z" value="0"/><int name="a0" value="255"/><int name="a1" value="5"/><int name="delay" value="2300"/></canvas></imgdir><imgdir name="28"><canvas name="0" width="171" height="208"><vector name="origin" x="85" y="104"/><int name="z" value="0"/><int name="a0" value="0"/><int name="a1" value="255"/><int name="delay" value="1450"/></canvas><canvas name="1" width="171" height="208"><vector name="origin" x="85" y="104"/><int name="z" value="0"/><int name="a0" value="255"/><int name="a1" value="0"/><int name="delay" value="1450"/></canvas><canvas name="2" width="152" height="229"><vector name="origin" x="76" y="114"/><int name="z" value="0"/><int name="a0" value="0"/><int name="a1" value="255"/><int name="delay" value="1450"/></canvas><canvas name="3" width="152" height="229"><vector name="origin" x="76" y="114"/><int name="z" value="0"/><int name="a0" value="255"/><int name="a1" value="0"/><int name="delay" value="1450"/></canvas></imgdir></imgdir></imgdir>