<?xml version="1.0" encoding="UTF-8" standalone="yes"?><imgdir name="toyTowerOutside.img"><imgdir name="back"><canvas name="0" width="641" height="160"><vector name="origin" x="320" y="80"/><int name="z" value="0"/></canvas><canvas name="1" width="641" height="161"><vector name="origin" x="320" y="80"/><int name="z" value="0"/></canvas><canvas name="2" width="644" height="161"><vector name="origin" x="322" y="80"/><int name="z" value="0"/></canvas><canvas name="3" width="641" height="161"><vector name="origin" x="320" y="80"/><int name="z" value="0"/></canvas></imgdir><imgdir name="ani"><imgdir name="0"><canvas name="0" width="121" height="156"><vector name="origin" x="60" y="78"/><int name="z" value="0"/><int name="delay" value="70"/><int name="moveType" value="2"/><int name="moveH" value="20"/><int name="moveP" value="3000"/></canvas><canvas name="1" width="123" height="155"><vector name="origin" x="60" y="78"/><int name="z" value="0"/><int name="delay" value="70"/></canvas><canvas name="2" width="126" height="155"><vector name="origin" x="60" y="78"/><int name="z" value="0"/><int name="delay" value="70"/></canvas><canvas name="3" width="123" height="155"><vector name="origin" x="60" y="78"/><int name="z" value="0"/><int name="delay" value="70"/></canvas><canvas name="4" width="121" height="156"><vector name="origin" x="60" y="78"/><int name="z" value="0"/><int name="delay" value="70"/></canvas><canvas name="5" width="123" height="155"><vector name="origin" x="60" y="79"/><int name="z" value="0"/><int name="delay" value="70"/></canvas><canvas name="6" width="126" height="155"><vector name="origin" x="60" y="78"/><int name="z" value="0"/><int name="delay" value="70"/></canvas><canvas name="7" width="123" height="155"><vector name="origin" x="60" y="78"/><int name="z" value="0"/><int name="delay" value="70"/></canvas></imgdir><imgdir name="1"><canvas name="0" width="109" height="101"><vector name="origin" x="54" y="50"/><int name="z" value="0"/><int name="delay" value="50"/><int name="moveType" value="2"/><int name="moveH" value="20"/><int name="moveP" value="2800"/></canvas><canvas name="1" width="118" height="98"><vector name="origin" x="54" y="51"/><int name="z" value="0"/><int name="delay" value="50"/></canvas><canvas name="2" width="121" height="98"><vector name="origin" x="54" y="51"/><int name="z" value="0"/><int name="delay" value="50"/></canvas><canvas name="3" width="118" height="98"><vector name="origin" x="54" y="50"/><int name="z" value="0"/><int name="delay" value="50"/></canvas><canvas name="4" width="109" height="101"><vector name="origin" x="54" y="51"/><int name="z" value="0"/><int name="delay" value="50"/></canvas><canvas name="5" width="118" height="98"><vector name="origin" x="54" y="50"/><int name="z" value="0"/><int name="delay" value="50"/></canvas><canvas name="6" width="121" height="98"><vector name="origin" x="54" y="50"/><int name="z" value="0"/><int name="delay" value="50"/></canvas><canvas name="7" width="119" height="98"><vector name="origin" x="55" y="50"/><int name="z" value="0"/><int name="delay" value="50"/></canvas></imgdir><imgdir name="2"><canvas name="0" width="158" height="206"><vector name="origin" x="79" y="103"/><int name="z" value="0"/><int name="delay" value="70"/><int name="moveType" value="2"/><int name="moveH" value="30"/><int name="moveP" value="3100"/></canvas><canvas name="1" width="162" height="205"><vector name="origin" x="79" y="103"/><int name="z" value="0"/><int name="delay" value="70"/></canvas><canvas name="2" width="165" height="204"><vector name="origin" x="79" y="102"/><int name="z" value="0"/><int name="delay" value="70"/></canvas><canvas name="3" width="162" height="205"><vector name="origin" x="79" y="103"/><int name="z" value="0"/><int name="delay" value="70"/></canvas><canvas name="4" width="158" height="206"><vector name="origin" x="79" y="103"/><int name="z" value="0"/><int name="delay" value="70"/></canvas><canvas name="5" width="162" height="205"><vector name="origin" x="79" y="103"/><int name="z" value="0"/><int name="delay" value="70"/></canvas><canvas name="6" width="165" height="205"><vector name="origin" x="79" y="103"/><int name="z" value="0"/><int name="delay" value="70"/></canvas><canvas name="7" width="162" height="205"><vector name="origin" x="80" y="103"/><int name="z" value="0"/><int name="delay" value="70"/></canvas></imgdir><imgdir name="3"><canvas name="0" width="144" height="132"><vector name="origin" x="72" y="66"/><int name="z" value="-1"/><int name="delay" value="50"/><int name="moveType" value="2"/><int name="moveH" value="25"/><int name="moveP" value="3100"/></canvas><canvas name="1" width="156" height="129"><vector name="origin" x="72" y="66"/><int name="z" value="0"/><int name="delay" value="50"/></canvas><canvas name="2" width="159" height="129"><vector name="origin" x="72" y="67"/><int name="z" value="0"/><int name="delay" value="50"/></canvas><canvas name="3" width="156" height="129"><vector name="origin" x="72" y="67"/><int name="z" value="0"/><int name="delay" value="50"/></canvas><canvas name="4" width="144" height="132"><vector name="origin" x="72" y="66"/><int name="z" value="0"/><int name="delay" value="50"/></canvas><canvas name="5" width="156" height="129"><vector name="origin" x="72" y="66"/><int name="z" value="0"/><int name="delay" value="50"/></canvas><canvas name="6" width="159" height="129"><vector name="origin" x="72" y="66"/><int name="z" value="0"/><int name="delay" value="50"/></canvas><canvas name="7" width="156" height="129"><vector name="origin" x="72" y="67"/><int name="z" value="0"/><int name="delay" value="50"/></canvas></imgdir></imgdir></imgdir>