<?xml version="1.0" encoding="UTF-8" standalone="yes"?><imgdir name="toyTowerInsideQuestBoss.img"><imgdir name="back"><canvas name="0" width="218" height="66"><vector name="origin" x="109" y="33"/><int name="z" value="0"/></canvas><canvas name="1" width="218" height="482"><vector name="origin" x="109" y="241"/><int name="z" value="0"/></canvas><canvas name="2" width="327" height="198"><vector name="origin" x="163" y="99"/><int name="z" value="0"/></canvas><canvas name="3" width="327" height="87"><vector name="origin" x="163" y="43"/><int name="z" value="0"/></canvas><canvas name="4" width="63" height="487"><vector name="origin" x="31" y="243"/><int name="z" value="0"/></canvas><canvas name="5" width="101" height="138"><vector name="origin" x="50" y="69"/><int name="z" value="0"/></canvas><canvas name="6" width="51" height="53"><vector name="origin" x="25" y="26"/><int name="z" value="0"/></canvas><canvas name="7" width="98" height="138"><vector name="origin" x="49" y="69"/><int name="z" value="0"/></canvas><canvas name="8" width="435" height="328"><vector name="origin" x="217" y="164"/><int name="z" value="0"/></canvas><canvas name="9" width="13" height="96"><vector name="origin" x="6" y="48"/><int name="z" value="0"/></canvas><canvas name="10" width="170" height="232"><vector name="origin" x="85" y="116"/><int name="z" value="0"/></canvas><canvas name="11" width="137" height="615"><vector name="origin" x="68" y="307"/><int name="z" value="0"/></canvas><canvas name="12" width="194" height="585"><vector name="origin" x="97" y="292"/><int name="z" value="0"/></canvas><canvas name="13" width="188" height="605"><vector name="origin" x="94" y="302"/><int name="z" value="0"/></canvas></imgdir><imgdir name="ani"><imgdir name="0"><canvas name="0" width="128" height="149"><vector name="origin" x="64" y="74"/><int name="z" value="0"/><int name="a0" value="10"/><int name="a1" value="255"/><int name="delay" value="3200"/></canvas><canvas name="1" width="128" height="149"><vector name="origin" x="64" y="74"/><int name="z" value="0"/><int name="a0" value="255"/><int name="a1" value="10"/><int name="delay" value="3200"/></canvas></imgdir><imgdir name="1"><canvas name="0" width="136" height="148"><vector name="origin" x="68" y="74"/><int name="z" value="0"/><int name="a0" value="10"/><int name="a1" value="255"/><int name="delay" value="2700"/></canvas><canvas name="1" width="136" height="148"><vector name="origin" x="68" y="74"/><int name="z" value="0"/><int name="a0" value="255"/><int name="a1" value="10"/><int name="delay" value="2700"/></canvas></imgdir><imgdir name="2"><canvas name="0" width="165" height="219"><vector name="origin" x="82" y="109"/><int name="z" value="0"/><int name="a0" value="10"/><int name="a1" value="255"/><int name="delay" value="3500"/></canvas><canvas name="1" width="165" height="219"><vector name="origin" x="82" y="109"/><int name="z" value="0"/><int name="a0" value="255"/><int name="a1" value="10"/><int name="delay" value="3500"/></canvas></imgdir><imgdir name="3"><canvas name="0" width="125" height="158"><vector name="origin" x="62" y="79"/><int name="z" value="0"/><int name="a0" value="10"/><int name="a1" value="255"/><int name="delay" value="3000"/></canvas><canvas name="1" width="125" height="158"><vector name="origin" x="62" y="79"/><int name="z" value="0"/><int name="a0" value="255"/><int name="a1" value="10"/><int name="delay" value="3000"/></canvas></imgdir><imgdir name="4"><canvas name="0" width="113" height="132"><vector name="origin" x="56" y="66"/><int name="z" value="0"/><int name="a0" value="5"/><int name="a1" value="255"/><int name="delay" value="2000"/></canvas><canvas name="1" width="113" height="132"><vector name="origin" x="56" y="66"/><int name="z" value="0"/><int name="a0" value="255"/><int name="a1" value="5"/><int name="delay" value="2000"/></canvas></imgdir><imgdir name="5"><canvas name="0" width="91" height="210"><vector name="origin" x="45" y="105"/><int name="z" value="0"/><int name="a0" value="10"/><int name="a1" value="225"/><int name="delay" value="3800"/></canvas><canvas name="1" width="91" height="210"><vector name="origin" x="45" y="105"/><int name="z" value="0"/><int name="a0" value="225"/><int name="a1" value="10"/><int name="delay" value="3800"/></canvas></imgdir><imgdir name="6"><canvas name="0" width="101" height="122"><vector name="origin" x="50" y="61"/><int name="z" value="0"/><int name="a0" value="0"/><int name="a1" value="255"/><int name="delay" value="2100"/></canvas><canvas name="1" width="101" height="122"><vector name="origin" x="50" y="61"/><int name="z" value="0"/><int name="a0" value="255"/><int name="a1" value="0"/><int name="delay" value="2100"/></canvas><canvas name="2" width="87" height="102"><vector name="origin" x="43" y="51"/><int name="z" value="0"/><int name="a0" value="0"/><int name="a1" value="255"/><int name="delay" value="2100"/></canvas><canvas name="3" width="87" height="102"><vector name="origin" x="43" y="51"/><int name="z" value="0"/><int name="a0" value="255"/><int name="a1" value="0"/><int name="delay" value="2100"/></canvas></imgdir><imgdir name="7"><canvas name="0" width="42" height="66"><vector name="origin" x="21" y="33"/><int name="z" value="0"/><int name="a0" value="20"/><int name="a1" value="200"/><int name="delay" value="4000"/></canvas><canvas name="1" width="42" height="66"><vector name="origin" x="21" y="33"/><int name="z" value="0"/><int name="a0" value="200"/><int name="a1" value="20"/><int name="delay" value="4000"/></canvas></imgdir><imgdir name="8"><canvas name="0" width="42" height="66"><vector name="origin" x="21" y="33"/><int name="z" value="0"/><int name="a0" value="50"/><int name="a1" value="255"/><int name="delay" value="4000"/></canvas><canvas name="1" width="42" height="66"><vector name="origin" x="21" y="33"/><int name="z" value="0"/><int name="a0" value="255"/><int name="a1" value="50"/><int name="delay" value="4000"/></canvas></imgdir><imgdir name="9"><canvas name="0" width="108" height="118"><vector name="origin" x="54" y="59"/><int name="z" value="0"/><int name="a0" value="20"/><int name="a1" value="255"/><int name="delay" value="4000"/></canvas><canvas name="1" width="108" height="118"><vector name="origin" x="54" y="59"/><int name="z" value="0"/><int name="a0" value="255"/><int name="a1" value="20"/><int name="delay" value="4000"/></canvas></imgdir></imgdir></imgdir>