<?xml version="1.0" encoding="UTF-8" standalone="yes"?><imgdir name="waterWay.img"><imgdir name="back"><canvas name="0" width="107" height="435"><vector name="origin" x="53" y="217"/><int name="z" value="0"/></canvas><canvas name="1" width="242" height="484"><vector name="origin" x="121" y="242"/><int name="z" value="0"/></canvas><canvas name="2" width="459" height="484"><vector name="origin" x="121" y="242"/><int name="z" value="0"/></canvas><canvas name="3" width="541" height="484"><vector name="origin" x="270" y="242"/><int name="z" value="0"/></canvas><canvas name="4" width="409" height="508"><vector name="origin" x="204" y="254"/><int name="z" value="0"/></canvas><canvas name="5" width="409" height="508"><vector name="origin" x="204" y="254"/><int name="z" value="0"/></canvas><canvas name="6" width="161" height="523"><vector name="origin" x="80" y="261"/><int name="z" value="0"/></canvas><canvas name="7" width="107" height="129"><vector name="origin" x="53" y="64"/><int name="z" value="0"/></canvas><canvas name="8" width="161" height="523"><vector name="origin" x="80" y="261"/><int name="z" value="0"/></canvas><canvas name="9" width="429" height="523"><vector name="origin" x="214" y="261"/><int name="z" value="0"/></canvas><canvas name="10" width="1" height="94"><vector name="origin" x="0" y="47"/><int name="z" value="0"/></canvas><canvas name="11" width="199" height="300"><vector name="origin" x="99" y="150"/><int name="z" value="0"/></canvas><canvas name="12" width="199" height="300"><vector name="origin" x="99" y="150"/><int name="z" value="0"/></canvas><canvas name="13" width="199" height="300"><vector name="origin" x="99" y="150"/><int name="z" value="0"/></canvas><canvas name="14" width="199" height="300"><vector name="origin" x="99" y="150"/><int name="z" value="0"/></canvas><canvas name="15" width="199" height="300"><vector name="origin" x="99" y="150"/><int name="z" value="0"/></canvas><canvas name="16" width="199" height="300"><vector name="origin" x="99" y="150"/><int name="z" value="0"/></canvas><canvas name="17" width="199" height="300"><vector name="origin" x="99" y="150"/><int name="z" value="0"/></canvas><canvas name="18" width="199" height="300"><vector name="origin" x="99" y="150"/><int name="z" value="0"/></canvas><canvas name="19" width="416" height="65"><vector name="origin" x="208" y="32"/><int name="z" value="0"/></canvas><canvas name="20" width="199" height="300"><vector name="origin" x="99" y="150"/><int name="z" value="0"/></canvas><canvas name="21" width="199" height="300"><vector name="origin" x="99" y="150"/><int name="z" value="0"/></canvas><canvas name="22" width="199" height="300"><vector name="origin" x="99" y="150"/><int name="z" value="0"/></canvas><canvas name="23" width="199" height="300"><vector name="origin" x="99" y="150"/><int name="z" value="0"/></canvas></imgdir></imgdir>