<?xml version="1.0" encoding="UTF-8" standalone="yes"?><imgdir name="WeddingGL.img"><imgdir name="back"><canvas name="0" width="71" height="885"><vector name="origin" x="750" y="630"/><int name="z" value="0"/></canvas><canvas name="1" width="577" height="141"><vector name="origin" x="516" y="176"/><int name="z" value="0"/></canvas><canvas name="2" width="551" height="188"><vector name="origin" x="471" y="110"/><int name="z" value="0"/></canvas><canvas name="3" width="502" height="117"><vector name="origin" x="178" y="309"/><int name="z" value="0"/></canvas><canvas name="4" width="190" height="329"><vector name="origin" x="325" y="317"/><int name="z" value="0"/></canvas><canvas name="5" width="348" height="338"><vector name="origin" x="291" y="226"/><int name="z" value="0"/></canvas><canvas name="6" width="311" height="240"><vector name="origin" x="751" y="139"/><int name="z" value="0"/></canvas><canvas name="7" width="699" height="302"><vector name="origin" x="349" y="151"/><int name="z" value="0"/></canvas><canvas name="8" width="699" height="237"><vector name="origin" x="349" y="118"/><int name="z" value="0"/></canvas><canvas name="9" width="699" height="308"><vector name="origin" x="409" y="55"/><int name="z" value="0"/></canvas><canvas name="10" width="392" height="168"><vector name="origin" x="196" y="84"/><int name="z" value="0"/></canvas><canvas name="11" width="387" height="190"><vector name="origin" x="193" y="95"/><int name="z" value="0"/></canvas><canvas name="12" width="446" height="164"><vector name="origin" x="223" y="82"/><int name="z" value="0"/></canvas></imgdir></imgdir>