<?xml version="1.0" encoding="UTF-8" standalone="yes"?><imgdir name="woodCave.img"><imgdir name="back"><canvas name="0" width="650" height="700"><vector name="origin" x="325" y="350"/><int name="z" value="0"/></canvas><canvas name="1" width="650" height="700"><vector name="origin" x="325" y="350"/><int name="z" value="0"/></canvas><canvas name="2" width="499" height="375"><vector name="origin" x="249" y="187"/><int name="z" value="0"/></canvas><canvas name="3" width="155" height="280"><vector name="origin" x="77" y="140"/><int name="z" value="0"/></canvas><canvas name="4" width="497" height="298"><vector name="origin" x="248" y="149"/><int name="z" value="0"/></canvas><canvas name="5" width="178" height="316"><vector name="origin" x="89" y="158"/><int name="z" value="0"/></canvas><canvas name="6" width="500" height="296"><vector name="origin" x="250" y="148"/><int name="z" value="0"/></canvas><canvas name="7" width="268" height="316"><vector name="origin" x="134" y="158"/><int name="z" value="0"/></canvas><canvas name="8" width="250" height="194"><vector name="origin" x="125" y="97"/><int name="z" value="0"/></canvas><canvas name="9" width="143" height="194"><vector name="origin" x="71" y="97"/><int name="z" value="0"/></canvas><canvas name="10" width="143" height="194"><vector name="origin" x="71" y="97"/><int name="z" value="0"/></canvas><canvas name="11" width="141" height="193"><vector name="origin" x="70" y="96"/><int name="z" value="0"/></canvas><canvas name="12" width="141" height="79"><vector name="origin" x="70" y="39"/><int name="z" value="0"/></canvas><canvas name="13" width="141" height="152"><vector name="origin" x="70" y="76"/><int name="z" value="0"/></canvas><canvas name="14" width="141" height="79"><vector name="origin" x="70" y="39"/><int name="z" value="0"/></canvas><canvas name="15" width="141" height="184"><vector name="origin" x="70" y="92"/><int name="z" value="0"/></canvas><canvas name="16" width="141" height="84"><vector name="origin" x="70" y="42"/><int name="z" value="0"/></canvas><canvas name="17" width="141" height="193"><vector name="origin" x="70" y="96"/><int name="z" value="0"/></canvas><canvas name="18" width="143" height="194"><vector name="origin" x="71" y="97"/><int name="z" value="0"/></canvas><canvas name="19" width="143" height="194"><vector name="origin" x="71" y="97"/><int name="z" value="0"/></canvas><canvas name="20" width="247" height="194"><vector name="origin" x="123" y="97"/><int name="z" value="0"/></canvas><canvas name="21" width="257" height="193"><vector name="origin" x="128" y="96"/><int name="z" value="0"/></canvas><canvas name="22" width="277" height="152"><vector name="origin" x="138" y="76"/><int name="z" value="0"/></canvas><canvas name="23" width="206" height="79"><vector name="origin" x="103" y="39"/><int name="z" value="0"/></canvas><canvas name="24" width="343" height="184"><vector name="origin" x="171" y="92"/><int name="z" value="0"/></canvas><canvas name="25" width="800" height="220"><vector name="origin" x="400" y="110"/><int name="z" value="0"/></canvas></imgdir><imgdir name="ani"><imgdir name="0"><canvas name="0" width="478" height="752"><vector name="origin" x="239" y="376"/><int name="z" value="0"/><int name="delay" value="3000"/><int name="a0" value="255"/><int name="a1" value="30"/></canvas><canvas name="1" width="478" height="752"><vector name="origin" x="239" y="376"/><int name="z" value="0"/><int name="delay" value="3000"/><int name="a0" value="30"/><int name="a1" value="255"/></canvas></imgdir><imgdir name="1"><canvas name="0" width="345" height="608"><vector name="origin" x="172" y="304"/><int name="z" value="0"/><int name="delay" value="2400"/><int name="a0" value="20"/><int name="a1" value="255"/></canvas><canvas name="1" width="345" height="608"><vector name="origin" x="172" y="304"/><int name="z" value="0"/><int name="delay" value="2400"/><int name="a0" value="255"/><int name="a1" value="20"/></canvas></imgdir><imgdir name="2"><canvas name="0" width="448" height="731"><vector name="origin" x="224" y="365"/><int name="z" value="0"/><int name="delay" value="1800"/><int name="a0" value="255"/><int name="a1" value="30"/></canvas><canvas name="1" width="448" height="731"><vector name="origin" x="224" y="365"/><int name="z" value="0"/><int name="delay" value="1800"/><int name="a0" value="30"/><int name="a1" value="255"/></canvas></imgdir><imgdir name="3"><canvas name="0" width="456" height="727"><vector name="origin" x="228" y="363"/><int name="z" value="0"/><int name="delay" value="2000"/><int name="a0" value="25"/><int name="a1" value="255"/></canvas><canvas name="1" width="456" height="727"><vector name="origin" x="228" y="363"/><int name="z" value="0"/><int name="delay" value="2000"/><int name="a0" value="255"/><int name="a1" value="25"/></canvas></imgdir><imgdir name="4"><canvas name="0" width="372" height="620"><vector name="origin" x="186" y="310"/><int name="z" value="0"/><int name="delay" value="1600"/><int name="a0" value="255"/><int name="a1" value="30"/></canvas><canvas name="1" width="372" height="620"><vector name="origin" x="186" y="310"/><int name="z" value="0"/><int name="delay" value="1600"/><int name="a0" value="30"/><int name="a1" value="255"/></canvas></imgdir></imgdir></imgdir>