<?xml version="1.0" encoding="UTF-8" standalone="yes"?><imgdir name="000040000.img"><imgdir name="info"><int name="version" value="10"/><int name="cloud" value="0"/><int name="town" value="0"/><float name="mobRate" value="1.0"/><string name="bgm" value="Bgm00/RestNPeace"/><int name="returnMap" value="60000"/><string name="mapDesc" value=""/><int name="forcedReturn" value="999999999"/><int name="hideMinimap" value="0"/><int name="moveLimit" value="0"/><string name="mapMark" value="MushroomVillage"/><int name="swim" value="0"/><int name="fieldLimit" value="4"/><int name="VRTop" value="-1080"/><int name="VRLeft" value="-89"/><int name="VRBottom" value="574"/><int name="VRRight" value="1529"/></imgdir><imgdir name="back"><imgdir name="0"><int name="no" value="0"/><int name="x" value="0"/><int name="y" value="0"/><int name="rx" value="0"/><int name="ry" value="0"/><int name="type" value="3"/><int name="cx" value="0"/><int name="cy" value="0"/><string name="bS" value="midForest"/><int name="a" value="255"/><int name="front" value="0"/><int name="ani" value="0"/><int name="f" value="0"/></imgdir><imgdir name="1"><int name="no" value="1"/><int name="x" value="-100"/><int name="y" value="-80"/><int name="rx" value="-5"/><int name="ry" value="-6"/><int name="type" value="1"/><int name="cx" value="0"/><int name="cy" value="0"/><string name="bS" value="midForest"/><int name="a" value="255"/><int name="front" value="0"/><int name="ani" value="0"/><int name="f" value="0"/></imgdir><imgdir name="2"><int name="no" value="2"/><int name="x" value="100"/><int name="y" value="30"/><int name="rx" value="-8"/><int name="ry" value="-10"/><int name="type" value="1"/><int name="cx" value="0"/><int name="cy" value="0"/><string name="bS" value="midForest"/><int name="a" value="255"/><int name="front" value="0"/><int name="ani" value="0"/><int name="f" value="0"/></imgdir><imgdir name="3"><int name="no" value="4"/><int name="x" value="-100"/><int name="y" value="70"/><int name="rx" value="-10"/><int name="ry" value="-15"/><int name="type" value="0"/><int name="cx" value="0"/><int name="cy" value="0"/><string name="bS" value="midForest"/><int name="a" value="255"/><int name="front" value="0"/><int name="ani" value="0"/><int name="f" value="0"/></imgdir><imgdir name="4"><int name="no" value="3"/><int name="x" value="924"/><int name="y" value="70"/><int name="rx" value="-10"/><int name="ry" value="-15"/><int name="type" value="0"/><int name="cx" value="0"/><int name="cy" value="0"/><string name="bS" value="midForest"/><int name="a" value="255"/><int name="front" value="0"/><int name="ani" value="0"/><int name="f" value="0"/></imgdir></imgdir><imgdir name="life"><imgdir name="1"><string name="type" value="m"/><string name="id" value="0100100"/><int name="x" value="646"/><int name="y" value="-463"/><int name="mobTime" value="0"/><int name="f" value="0"/><int name="hide" value="0"/><int name="fh" value="75"/><int name="cy" value="-445"/><int name="rx0" value="341"/><int name="rx1" value="1099"/></imgdir><imgdir name="0"><string name="type" value="m"/><string name="id" value="0100100"/><int name="x" value="520"/><int name="y" value="-459"/><int name="mobTime" value="0"/><int name="f" value="0"/><int name="hide" value="0"/><int name="fh" value="63"/><int name="cy" value="-445"/><int name="rx0" value="341"/><int name="rx1" value="1099"/></imgdir><imgdir name="2"><string name="type" value="m"/><string name="id" value="0100100"/><int name="x" value="801"/><int name="y" value="-464"/><int name="mobTime" value="0"/><int name="f" value="0"/><int name="hide" value="0"/><int name="fh" value="74"/><int name="cy" value="-445"/><int name="rx0" value="341"/><int name="rx1" value="1099"/></imgdir><imgdir name="3"><string name="type" value="m"/><string name="id" value="0100100"/><int name="x" value="920"/><int name="y" value="-466"/><int name="mobTime" value="0"/><int name="f" value="0"/><int name="hide" value="0"/><int name="fh" value="72"/><int name="cy" value="-445"/><int name="rx0" value="341"/><int name="rx1" value="1099"/></imgdir><imgdir name="5"><string name="type" value="m"/><string name="id" value="0100100"/><int name="x" value="116"/><int name="y" value="-221"/><int name="mobTime" value="0"/><int name="f" value="0"/><int name="hide" value="0"/><int name="fh" value="8"/><int name="cy" value="-205"/><int name="rx0" value="-70"/><int name="rx1" value="559"/></imgdir><imgdir name="6"><string name="type" value="m"/><string name="id" value="0100100"/><int name="x" value="265"/><int name="y" value="-165"/><int name="mobTime" value="0"/><int name="f" value="0"/><int name="hide" value="0"/><int name="fh" value="7"/><int name="cy" value="-149"/><int name="rx0" value="-70"/><int name="rx1" value="559"/></imgdir><imgdir name="7"><string name="type" value="m"/><string name="id" value="0100100"/><int name="x" value="410"/><int name="y" value="-167"/><int name="mobTime" value="0"/><int name="f" value="0"/><int name="hide" value="0"/><int name="fh" value="9"/><int name="cy" value="-145"/><int name="rx0" value="-70"/><int name="rx1" value="559"/></imgdir><imgdir name="9"><string name="type" value="m"/><string name="id" value="0100100"/><int name="x" value="1081"/><int name="y" value="-157"/><int name="mobTime" value="0"/><int name="f" value="0"/><int name="hide" value="0"/><int name="fh" value="19"/><int name="cy" value="-145"/><int name="rx0" value="791"/><int name="rx1" value="1510"/></imgdir><imgdir name="10"><string name="type" value="m"/><string name="id" value="0100100"/><int name="x" value="1249"/><int name="y" value="-167"/><int name="mobTime" value="0"/><int name="f" value="0"/><int name="hide" value="0"/><int name="fh" value="14"/><int name="cy" value="-145"/><int name="rx0" value="791"/><int name="rx1" value="1510"/></imgdir><imgdir name="11"><string name="type" value="m"/><string name="id" value="0100100"/><int name="x" value="1420"/><int name="y" value="-166"/><int name="mobTime" value="0"/><int name="f" value="0"/><int name="hide" value="0"/><int name="fh" value="17"/><int name="cy" value="-145"/><int name="rx0" value="791"/><int name="rx1" value="1510"/></imgdir><imgdir name="13"><string name="type" value="m"/><string name="id" value="0100100"/><int name="x" value="621"/><int name="y" value="377"/><int name="mobTime" value="0"/><int name="f" value="0"/><int name="hide" value="0"/><int name="fh" value="42"/><int name="cy" value="395"/><int name="rx0" value="-70"/><int name="rx1" value="1510"/></imgdir><imgdir name="14"><string name="type" value="m"/><string name="id" value="0100100"/><int name="x" value="766"/><int name="y" value="382"/><int name="mobTime" value="0"/><int name="f" value="0"/><int name="hide" value="0"/><int name="fh" value="39"/><int name="cy" value="395"/><int name="rx0" value="-70"/><int name="rx1" value="1510"/></imgdir><imgdir name="15"><string name="type" value="n"/><string name="id" value="0002003"/><int name="x" value="216"/><int name="y" value="263"/><int name="fh" value="28"/><int name="cy" value="275"/><int name="rx0" value="166"/><int name="rx1" value="266"/></imgdir><imgdir name="16"><string name="type" value="n"/><string name="id" value="0002005"/><int name="x" value="1113"/><int name="y" value="205"/><int name="mobTime" value="0"/><int name="f" value="0"/><int name="hide" value="0"/><int name="fh" value="44"/><int name="cy" value="215"/><int name="rx0" value="1063"/><int name="rx1" value="1163"/></imgdir><imgdir name="4"><string name="type" value="m"/><string name="id" value="0100100"/><int name="x" value="-23"/><int name="y" value="-228"/><int name="mobTime" value="0"/><int name="f" value="0"/><int name="hide" value="0"/><int name="fh" value="6"/><int name="cy" value="-205"/><int name="rx0" value="-70"/><int name="rx1" value="559"/></imgdir><imgdir name="8"><string name="type" value="m"/><string name="id" value="0100100"/><int name="x" value="896"/><int name="y" value="-112"/><int name="mobTime" value="0"/><int name="f" value="0"/><int name="hide" value="0"/><int name="fh" value="18"/><int name="cy" value="-85"/><int name="rx0" value="791"/><int name="rx1" value="1510"/></imgdir><imgdir name="12"><string name="type" value="m"/><string name="id" value="0100100"/><int name="x" value="471"/><int name="y" value="379"/><int name="mobTime" value="0"/><int name="f" value="0"/><int name="hide" value="0"/><int name="fh" value="37"/><int name="cy" value="395"/><int name="rx0" value="-70"/><int name="rx1" value="1510"/></imgdir></imgdir><imgdir name="0"><imgdir name="info"></imgdir><imgdir name="tile"></imgdir><imgdir name="obj"></imgdir></imgdir><imgdir name="1"><imgdir name="info"><string name="tS" value="grassySoil"/></imgdir><imgdir name="tile"><imgdir name="12"><int name="x" value="180"/><int name="y" value="360"/><int name="no" value="0"/><string name="u" value="bsc"/><int name="zM" value="0"/></imgdir><imgdir name="8"><int name="x" value="0"/><int name="y" value="360"/><int name="no" value="0"/><string name="u" value="bsc"/><int name="zM" value="0"/></imgdir><imgdir name="10"><int name="x" value="90"/><int name="y" value="360"/><int name="no" value="1"/><string name="u" value="bsc"/><int name="zM" value="0"/></imgdir><imgdir name="35"><int name="x" value="0"/><int name="y" value="420"/><int name="no" value="1"/><string name="u" value="bsc"/><int name="zM" value="0"/></imgdir><imgdir name="30"><int name="x" value="90"/><int name="y" value="420"/><int name="no" value="0"/><string name="u" value="bsc"/><int name="zM" value="0"/></imgdir><imgdir name="32"><int name="x" value="180"/><int name="y" value="420"/><int name="no" value="1"/><string name="u" value="bsc"/><int name="zM" value="0"/></imgdir><imgdir name="45"><int name="x" value="360"/><int name="y" value="360"/><int name="no" value="0"/><string name="u" value="edU"/><int name="zM" value="0"/></imgdir><imgdir name="39"><int name="x" value="270"/><int name="y" value="420"/><int name="no" value="0"/><string name="u" value="bsc"/><int name="zM" value="0"/></imgdir><imgdir name="48"><int name="x" value="360"/><int name="y" value="420"/><int name="no" value="1"/><string name="u" value="bsc"/><int name="zM" value="0"/></imgdir><imgdir name="51"><int name="x" value="360"/><int name="y" value="420"/><int name="no" value="1"/><string name="u" value="enH0"/><int name="zM" value="0"/></imgdir><imgdir name="46"><int name="x" value="360"/><int name="y" value="360"/><int name="no" value="0"/><string name="u" value="enV1"/><int name="zM" value="0"/></imgdir><imgdir name="17"><int name="x" value="270"/><int name="y" value="360"/><int name="no" value="1"/><string name="u" value="bsc"/><int name="zM" value="0"/></imgdir><imgdir name="53"><int name="x" value="270"/><int name="y" value="360"/><int name="no" value="1"/><string name="u" value="enH0"/><int name="zM" value="0"/></imgdir><imgdir name="47"><int name="x" value="360"/><int name="y" value="480"/><int name="no" value="0"/><string name="u" value="bsc"/><int name="zM" value="0"/></imgdir><imgdir name="54"><int name="x" value="360"/><int name="y" value="540"/><int name="no" value="1"/><string name="u" value="bsc"/><int name="zM" value="0"/></imgdir><imgdir name="55"><int name="x" value="360"/><int name="y" value="600"/><int name="no" value="0"/><string name="u" value="enH1"/><int name="zM" value="0"/></imgdir><imgdir name="43"><int name="x" value="0"/><int name="y" value="480"/><int name="no" value="0"/><string name="u" value="bsc"/><int name="zM" value="0"/></imgdir><imgdir name="41"><int name="x" value="90"/><int name="y" value="480"/><int name="no" value="1"/><string name="u" value="bsc"/><int name="zM" value="0"/></imgdir><imgdir name="33"><int name="x" value="180"/><int name="y" value="480"/><int name="no" value="0"/><string name="u" value="bsc"/><int name="zM" value="0"/></imgdir><imgdir name="37"><int name="x" value="270"/><int name="y" value="480"/><int name="no" value="1"/><string name="u" value="bsc"/><int name="zM" value="0"/></imgdir><imgdir name="61"><int name="x" value="-90"/><int name="y" value="540"/><int name="no" value="0"/><string name="u" value="bsc"/><int name="zM" value="0"/></imgdir><imgdir name="68"><int name="x" value="0"/><int name="y" value="540"/><int name="no" value="1"/><string name="u" value="bsc"/><int name="zM" value="0"/></imgdir><imgdir name="66"><int name="x" value="90"/><int name="y" value="540"/><int name="no" value="0"/><string name="u" value="bsc"/><int name="zM" value="0"/></imgdir><imgdir name="74"><int name="x" value="90"/><int name="y" value="600"/><int name="no" value="1"/><string name="u" value="enH1"/><int name="zM" value="0"/></imgdir><imgdir name="64"><int name="x" value="180"/><int name="y" value="540"/><int name="no" value="1"/><string name="u" value="bsc"/><int name="zM" value="0"/></imgdir><imgdir name="72"><int name="x" value="180"/><int name="y" value="600"/><int name="no" value="0"/><string name="u" value="enH1"/><int name="zM" value="0"/></imgdir><imgdir name="62"><int name="x" value="270"/><int name="y" value="540"/><int name="no" value="0"/><string name="u" value="bsc"/><int name="zM" value="0"/></imgdir><imgdir name="69"><int name="x" value="-90"/><int name="y" value="600"/><int name="no" value="1"/><string name="u" value="enH1"/><int name="zM" value="0"/></imgdir><imgdir name="70"><int name="x" value="270"/><int name="y" value="600"/><int name="no" value="1"/><string name="u" value="enH1"/><int name="zM" value="0"/></imgdir><imgdir name="59"><int name="x" value="0"/><int name="y" value="600"/><int name="no" value="0"/><string name="u" value="enH1"/><int name="zM" value="0"/></imgdir><imgdir name="60"><int name="x" value="450"/><int name="y" value="600"/><int name="no" value="1"/><string name="u" value="enH1"/><int name="zM" value="0"/></imgdir><imgdir name="56"><int name="x" value="450"/><int name="y" value="540"/><int name="no" value="0"/><string name="u" value="bsc"/><int name="zM" value="0"/></imgdir><imgdir name="97"><int name="x" value="540"/><int name="y" value="540"/><int name="no" value="1"/><string name="u" value="bsc"/><int name="zM" value="0"/></imgdir><imgdir name="96"><int name="x" value="540"/><int name="y" value="600"/><int name="no" value="0"/><string name="u" value="enH1"/><int name="zM" value="0"/></imgdir><imgdir name="99"><int name="x" value="630"/><int name="y" value="540"/><int name="no" value="0"/><string name="u" value="bsc"/><int name="zM" value="0"/></imgdir><imgdir name="98"><int name="x" value="630"/><int name="y" value="600"/><int name="no" value="1"/><string name="u" value="enH1"/><int name="zM" value="0"/></imgdir><imgdir name="100"><int name="x" value="720"/><int name="y" value="600"/><int name="no" value="0"/><string name="u" value="enH1"/><int name="zM" value="0"/></imgdir><imgdir name="92"><int name="x" value="630"/><int name="y" value="480"/><int name="no" value="1"/><string name="u" value="bsc"/><int name="zM" value="0"/></imgdir><imgdir name="90"><int name="x" value="540"/><int name="y" value="480"/><int name="no" value="0"/><string name="u" value="bsc"/><int name="zM" value="0"/></imgdir><imgdir name="52"><int name="x" value="450"/><int name="y" value="480"/><int name="no" value="1"/><string name="u" value="bsc"/><int name="zM" value="0"/></imgdir><imgdir name="50"><int name="x" value="450"/><int name="y" value="420"/><int name="no" value="0"/><string name="u" value="bsc"/><int name="zM" value="0"/></imgdir><imgdir name="86"><int name="x" value="810"/><int name="y" value="480"/><int name="no" value="1"/><string name="u" value="bsc"/><int name="zM" value="0"/></imgdir><imgdir name="77"><int name="x" value="450"/><int name="y" value="420"/><int name="no" value="0"/><string name="u" value="enH0"/><int name="zM" value="0"/></imgdir><imgdir name="79"><int name="x" value="630"/><int name="y" value="420"/><int name="no" value="0"/><string name="u" value="enH0"/><int name="zM" value="0"/></imgdir><imgdir name="81"><int name="x" value="720"/><int name="y" value="420"/><int name="no" value="1"/><string name="u" value="enH0"/><int name="zM" value="0"/></imgdir><imgdir name="83"><int name="x" value="810"/><int name="y" value="420"/><int name="no" value="0"/><string name="u" value="enH0"/><int name="zM" value="0"/></imgdir><imgdir name="82"><int name="x" value="810"/><int name="y" value="420"/><int name="no" value="0"/><string name="u" value="bsc"/><int name="zM" value="0"/></imgdir><imgdir name="94"><int name="x" value="540"/><int name="y" value="420"/><int name="no" value="1"/><string name="u" value="enH0"/><int name="zM" value="0"/></imgdir><imgdir name="80"><int name="x" value="720"/><int name="y" value="420"/><int name="no" value="1"/><string name="u" value="bsc"/><int name="zM" value="0"/></imgdir><imgdir name="91"><int name="x" value="720"/><int name="y" value="480"/><int name="no" value="0"/><string name="u" value="bsc"/><int name="zM" value="0"/></imgdir><imgdir name="78"><int name="x" value="630"/><int name="y" value="420"/><int name="no" value="0"/><string name="u" value="bsc"/><int name="zM" value="0"/></imgdir><imgdir name="89"><int name="x" value="810"/><int name="y" value="540"/><int name="no" value="0"/><string name="u" value="bsc"/><int name="zM" value="0"/></imgdir><imgdir name="76"><int name="x" value="540"/><int name="y" value="420"/><int name="no" value="1"/><string name="u" value="bsc"/><int name="zM" value="0"/></imgdir><imgdir name="49"><int name="x" value="810"/><int name="y" value="600"/><int name="no" value="1"/><string name="u" value="enH1"/><int name="zM" value="0"/></imgdir><imgdir name="87"><int name="x" value="720"/><int name="y" value="540"/><int name="no" value="1"/><string name="u" value="bsc"/><int name="zM" value="0"/></imgdir><imgdir name="88"><int name="x" value="900"/><int name="y" value="600"/><int name="no" value="0"/><string name="u" value="enH1"/><int name="zM" value="0"/></imgdir><imgdir name="95"><int name="x" value="900"/><int name="y" value="540"/><int name="no" value="1"/><string name="u" value="bsc"/><int name="zM" value="0"/></imgdir><imgdir name="115"><int name="x" value="990"/><int name="y" value="600"/><int name="no" value="1"/><string name="u" value="enH1"/><int name="zM" value="0"/></imgdir><imgdir name="108"><int name="x" value="1080"/><int name="y" value="420"/><int name="no" value="1"/><string name="u" value="bsc"/><int name="zM" value="0"/></imgdir><imgdir name="107"><int name="x" value="1080"/><int name="y" value="480"/><int name="no" value="0"/><string name="u" value="bsc"/><int name="zM" value="0"/></imgdir><imgdir name="109"><int name="x" value="990"/><int name="y" value="420"/><int name="no" value="0"/><string name="u" value="bsc"/><int name="zM" value="0"/></imgdir><imgdir name="85"><int name="x" value="900"/><int name="y" value="420"/><int name="no" value="1"/><string name="u" value="bsc"/><int name="zM" value="0"/></imgdir><imgdir name="114"><int name="x" value="900"/><int name="y" value="480"/><int name="no" value="0"/><string name="u" value="bsc"/><int name="zM" value="0"/></imgdir><imgdir name="102"><int name="x" value="990"/><int name="y" value="480"/><int name="no" value="1"/><string name="u" value="bsc"/><int name="zM" value="0"/></imgdir><imgdir name="93"><int name="x" value="1080"/><int name="y" value="540"/><int name="no" value="1"/><string name="u" value="bsc"/><int name="zM" value="0"/></imgdir><imgdir name="113"><int name="x" value="1080"/><int name="y" value="600"/><int name="no" value="0"/><string name="u" value="enH1"/><int name="zM" value="0"/></imgdir><imgdir name="112"><int name="x" value="990"/><int name="y" value="540"/><int name="no" value="0"/><string name="u" value="bsc"/><int name="zM" value="0"/></imgdir><imgdir name="129"><int name="x" value="1350"/><int name="y" value="240"/><int name="no" value="1"/><string name="u" value="bsc"/><int name="zM" value="0"/></imgdir><imgdir name="131"><int name="x" value="1350"/><int name="y" value="300"/><int name="no" value="0"/><string name="u" value="bsc"/><int name="zM" value="0"/></imgdir><imgdir name="125"><int name="x" value="1350"/><int name="y" value="240"/><int name="no" value="1"/><string name="u" value="enH0"/><int name="zM" value="0"/></imgdir><imgdir name="133"><int name="x" value="1350"/><int name="y" value="360"/><int name="no" value="1"/><string name="u" value="bsc"/><int name="zM" value="0"/></imgdir><imgdir name="135"><int name="x" value="1260"/><int name="y" value="360"/><int name="no" value="0"/><string name="u" value="bsc"/><int name="zM" value="0"/></imgdir><imgdir name="127"><int name="x" value="1260"/><int name="y" value="300"/><int name="no" value="1"/><string name="u" value="bsc"/><int name="zM" value="0"/></imgdir><imgdir name="121"><int name="x" value="1170"/><int name="y" value="360"/><int name="no" value="1"/><string name="u" value="bsc"/><int name="zM" value="0"/></imgdir><imgdir name="117"><int name="x" value="1170"/><int name="y" value="420"/><int name="no" value="0"/><string name="u" value="bsc"/><int name="zM" value="0"/></imgdir><imgdir name="110"><int name="x" value="1170"/><int name="y" value="480"/><int name="no" value="1"/><string name="u" value="bsc"/><int name="zM" value="0"/></imgdir><imgdir name="104"><int name="x" value="1170"/><int name="y" value="540"/><int name="no" value="0"/><string name="u" value="bsc"/><int name="zM" value="0"/></imgdir><imgdir name="138"><int name="x" value="1170"/><int name="y" value="600"/><int name="no" value="1"/><string name="u" value="enH1"/><int name="zM" value="0"/></imgdir><imgdir name="111"><int name="x" value="1260"/><int name="y" value="540"/><int name="no" value="1"/><string name="u" value="bsc"/><int name="zM" value="0"/></imgdir><imgdir name="140"><int name="x" value="1260"/><int name="y" value="600"/><int name="no" value="0"/><string name="u" value="enH1"/><int name="zM" value="0"/></imgdir><imgdir name="139"><int name="x" value="1260"/><int name="y" value="480"/><int name="no" value="0"/><string name="u" value="bsc"/><int name="zM" value="0"/></imgdir><imgdir name="119"><int name="x" value="1260"/><int name="y" value="420"/><int name="no" value="1"/><string name="u" value="bsc"/><int name="zM" value="0"/></imgdir><imgdir name="136"><int name="x" value="1350"/><int name="y" value="420"/><int name="no" value="0"/><string name="u" value="bsc"/><int name="zM" value="0"/></imgdir><imgdir name="101"><int name="x" value="1350"/><int name="y" value="540"/><int name="no" value="0"/><string name="u" value="bsc"/><int name="zM" value="0"/></imgdir><imgdir name="145"><int name="x" value="1350"/><int name="y" value="600"/><int name="no" value="1"/><string name="u" value="enH1"/><int name="zM" value="0"/></imgdir><imgdir name="142"><int name="x" value="1350"/><int name="y" value="480"/><int name="no" value="1"/><string name="u" value="bsc"/><int name="zM" value="0"/></imgdir><imgdir name="141"><int name="x" value="1440"/><int name="y" value="540"/><int name="no" value="1"/><string name="u" value="bsc"/><int name="zM" value="0"/></imgdir><imgdir name="137"><int name="x" value="1440"/><int name="y" value="420"/><int name="no" value="1"/><string name="u" value="bsc"/><int name="zM" value="0"/></imgdir><imgdir name="123"><int name="x" value="1440"/><int name="y" value="360"/><int name="no" value="0"/><string name="u" value="bsc"/><int name="zM" value="0"/></imgdir><imgdir name="134"><int name="x" value="1440"/><int name="y" value="300"/><int name="no" value="1"/><string name="u" value="bsc"/><int name="zM" value="0"/></imgdir><imgdir name="132"><int name="x" value="1440"/><int name="y" value="240"/><int name="no" value="0"/><string name="u" value="bsc"/><int name="zM" value="0"/></imgdir><imgdir name="147"><int name="x" value="1440"/><int name="y" value="240"/><int name="no" value="0"/><string name="u" value="enH0"/><int name="zM" value="0"/></imgdir><imgdir name="148"><int name="x" value="1440"/><int name="y" value="600"/><int name="no" value="0"/><string name="u" value="enH1"/><int name="zM" value="0"/></imgdir><imgdir name="144"><int name="x" value="1440"/><int name="y" value="480"/><int name="no" value="0"/><string name="u" value="bsc"/><int name="zM" value="0"/></imgdir><imgdir name="162"><int name="x" value="450"/><int name="y" value="120"/><string name="u" value="enH1"/><int name="no" value="0"/><int name="zM" value="9"/></imgdir><imgdir name="182"><int name="x" value="450"/><int name="y" value="120"/><string name="u" value="enH0"/><int name="no" value="1"/><int name="zM" value="9"/></imgdir><imgdir name="190"><int name="x" value="540"/><int name="y" value="120"/><string name="u" value="edD"/><int name="no" value="0"/><int name="zM" value="9"/></imgdir><imgdir name="186"><int name="x" value="540"/><int name="y" value="120"/><string name="u" value="edU"/><int name="no" value="0"/><int name="zM" value="9"/></imgdir><imgdir name="164"><int name="x" value="450"/><int name="y" value="120"/><string name="u" value="edD"/><int name="no" value="0"/><int name="zM" value="9"/></imgdir><imgdir name="167"><int name="x" value="450"/><int name="y" value="120"/><string name="u" value="edU"/><int name="no" value="1"/><int name="zM" value="9"/></imgdir><imgdir name="185"><int name="x" value="1170"/><int name="y" value="-60"/><string name="u" value="enH1"/><int name="no" value="1"/><int name="zM" value="14"/></imgdir><imgdir name="84"><int name="x" value="900"/><int name="y" value="360"/><string name="u" value="enH0"/><int name="no" value="0"/><int name="zM" value="0"/></imgdir><imgdir name="116"><int name="x" value="1080"/><int name="y" value="360"/><string name="u" value="bsc"/><int name="no" value="2"/><int name="zM" value="0"/></imgdir><imgdir name="105"><int name="x" value="990"/><int name="y" value="360"/><string name="u" value="bsc"/><int name="no" value="0"/><int name="zM" value="0"/></imgdir><imgdir name="106"><int name="x" value="1080"/><int name="y" value="300"/><string name="u" value="bsc"/><int name="no" value="3"/><int name="zM" value="0"/></imgdir><imgdir name="103"><int name="x" value="1170"/><int name="y" value="300"/><string name="u" value="bsc"/><int name="no" value="4"/><int name="zM" value="0"/></imgdir><imgdir name="118"><int name="x" value="1080"/><int name="y" value="240"/><string name="u" value="enV0"/><int name="no" value="1"/><int name="zM" value="0"/></imgdir><imgdir name="120"><int name="x" value="1080"/><int name="y" value="240"/><string name="u" value="edU"/><int name="no" value="0"/><int name="zM" value="0"/></imgdir><imgdir name="126"><int name="x" value="1260"/><int name="y" value="240"/><string name="u" value="bsc"/><int name="no" value="4"/><int name="zM" value="0"/></imgdir><imgdir name="128"><int name="x" value="1260"/><int name="y" value="240"/><string name="u" value="enH0"/><int name="no" value="0"/><int name="zM" value="0"/></imgdir><imgdir name="122"><int name="x" value="1170"/><int name="y" value="240"/><string name="u" value="bsc"/><int name="no" value="2"/><int name="zM" value="0"/></imgdir><imgdir name="124"><int name="x" value="1170"/><int name="y" value="240"/><string name="u" value="enH0"/><int name="no" value="1"/><int name="zM" value="0"/></imgdir><imgdir name="130"><int name="x" value="1080"/><int name="y" value="240"/><string name="u" value="bsc"/><int name="no" value="3"/><int name="zM" value="0"/></imgdir><imgdir name="156"><int name="x" value="990"/><int name="y" value="300"/><string name="u" value="enH0"/><int name="no" value="0"/><int name="zM" value="0"/></imgdir><imgdir name="146"><int name="x" value="1080"/><int name="y" value="240"/><string name="u" value="enH0"/><int name="no" value="1"/><int name="zM" value="0"/></imgdir><imgdir name="157"><int name="x" value="990"/><int name="y" value="300"/><string name="u" value="enV0"/><int name="no" value="0"/><int name="zM" value="0"/></imgdir><imgdir name="149"><int name="x" value="990"/><int name="y" value="300"/><string name="u" value="bsc"/><int name="no" value="1"/><int name="zM" value="0"/></imgdir><imgdir name="159"><int name="x" value="990"/><int name="y" value="300"/><string name="u" value="edU"/><int name="no" value="0"/><int name="zM" value="0"/></imgdir><imgdir name="161"><int name="x" value="900"/><int name="y" value="360"/><string name="u" value="enV0"/><int name="no" value="0"/><int name="zM" value="0"/></imgdir><imgdir name="178"><int name="x" value="900"/><int name="y" value="360"/><string name="u" value="bsc"/><int name="no" value="2"/><int name="zM" value="0"/></imgdir><imgdir name="153"><int name="x" value="900"/><int name="y" value="360"/><string name="u" value="edU"/><int name="no" value="1"/><int name="zM" value="0"/></imgdir><imgdir name="38"><int name="x" value="630"/><int name="y" value="-60"/><string name="u" value="enH1"/><int name="no" value="1"/><int name="zM" value="17"/></imgdir><imgdir name="63"><int name="x" value="630"/><int name="y" value="-60"/><string name="u" value="enH0"/><int name="no" value="1"/><int name="zM" value="17"/></imgdir><imgdir name="207"><int name="x" value="720"/><int name="y" value="-60"/><string name="u" value="edD"/><int name="no" value="0"/><int name="zM" value="17"/></imgdir><imgdir name="198"><int name="x" value="720"/><int name="y" value="-60"/><string name="u" value="edU"/><int name="no" value="0"/><int name="zM" value="17"/></imgdir><imgdir name="75"><int name="x" value="630"/><int name="y" value="-60"/><string name="u" value="edU"/><int name="no" value="1"/><int name="zM" value="17"/></imgdir><imgdir name="192"><int name="x" value="90"/><int name="y" value="-120"/><string name="u" value="bsc"/><int name="no" value="0"/><int name="zM" value="18"/></imgdir><imgdir name="205"><int name="x" value="90"/><int name="y" value="-180"/><string name="u" value="enH0"/><int name="no" value="1"/><int name="zM" value="18"/></imgdir><imgdir name="172"><int name="x" value="0"/><int name="y" value="-120"/><string name="u" value="bsc"/><int name="no" value="1"/><int name="zM" value="18"/></imgdir><imgdir name="151"><int name="x" value="270"/><int name="y" value="-120"/><string name="u" value="bsc"/><int name="no" value="3"/><int name="zM" value="18"/></imgdir><imgdir name="67"><int name="x" value="270"/><int name="y" value="-120"/><string name="u" value="enH0"/><int name="no" value="0"/><int name="zM" value="18"/></imgdir><imgdir name="191"><int name="x" value="360"/><int name="y" value="-60"/><string name="u" value="enH1"/><int name="no" value="1"/><int name="zM" value="18"/></imgdir><imgdir name="200"><int name="x" value="180"/><int name="y" value="-120"/><string name="u" value="slRU"/><int name="no" value="0"/><int name="zM" value="18"/></imgdir><imgdir name="27"><int name="x" value="540"/><int name="y" value="-60"/><string name="u" value="edU"/><int name="no" value="1"/><int name="zM" value="18"/></imgdir><imgdir name="201"><int name="x" value="540"/><int name="y" value="-60"/><string name="u" value="edD"/><int name="no" value="0"/><int name="zM" value="18"/></imgdir><imgdir name="195"><int name="x" value="450"/><int name="y" value="-60"/><string name="u" value="enH1"/><int name="no" value="1"/><int name="zM" value="18"/></imgdir><imgdir name="143"><int name="x" value="450"/><int name="y" value="-60"/><string name="u" value="slRU"/><int name="no" value="0"/><int name="zM" value="18"/></imgdir><imgdir name="210"><int name="x" value="360"/><int name="y" value="-120"/><string name="u" value="bsc"/><int name="no" value="3"/><int name="zM" value="18"/></imgdir><imgdir name="214"><int name="x" value="360"/><int name="y" value="-120"/><string name="u" value="enH0"/><int name="no" value="1"/><int name="zM" value="18"/></imgdir><imgdir name="24"><int name="x" value="90"/><int name="y" value="-180"/><string name="u" value="bsc"/><int name="no" value="2"/><int name="zM" value="18"/></imgdir><imgdir name="71"><int name="x" value="180"/><int name="y" value="-60"/><string name="u" value="enH1"/><int name="no" value="0"/><int name="zM" value="18"/></imgdir><imgdir name="189"><int name="x" value="810"/><int name="y" value="-60"/><string name="u" value="enH0"/><int name="no" value="1"/><int name="zM" value="14"/></imgdir><imgdir name="199"><int name="x" value="810"/><int name="y" value="-60"/><string name="u" value="edD"/><int name="no" value="0"/><int name="zM" value="14"/></imgdir><imgdir name="175"><int name="x" value="810"/><int name="y" value="-60"/><string name="u" value="edU"/><int name="no" value="1"/><int name="zM" value="14"/></imgdir><imgdir name="169"><int name="x" value="900"/><int name="y" value="-60"/><string name="u" value="enH0"/><int name="no" value="1"/><int name="zM" value="14"/></imgdir><imgdir name="42"><int name="x" value="180"/><int name="y" value="-120"/><string name="u" value="bsc"/><int name="no" value="2"/><int name="zM" value="18"/></imgdir><imgdir name="209"><int name="x" value="-90"/><int name="y" value="-60"/><string name="u" value="enH1"/><int name="no" value="0"/><int name="zM" value="18"/></imgdir><imgdir name="0"><int name="x" value="0"/><int name="y" value="-180"/><string name="u" value="enH0"/><int name="no" value="1"/><int name="zM" value="18"/></imgdir><imgdir name="211"><int name="x" value="1080"/><int name="y" value="-120"/><string name="u" value="enH0"/><int name="no" value="0"/><int name="zM" value="14"/></imgdir><imgdir name="174"><int name="x" value="1080"/><int name="y" value="-120"/><string name="u" value="bsc"/><int name="no" value="1"/><int name="zM" value="14"/></imgdir><imgdir name="177"><int name="x" value="1170"/><int name="y" value="-120"/><string name="u" value="bsc"/><int name="no" value="2"/><int name="zM" value="14"/></imgdir><imgdir name="171"><int name="x" value="1170"/><int name="y" value="-120"/><string name="u" value="enH0"/><int name="no" value="0"/><int name="zM" value="14"/></imgdir><imgdir name="188"><int name="x" value="-90"/><int name="y" value="-180"/><string name="u" value="enH0"/><int name="no" value="1"/><int name="zM" value="18"/></imgdir><imgdir name="193"><int name="x" value="900"/><int name="y" value="-60"/><string name="u" value="bsc"/><int name="no" value="0"/><int name="zM" value="14"/></imgdir><imgdir name="194"><int name="x" value="900"/><int name="y" value="-60"/><string name="u" value="slLD"/><int name="no" value="0"/><int name="zM" value="14"/></imgdir><imgdir name="58"><int name="x" value="990"/><int name="y" value="0"/><string name="u" value="enH1"/><int name="no" value="0"/><int name="zM" value="14"/></imgdir><imgdir name="180"><int name="x" value="900"/><int name="y" value="0"/><string name="u" value="edD"/><int name="no" value="0"/><int name="zM" value="14"/></imgdir><imgdir name="204"><int name="x" value="900"/><int name="y" value="0"/><string name="u" value="enH1"/><int name="no" value="1"/><int name="zM" value="14"/></imgdir><imgdir name="213"><int name="x" value="1080"/><int name="y" value="0"/><string name="u" value="edD"/><int name="no" value="0"/><int name="zM" value="14"/></imgdir><imgdir name="208"><int name="x" value="1080"/><int name="y" value="-60"/><string name="u" value="slRD"/><int name="no" value="1"/><int name="zM" value="14"/></imgdir><imgdir name="28"><int name="x" value="1080"/><int name="y" value="-60"/><string name="u" value="slLU"/><int name="no" value="0"/><int name="zM" value="14"/></imgdir><imgdir name="187"><int name="x" value="1350"/><int name="y" value="-60"/><string name="u" value="enH1"/><int name="no" value="0"/><int name="zM" value="14"/></imgdir><imgdir name="65"><int name="x" value="1440"/><int name="y" value="-60"/><string name="u" value="enH1"/><int name="no" value="1"/><int name="zM" value="14"/></imgdir><imgdir name="40"><int name="x" value="990"/><int name="y" value="-60"/><string name="u" value="bsc"/><int name="no" value="3"/><int name="zM" value="14"/></imgdir><imgdir name="18"><int name="x" value="1260"/><int name="y" value="-60"/><string name="u" value="enH1"/><int name="no" value="1"/><int name="zM" value="14"/></imgdir><imgdir name="2"><int name="x" value="1440"/><int name="y" value="-120"/><string name="u" value="enH0"/><int name="no" value="0"/><int name="zM" value="14"/></imgdir><imgdir name="29"><int name="x" value="1440"/><int name="y" value="-120"/><string name="u" value="bsc"/><int name="no" value="0"/><int name="zM" value="14"/></imgdir><imgdir name="57"><int name="x" value="1350"/><int name="y" value="-120"/><string name="u" value="bsc"/><int name="no" value="0"/><int name="zM" value="14"/></imgdir><imgdir name="184"><int name="x" value="1350"/><int name="y" value="-120"/><string name="u" value="enH0"/><int name="no" value="1"/><int name="zM" value="14"/></imgdir><imgdir name="26"><int name="x" value="1260"/><int name="y" value="-120"/><string name="u" value="bsc"/><int name="no" value="3"/><int name="zM" value="14"/></imgdir><imgdir name="22"><int name="x" value="1260"/><int name="y" value="-120"/><string name="u" value="enH0"/><int name="no" value="0"/><int name="zM" value="14"/></imgdir><imgdir name="183"><int name="x" value="-90"/><int name="y" value="-120"/><string name="u" value="bsc"/><int name="no" value="2"/><int name="zM" value="18"/></imgdir><imgdir name="1"><int name="x" value="0"/><int name="y" value="-180"/><string name="u" value="bsc"/><int name="no" value="1"/><int name="zM" value="18"/></imgdir><imgdir name="197"><int name="x" value="90"/><int name="y" value="-60"/><string name="u" value="enH1"/><int name="no" value="1"/><int name="zM" value="18"/></imgdir><imgdir name="168"><int name="x" value="-90"/><int name="y" value="-180"/><string name="u" value="bsc"/><int name="no" value="3"/><int name="zM" value="18"/></imgdir><imgdir name="150"><int name="x" value="0"/><int name="y" value="-60"/><string name="u" value="enH1"/><int name="no" value="0"/><int name="zM" value="18"/></imgdir><imgdir name="165"><int name="x" value="270"/><int name="y" value="-60"/><string name="u" value="enH1"/><int name="no" value="1"/><int name="zM" value="18"/></imgdir><imgdir name="20"><int name="x" value="630"/><int name="y" value="-60"/><string name="u" value="edD"/><int name="no" value="0"/><int name="zM" value="17"/></imgdir><imgdir name="215"><int name="x" value="1080"/><int name="y" value="-420"/><string name="u" value="edU"/><int name="no" value="0"/><int name="zM" value="31"/></imgdir><imgdir name="216"><int name="x" value="1080"/><int name="y" value="-420"/><string name="u" value="edD"/><int name="no" value="0"/><int name="zM" value="31"/></imgdir><imgdir name="217"><int name="x" value="990"/><int name="y" value="-420"/><string name="u" value="enH0"/><int name="no" value="0"/><int name="zM" value="31"/></imgdir><imgdir name="219"><int name="x" value="900"/><int name="y" value="-420"/><string name="u" value="enH0"/><int name="no" value="1"/><int name="zM" value="31"/></imgdir><imgdir name="220"><int name="x" value="810"/><int name="y" value="-420"/><string name="u" value="enH0"/><int name="no" value="0"/><int name="zM" value="31"/></imgdir><imgdir name="221"><int name="x" value="720"/><int name="y" value="-420"/><string name="u" value="enH0"/><int name="no" value="0"/><int name="zM" value="31"/></imgdir><imgdir name="222"><int name="x" value="630"/><int name="y" value="-420"/><string name="u" value="enH0"/><int name="no" value="1"/><int name="zM" value="31"/></imgdir><imgdir name="160"><int name="x" value="630"/><int name="y" value="-420"/><string name="u" value="bsc"/><int name="no" value="1"/><int name="zM" value="31"/></imgdir><imgdir name="181"><int name="x" value="720"/><int name="y" value="-420"/><string name="u" value="bsc"/><int name="no" value="2"/><int name="zM" value="31"/></imgdir><imgdir name="179"><int name="x" value="810"/><int name="y" value="-420"/><string name="u" value="bsc"/><int name="no" value="2"/><int name="zM" value="31"/></imgdir><imgdir name="173"><int name="x" value="900"/><int name="y" value="-420"/><string name="u" value="bsc"/><int name="no" value="0"/><int name="zM" value="31"/></imgdir><imgdir name="31"><int name="x" value="990"/><int name="y" value="-360"/><string name="u" value="edD"/><int name="no" value="0"/><int name="zM" value="31"/></imgdir><imgdir name="5"><int name="x" value="900"/><int name="y" value="-360"/><string name="u" value="enH1"/><int name="no" value="1"/><int name="zM" value="31"/></imgdir><imgdir name="16"><int name="x" value="810"/><int name="y" value="-360"/><string name="u" value="enH1"/><int name="no" value="0"/><int name="zM" value="31"/></imgdir><imgdir name="73"><int name="x" value="720"/><int name="y" value="-360"/><string name="u" value="enH1"/><int name="no" value="1"/><int name="zM" value="31"/></imgdir><imgdir name="218"><int name="x" value="990"/><int name="y" value="-420"/><string name="u" value="slRD"/><int name="no" value="1"/><int name="zM" value="31"/></imgdir><imgdir name="4"><int name="x" value="1260"/><int name="y" value="-420"/><string name="u" value="enH0"/><int name="no" value="0"/><int name="zM" value="32"/></imgdir><imgdir name="166"><int name="x" value="1350"/><int name="y" value="-420"/><string name="u" value="edD"/><int name="no" value="0"/><int name="zM" value="32"/></imgdir><imgdir name="223"><int name="x" value="1350"/><int name="y" value="-420"/><string name="u" value="edU"/><int name="no" value="0"/><int name="zM" value="32"/></imgdir><imgdir name="202"><int name="x" value="1260"/><int name="y" value="-420"/><string name="u" value="edU"/><int name="no" value="0"/><int name="zM" value="32"/></imgdir><imgdir name="158"><int name="x" value="1260"/><int name="y" value="-420"/><string name="u" value="enH1"/><int name="no" value="1"/><int name="zM" value="32"/></imgdir><imgdir name="44"><int name="x" value="630"/><int name="y" value="-360"/><string name="u" value="enH1"/><int name="no" value="0"/><int name="zM" value="31"/></imgdir><imgdir name="203"><int name="x" value="1260"/><int name="y" value="-420"/><string name="u" value="edD"/><int name="no" value="0"/><int name="zM" value="32"/></imgdir><imgdir name="224"><int name="x" value="450"/><int name="y" value="-420"/><string name="u" value="slLD"/><int name="no" value="1"/><int name="zM" value="31"/></imgdir><imgdir name="154"><int name="x" value="540"/><int name="y" value="-360"/><string name="u" value="enH1"/><int name="no" value="1"/><int name="zM" value="31"/></imgdir><imgdir name="152"><int name="x" value="450"/><int name="y" value="-360"/><string name="u" value="edD"/><int name="no" value="0"/><int name="zM" value="31"/></imgdir><imgdir name="163"><int name="x" value="450"/><int name="y" value="-360"/><string name="u" value="enH1"/><int name="no" value="1"/><int name="zM" value="31"/></imgdir><imgdir name="176"><int name="x" value="360"/><int name="y" value="-420"/><string name="u" value="edD"/><int name="no" value="0"/><int name="zM" value="31"/></imgdir><imgdir name="196"><int name="x" value="360"/><int name="y" value="-420"/><string name="u" value="edU"/><int name="no" value="1"/><int name="zM" value="31"/></imgdir><imgdir name="155"><int name="x" value="450"/><int name="y" value="-420"/><string name="u" value="bsc"/><int name="no" value="4"/><int name="zM" value="31"/></imgdir><imgdir name="15"><int name="x" value="90"/><int name="y" value="-420"/><string name="u" value="enH1"/><int name="no" value="0"/><int name="zM" value="33"/></imgdir><imgdir name="14"><int name="x" value="90"/><int name="y" value="-420"/><string name="u" value="enH0"/><int name="no" value="1"/><int name="zM" value="33"/></imgdir><imgdir name="13"><int name="x" value="90"/><int name="y" value="-420"/><string name="u" value="edD"/><int name="no" value="0"/><int name="zM" value="33"/></imgdir><imgdir name="19"><int name="x" value="90"/><int name="y" value="-420"/><string name="u" value="edU"/><int name="no" value="0"/><int name="zM" value="33"/></imgdir><imgdir name="11"><int name="x" value="180"/><int name="y" value="-420"/><string name="u" value="edD"/><int name="no" value="0"/><int name="zM" value="33"/></imgdir><imgdir name="21"><int name="x" value="180"/><int name="y" value="-420"/><string name="u" value="edU"/><int name="no" value="1"/><int name="zM" value="33"/></imgdir><imgdir name="9"><int name="x" value="450"/><int name="y" value="-420"/><string name="u" value="enH0"/><int name="no" value="1"/><int name="zM" value="31"/></imgdir><imgdir name="23"><int name="x" value="540"/><int name="y" value="-420"/><string name="u" value="enH0"/><int name="no" value="0"/><int name="zM" value="31"/></imgdir><imgdir name="7"><int name="x" value="540"/><int name="y" value="-420"/><string name="u" value="bsc"/><int name="no" value="3"/><int name="zM" value="31"/></imgdir><imgdir name="25"><int name="x" value="360"/><int name="y" value="-420"/><string name="u" value="enH0"/><int name="no" value="1"/><int name="zM" value="31"/></imgdir><imgdir name="230"><int name="x" value="0"/><int name="y" value="300"/><string name="u" value="enH0"/><int name="no" value="0"/><int name="zM" value="0"/></imgdir><imgdir name="229"><int name="x" value="0"/><int name="y" value="300"/><string name="u" value="bsc"/><int name="no" value="2"/><int name="zM" value="0"/></imgdir><imgdir name="228"><int name="x" value="90"/><int name="y" value="300"/><string name="u" value="bsc"/><int name="no" value="4"/><int name="zM" value="0"/></imgdir><imgdir name="227"><int name="x" value="90"/><int name="y" value="300"/><string name="u" value="enH0"/><int name="no" value="0"/><int name="zM" value="0"/></imgdir><imgdir name="6"><int name="x" value="270"/><int name="y" value="300"/><string name="u" value="enV1"/><int name="no" value="1"/><int name="zM" value="0"/></imgdir><imgdir name="36"><int name="x" value="270"/><int name="y" value="300"/><string name="u" value="edU"/><int name="no" value="1"/><int name="zM" value="0"/></imgdir><imgdir name="34"><int name="x" value="180"/><int name="y" value="300"/><string name="u" value="enH0"/><int name="no" value="1"/><int name="zM" value="0"/></imgdir><imgdir name="225"><int name="x" value="-90"/><int name="y" value="480"/><string name="u" value="bsc"/><int name="no" value="3"/><int name="zM" value="0"/></imgdir><imgdir name="226"><int name="x" value="-90"/><int name="y" value="300"/><string name="u" value="bsc"/><int name="no" value="1"/><int name="zM" value="0"/></imgdir><imgdir name="3"><int name="x" value="-90"/><int name="y" value="360"/><string name="u" value="bsc"/><int name="no" value="3"/><int name="zM" value="0"/></imgdir><imgdir name="206"><int name="x" value="-90"/><int name="y" value="420"/><string name="u" value="bsc"/><int name="no" value="3"/><int name="zM" value="0"/></imgdir><imgdir name="170"><int name="x" value="-90"/><int name="y" value="300"/><string name="u" value="enH0"/><int name="no" value="0"/><int name="zM" value="0"/></imgdir><imgdir name="212"><int name="x" value="180"/><int name="y" value="300"/><string name="u" value="bsc"/><int name="no" value="2"/><int name="zM" value="0"/></imgdir></imgdir><imgdir name="obj"><imgdir name="6"><int name="x" value="1214"/><int name="y" value="157"/><int name="z" value="2"/><string name="oS" value="acc1"/><string name="l0" value="grassySoil"/><string name="l1" value="nature"/><string name="l2" value="13"/><int name="f" value="0"/><int name="zM" value="0"/></imgdir><imgdir name="11"><int name="x" value="513"/><int name="y" value="336"/><int name="z" value="2"/><string name="oS" value="acc1"/><string name="l0" value="midForest"/><string name="l1" value="nature"/><string name="l2" value="10"/><int name="f" value="0"/><int name="zM" value="0"/></imgdir><imgdir name="12"><int name="x" value="610"/><int name="y" value="336"/><int name="z" value="1"/><string name="oS" value="acc1"/><string name="l0" value="midForest"/><string name="l1" value="nature"/><string name="l2" value="10"/><int name="f" value="0"/><int name="zM" value="0"/></imgdir><imgdir name="13"><int name="x" value="1252"/><int name="y" value="197"/><int name="z" value="7"/><string name="oS" value="acc1"/><string name="l0" value="midForest"/><string name="l1" value="nature"/><string name="l2" value="11"/><int name="f" value="0"/><int name="zM" value="0"/></imgdir><imgdir name="19"><int name="x" value="1255"/><int name="y" value="-214"/><int name="z" value="2"/><string name="oS" value="acc1"/><string name="l0" value="midForest"/><string name="l1" value="nature"/><string name="l2" value="6"/><int name="f" value="0"/><int name="zM" value="14"/></imgdir><imgdir name="20"><int name="x" value="897"/><int name="y" value="-101"/><int name="z" value="3"/><string name="oS" value="acc1"/><string name="l0" value="midForest"/><string name="l1" value="nature"/><string name="l2" value="11"/><int name="f" value="0"/><int name="zM" value="14"/></imgdir><imgdir name="21"><int name="x" value="887"/><int name="y" value="-146"/><int name="z" value="1"/><string name="oS" value="acc1"/><string name="l0" value="grassySoil"/><string name="l1" value="nature"/><string name="l2" value="13"/><int name="f" value="0"/><int name="zM" value="14"/></imgdir><imgdir name="18"><int name="x" value="1120"/><int name="y" value="-258"/><int name="z" value="3"/><string name="oS" value="acc1"/><string name="l0" value="midForest"/><string name="l1" value="nature"/><string name="l2" value="2"/><int name="f" value="0"/><int name="zM" value="14"/></imgdir><imgdir name="22"><int name="x" value="33"/><int name="y" value="-266"/><int name="z" value="3"/><string name="oS" value="acc1"/><string name="l0" value="midForest"/><string name="l1" value="nature"/><string name="l2" value="10"/><int name="f" value="0"/><int name="zM" value="18"/></imgdir><imgdir name="23"><int name="x" value="136"/><int name="y" value="-269"/><int name="z" value="0"/><string name="oS" value="acc1"/><string name="l0" value="midForest"/><string name="l1" value="nature"/><string name="l2" value="10"/><int name="f" value="0"/><int name="zM" value="18"/></imgdir><imgdir name="25"><int name="x" value="-39"/><int name="y" value="-266"/><int name="z" value="4"/><string name="oS" value="acc1"/><string name="l0" value="midForest"/><string name="l1" value="nature"/><string name="l2" value="8"/><int name="f" value="0"/><int name="zM" value="18"/></imgdir><imgdir name="8"><int name="x" value="733"/><int name="y" value="232"/><int name="z" value="2"/><string name="oS" value="acc1"/><string name="l0" value="midForest"/><string name="l1" value="nature"/><string name="l2" value="3"/><int name="f" value="0"/><int name="zM" value="0"/></imgdir><imgdir name="16"><int name="x" value="-42"/><int name="y" value="201"/><int name="z" value="4"/><string name="oS" value="guide"/><string name="l0" value="midForest"/><string name="l1" value="wood"/><string name="l2" value="0"/><int name="f" value="0"/><int name="zM" value="0"/></imgdir><imgdir name="2"><string name="oS" value="acc1"/><string name="l0" value="darkWood"/><string name="l1" value="nature"/><string name="l2" value="16"/><int name="x" value="982"/><int name="y" value="370"/><int name="z" value="0"/><int name="f" value="0"/><int name="zM" value="0"/></imgdir><imgdir name="15"><string name="oS" value="acc1"/><string name="l0" value="darkWood"/><string name="l1" value="nature"/><string name="l2" value="16"/><int name="x" value="587"/><int name="y" value="-468"/><int name="z" value="3"/><int name="f" value="0"/><int name="zM" value="31"/></imgdir><imgdir name="17"><string name="oS" value="acc1"/><string name="l0" value="darkWood"/><string name="l1" value="nature"/><string name="l2" value="9"/><int name="x" value="642"/><int name="y" value="-490"/><int name="z" value="2"/><int name="f" value="0"/><int name="zM" value="31"/></imgdir><imgdir name="14"><string name="oS" value="acc1"/><string name="l0" value="darkWood"/><string name="l1" value="nature"/><string name="l2" value="16"/><int name="x" value="62"/><int name="y" value="-233"/><int name="z" value="1"/><int name="f" value="0"/><int name="zM" value="18"/></imgdir><imgdir name="3"><int name="x" value="690"/><int name="y" value="-521"/><int name="z" value="3"/><string name="oS" value="acc1"/><string name="l0" value="midForest"/><string name="l1" value="nature"/><string name="l2" value="6"/><int name="f" value="0"/><int name="zM" value="31"/></imgdir><imgdir name="33"><int name="x" value="856"/><int name="y" value="-546"/><int name="z" value="4"/><string name="oS" value="acc1"/><string name="l0" value="midForest"/><string name="l1" value="nature"/><string name="l2" value="2"/><int name="f" value="0"/><int name="zM" value="31"/></imgdir><imgdir name="4"><string name="oS" value="acc1"/><string name="l0" value="midForest"/><string name="l1" value="nature"/><string name="l2" value="4"/><int name="x" value="1389"/><int name="y" value="55"/><int name="z" value="6"/><int name="f" value="0"/><int name="zM" value="0"/></imgdir><imgdir name="0"><string name="oS" value="acc1"/><string name="l0" value="grassySoil"/><string name="l1" value="nature"/><string name="l2" value="6"/><int name="x" value="1528"/><int name="y" value="186"/><int name="z" value="3"/><int name="f" value="0"/><int name="zM" value="0"/></imgdir><imgdir name="31"><string name="oS" value="guide"/><string name="l0" value="midForest"/><string name="l1" value="wood"/><string name="l2" value="0"/><int name="x" value="1329"/><int name="y" value="141"/><int name="z" value="10"/><int name="f" value="0"/><int name="zM" value="0"/></imgdir><imgdir name="5"><string name="oS" value="guide"/><string name="l0" value="midForest"/><string name="l1" value="wood"/><string name="l2" value="4"/><int name="x" value="-7"/><int name="y" value="226"/><int name="z" value="9"/><int name="f" value="0"/><int name="zM" value="0"/></imgdir><imgdir name="24"><string name="oS" value="acc1"/><string name="l0" value="midForest"/><string name="l1" value="nature"/><string name="l2" value="3"/><int name="x" value="178"/><int name="y" value="115"/><int name="z" value="2"/><int name="f" value="0"/><int name="zM" value="0"/></imgdir><imgdir name="32"><string name="oS" value="acc1"/><string name="l0" value="midForest"/><string name="l1" value="nature"/><string name="l2" value="2"/><int name="x" value="126"/><int name="y" value="155"/><int name="z" value="4"/><int name="f" value="0"/><int name="zM" value="0"/></imgdir><imgdir name="27"><string name="oS" value="acc1"/><string name="l0" value="grassySoil"/><string name="l1" value="nature"/><string name="l2" value="6"/><int name="x" value="1505"/><int name="y" value="186"/><int name="z" value="4"/><int name="f" value="0"/><int name="zM" value="0"/></imgdir><imgdir name="28"><string name="oS" value="acc1"/><string name="l0" value="grassySoil"/><string name="l1" value="nature"/><string name="l2" value="5"/><int name="x" value="1482"/><int name="y" value="181"/><int name="z" value="3"/><int name="f" value="0"/><int name="zM" value="0"/></imgdir><imgdir name="1"><string name="oS" value="guide"/><string name="l0" value="midForest"/><string name="l1" value="wood"/><string name="l2" value="4"/><int name="x" value="1361"/><int name="y" value="166"/><int name="z" value="9"/><int name="f" value="0"/><int name="zM" value="7"/></imgdir><imgdir name="10"><string name="oS" value="acc1"/><string name="l0" value="darkWood"/><string name="l1" value="nature"/><string name="l2" value="16"/><int name="x" value="1257"/><int name="y" value="-170"/><int name="z" value="4"/><int name="f" value="0"/><int name="zM" value="14"/></imgdir><imgdir name="7"><string name="oS" value="acc1"/><string name="l0" value="grassySoil"/><string name="l1" value="nature"/><string name="l2" value="13"/><int name="x" value="973"/><int name="y" value="-506"/><int name="z" value="0"/><int name="f" value="0"/><int name="zM" value="31"/></imgdir><imgdir name="30"><string name="oS" value="guide"/><string name="l0" value="midForest"/><string name="l1" value="wood"/><string name="l2" value="4"/><int name="x" value="1361"/><int name="y" value="130"/><int name="z" value="8"/><int name="f" value="0"/><int name="zM" value="0"/></imgdir><imgdir name="26"><string name="oS" value="guide"/><string name="l0" value="midForest"/><string name="l1" value="wood"/><string name="l2" value="4"/><int name="x" value="-9"/><int name="y" value="189"/><int name="z" value="9"/><int name="f" value="0"/><int name="zM" value="0"/></imgdir><imgdir name="9"><string name="oS" value="acc1"/><string name="l0" value="grassySoil"/><string name="l1" value="nature"/><string name="l2" value="13"/><int name="x" value="1423"/><int name="y" value="-204"/><int name="z" value="3"/><int name="f" value="1"/><int name="zM" value="14"/></imgdir><imgdir name="29"><string name="oS" value="acc1"/><string name="l0" value="grassySoil"/><string name="l1" value="nature"/><string name="l2" value="19"/><int name="x" value="1538"/><int name="y" value="135"/><int name="z" value="6"/><int name="f" value="0"/><int name="zM" value="0"/></imgdir></imgdir></imgdir><imgdir name="2"><imgdir name="info"></imgdir><imgdir name="tile"></imgdir><imgdir name="obj"><imgdir name="13"><string name="oS" value="connect"/><string name="l0" value="ladder"/><string name="l1" value="0"/><string name="l2" value="3"/><int name="x" value="1214"/><int name="y" value="169"/><int name="z" value="3"/><int name="f" value="0"/><int name="zM" value="6"/></imgdir><imgdir name="1"><string name="oS" value="connect"/><string name="l0" value="rope"/><string name="l1" value="0"/><string name="l2" value="3"/><int name="x" value="641"/><int name="y" value="67"/><int name="z" value="9"/><int name="f" value="0"/><int name="zM" value="8"/></imgdir><imgdir name="0"><string name="oS" value="connect"/><string name="l0" value="rope"/><string name="l1" value="0"/><string name="l2" value="1"/><int name="x" value="122"/><int name="y" value="-133"/><int name="z" value="9"/><int name="f" value="0"/><int name="zM" value="15"/></imgdir><imgdir name="2"><string name="oS" value="connect"/><string name="l0" value="rope"/><string name="l1" value="0"/><string name="l2" value="0"/><int name="x" value="641"/><int name="y" value="-75"/><int name="z" value="9"/><int name="f" value="0"/><int name="zM" value="16"/></imgdir><imgdir name="5"><string name="oS" value="connect"/><string name="l0" value="rope"/><string name="l1" value="0"/><string name="l2" value="2"/><int name="x" value="122"/><int name="y" value="192"/><int name="z" value="9"/><int name="f" value="0"/><int name="zM" value="5"/></imgdir><imgdir name="3"><string name="oS" value="connect"/><string name="l0" value="rope"/><string name="l1" value="0"/><string name="l2" value="1"/><int name="x" value="122"/><int name="y" value="163"/><int name="z" value="9"/><int name="f" value="0"/><int name="zM" value="5"/></imgdir><imgdir name="4"><string name="oS" value="connect"/><string name="l0" value="rope"/><string name="l1" value="0"/><string name="l2" value="1"/><int name="x" value="122"/><int name="y" value="134"/><int name="z" value="9"/><int name="f" value="0"/><int name="zM" value="5"/></imgdir><imgdir name="20"><string name="oS" value="connect"/><string name="l0" value="rope"/><string name="l1" value="0"/><string name="l2" value="1"/><int name="x" value="122"/><int name="y" value="-162"/><int name="z" value="9"/><int name="f" value="0"/><int name="zM" value="15"/></imgdir><imgdir name="18"><string name="oS" value="connect"/><string name="l0" value="rope"/><string name="l1" value="0"/><string name="l2" value="2"/><int name="x" value="641"/><int name="y" value="141"/><int name="z" value="9"/><int name="f" value="0"/><int name="zM" value="8"/></imgdir><imgdir name="19"><string name="oS" value="connect"/><string name="l0" value="rope"/><string name="l1" value="0"/><string name="l2" value="0"/><int name="x" value="522"/><int name="y" value="101"/><int name="z" value="9"/><int name="f" value="0"/><int name="zM" value="4"/></imgdir><imgdir name="16"><string name="oS" value="connect"/><string name="l0" value="ladder"/><string name="l1" value="0"/><string name="l2" value="3"/><int name="x" value="1131"/><int name="y" value="74"/><int name="z" value="3"/><int name="f" value="0"/><int name="zM" value="11"/></imgdir><imgdir name="17"><string name="oS" value="connect"/><string name="l0" value="ladder"/><string name="l1" value="0"/><string name="l2" value="1"/><int name="x" value="1131"/><int name="y" value="44"/><int name="z" value="3"/><int name="f" value="0"/><int name="zM" value="12"/></imgdir><imgdir name="9"><string name="oS" value="connect"/><string name="l0" value="ladder"/><string name="l1" value="0"/><string name="l2" value="2"/><int name="x" value="1131"/><int name="y" value="-7"/><int name="z" value="3"/><int name="f" value="0"/><int name="zM" value="12"/></imgdir><imgdir name="10"><string name="oS" value="connect"/><string name="l0" value="ladder"/><string name="l1" value="0"/><string name="l2" value="1"/><int name="x" value="1131"/><int name="y" value="-57"/><int name="z" value="3"/><int name="f" value="0"/><int name="zM" value="19"/></imgdir><imgdir name="8"><string name="oS" value="connect"/><string name="l0" value="ladder"/><string name="l1" value="0"/><string name="l2" value="2"/><int name="x" value="1131"/><int name="y" value="-108"/><int name="z" value="3"/><int name="f" value="0"/><int name="zM" value="19"/></imgdir><imgdir name="14"><string name="oS" value="connect"/><string name="l0" value="rope"/><string name="l1" value="0"/><string name="l2" value="1"/><int name="x" value="641"/><int name="y" value="-7"/><int name="z" value="9"/><int name="f" value="0"/><int name="zM" value="8"/></imgdir><imgdir name="15"><string name="oS" value="connect"/><string name="l0" value="rope"/><string name="l1" value="0"/><string name="l2" value="3"/><int name="x" value="122"/><int name="y" value="60"/><int name="z" value="9"/><int name="f" value="0"/><int name="zM" value="5"/></imgdir><imgdir name="23"><string name="oS" value="connect"/><string name="l0" value="rope"/><string name="l1" value="0"/><string name="l2" value="3"/><int name="x" value="122"/><int name="y" value="-59"/><int name="z" value="9"/><int name="f" value="0"/><int name="zM" value="15"/></imgdir><imgdir name="25"><string name="oS" value="connect"/><string name="l0" value="rope"/><string name="l1" value="0"/><string name="l2" value="1"/><int name="x" value="522"/><int name="y" value="260"/><int name="z" value="9"/><int name="f" value="0"/><int name="zM" value="3"/></imgdir><imgdir name="26"><string name="oS" value="connect"/><string name="l0" value="rope"/><string name="l1" value="0"/><string name="l2" value="1"/><int name="x" value="522"/><int name="y" value="290"/><int name="z" value="9"/><int name="f" value="0"/><int name="zM" value="2"/></imgdir><imgdir name="27"><string name="oS" value="connect"/><string name="l0" value="rope"/><string name="l1" value="0"/><string name="l2" value="2"/><int name="x" value="522"/><int name="y" value="319"/><int name="z" value="9"/><int name="f" value="0"/><int name="zM" value="2"/></imgdir><imgdir name="24"><string name="oS" value="connect"/><string name="l0" value="rope"/><string name="l1" value="0"/><string name="l2" value="3"/><int name="x" value="522"/><int name="y" value="185"/><int name="z" value="9"/><int name="f" value="0"/><int name="zM" value="4"/></imgdir><imgdir name="30"><string name="oS" value="connect"/><string name="l0" value="rope"/><string name="l1" value="0"/><string name="l2" value="0"/><int name="x" value="122"/><int name="y" value="-201"/><int name="z" value="9"/><int name="f" value="0"/><int name="zM" value="15"/></imgdir><imgdir name="29"><string name="oS" value="connect"/><string name="l0" value="ladder"/><string name="l1" value="0"/><string name="l2" value="1"/><int name="x" value="1214"/><int name="y" value="139"/><int name="z" value="3"/><int name="f" value="0"/><int name="zM" value="6"/></imgdir><imgdir name="28"><string name="oS" value="connect"/><string name="l0" value="ladder"/><string name="l1" value="0"/><string name="l2" value="2"/><int name="x" value="1214"/><int name="y" value="88"/><int name="z" value="3"/><int name="f" value="0"/><int name="zM" value="10"/></imgdir><imgdir name="31"><string name="oS" value="connect"/><string name="l0" value="ladder"/><string name="l1" value="0"/><string name="l2" value="1"/><int name="x" value="1214"/><int name="y" value="37"/><int name="z" value="3"/><int name="f" value="0"/><int name="zM" value="13"/></imgdir><imgdir name="12"><string name="oS" value="connect"/><string name="l0" value="ladder"/><string name="l1" value="0"/><string name="l2" value="1"/><int name="x" value="1214"/><int name="y" value="-65"/><int name="z" value="3"/><int name="f" value="0"/><int name="zM" value="13"/></imgdir><imgdir name="6"><string name="oS" value="connect"/><string name="l0" value="rope"/><string name="l1" value="0"/><string name="l2" value="1"/><int name="x" value="641"/><int name="y" value="-36"/><int name="z" value="9"/><int name="f" value="0"/><int name="zM" value="16"/></imgdir><imgdir name="22"><string name="oS" value="connect"/><string name="l0" value="ladder"/><string name="l1" value="0"/><string name="l2" value="0"/><int name="x" value="1214"/><int name="y" value="-147"/><int name="z" value="3"/><int name="f" value="0"/><int name="zM" value="13"/></imgdir><imgdir name="21"><string name="oS" value="connect"/><string name="l0" value="ladder"/><string name="l1" value="0"/><string name="l2" value="1"/><int name="x" value="1214"/><int name="y" value="-112"/><int name="z" value="3"/><int name="f" value="0"/><int name="zM" value="13"/></imgdir><imgdir name="7"><string name="oS" value="connect"/><string name="l0" value="ladder"/><string name="l1" value="0"/><string name="l2" value="0"/><int name="x" value="1131"/><int name="y" value="-147"/><int name="z" value="3"/><int name="f" value="0"/><int name="zM" value="19"/></imgdir><imgdir name="11"><string name="oS" value="connect"/><string name="l0" value="ladder"/><string name="l1" value="0"/><string name="l2" value="2"/><int name="x" value="1214"/><int name="y" value="-14"/><int name="z" value="3"/><int name="f" value="0"/><int name="zM" value="13"/></imgdir><imgdir name="32"><string name="oS" value="connect"/><string name="l0" value="rope"/><string name="l1" value="0"/><string name="l2" value="0"/><int name="x" value="693"/><int name="y" value="-441"/><int name="z" value="9"/><int name="f" value="0"/><int name="zM" value="27"/></imgdir><imgdir name="33"><string name="oS" value="connect"/><string name="l0" value="rope"/><string name="l1" value="0"/><string name="l2" value="3"/><int name="x" value="693"/><int name="y" value="-357"/><int name="z" value="9"/><int name="f" value="0"/><int name="zM" value="27"/></imgdir><imgdir name="34"><string name="oS" value="connect"/><string name="l0" value="rope"/><string name="l1" value="0"/><string name="l2" value="1"/><int name="x" value="693"/><int name="y" value="-283"/><int name="z" value="9"/><int name="f" value="0"/><int name="zM" value="27"/></imgdir><imgdir name="35"><string name="oS" value="connect"/><string name="l0" value="rope"/><string name="l1" value="0"/><string name="l2" value="1"/><int name="x" value="693"/><int name="y" value="-254"/><int name="z" value="9"/><int name="f" value="0"/><int name="zM" value="27"/></imgdir><imgdir name="36"><string name="oS" value="connect"/><string name="l0" value="rope"/><string name="l1" value="0"/><string name="l2" value="2"/><int name="x" value="693"/><int name="y" value="-164"/><int name="z" value="9"/><int name="f" value="0"/><int name="zM" value="21"/></imgdir><imgdir name="37"><string name="oS" value="connect"/><string name="l0" value="rope"/><string name="l1" value="0"/><string name="l2" value="0"/><int name="x" value="928"/><int name="y" value="-437"/><int name="z" value="9"/><int name="f" value="0"/><int name="zM" value="34"/></imgdir><imgdir name="38"><string name="oS" value="connect"/><string name="l0" value="rope"/><string name="l1" value="0"/><string name="l2" value="3"/><int name="x" value="928"/><int name="y" value="-352"/><int name="z" value="9"/><int name="f" value="0"/><int name="zM" value="22"/></imgdir><imgdir name="39"><string name="oS" value="connect"/><string name="l0" value="rope"/><string name="l1" value="0"/><string name="l2" value="3"/><int name="x" value="928"/><int name="y" value="-233"/><int name="z" value="9"/><int name="f" value="0"/><int name="zM" value="22"/></imgdir><imgdir name="40"><string name="oS" value="connect"/><string name="l0" value="rope"/><string name="l1" value="0"/><string name="l2" value="2"/><int name="x" value="928"/><int name="y" value="-158"/><int name="z" value="9"/><int name="f" value="0"/><int name="zM" value="20"/></imgdir><imgdir name="41"><string name="oS" value="connect"/><string name="l0" value="ladder"/><string name="l1" value="0"/><string name="l2" value="4"/><int name="x" value="443"/><int name="y" value="-325"/><int name="z" value="9"/><int name="f" value="0"/><int name="zM" value="24"/></imgdir><imgdir name="42"><string name="oS" value="connect"/><string name="l0" value="rope"/><string name="l1" value="0"/><string name="l2" value="0"/><int name="x" value="155"/><int name="y" value="-442"/><int name="z" value="9"/><int name="f" value="0"/><int name="zM" value="28"/></imgdir><imgdir name="43"><string name="oS" value="connect"/><string name="l0" value="rope"/><string name="l1" value="0"/><string name="l2" value="3"/><int name="x" value="155"/><int name="y" value="-358"/><int name="z" value="9"/><int name="f" value="0"/><int name="zM" value="28"/></imgdir><imgdir name="44"><string name="oS" value="connect"/><string name="l0" value="rope"/><string name="l1" value="0"/><string name="l2" value="1"/><int name="x" value="155"/><int name="y" value="-284"/><int name="z" value="9"/><int name="f" value="0"/><int name="zM" value="28"/></imgdir><imgdir name="46"><string name="oS" value="connect"/><string name="l0" value="rope"/><string name="l1" value="0"/><string name="l2" value="2"/><int name="x" value="155"/><int name="y" value="-255"/><int name="z" value="9"/><int name="f" value="0"/><int name="zM" value="28"/></imgdir><imgdir name="47"><string name="oS" value="connect"/><string name="l0" value="rope"/><string name="l1" value="0"/><string name="l2" value="0"/><int name="x" value="1308"/><int name="y" value="-441"/><int name="z" value="9"/><int name="f" value="0"/><int name="zM" value="35"/></imgdir><imgdir name="45"><string name="oS" value="connect"/><string name="l0" value="rope"/><string name="l1" value="0"/><string name="l2" value="2"/><int name="x" value="1308"/><int name="y" value="-222"/><int name="z" value="9"/><int name="f" value="0"/><int name="zM" value="25"/></imgdir><imgdir name="48"><string name="oS" value="connect"/><string name="l0" value="rope"/><string name="l1" value="0"/><string name="l2" value="3"/><int name="x" value="1308"/><int name="y" value="-356"/><int name="z" value="9"/><int name="f" value="0"/><int name="zM" value="30"/></imgdir><imgdir name="49"><string name="oS" value="connect"/><string name="l0" value="rope"/><string name="l1" value="0"/><string name="l2" value="1"/><int name="x" value="1308"/><int name="y" value="-281"/><int name="z" value="9"/><int name="f" value="0"/><int name="zM" value="29"/></imgdir><imgdir name="50"><string name="oS" value="connect"/><string name="l0" value="rope"/><string name="l1" value="0"/><string name="l2" value="1"/><int name="x" value="1308"/><int name="y" value="-251"/><int name="z" value="9"/><int name="f" value="0"/><int name="zM" value="25"/></imgdir><imgdir name="51"><string name="oS" value="connect"/><string name="l0" value="rope"/><string name="l1" value="0"/><string name="l2" value="1"/><int name="x" value="693"/><int name="y" value="-224"/><int name="z" value="9"/><int name="f" value="0"/><int name="zM" value="26"/></imgdir><imgdir name="52"><string name="oS" value="connect"/><string name="l0" value="rope"/><string name="l1" value="0"/><string name="l2" value="1"/><int name="x" value="693"/><int name="y" value="-194"/><int name="z" value="9"/><int name="f" value="0"/><int name="zM" value="23"/></imgdir></imgdir></imgdir><imgdir name="3"><imgdir name="info"></imgdir><imgdir name="tile"></imgdir><imgdir name="obj"><imgdir name="2"><int name="x" value="451"/><int name="y" value="363"/><int name="z" value="3"/><string name="oS" value="acc1"/><string name="l0" value="grassySoil"/><string name="l1" value="nature"/><string name="l2" value="5"/><int name="f" value="0"/><int name="zM" value="1"/></imgdir><imgdir name="1"><int name="x" value="483"/><int name="y" value="370"/><int name="z" value="4"/><string name="oS" value="acc1"/><string name="l0" value="grassySoil"/><string name="l1" value="nature"/><string name="l2" value="6"/><int name="f" value="0"/><int name="zM" value="1"/></imgdir><imgdir name="0"><string name="oS" value="acc1"/><string name="l0" value="grassySoil"/><string name="l1" value="nature"/><string name="l2" value="20"/><int name="x" value="492"/><int name="y" value="340"/><int name="z" value="4"/><int name="f" value="0"/><int name="zM" value="1"/></imgdir></imgdir></imgdir><imgdir name="4"><imgdir name="info"></imgdir><imgdir name="tile"></imgdir><imgdir name="obj"></imgdir></imgdir><imgdir name="5"><imgdir name="info"></imgdir><imgdir name="tile"></imgdir><imgdir name="obj"></imgdir></imgdir><imgdir name="6"><imgdir name="info"></imgdir><imgdir name="tile"></imgdir><imgdir name="obj"></imgdir></imgdir><imgdir name="7"><imgdir name="info"></imgdir><imgdir name="tile"></imgdir><imgdir name="obj"></imgdir></imgdir><imgdir name="reactor"></imgdir><imgdir name="ToolTip"><imgdir name="0"><int name="x1" value="-34"/><int name="y1" value="184"/><int name="x2" value="14"/><int name="y2" value="196"/></imgdir><imgdir name="1"><int name="x1" value="-32"/><int name="y1" value="218"/><int name="x2" value="18"/><int name="y2" value="233"/></imgdir><imgdir name="2"><int name="x1" value="1335"/><int name="y1" value="123"/><int name="x2" value="1387"/><int name="y2" value="135"/></imgdir><imgdir name="3"><int name="x1" value="1338"/><int name="y1" value="161"/><int name="x2" value="1386"/><int name="y2" value="173"/></imgdir></imgdir><imgdir name="foothold"><imgdir name="1"><imgdir name="18"><imgdir name="1"><int name="x1" value="0"/><int name="y1" value="-205"/><int name="x2" value="90"/><int name="y2" value="-205"/><int name="prev" value="6"/><int name="next" value="8"/></imgdir><imgdir name="2"><int name="x1" value="579"/><int name="y1" value="-85"/><int name="x2" value="579"/><int name="y2" value="-60"/><int name="prev" value="5"/><int name="next" value="0"/></imgdir><imgdir name="3"><int name="x1" value="270"/><int name="y1" value="-145"/><int name="x2" value="360"/><int name="y2" value="-145"/><int name="prev" value="7"/><int name="next" value="9"/></imgdir><imgdir name="4"><int name="x1" value="450"/><int name="y1" value="-145"/><int name="x2" value="540"/><int name="y2" value="-85"/><int name="prev" value="9"/><int name="next" value="5"/></imgdir><imgdir name="5"><int name="x1" value="540"/><int name="y1" value="-85"/><int name="x2" value="579"/><int name="y2" value="-85"/><int name="prev" value="4"/><int name="next" value="2"/></imgdir><imgdir name="6"><int name="x1" value="-90"/><int name="y1" value="-205"/><int name="x2" value="0"/><int name="y2" value="-205"/><int name="prev" value="0"/><int name="next" value="1"/></imgdir><imgdir name="7"><int name="x1" value="180"/><int name="y1" value="-205"/><int name="x2" value="270"/><int name="y2" value="-145"/><int name="prev" value="8"/><int name="next" value="3"/></imgdir><imgdir name="8"><int name="x1" value="90"/><int name="y1" value="-205"/><int name="x2" value="180"/><int name="y2" value="-205"/><int name="prev" value="1"/><int name="next" value="7"/></imgdir><imgdir name="9"><int name="x1" value="360"/><int name="y1" value="-145"/><int name="x2" value="450"/><int name="y2" value="-145"/><int name="prev" value="3"/><int name="next" value="4"/></imgdir></imgdir><imgdir name="14"><imgdir name="10"><int name="x1" value="1440"/><int name="y1" value="-145"/><int name="x2" value="1530"/><int name="y2" value="-145"/><int name="prev" value="17"/><int name="next" value="0"/></imgdir><imgdir name="11"><int name="x1" value="1260"/><int name="y1" value="-145"/><int name="x2" value="1350"/><int name="y2" value="-145"/><int name="prev" value="14"/><int name="next" value="17"/></imgdir><imgdir name="12"><int name="x1" value="990"/><int name="y1" value="-85"/><int name="x2" value="1080"/><int name="y2" value="-145"/><int name="prev" value="13"/><int name="next" value="19"/></imgdir><imgdir name="13"><int name="x1" value="900"/><int name="y1" value="-85"/><int name="x2" value="990"/><int name="y2" value="-85"/><int name="prev" value="18"/><int name="next" value="12"/></imgdir><imgdir name="14"><int name="x1" value="1170"/><int name="y1" value="-145"/><int name="x2" value="1260"/><int name="y2" value="-145"/><int name="prev" value="19"/><int name="next" value="11"/></imgdir><imgdir name="15"><int name="x1" value="771"/><int name="y1" value="-60"/><int name="x2" value="771"/><int name="y2" value="-85"/><int name="prev" value="0"/><int name="next" value="16"/></imgdir><imgdir name="16"><int name="x1" value="771"/><int name="y1" value="-85"/><int name="x2" value="849"/><int name="y2" value="-85"/><int name="prev" value="15"/><int name="next" value="18"/></imgdir><imgdir name="17"><int name="x1" value="1350"/><int name="y1" value="-145"/><int name="x2" value="1440"/><int name="y2" value="-145"/><int name="prev" value="11"/><int name="next" value="10"/></imgdir><imgdir name="18"><int name="x1" value="849"/><int name="y1" value="-85"/><int name="x2" value="900"/><int name="y2" value="-85"/><int name="prev" value="16"/><int name="next" value="13"/></imgdir><imgdir name="19"><int name="x1" value="1080"/><int name="y1" value="-145"/><int name="x2" value="1170"/><int name="y2" value="-145"/><int name="prev" value="12"/><int name="next" value="14"/></imgdir></imgdir><imgdir name="32"><imgdir name="20"><int name="x1" value="1260"/><int name="y1" value="-445"/><int name="x2" value="1299"/><int name="y2" value="-445"/><int name="prev" value="22"/><int name="next" value="23"/></imgdir><imgdir name="21"><int name="x1" value="1221"/><int name="y1" value="-420"/><int name="x2" value="1221"/><int name="y2" value="-445"/><int name="prev" value="0"/><int name="next" value="22"/></imgdir><imgdir name="22"><int name="x1" value="1221"/><int name="y1" value="-445"/><int name="x2" value="1260"/><int name="y2" value="-445"/><int name="prev" value="21"/><int name="next" value="20"/></imgdir><imgdir name="23"><int name="x1" value="1299"/><int name="y1" value="-445"/><int name="x2" value="1311"/><int name="y2" value="-445"/><int name="prev" value="20"/><int name="next" value="24"/></imgdir><imgdir name="24"><int name="x1" value="1311"/><int name="y1" value="-445"/><int name="x2" value="1350"/><int name="y2" value="-445"/><int name="prev" value="23"/><int name="next" value="25"/></imgdir><imgdir name="25"><int name="x1" value="1350"/><int name="y1" value="-445"/><int name="x2" value="1389"/><int name="y2" value="-445"/><int name="prev" value="24"/><int name="next" value="26"/></imgdir><imgdir name="26"><int name="x1" value="1389"/><int name="y1" value="-445"/><int name="x2" value="1389"/><int name="y2" value="-420"/><int name="prev" value="25"/><int name="next" value="0"/></imgdir></imgdir><imgdir name="0"><imgdir name="27"><int name="x1" value="309"/><int name="y1" value="300"/><int name="x2" value="309"/><int name="y2" value="335"/><int name="prev" value="31"/><int name="next" value="36"/></imgdir><imgdir name="28"><int name="x1" value="180"/><int name="y1" value="275"/><int name="x2" value="231"/><int name="y2" value="275"/><int name="prev" value="61"/><int name="next" value="29"/></imgdir><imgdir name="29"><int name="x1" value="231"/><int name="y1" value="275"/><int name="x2" value="270"/><int name="y2" value="275"/><int name="prev" value="28"/><int name="next" value="30"/></imgdir><imgdir name="30"><int name="x1" value="270"/><int name="y1" value="275"/><int name="x2" value="309"/><int name="y2" value="275"/><int name="prev" value="29"/><int name="next" value="31"/></imgdir><imgdir name="31"><int name="x1" value="309"/><int name="y1" value="275"/><int name="x2" value="309"/><int name="y2" value="300"/><int name="prev" value="30"/><int name="next" value="27"/></imgdir><imgdir name="32"><int name="x1" value="321"/><int name="y1" value="335"/><int name="x2" value="399"/><int name="y2" value="335"/><int name="prev" value="36"/><int name="next" value="33"/></imgdir><imgdir name="33"><int name="x1" value="399"/><int name="y1" value="335"/><int name="x2" value="399"/><int name="y2" value="360"/><int name="prev" value="32"/><int name="next" value="34"/></imgdir><imgdir name="34"><int name="x1" value="399"/><int name="y1" value="360"/><int name="x2" value="399"/><int name="y2" value="395"/><int name="prev" value="33"/><int name="next" value="35"/></imgdir><imgdir name="35"><int name="x1" value="399"/><int name="y1" value="395"/><int name="x2" value="450"/><int name="y2" value="395"/><int name="prev" value="34"/><int name="next" value="37"/></imgdir><imgdir name="36"><int name="x1" value="309"/><int name="y1" value="335"/><int name="x2" value="321"/><int name="y2" value="335"/><int name="prev" value="27"/><int name="next" value="32"/></imgdir><imgdir name="37"><int name="x1" value="450"/><int name="y1" value="395"/><int name="x2" value="540"/><int name="y2" value="395"/><int name="prev" value="35"/><int name="next" value="42"/></imgdir><imgdir name="38"><int name="x1" value="630"/><int name="y1" value="395"/><int name="x2" value="720"/><int name="y2" value="395"/><int name="prev" value="42"/><int name="next" value="39"/></imgdir><imgdir name="39"><int name="x1" value="720"/><int name="y1" value="395"/><int name="x2" value="810"/><int name="y2" value="395"/><int name="prev" value="38"/><int name="next" value="40"/></imgdir><imgdir name="40"><int name="x1" value="810"/><int name="y1" value="395"/><int name="x2" value="861"/><int name="y2" value="395"/><int name="prev" value="39"/><int name="next" value="59"/></imgdir><imgdir name="41"><int name="x1" value="900"/><int name="y1" value="335"/><int name="x2" value="939"/><int name="y2" value="335"/><int name="prev" value="51"/><int name="next" value="52"/></imgdir><imgdir name="42"><int name="x1" value="540"/><int name="y1" value="395"/><int name="x2" value="630"/><int name="y2" value="395"/><int name="prev" value="37"/><int name="next" value="38"/></imgdir><imgdir name="43"><int name="x1" value="1041"/><int name="y1" value="240"/><int name="x2" value="1041"/><int name="y2" value="215"/><int name="prev" value="54"/><int name="next" value="44"/></imgdir><imgdir name="44"><int name="x1" value="1041"/><int name="y1" value="215"/><int name="x2" value="1119"/><int name="y2" value="215"/><int name="prev" value="43"/><int name="next" value="48"/></imgdir><imgdir name="45"><int name="x1" value="1170"/><int name="y1" value="215"/><int name="x2" value="1260"/><int name="y2" value="215"/><int name="prev" value="48"/><int name="next" value="47"/></imgdir><imgdir name="46"><int name="x1" value="1350"/><int name="y1" value="215"/><int name="x2" value="1440"/><int name="y2" value="215"/><int name="prev" value="47"/><int name="next" value="49"/></imgdir><imgdir name="47"><int name="x1" value="1260"/><int name="y1" value="215"/><int name="x2" value="1350"/><int name="y2" value="215"/><int name="prev" value="45"/><int name="next" value="46"/></imgdir><imgdir name="48"><int name="x1" value="1119"/><int name="y1" value="215"/><int name="x2" value="1170"/><int name="y2" value="215"/><int name="prev" value="44"/><int name="next" value="45"/></imgdir><imgdir name="49"><int name="x1" value="1440"/><int name="y1" value="215"/><int name="x2" value="1530"/><int name="y2" value="215"/><int name="prev" value="46"/><int name="next" value="0"/></imgdir><imgdir name="50"><int name="x1" value="861"/><int name="y1" value="360"/><int name="x2" value="861"/><int name="y2" value="335"/><int name="prev" value="59"/><int name="next" value="51"/></imgdir><imgdir name="51"><int name="x1" value="861"/><int name="y1" value="335"/><int name="x2" value="900"/><int name="y2" value="335"/><int name="prev" value="50"/><int name="next" value="41"/></imgdir><imgdir name="52"><int name="x1" value="939"/><int name="y1" value="335"/><int name="x2" value="951"/><int name="y2" value="335"/><int name="prev" value="41"/><int name="next" value="55"/></imgdir><imgdir name="53"><int name="x1" value="990"/><int name="y1" value="275"/><int name="x2" value="1029"/><int name="y2" value="275"/><int name="prev" value="57"/><int name="next" value="58"/></imgdir><imgdir name="54"><int name="x1" value="1041"/><int name="y1" value="275"/><int name="x2" value="1041"/><int name="y2" value="240"/><int name="prev" value="58"/><int name="next" value="43"/></imgdir><imgdir name="55"><int name="x1" value="951"/><int name="y1" value="335"/><int name="x2" value="951"/><int name="y2" value="300"/><int name="prev" value="52"/><int name="next" value="56"/></imgdir><imgdir name="56"><int name="x1" value="951"/><int name="y1" value="300"/><int name="x2" value="951"/><int name="y2" value="275"/><int name="prev" value="55"/><int name="next" value="57"/></imgdir><imgdir name="57"><int name="x1" value="951"/><int name="y1" value="275"/><int name="x2" value="990"/><int name="y2" value="275"/><int name="prev" value="56"/><int name="next" value="53"/></imgdir><imgdir name="58"><int name="x1" value="1029"/><int name="y1" value="275"/><int name="x2" value="1041"/><int name="y2" value="275"/><int name="prev" value="53"/><int name="next" value="54"/></imgdir><imgdir name="59"><int name="x1" value="861"/><int name="y1" value="395"/><int name="x2" value="861"/><int name="y2" value="360"/><int name="prev" value="40"/><int name="next" value="50"/></imgdir><imgdir name="60"><int name="x1" value="-90"/><int name="y1" value="275"/><int name="x2" value="0"/><int name="y2" value="275"/><int name="prev" value="0"/><int name="next" value="62"/></imgdir><imgdir name="61"><int name="x1" value="90"/><int name="y1" value="275"/><int name="x2" value="180"/><int name="y2" value="275"/><int name="prev" value="62"/><int name="next" value="28"/></imgdir><imgdir name="62"><int name="x1" value="0"/><int name="y1" value="275"/><int name="x2" value="90"/><int name="y2" value="275"/><int name="prev" value="60"/><int name="next" value="61"/></imgdir></imgdir><imgdir name="31"><imgdir name="63"><int name="x1" value="450"/><int name="y1" value="-445"/><int name="x2" value="540"/><int name="y2" value="-445"/><int name="prev" value="68"/><int name="next" value="64"/></imgdir><imgdir name="64"><int name="x1" value="540"/><int name="y1" value="-445"/><int name="x2" value="630"/><int name="y2" value="-445"/><int name="prev" value="63"/><int name="next" value="75"/></imgdir><imgdir name="65"><int name="x1" value="360"/><int name="y1" value="-445"/><int name="x2" value="399"/><int name="y2" value="-445"/><int name="prev" value="67"/><int name="next" value="68"/></imgdir><imgdir name="66"><int name="x1" value="321"/><int name="y1" value="-420"/><int name="x2" value="321"/><int name="y2" value="-445"/><int name="prev" value="0"/><int name="next" value="67"/></imgdir><imgdir name="67"><int name="x1" value="321"/><int name="y1" value="-445"/><int name="x2" value="360"/><int name="y2" value="-445"/><int name="prev" value="66"/><int name="next" value="65"/></imgdir><imgdir name="68"><int name="x1" value="399"/><int name="y1" value="-445"/><int name="x2" value="450"/><int name="y2" value="-445"/><int name="prev" value="65"/><int name="next" value="63"/></imgdir><imgdir name="69"><int name="x1" value="1041"/><int name="y1" value="-445"/><int name="x2" value="1119"/><int name="y2" value="-445"/><int name="prev" value="71"/><int name="next" value="70"/></imgdir><imgdir name="70"><int name="x1" value="1119"/><int name="y1" value="-445"/><int name="x2" value="1119"/><int name="y2" value="-420"/><int name="prev" value="69"/><int name="next" value="0"/></imgdir><imgdir name="71"><int name="x1" value="990"/><int name="y1" value="-445"/><int name="x2" value="1041"/><int name="y2" value="-445"/><int name="prev" value="72"/><int name="next" value="69"/></imgdir><imgdir name="72"><int name="x1" value="900"/><int name="y1" value="-445"/><int name="x2" value="990"/><int name="y2" value="-445"/><int name="prev" value="73"/><int name="next" value="71"/></imgdir><imgdir name="73"><int name="x1" value="810"/><int name="y1" value="-445"/><int name="x2" value="900"/><int name="y2" value="-445"/><int name="prev" value="74"/><int name="next" value="72"/></imgdir><imgdir name="74"><int name="x1" value="720"/><int name="y1" value="-445"/><int name="x2" value="810"/><int name="y2" value="-445"/><int name="prev" value="75"/><int name="next" value="73"/></imgdir><imgdir name="75"><int name="x1" value="630"/><int name="y1" value="-445"/><int name="x2" value="720"/><int name="y2" value="-445"/><int name="prev" value="64"/><int name="next" value="74"/></imgdir></imgdir><imgdir name="33"><imgdir name="76"><int name="x1" value="90"/><int name="y1" value="-445"/><int name="x2" value="129"/><int name="y2" value="-445"/><int name="prev" value="78"/><int name="next" value="79"/></imgdir><imgdir name="77"><int name="x1" value="51"/><int name="y1" value="-420"/><int name="x2" value="51"/><int name="y2" value="-445"/><int name="prev" value="0"/><int name="next" value="78"/></imgdir><imgdir name="78"><int name="x1" value="51"/><int name="y1" value="-445"/><int name="x2" value="90"/><int name="y2" value="-445"/><int name="prev" value="77"/><int name="next" value="76"/></imgdir><imgdir name="79"><int name="x1" value="129"/><int name="y1" value="-445"/><int name="x2" value="141"/><int name="y2" value="-445"/><int name="prev" value="76"/><int name="next" value="80"/></imgdir><imgdir name="80"><int name="x1" value="141"/><int name="y1" value="-445"/><int name="x2" value="180"/><int name="y2" value="-445"/><int name="prev" value="79"/><int name="next" value="81"/></imgdir><imgdir name="81"><int name="x1" value="180"/><int name="y1" value="-445"/><int name="x2" value="219"/><int name="y2" value="-445"/><int name="prev" value="80"/><int name="next" value="82"/></imgdir><imgdir name="82"><int name="x1" value="219"/><int name="y1" value="-445"/><int name="x2" value="219"/><int name="y2" value="-420"/><int name="prev" value="81"/><int name="next" value="0"/></imgdir></imgdir><imgdir name="17"><imgdir name="83"><int name="x1" value="630"/><int name="y1" value="-85"/><int name="x2" value="669"/><int name="y2" value="-85"/><int name="prev" value="85"/><int name="next" value="86"/></imgdir><imgdir name="84"><int name="x1" value="591"/><int name="y1" value="-60"/><int name="x2" value="591"/><int name="y2" value="-85"/><int name="prev" value="0"/><int name="next" value="85"/></imgdir><imgdir name="85"><int name="x1" value="591"/><int name="y1" value="-85"/><int name="x2" value="630"/><int name="y2" value="-85"/><int name="prev" value="84"/><int name="next" value="83"/></imgdir><imgdir name="86"><int name="x1" value="669"/><int name="y1" value="-85"/><int name="x2" value="681"/><int name="y2" value="-85"/><int name="prev" value="83"/><int name="next" value="87"/></imgdir><imgdir name="87"><int name="x1" value="681"/><int name="y1" value="-85"/><int name="x2" value="720"/><int name="y2" value="-85"/><int name="prev" value="86"/><int name="next" value="88"/></imgdir><imgdir name="88"><int name="x1" value="720"/><int name="y1" value="-85"/><int name="x2" value="759"/><int name="y2" value="-85"/><int name="prev" value="87"/><int name="next" value="89"/></imgdir><imgdir name="89"><int name="x1" value="759"/><int name="y1" value="-85"/><int name="x2" value="759"/><int name="y2" value="-60"/><int name="prev" value="88"/><int name="next" value="0"/></imgdir></imgdir><imgdir name="9"><imgdir name="90"><int name="x1" value="411"/><int name="y1" value="120"/><int name="x2" value="411"/><int name="y2" value="95"/><int name="prev" value="0"/><int name="next" value="91"/></imgdir><imgdir name="91"><int name="x1" value="411"/><int name="y1" value="95"/><int name="x2" value="489"/><int name="y2" value="95"/><int name="prev" value="90"/><int name="next" value="92"/></imgdir><imgdir name="92"><int name="x1" value="489"/><int name="y1" value="95"/><int name="x2" value="501"/><int name="y2" value="95"/><int name="prev" value="91"/><int name="next" value="93"/></imgdir><imgdir name="93"><int name="x1" value="501"/><int name="y1" value="95"/><int name="x2" value="540"/><int name="y2" value="95"/><int name="prev" value="92"/><int name="next" value="94"/></imgdir><imgdir name="94"><int name="x1" value="540"/><int name="y1" value="95"/><int name="x2" value="579"/><int name="y2" value="95"/><int name="prev" value="93"/><int name="next" value="95"/></imgdir><imgdir name="95"><int name="x1" value="579"/><int name="y1" value="95"/><int name="x2" value="579"/><int name="y2" value="120"/><int name="prev" value="94"/><int name="next" value="0"/></imgdir></imgdir></imgdir></imgdir><imgdir name="ladderRope"><imgdir name="1"><int name="l" value="1"/><int name="uf" value="1"/><int name="x" value="1131"/><int name="y1" value="-143"/><int name="y2" value="103"/><int name="page" value="2"/></imgdir><imgdir name="2"><int name="l" value="0"/><int name="uf" value="1"/><int name="x" value="641"/><int name="y1" value="-83"/><int name="y2" value="178"/><int name="page" value="2"/></imgdir><imgdir name="3"><int name="l" value="0"/><int name="uf" value="1"/><int name="x" value="522"/><int name="y1" value="97"/><int name="y2" value="356"/><int name="page" value="2"/></imgdir><imgdir name="4"><int name="l" value="0"/><int name="uf" value="1"/><int name="x" value="122"/><int name="y1" value="-203"/><int name="y2" value="229"/><int name="page" value="2"/></imgdir><imgdir name="5"><int name="l" value="1"/><int name="uf" value="1"/><int name="x" value="1214"/><int name="y1" value="-143"/><int name="y2" value="198"/><int name="page" value="2"/></imgdir><imgdir name="6"><int name="l" value="0"/><int name="uf" value="1"/><int name="x" value="928"/><int name="y1" value="-443"/><int name="y2" value="-121"/><int name="page" value="2"/></imgdir><imgdir name="7"><int name="l" value="1"/><int name="uf" value="1"/><int name="x" value="443"/><int name="y1" value="-443"/><int name="y2" value="-174"/><int name="page" value="2"/></imgdir><imgdir name="8"><int name="l" value="0"/><int name="uf" value="1"/><int name="x" value="155"/><int name="y1" value="-443"/><int name="y2" value="-218"/><int name="page" value="2"/></imgdir><imgdir name="9"><int name="l" value="0"/><int name="uf" value="1"/><int name="x" value="1308"/><int name="y1" value="-443"/><int name="y2" value="-185"/><int name="page" value="2"/></imgdir><imgdir name="10"><int name="l" value="0"/><int name="uf" value="1"/><int name="x" value="693"/><int name="y1" value="-443"/><int name="y2" value="-127"/><int name="page" value="2"/></imgdir></imgdir><imgdir name="miniMap"><canvas name="canvas" width="111" height="93"></canvas><int name="width" value="1780"/><int name="height" value="1492"/><int name="centerX" value="176"/><int name="centerY" value="818"/><int name="mag" value="4"/></imgdir><imgdir name="portal"><imgdir name="0"><string name="pn" value="sp"/><int name="pt" value="0"/><int name="x" value="41"/><int name="y" value="195"/><int name="tm" value="999999999"/><string name="tn" value=""/></imgdir><imgdir name="1"><string name="pn" value="sp"/><int name="pt" value="0"/><int name="x" value="59"/><int name="y" value="190"/><int name="tm" value="999999999"/><string name="tn" value=""/></imgdir><imgdir name="2"><string name="pn" value="sp"/><int name="pt" value="0"/><int name="x" value="87"/><int name="y" value="187"/><int name="tm" value="999999999"/><string name="tn" value=""/></imgdir><imgdir name="3"><string name="pn" value="sp"/><int name="pt" value="0"/><int name="x" value="44"/><int name="y" value="196"/><int name="tm" value="999999999"/><string name="tn" value=""/></imgdir><imgdir name="4"><string name="pn" value="in00"/><int name="pt" value="1"/><int name="x" value="-29"/><int name="y" value="270"/><int name="tm" value="999999999"/><string name="tn" value=""/></imgdir><imgdir name="5"><string name="pn" value="east00"/><int name="pt" value="2"/><int name="x" value="1457"/><int name="y" value="214"/><int name="tm" value="40001"/><string name="tn" value="west00"/></imgdir><imgdir name="6"><string name="pn" value="tutorial8"/><int name="pt" value="9"/><int name="x" value="78"/><int name="y" value="237"/><int name="tm" value="999999999"/><string name="tn" value=""/><int name="delay" value="1000"/><string name="script" value="advice08"/><int name="hideTooltip" value="0"/><int name="onlyOnce" value="1"/></imgdir></imgdir></imgdir>