<?xml version="1.0" encoding="UTF-8" standalone="yes"?><imgdir name="000030000.img"><imgdir name="info"><int name="version" value="10"/><int name="cloud" value="0"/><int name="town" value="1"/><int name="returnMap" value="30000"/><float name="mobRate" value="1.0"/><string name="bgm" value="Bgm00/FloralLife"/><string name="mapDesc" value=""/><int name="hideMinimap" value="0"/><int name="forcedReturn" value="999999999"/><int name="moveLimit" value="0"/><string name="mapMark" value="MushroomVillage"/><int name="swim" value="0"/><int name="fieldLimit" value="8260"/><int name="VRTop" value="-1260"/><int name="VRLeft" value="-270"/><int name="VRBottom" value="395"/><int name="VRRight" value="1170"/></imgdir><imgdir name="back"><imgdir name="0"><int name="no" value="0"/><int name="x" value="0"/><int name="y" value="0"/><int name="rx" value="0"/><int name="ry" value="0"/><int name="type" value="3"/><int name="cx" value="0"/><int name="cy" value="0"/><string name="bS" value="grassySoil"/><int name="a" value="255"/><int name="front" value="0"/><int name="ani" value="0"/><int name="f" value="0"/></imgdir><imgdir name="1"><int name="no" value="1"/><int name="x" value="100"/><int name="y" value="-180"/><int name="rx" value="-5"/><int name="ry" value="-3"/><int name="type" value="4"/><int name="cx" value="0"/><int name="cy" value="0"/><string name="bS" value="grassySoil"/><int name="a" value="255"/><int name="front" value="0"/><int name="ani" value="0"/><int name="f" value="0"/></imgdir><imgdir name="2"><int name="no" value="2"/><int name="x" value="300"/><int name="y" value="55"/><int name="rx" value="-8"/><int name="ry" value="-8"/><int name="type" value="0"/><int name="cx" value="0"/><int name="cy" value="0"/><string name="bS" value="grassySoil"/><int name="a" value="255"/><int name="front" value="0"/><int name="ani" value="0"/><int name="f" value="0"/></imgdir><imgdir name="3"><int name="no" value="3"/><int name="x" value="179"/><int name="y" value="-249"/><int name="rx" value="-8"/><int name="ry" value="-8"/><int name="type" value="0"/><int name="cx" value="0"/><int name="cy" value="0"/><string name="bS" value="grassySoil"/><int name="a" value="255"/><int name="front" value="0"/><int name="ani" value="0"/><int name="f" value="0"/></imgdir><imgdir name="4"><int name="no" value="5"/><int name="x" value="-250"/><int name="y" value="180"/><int name="rx" value="-15"/><int name="ry" value="-12"/><int name="type" value="0"/><int name="cx" value="0"/><int name="cy" value="0"/><string name="bS" value="grassySoil"/><int name="a" value="255"/><int name="front" value="0"/><int name="ani" value="0"/><int name="f" value="0"/></imgdir><imgdir name="5"><int name="no" value="6"/><int name="x" value="774"/><int name="y" value="162"/><int name="rx" value="-15"/><int name="ry" value="-12"/><int name="type" value="0"/><int name="cx" value="0"/><int name="cy" value="0"/><string name="bS" value="grassySoil"/><int name="a" value="255"/><int name="front" value="0"/><int name="ani" value="0"/><int name="f" value="0"/></imgdir></imgdir><imgdir name="life"><imgdir name="0"><string name="type" value="m"/><string name="id" value="9300018"/><int name="x" value="400"/><int name="y" value="-454"/><int name="mobTime" value="1"/><int name="f" value="0"/><int name="hide" value="0"/><int name="fh" value="46"/><int name="cy" value="-445"/><int name="rx0" value="71"/><int name="rx1" value="919"/></imgdir><imgdir name="1"><string name="type" value="m"/><string name="id" value="9300018"/><int name="x" value="745"/><int name="y" value="-409"/><int name="mobTime" value="1"/><int name="f" value="0"/><int name="hide" value="0"/><int name="fh" value="52"/><int name="cy" value="-385"/><int name="rx0" value="71"/><int name="rx1" value="919"/></imgdir><imgdir name="2"><string name="type" value="m"/><string name="id" value="9300018"/><int name="x" value="690"/><int name="y" value="62"/><int name="mobTime" value="1"/><int name="f" value="0"/><int name="hide" value="0"/><int name="fh" value="19"/><int name="cy" value="95"/><int name="rx0" value="-250"/><int name="rx1" value="1150"/></imgdir><imgdir name="3"><string name="type" value="n"/><string name="id" value="0002002"/><int name="x" value="972"/><int name="y" value="-694"/><int name="fh" value="89"/><int name="cy" value="-685"/><int name="rx0" value="922"/><int name="rx1" value="1022"/></imgdir><imgdir name="4"><string name="type" value="n"/><string name="id" value="0002004"/><int name="x" value="-21"/><int name="y" value="202"/><int name="mobTime" value="0"/><int name="f" value="0"/><int name="hide" value="0"/><int name="fh" value="1"/><int name="cy" value="215"/><int name="rx0" value="-71"/><int name="rx1" value="29"/></imgdir></imgdir><imgdir name="0"><imgdir name="info"></imgdir><imgdir name="tile"></imgdir><imgdir name="obj"></imgdir></imgdir><imgdir name="1"><imgdir name="info"><string name="tS" value="grassySoil"/></imgdir><imgdir name="tile"><imgdir name="7"><int name="x" value="-270"/><int name="y" value="240"/><string name="u" value="enH0"/><int name="no" value="1"/><int name="zM" value="0"/></imgdir><imgdir name="15"><int name="x" value="0"/><int name="y" value="240"/><string name="u" value="enH0"/><int name="no" value="0"/><int name="zM" value="0"/></imgdir><imgdir name="3"><int name="x" value="-90"/><int name="y" value="240"/><string name="u" value="enH0"/><int name="no" value="1"/><int name="zM" value="0"/></imgdir><imgdir name="13"><int name="x" value="90"/><int name="y" value="240"/><string name="u" value="enH0"/><int name="no" value="1"/><int name="zM" value="0"/></imgdir><imgdir name="2"><int name="x" value="-90"/><int name="y" value="240"/><string name="u" value="bsc"/><int name="no" value="2"/><int name="zM" value="0"/></imgdir><imgdir name="6"><int name="x" value="-270"/><int name="y" value="240"/><string name="u" value="bsc"/><int name="no" value="4"/><int name="zM" value="0"/></imgdir><imgdir name="14"><int name="x" value="0"/><int name="y" value="240"/><string name="u" value="bsc"/><int name="no" value="1"/><int name="zM" value="0"/></imgdir><imgdir name="12"><int name="x" value="90"/><int name="y" value="240"/><string name="u" value="bsc"/><int name="no" value="1"/><int name="zM" value="0"/></imgdir><imgdir name="1"><int name="x" value="90"/><int name="y" value="300"/><string name="u" value="bsc"/><int name="no" value="1"/><int name="zM" value="0"/></imgdir><imgdir name="20"><int name="x" value="-180"/><int name="y" value="300"/><string name="u" value="bsc"/><int name="no" value="3"/><int name="zM" value="0"/></imgdir><imgdir name="21"><int name="x" value="0"/><int name="y" value="300"/><string name="u" value="bsc"/><int name="no" value="3"/><int name="zM" value="0"/></imgdir><imgdir name="22"><int name="x" value="-90"/><int name="y" value="300"/><string name="u" value="bsc"/><int name="no" value="0"/><int name="zM" value="0"/></imgdir><imgdir name="18"><int name="x" value="-270"/><int name="y" value="300"/><string name="u" value="bsc"/><int name="no" value="2"/><int name="zM" value="0"/></imgdir><imgdir name="24"><int name="x" value="90"/><int name="y" value="360"/><string name="u" value="bsc"/><int name="no" value="0"/><int name="zM" value="0"/></imgdir><imgdir name="30"><int name="x" value="0"/><int name="y" value="360"/><string name="u" value="bsc"/><int name="no" value="4"/><int name="zM" value="0"/></imgdir><imgdir name="28"><int name="x" value="-180"/><int name="y" value="360"/><string name="u" value="bsc"/><int name="no" value="1"/><int name="zM" value="0"/></imgdir><imgdir name="36"><int name="x" value="-180"/><int name="y" value="420"/><string name="u" value="enH1"/><int name="no" value="0"/><int name="zM" value="0"/></imgdir><imgdir name="27"><int name="x" value="-270"/><int name="y" value="360"/><string name="u" value="bsc"/><int name="no" value="0"/><int name="zM" value="0"/></imgdir><imgdir name="34"><int name="x" value="-270"/><int name="y" value="420"/><string name="u" value="enH1"/><int name="no" value="1"/><int name="zM" value="0"/></imgdir><imgdir name="39"><int name="x" value="-90"/><int name="y" value="420"/><string name="u" value="enH1"/><int name="no" value="1"/><int name="zM" value="0"/></imgdir><imgdir name="31"><int name="x" value="-90"/><int name="y" value="360"/><string name="u" value="bsc"/><int name="no" value="3"/><int name="zM" value="0"/></imgdir><imgdir name="38"><int name="x" value="90"/><int name="y" value="420"/><string name="u" value="enH1"/><int name="no" value="1"/><int name="zM" value="0"/></imgdir><imgdir name="35"><int name="x" value="0"/><int name="y" value="420"/><string name="u" value="enH1"/><int name="no" value="0"/><int name="zM" value="0"/></imgdir><imgdir name="56"><int name="x" value="180"/><int name="y" value="240"/><string name="u" value="enH0"/><int name="no" value="0"/><int name="zM" value="0"/></imgdir><imgdir name="45"><int name="x" value="540"/><int name="y" value="240"/><string name="u" value="bsc"/><int name="no" value="0"/><int name="zM" value="0"/></imgdir><imgdir name="51"><int name="x" value="630"/><int name="y" value="240"/><string name="u" value="bsc"/><int name="no" value="3"/><int name="zM" value="0"/></imgdir><imgdir name="43"><int name="x" value="450"/><int name="y" value="240"/><string name="u" value="bsc"/><int name="no" value="3"/><int name="zM" value="0"/></imgdir><imgdir name="53"><int name="x" value="360"/><int name="y" value="240"/><string name="u" value="bsc"/><int name="no" value="0"/><int name="zM" value="0"/></imgdir><imgdir name="55"><int name="x" value="270"/><int name="y" value="240"/><string name="u" value="bsc"/><int name="no" value="2"/><int name="zM" value="0"/></imgdir><imgdir name="4"><int name="x" value="180"/><int name="y" value="240"/><string name="u" value="bsc"/><int name="no" value="4"/><int name="zM" value="0"/></imgdir><imgdir name="49"><int name="x" value="630"/><int name="y" value="300"/><string name="u" value="bsc"/><int name="no" value="4"/><int name="zM" value="0"/></imgdir><imgdir name="46"><int name="x" value="540"/><int name="y" value="300"/><string name="u" value="bsc"/><int name="no" value="0"/><int name="zM" value="0"/></imgdir><imgdir name="42"><int name="x" value="450"/><int name="y" value="300"/><string name="u" value="bsc"/><int name="no" value="3"/><int name="zM" value="0"/></imgdir><imgdir name="57"><int name="x" value="360"/><int name="y" value="300"/><string name="u" value="bsc"/><int name="no" value="3"/><int name="zM" value="0"/></imgdir><imgdir name="54"><int name="x" value="270"/><int name="y" value="300"/><string name="u" value="bsc"/><int name="no" value="3"/><int name="zM" value="0"/></imgdir><imgdir name="47"><int name="x" value="180"/><int name="y" value="300"/><string name="u" value="bsc"/><int name="no" value="1"/><int name="zM" value="0"/></imgdir><imgdir name="37"><int name="x" value="180"/><int name="y" value="420"/><string name="u" value="enH1"/><int name="no" value="0"/><int name="zM" value="0"/></imgdir><imgdir name="59"><int name="x" value="270"/><int name="y" value="360"/><string name="u" value="bsc"/><int name="no" value="1"/><int name="zM" value="0"/></imgdir><imgdir name="61"><int name="x" value="360"/><int name="y" value="360"/><string name="u" value="bsc"/><int name="no" value="1"/><int name="zM" value="0"/></imgdir><imgdir name="63"><int name="x" value="450"/><int name="y" value="360"/><string name="u" value="bsc"/><int name="no" value="4"/><int name="zM" value="0"/></imgdir><imgdir name="69"><int name="x" value="270"/><int name="y" value="420"/><string name="u" value="enH1"/><int name="no" value="0"/><int name="zM" value="0"/></imgdir><imgdir name="60"><int name="x" value="180"/><int name="y" value="360"/><string name="u" value="bsc"/><int name="no" value="3"/><int name="zM" value="0"/></imgdir><imgdir name="29"><int name="x" value="360"/><int name="y" value="420"/><string name="u" value="enH1"/><int name="no" value="0"/><int name="zM" value="0"/></imgdir><imgdir name="41"><int name="x" value="630"/><int name="y" value="360"/><string name="u" value="bsc"/><int name="no" value="3"/><int name="zM" value="0"/></imgdir><imgdir name="65"><int name="x" value="630"/><int name="y" value="420"/><string name="u" value="enH1"/><int name="no" value="1"/><int name="zM" value="0"/></imgdir><imgdir name="68"><int name="x" value="540"/><int name="y" value="420"/><string name="u" value="enH1"/><int name="no" value="0"/><int name="zM" value="0"/></imgdir><imgdir name="67"><int name="x" value="450"/><int name="y" value="420"/><string name="u" value="enH1"/><int name="no" value="1"/><int name="zM" value="0"/></imgdir><imgdir name="66"><int name="x" value="720"/><int name="y" value="420"/><string name="u" value="enH1"/><int name="no" value="1"/><int name="zM" value="0"/></imgdir><imgdir name="23"><int name="x" value="720"/><int name="y" value="360"/><string name="u" value="bsc"/><int name="no" value="0"/><int name="zM" value="0"/></imgdir><imgdir name="77"><int name="x" value="810"/><int name="y" value="420"/><string name="u" value="enH1"/><int name="no" value="0"/><int name="zM" value="0"/></imgdir><imgdir name="75"><int name="x" value="810"/><int name="y" value="360"/><string name="u" value="bsc"/><int name="no" value="2"/><int name="zM" value="0"/></imgdir><imgdir name="72"><int name="x" value="720"/><int name="y" value="300"/><string name="u" value="bsc"/><int name="no" value="3"/><int name="zM" value="0"/></imgdir><imgdir name="76"><int name="x" value="810"/><int name="y" value="300"/><string name="u" value="bsc"/><int name="no" value="2"/><int name="zM" value="0"/></imgdir><imgdir name="80"><int name="x" value="270"/><int name="y" value="180"/><string name="u" value="edU"/><int name="no" value="0"/><int name="zM" value="0"/></imgdir><imgdir name="82"><int name="x" value="270"/><int name="y" value="180"/><string name="u" value="enV0"/><int name="no" value="1"/><int name="zM" value="0"/></imgdir><imgdir name="84"><int name="x" value="450"/><int name="y" value="180"/><string name="u" value="bsc"/><int name="no" value="1"/><int name="zM" value="0"/></imgdir><imgdir name="81"><int name="x" value="270"/><int name="y" value="180"/><string name="u" value="bsc"/><int name="no" value="1"/><int name="zM" value="0"/></imgdir><imgdir name="83"><int name="x" value="360"/><int name="y" value="180"/><string name="u" value="bsc"/><int name="no" value="3"/><int name="zM" value="0"/></imgdir><imgdir name="52"><int name="x" value="270"/><int name="y" value="180"/><string name="u" value="enH0"/><int name="no" value="1"/><int name="zM" value="0"/></imgdir><imgdir name="86"><int name="x" value="540"/><int name="y" value="180"/><string name="u" value="bsc"/><int name="no" value="0"/><int name="zM" value="0"/></imgdir><imgdir name="79"><int name="x" value="630"/><int name="y" value="180"/><string name="u" value="bsc"/><int name="no" value="2"/><int name="zM" value="0"/></imgdir><imgdir name="5"><int name="x" value="810"/><int name="y" value="180"/><string name="u" value="bsc"/><int name="no" value="1"/><int name="zM" value="0"/></imgdir><imgdir name="88"><int name="x" value="720"/><int name="y" value="180"/><string name="u" value="bsc"/><int name="no" value="2"/><int name="zM" value="0"/></imgdir><imgdir name="74"><int name="x" value="900"/><int name="y" value="360"/><string name="u" value="bsc"/><int name="no" value="4"/><int name="zM" value="0"/></imgdir><imgdir name="73"><int name="x" value="900"/><int name="y" value="300"/><string name="u" value="bsc"/><int name="no" value="3"/><int name="zM" value="0"/></imgdir><imgdir name="89"><int name="x" value="900"/><int name="y" value="180"/><string name="u" value="bsc"/><int name="no" value="3"/><int name="zM" value="0"/></imgdir><imgdir name="58"><int name="x" value="900"/><int name="y" value="420"/><string name="u" value="enH1"/><int name="no" value="0"/><int name="zM" value="0"/></imgdir><imgdir name="94"><int name="x" value="810"/><int name="y" value="240"/><string name="u" value="bsc"/><int name="no" value="1"/><int name="zM" value="0"/></imgdir><imgdir name="95"><int name="x" value="720"/><int name="y" value="240"/><string name="u" value="bsc"/><int name="no" value="2"/><int name="zM" value="0"/></imgdir><imgdir name="96"><int name="x" value="360"/><int name="y" value="120"/><string name="u" value="edU"/><int name="no" value="1"/><int name="zM" value="0"/></imgdir><imgdir name="87"><int name="x" value="720"/><int name="y" value="120"/><string name="u" value="bsc"/><int name="no" value="0"/><int name="zM" value="0"/></imgdir><imgdir name="78"><int name="x" value="630"/><int name="y" value="120"/><string name="u" value="bsc"/><int name="no" value="3"/><int name="zM" value="0"/></imgdir><imgdir name="103"><int name="x" value="630"/><int name="y" value="120"/><string name="u" value="enH0"/><int name="no" value="1"/><int name="zM" value="0"/></imgdir><imgdir name="104"><int name="x" value="540"/><int name="y" value="120"/><string name="u" value="bsc"/><int name="no" value="0"/><int name="zM" value="0"/></imgdir><imgdir name="101"><int name="x" value="540"/><int name="y" value="120"/><string name="u" value="enH0"/><int name="no" value="0"/><int name="zM" value="0"/></imgdir><imgdir name="44"><int name="x" value="360"/><int name="y" value="120"/><string name="u" value="bsc"/><int name="no" value="2"/><int name="zM" value="0"/></imgdir><imgdir name="97"><int name="x" value="360"/><int name="y" value="120"/><string name="u" value="enH0"/><int name="no" value="1"/><int name="zM" value="0"/></imgdir><imgdir name="99"><int name="x" value="450"/><int name="y" value="120"/><string name="u" value="bsc"/><int name="no" value="2"/><int name="zM" value="0"/></imgdir><imgdir name="102"><int name="x" value="360"/><int name="y" value="120"/><string name="u" value="enV0"/><int name="no" value="0"/><int name="zM" value="0"/></imgdir><imgdir name="98"><int name="x" value="450"/><int name="y" value="120"/><string name="u" value="enH0"/><int name="no" value="0"/><int name="zM" value="0"/></imgdir><imgdir name="100"><int name="x" value="720"/><int name="y" value="120"/><string name="u" value="enH0"/><int name="no" value="1"/><int name="zM" value="0"/></imgdir><imgdir name="85"><int name="x" value="810"/><int name="y" value="120"/><string name="u" value="bsc"/><int name="no" value="4"/><int name="zM" value="0"/></imgdir><imgdir name="40"><int name="x" value="810"/><int name="y" value="120"/><string name="u" value="enH0"/><int name="no" value="1"/><int name="zM" value="0"/></imgdir><imgdir name="71"><int name="x" value="990"/><int name="y" value="180"/><string name="u" value="bsc"/><int name="no" value="3"/><int name="zM" value="0"/></imgdir><imgdir name="110"><int name="x" value="990"/><int name="y" value="240"/><string name="u" value="bsc"/><int name="no" value="2"/><int name="zM" value="0"/></imgdir><imgdir name="64"><int name="x" value="990"/><int name="y" value="360"/><string name="u" value="bsc"/><int name="no" value="1"/><int name="zM" value="0"/></imgdir><imgdir name="93"><int name="x" value="990"/><int name="y" value="300"/><string name="u" value="bsc"/><int name="no" value="2"/><int name="zM" value="0"/></imgdir><imgdir name="48"><int name="x" value="990"/><int name="y" value="420"/><string name="u" value="enH1"/><int name="no" value="1"/><int name="zM" value="0"/></imgdir><imgdir name="62"><int name="x" value="900"/><int name="y" value="240"/><string name="u" value="bsc"/><int name="no" value="2"/><int name="zM" value="0"/></imgdir><imgdir name="10"><int name="x" value="540"/><int name="y" value="360"/><string name="u" value="bsc"/><int name="no" value="3"/><int name="zM" value="0"/></imgdir><imgdir name="138"><int name="x" value="-180"/><int name="y" value="240"/><string name="u" value="bsc"/><int name="no" value="1"/><int name="zM" value="0"/></imgdir><imgdir name="137"><int name="x" value="-180"/><int name="y" value="240"/><string name="u" value="enH0"/><int name="no" value="0"/><int name="zM" value="0"/></imgdir><imgdir name="165"><int name="x" value="900"/><int name="y" value="-360"/><string name="u" value="edU"/><int name="no" value="1"/><int name="zM" value="19"/></imgdir><imgdir name="166"><int name="x" value="900"/><int name="y" value="-360"/><string name="u" value="edD"/><int name="no" value="0"/><int name="zM" value="19"/></imgdir><imgdir name="170"><int name="x" value="720"/><int name="y" value="-360"/><string name="u" value="enH0"/><int name="no" value="0"/><int name="zM" value="19"/></imgdir><imgdir name="168"><int name="x" value="810"/><int name="y" value="-360"/><string name="u" value="enH0"/><int name="no" value="1"/><int name="zM" value="19"/></imgdir><imgdir name="178"><int name="x" value="810"/><int name="y" value="-300"/><string name="u" value="edD"/><int name="no" value="0"/><int name="zM" value="19"/></imgdir><imgdir name="167"><int name="x" value="810"/><int name="y" value="-360"/><string name="u" value="slRD"/><int name="no" value="1"/><int name="zM" value="19"/></imgdir><imgdir name="169"><int name="x" value="720"/><int name="y" value="-360"/><string name="u" value="bsc"/><int name="no" value="1"/><int name="zM" value="19"/></imgdir><imgdir name="177"><int name="x" value="720"/><int name="y" value="-300"/><string name="u" value="enH1"/><int name="no" value="0"/><int name="zM" value="19"/></imgdir><imgdir name="176"><int name="x" value="540"/><int name="y" value="-300"/><string name="u" value="enH1"/><int name="no" value="1"/><int name="zM" value="19"/></imgdir><imgdir name="180"><int name="x" value="630"/><int name="y" value="-300"/><string name="u" value="enH1"/><int name="no" value="0"/><int name="zM" value="19"/></imgdir><imgdir name="175"><int name="x" value="450"/><int name="y" value="-360"/><string name="u" value="bsc"/><int name="no" value="1"/><int name="zM" value="19"/></imgdir><imgdir name="183"><int name="x" value="450"/><int name="y" value="-300"/><string name="u" value="enH1"/><int name="no" value="1"/><int name="zM" value="19"/></imgdir><imgdir name="179"><int name="x" value="360"/><int name="y" value="-300"/><string name="u" value="enH1"/><int name="no" value="0"/><int name="zM" value="19"/></imgdir><imgdir name="184"><int name="x" value="270"/><int name="y" value="-300"/><string name="u" value="enH1"/><int name="no" value="0"/><int name="zM" value="19"/></imgdir><imgdir name="186"><int name="x" value="90"/><int name="y" value="-360"/><string name="u" value="bsc"/><int name="no" value="3"/><int name="zM" value="19"/></imgdir><imgdir name="182"><int name="x" value="90"/><int name="y" value="-420"/><string name="u" value="enH0"/><int name="no" value="1"/><int name="zM" value="19"/></imgdir><imgdir name="50"><int name="x" value="0"/><int name="y" value="-120"/><string name="u" value="enH1"/><int name="no" value="1"/><int name="zM" value="13"/></imgdir><imgdir name="91"><int name="x" value="0"/><int name="y" value="-120"/><string name="u" value="enH0"/><int name="no" value="1"/><int name="zM" value="13"/></imgdir><imgdir name="105"><int name="x" value="90"/><int name="y" value="-120"/><string name="u" value="edD"/><int name="no" value="0"/><int name="zM" value="13"/></imgdir><imgdir name="90"><int name="x" value="90"/><int name="y" value="-120"/><string name="u" value="edU"/><int name="no" value="0"/><int name="zM" value="13"/></imgdir><imgdir name="140"><int name="x" value="0"/><int name="y" value="-120"/><string name="u" value="edD"/><int name="no" value="0"/><int name="zM" value="13"/></imgdir><imgdir name="141"><int name="x" value="0"/><int name="y" value="-120"/><string name="u" value="edU"/><int name="no" value="0"/><int name="zM" value="13"/></imgdir><imgdir name="25"><int name="x" value="540"/><int name="y" value="-360"/><string name="u" value="slRU"/><int name="no" value="0"/><int name="zM" value="19"/></imgdir><imgdir name="32"><int name="x" value="630"/><int name="y" value="-360"/><string name="u" value="enH0"/><int name="no" value="0"/><int name="zM" value="19"/></imgdir><imgdir name="33"><int name="x" value="450"/><int name="y" value="-420"/><string name="u" value="bsc"/><int name="no" value="3"/><int name="zM" value="19"/></imgdir><imgdir name="144"><int name="x" value="900"/><int name="y" value="120"/><string name="u" value="bsc"/><int name="no" value="3"/><int name="zM" value="0"/></imgdir><imgdir name="143"><int name="x" value="900"/><int name="y" value="120"/><string name="u" value="enH0"/><int name="no" value="1"/><int name="zM" value="0"/></imgdir><imgdir name="139"><int name="x" value="990"/><int name="y" value="120"/><string name="u" value="bsc"/><int name="no" value="1"/><int name="zM" value="0"/></imgdir><imgdir name="119"><int name="x" value="990"/><int name="y" value="120"/><string name="u" value="enH0"/><int name="no" value="1"/><int name="zM" value="0"/></imgdir><imgdir name="113"><int name="x" value="450"/><int name="y" value="-420"/><string name="u" value="enH0"/><int name="no" value="1"/><int name="zM" value="19"/></imgdir><imgdir name="160"><int name="x" value="990"/><int name="y" value="-60"/><string name="u" value="enH0"/><int name="no" value="1"/><int name="zM" value="11"/></imgdir><imgdir name="154"><int name="x" value="990"/><int name="y" value="-60"/><string name="u" value="enH1"/><int name="no" value="1"/><int name="zM" value="11"/></imgdir><imgdir name="153"><int name="x" value="990"/><int name="y" value="-60"/><string name="u" value="edD"/><int name="no" value="0"/><int name="zM" value="11"/></imgdir><imgdir name="151"><int name="x" value="990"/><int name="y" value="-60"/><string name="u" value="edU"/><int name="no" value="0"/><int name="zM" value="11"/></imgdir><imgdir name="152"><int name="x" value="270"/><int name="y" value="-420"/><string name="u" value="enH0"/><int name="no" value="1"/><int name="zM" value="19"/></imgdir><imgdir name="161"><int name="x" value="270"/><int name="y" value="-420"/><string name="u" value="bsc"/><int name="no" value="1"/><int name="zM" value="19"/></imgdir><imgdir name="162"><int name="x" value="360"/><int name="y" value="-360"/><string name="u" value="bsc"/><int name="no" value="1"/><int name="zM" value="19"/></imgdir><imgdir name="164"><int name="x" value="540"/><int name="y" value="-360"/><string name="u" value="bsc"/><int name="no" value="3"/><int name="zM" value="19"/></imgdir><imgdir name="150"><int name="x" value="270"/><int name="y" value="-360"/><string name="u" value="bsc"/><int name="no" value="0"/><int name="zM" value="19"/></imgdir><imgdir name="147"><int name="x" value="360"/><int name="y" value="-420"/><string name="u" value="bsc"/><int name="no" value="0"/><int name="zM" value="19"/></imgdir><imgdir name="145"><int name="x" value="360"/><int name="y" value="-420"/><string name="u" value="enH0"/><int name="no" value="1"/><int name="zM" value="19"/></imgdir><imgdir name="181"><int name="x" value="900"/><int name="y" value="-240"/><string name="u" value="enH1"/><int name="no" value="1"/><int name="zM" value="17"/></imgdir><imgdir name="171"><int name="x" value="90"/><int name="y" value="-300"/><string name="u" value="edD"/><int name="no" value="0"/><int name="zM" value="19"/></imgdir><imgdir name="120"><int name="x" value="90"/><int name="y" value="-360"/><string name="u" value="enV0"/><int name="no" value="1"/><int name="zM" value="19"/></imgdir><imgdir name="128"><int name="x" value="90"/><int name="y" value="-420"/><string name="u" value="enV0"/><int name="no" value="1"/><int name="zM" value="19"/></imgdir><imgdir name="109"><int name="x" value="90"/><int name="y" value="-420"/><string name="u" value="edU"/><int name="no" value="0"/><int name="zM" value="19"/></imgdir><imgdir name="116"><int name="x" value="900"/><int name="y" value="-240"/><string name="u" value="edD"/><int name="no" value="0"/><int name="zM" value="17"/></imgdir><imgdir name="185"><int name="x" value="900"/><int name="y" value="-240"/><string name="u" value="edU"/><int name="no" value="1"/><int name="zM" value="17"/></imgdir><imgdir name="112"><int name="x" value="990"/><int name="y" value="-240"/><string name="u" value="edD"/><int name="no" value="0"/><int name="zM" value="17"/></imgdir><imgdir name="174"><int name="x" value="990"/><int name="y" value="-240"/><string name="u" value="edU"/><int name="no" value="0"/><int name="zM" value="17"/></imgdir><imgdir name="106"><int name="x" value="990"/><int name="y" value="-180"/><string name="u" value="enH1"/><int name="no" value="1"/><int name="zM" value="15"/></imgdir><imgdir name="133"><int name="x" value="990"/><int name="y" value="-180"/><string name="u" value="enH0"/><int name="no" value="0"/><int name="zM" value="15"/></imgdir><imgdir name="9"><int name="x" value="1080"/><int name="y" value="-180"/><string name="u" value="edD"/><int name="no" value="0"/><int name="zM" value="15"/></imgdir><imgdir name="107"><int name="x" value="990"/><int name="y" value="-180"/><string name="u" value="edD"/><int name="no" value="0"/><int name="zM" value="15"/></imgdir><imgdir name="111"><int name="x" value="990"/><int name="y" value="-180"/><string name="u" value="edU"/><int name="no" value="0"/><int name="zM" value="15"/></imgdir><imgdir name="115"><int name="x" value="900"/><int name="y" value="-120"/><string name="u" value="enH1"/><int name="no" value="0"/><int name="zM" value="14"/></imgdir><imgdir name="142"><int name="x" value="900"/><int name="y" value="-120"/><string name="u" value="enH0"/><int name="no" value="0"/><int name="zM" value="14"/></imgdir><imgdir name="131"><int name="x" value="990"/><int name="y" value="-120"/><string name="u" value="edD"/><int name="no" value="0"/><int name="zM" value="14"/></imgdir><imgdir name="135"><int name="x" value="990"/><int name="y" value="-120"/><string name="u" value="edU"/><int name="no" value="1"/><int name="zM" value="14"/></imgdir><imgdir name="108"><int name="x" value="900"/><int name="y" value="-120"/><string name="u" value="edD"/><int name="no" value="0"/><int name="zM" value="14"/></imgdir><imgdir name="16"><int name="x" value="900"/><int name="y" value="-120"/><string name="u" value="edU"/><int name="no" value="1"/><int name="zM" value="14"/></imgdir><imgdir name="8"><int name="x" value="1080"/><int name="y" value="300"/><string name="u" value="bsc"/><int name="no" value="3"/><int name="zM" value="0"/></imgdir><imgdir name="0"><int name="x" value="1080"/><int name="y" value="240"/><string name="u" value="bsc"/><int name="no" value="4"/><int name="zM" value="0"/></imgdir><imgdir name="173"><int name="x" value="1080"/><int name="y" value="180"/><string name="u" value="bsc"/><int name="no" value="3"/><int name="zM" value="0"/></imgdir><imgdir name="132"><int name="x" value="1080"/><int name="y" value="420"/><string name="u" value="enH1"/><int name="no" value="0"/><int name="zM" value="0"/></imgdir><imgdir name="118"><int name="x" value="1080"/><int name="y" value="360"/><string name="u" value="bsc"/><int name="no" value="4"/><int name="zM" value="0"/></imgdir><imgdir name="121"><int name="x" value="1080"/><int name="y" value="120"/><string name="u" value="enH0"/><int name="no" value="1"/><int name="zM" value="0"/></imgdir><imgdir name="17"><int name="x" value="1080"/><int name="y" value="-60"/><string name="u" value="edD"/><int name="no" value="0"/><int name="zM" value="11"/></imgdir><imgdir name="19"><int name="x" value="1080"/><int name="y" value="-60"/><string name="u" value="edU"/><int name="no" value="0"/><int name="zM" value="11"/></imgdir><imgdir name="123"><int name="x" value="990"/><int name="y" value="-300"/><string name="u" value="enH1"/><int name="no" value="0"/><int name="zM" value="20"/></imgdir><imgdir name="125"><int name="x" value="990"/><int name="y" value="-300"/><string name="u" value="enH0"/><int name="no" value="0"/><int name="zM" value="20"/></imgdir><imgdir name="172"><int name="x" value="1080"/><int name="y" value="-300"/><string name="u" value="edD"/><int name="no" value="0"/><int name="zM" value="20"/></imgdir><imgdir name="124"><int name="x" value="1080"/><int name="y" value="-300"/><string name="u" value="edU"/><int name="no" value="0"/><int name="zM" value="20"/></imgdir><imgdir name="127"><int name="x" value="90"/><int name="y" value="-420"/><string name="u" value="bsc"/><int name="no" value="4"/><int name="zM" value="19"/></imgdir><imgdir name="149"><int name="x" value="180"/><int name="y" value="-420"/><string name="u" value="enH0"/><int name="no" value="0"/><int name="zM" value="19"/></imgdir><imgdir name="122"><int name="x" value="-90"/><int name="y" value="-60"/><string name="u" value="enH1"/><int name="no" value="0"/><int name="zM" value="12"/></imgdir><imgdir name="148"><int name="x" value="-90"/><int name="y" value="-60"/><string name="u" value="enH0"/><int name="no" value="0"/><int name="zM" value="12"/></imgdir><imgdir name="134"><int name="x" value="0"/><int name="y" value="-60"/><string name="u" value="edD"/><int name="no" value="0"/><int name="zM" value="12"/></imgdir><imgdir name="126"><int name="x" value="0"/><int name="y" value="-60"/><string name="u" value="edU"/><int name="no" value="0"/><int name="zM" value="12"/></imgdir><imgdir name="158"><int name="x" value="-90"/><int name="y" value="-60"/><string name="u" value="edD"/><int name="no" value="0"/><int name="zM" value="12"/></imgdir><imgdir name="188"><int name="x" value="-90"/><int name="y" value="-60"/><string name="u" value="edU"/><int name="no" value="1"/><int name="zM" value="12"/></imgdir><imgdir name="157"><int name="x" value="-180"/><int name="y" value="0"/><string name="u" value="enH1"/><int name="no" value="0"/><int name="zM" value="8"/></imgdir><imgdir name="159"><int name="x" value="-180"/><int name="y" value="0"/><string name="u" value="enH0"/><int name="no" value="1"/><int name="zM" value="8"/></imgdir><imgdir name="117"><int name="x" value="-90"/><int name="y" value="0"/><string name="u" value="edD"/><int name="no" value="0"/><int name="zM" value="8"/></imgdir><imgdir name="156"><int name="x" value="-90"/><int name="y" value="0"/><string name="u" value="edU"/><int name="no" value="1"/><int name="zM" value="8"/></imgdir><imgdir name="92"><int name="x" value="-180"/><int name="y" value="0"/><string name="u" value="edD"/><int name="no" value="0"/><int name="zM" value="8"/></imgdir><imgdir name="130"><int name="x" value="-180"/><int name="y" value="0"/><string name="u" value="edU"/><int name="no" value="0"/><int name="zM" value="8"/></imgdir><imgdir name="129"><int name="x" value="900"/><int name="y" value="-240"/><string name="u" value="enH0"/><int name="no" value="0"/><int name="zM" value="17"/></imgdir><imgdir name="70"><int name="x" value="1080"/><int name="y" value="-180"/><string name="u" value="edU"/><int name="no" value="0"/><int name="zM" value="15"/></imgdir><imgdir name="26"><int name="x" value="1080"/><int name="y" value="120"/><string name="u" value="bsc"/><int name="no" value="0"/><int name="zM" value="0"/></imgdir><imgdir name="146"><int name="x" value="180"/><int name="y" value="-360"/><string name="u" value="bsc"/><int name="no" value="4"/><int name="zM" value="19"/></imgdir><imgdir name="136"><int name="x" value="630"/><int name="y" value="-360"/><string name="u" value="bsc"/><int name="no" value="3"/><int name="zM" value="19"/></imgdir><imgdir name="155"><int name="x" value="180"/><int name="y" value="-300"/><string name="u" value="enH1"/><int name="no" value="1"/><int name="zM" value="19"/></imgdir><imgdir name="187"><int name="x" value="90"/><int name="y" value="-300"/><string name="u" value="enH1"/><int name="no" value="1"/><int name="zM" value="19"/></imgdir><imgdir name="163"><int name="x" value="990"/><int name="y" value="-300"/><string name="u" value="edD"/><int name="no" value="0"/><int name="zM" value="20"/></imgdir><imgdir name="114"><int name="x" value="180"/><int name="y" value="-420"/><string name="u" value="bsc"/><int name="no" value="0"/><int name="zM" value="19"/></imgdir><imgdir name="11"><int name="x" value="990"/><int name="y" value="-300"/><string name="u" value="edU"/><int name="no" value="0"/><int name="zM" value="20"/></imgdir><imgdir name="196"><int name="x" value="990"/><int name="y" value="-600"/><string name="u" value="enH1"/><int name="no" value="1"/><int name="zM" value="22"/></imgdir><imgdir name="195"><int name="x" value="1080"/><int name="y" value="-660"/><string name="u" value="enH0"/><int name="no" value="0"/><int name="zM" value="22"/></imgdir><imgdir name="197"><int name="x" value="990"/><int name="y" value="-660"/><string name="u" value="enH0"/><int name="no" value="0"/><int name="zM" value="22"/></imgdir><imgdir name="198"><int name="x" value="990"/><int name="y" value="-660"/><string name="u" value="bsc"/><int name="no" value="3"/><int name="zM" value="22"/></imgdir><imgdir name="194"><int name="x" value="1080"/><int name="y" value="-600"/><string name="u" value="enH1"/><int name="no" value="0"/><int name="zM" value="22"/></imgdir><imgdir name="193"><int name="x" value="900"/><int name="y" value="-660"/><string name="u" value="edD"/><int name="no" value="0"/><int name="zM" value="22"/></imgdir><imgdir name="199"><int name="x" value="900"/><int name="y" value="-660"/><string name="u" value="edU"/><int name="no" value="0"/><int name="zM" value="22"/></imgdir><imgdir name="192"><int name="x" value="900"/><int name="y" value="-660"/><string name="u" value="enH0"/><int name="no" value="1"/><int name="zM" value="22"/></imgdir><imgdir name="191"><int name="x" value="990"/><int name="y" value="-600"/><string name="u" value="edD"/><int name="no" value="0"/><int name="zM" value="22"/></imgdir><imgdir name="190"><int name="x" value="1080"/><int name="y" value="-660"/><string name="u" value="bsc"/><int name="no" value="2"/><int name="zM" value="22"/></imgdir><imgdir name="189"><int name="x" value="990"/><int name="y" value="-660"/><string name="u" value="slLD"/><int name="no" value="1"/><int name="zM" value="22"/></imgdir></imgdir><imgdir name="obj"><imgdir name="1"><string name="oS" value="houseGS"/><string name="l0" value="house7"/><string name="l1" value="deco"/><string name="l2" value="0"/><int name="x" value="700"/><int name="y" value="-41"/><int name="z" value="5"/><int name="f" value="0"/><int name="zM" value="0"/></imgdir><imgdir name="2"><string name="oS" value="houseGS"/><string name="l0" value="house7"/><string name="l1" value="basic"/><string name="l2" value="1"/><int name="x" value="694"/><int name="y" value="-98"/><int name="z" value="6"/><int name="f" value="0"/><int name="zM" value="0"/></imgdir><imgdir name="0"><string name="oS" value="houseGS"/><string name="l0" value="house7"/><string name="l1" value="basic"/><string name="l2" value="0"/><int name="x" value="714"/><int name="y" value="14"/><int name="z" value="2"/><int name="f" value="0"/><int name="zM" value="0"/></imgdir><imgdir name="3"><string name="oS" value="door"/><string name="l0" value="grassySoil"/><string name="l1" value="door"/><string name="l2" value="19"/><int name="x" value="764"/><int name="y" value="27"/><int name="z" value="6"/><int name="f" value="0"/><int name="zM" value="0"/></imgdir><imgdir name="4"><string name="oS" value="door"/><string name="l0" value="grassySoil"/><string name="l1" value="door"/><string name="l2" value="17"/><int name="x" value="758"/><int name="y" value="48"/><int name="z" value="5"/><int name="f" value="0"/><int name="zM" value="0"/></imgdir><imgdir name="5"><string name="oS" value="door"/><string name="l0" value="grassySoil"/><string name="l1" value="window"/><string name="l2" value="16"/><int name="x" value="755"/><int name="y" value="-154"/><int name="z" value="7"/><int name="f" value="0"/><int name="zM" value="0"/></imgdir><imgdir name="6"><string name="oS" value="acc1"/><string name="l0" value="grassySoil"/><string name="l1" value="nature"/><string name="l2" value="13"/><int name="x" value="507"/><int name="y" value="28"/><int name="z" value="1"/><int name="f" value="1"/><int name="zM" value="0"/></imgdir><imgdir name="7"><string name="oS" value="acc1"/><string name="l0" value="darkWood"/><string name="l1" value="nature"/><string name="l2" value="17"/><int name="x" value="467"/><int name="y" value="69"/><int name="z" value="3"/><int name="f" value="0"/><int name="zM" value="0"/></imgdir><imgdir name="9"><string name="oS" value="acc1"/><string name="l0" value="grassySoil"/><string name="l1" value="artificiality"/><string name="l2" value="9"/><int name="x" value="1061"/><int name="y" value="53"/><int name="z" value="3"/><int name="f" value="0"/><int name="zM" value="0"/></imgdir><imgdir name="10"><string name="oS" value="acc1"/><string name="l0" value="grassySoil"/><string name="l1" value="artificiality"/><string name="l2" value="23"/><int name="x" value="635"/><int name="y" value="67"/><int name="z" value="4"/><int name="f" value="0"/><int name="zM" value="0"/></imgdir><imgdir name="11"><string name="oS" value="acc1"/><string name="l0" value="grassySoil"/><string name="l1" value="artificiality"/><string name="l2" value="24"/><int name="x" value="594"/><int name="y" value="69"/><int name="z" value="3"/><int name="f" value="0"/><int name="zM" value="0"/></imgdir><imgdir name="12"><string name="oS" value="acc1"/><string name="l0" value="grassySoil"/><string name="l1" value="nature"/><string name="l2" value="10"/><int name="x" value="-93"/><int name="y" value="184"/><int name="z" value="3"/><int name="f" value="0"/><int name="zM" value="0"/></imgdir><imgdir name="13"><string name="oS" value="acc1"/><string name="l0" value="grassySoil"/><string name="l1" value="nature"/><string name="l2" value="10"/><int name="x" value="54"/><int name="y" value="185"/><int name="z" value="3"/><int name="f" value="1"/><int name="zM" value="0"/></imgdir><imgdir name="14"><string name="oS" value="acc1"/><string name="l0" value="grassySoil"/><string name="l1" value="nature"/><string name="l2" value="11"/><int name="x" value="444"/><int name="y" value="-52"/><int name="z" value="0"/><int name="f" value="0"/><int name="zM" value="0"/></imgdir><imgdir name="15"><string name="oS" value="acc1"/><string name="l0" value="grassySoil"/><string name="l1" value="nature"/><string name="l2" value="25"/><int name="x" value="444"/><int name="y" value="-108"/><int name="z" value="1"/><int name="f" value="0"/><int name="zM" value="0"/></imgdir><imgdir name="16"><string name="oS" value="house"/><string name="l0" value="grassySoil"/><string name="l1" value="lamp"/><string name="l2" value="2"/><int name="x" value="830"/><int name="y" value="21"/><int name="z" value="3"/><int name="f" value="1"/><int name="zM" value="0"/></imgdir><imgdir name="17"><string name="oS" value="acc1"/><string name="l0" value="grassySoil"/><string name="l1" value="nature"/><string name="l2" value="13"/><int name="x" value="673"/><int name="y" value="-451"/><int name="z" value="3"/><int name="f" value="0"/><int name="zM" value="19"/></imgdir><imgdir name="18"><string name="oS" value="acc1"/><string name="l0" value="grassySoil"/><string name="l1" value="nature"/><string name="l2" value="18"/><int name="x" value="683"/><int name="y" value="-405"/><int name="z" value="4"/><int name="f" value="0"/><int name="zM" value="19"/></imgdir><imgdir name="19"><string name="oS" value="acc1"/><string name="l0" value="grassySoil"/><string name="l1" value="nature"/><string name="l2" value="18"/><int name="x" value="716"/><int name="y" value="-406"/><int name="z" value="5"/><int name="f" value="0"/><int name="zM" value="19"/></imgdir><imgdir name="20"><string name="oS" value="acc1"/><string name="l0" value="darkWood"/><string name="l1" value="nature"/><string name="l2" value="9"/><int name="x" value="810"/><int name="y" value="-435"/><int name="z" value="4"/><int name="f" value="1"/><int name="zM" value="19"/></imgdir><imgdir name="21"><string name="oS" value="acc1"/><string name="l0" value="grassySoil"/><string name="l1" value="artificiality"/><string name="l2" value="6"/><int name="x" value="306"/><int name="y" value="-476"/><int name="z" value="3"/><int name="f" value="0"/><int name="zM" value="19"/></imgdir><imgdir name="22"><string name="oS" value="acc1"/><string name="l0" value="grassySoil"/><string name="l1" value="artificiality"/><string name="l2" value="7"/><int name="x" value="309"/><int name="y" value="-479"/><int name="z" value="4"/><int name="f" value="0"/><int name="zM" value="19"/></imgdir><imgdir name="23"><string name="oS" value="acc1"/><string name="l0" value="grassySoil"/><string name="l1" value="nature"/><string name="l2" value="13"/><int name="x" value="320"/><int name="y" value="-511"/><int name="z" value="2"/><int name="f" value="0"/><int name="zM" value="19"/></imgdir><imgdir name="24"><string name="oS" value="acc1"/><string name="l0" value="darkWood"/><string name="l1" value="nature"/><string name="l2" value="20"/><int name="x" value="396"/><int name="y" value="-463"/><int name="z" value="3"/><int name="f" value="0"/><int name="zM" value="19"/></imgdir><imgdir name="25"><string name="oS" value="acc1"/><string name="l0" value="darkWood"/><string name="l1" value="nature"/><string name="l2" value="18"/><int name="x" value="468"/><int name="y" value="-469"/><int name="z" value="4"/><int name="f" value="0"/><int name="zM" value="19"/></imgdir><imgdir name="26"><string name="oS" value="acc1"/><string name="l0" value="darkWood"/><string name="l1" value="nature"/><string name="l2" value="19"/><int name="x" value="171"/><int name="y" value="-468"/><int name="z" value="3"/><int name="f" value="0"/><int name="zM" value="19"/></imgdir><imgdir name="27"><string name="oS" value="acc1"/><string name="l0" value="darkWood"/><string name="l1" value="nature"/><string name="l2" value="16"/><int name="x" value="1021"/><int name="y" value="-710"/><int name="z" value="3"/><int name="f" value="0"/><int name="zM" value="22"/></imgdir><imgdir name="29"><string name="oS" value="acc1"/><string name="l0" value="darkWood"/><string name="l1" value="nature"/><string name="l2" value="19"/><int name="x" value="62"/><int name="y" value="-169"/><int name="z" value="3"/><int name="f" value="0"/><int name="zM" value="13"/></imgdir><imgdir name="35"><string name="oS" value="acc1"/><string name="l0" value="grassySoil"/><string name="l1" value="nature"/><string name="l2" value="13"/><int name="x" value="968"/><int name="y" value="-741"/><int name="z" value="3"/><int name="f" value="0"/><int name="zM" value="22"/></imgdir><imgdir name="36"><string name="oS" value="acc1"/><string name="l0" value="grassySoil"/><string name="l1" value="nature"/><string name="l2" value="11"/><int name="x" value="1057"/><int name="y" value="-827"/><int name="z" value="4"/><int name="f" value="1"/><int name="zM" value="22"/></imgdir><imgdir name="37"><string name="oS" value="acc1"/><string name="l0" value="grassySoil"/><string name="l1" value="nature"/><string name="l2" value="25"/><int name="x" value="1057"/><int name="y" value="-883"/><int name="z" value="4"/><int name="f" value="1"/><int name="zM" value="22"/></imgdir><imgdir name="30"><string name="oS" value="guide"/><string name="l0" value="midForest"/><string name="l1" value="wood"/><string name="l2" value="0"/><int name="x" value="866"/><int name="y" value="-453"/><int name="z" value="9"/><int name="f" value="0"/><int name="zM" value="19"/></imgdir><imgdir name="34"><string name="oS" value="guide"/><string name="l0" value="midForest"/><string name="l1" value="wood"/><string name="l2" value="0"/><int name="x" value="892"/><int name="y" value="49"/><int name="z" value="9"/><int name="f" value="0"/><int name="zM" value="0"/></imgdir><imgdir name="8"><string name="oS" value="guide"/><string name="l0" value="midForest"/><string name="l1" value="wood"/><string name="l2" value="2"/><int name="x" value="907"/><int name="y" value="41"/><int name="z" value="9"/><int name="f" value="0"/><int name="zM" value="6"/></imgdir><imgdir name="31"><string name="oS" value="guide"/><string name="l0" value="midForest"/><string name="l1" value="wood"/><string name="l2" value="4"/><int name="x" value="106"/><int name="y" value="143"/><int name="z" value="3"/><int name="f" value="0"/><int name="zM" value="0"/></imgdir><imgdir name="28"><string name="oS" value="guide"/><string name="l0" value="midForest"/><string name="l1" value="wood"/><string name="l2" value="0"/><int name="x" value="77"/><int name="y" value="140"/><int name="z" value="4"/><int name="f" value="0"/><int name="zM" value="0"/></imgdir><imgdir name="32"><string name="oS" value="guide"/><string name="l0" value="midForest"/><string name="l1" value="wood"/><string name="l2" value="2"/><int name="x" value="887"/><int name="y" value="-450"/><int name="z" value="9"/><int name="f" value="0"/><int name="zM" value="19"/></imgdir><imgdir name="33"><string name="oS" value="acc1"/><string name="l0" value="darkWood"/><string name="l1" value="nature"/><string name="l2" value="9"/><int name="x" value="1114"/><int name="y" value="-733"/><int name="z" value="5"/><int name="f" value="0"/><int name="zM" value="22"/></imgdir></imgdir></imgdir><imgdir name="2"><imgdir name="info"></imgdir><imgdir name="tile"></imgdir><imgdir name="obj"><imgdir name="0"><string name="oS" value="connect"/><string name="l0" value="ladder"/><string name="l1" value="0"/><string name="l2" value="1"/><int name="x" value="-136"/><int name="y" value="2"/><int name="z" value="3"/><int name="f" value="0"/><int name="zM" value="9"/></imgdir><imgdir name="1"><string name="oS" value="connect"/><string name="l0" value="ladder"/><string name="l1" value="0"/><string name="l2" value="0"/><int name="x" value="-136"/><int name="y" value="-34"/><int name="z" value="3"/><int name="f" value="0"/><int name="zM" value="10"/></imgdir><imgdir name="2"><string name="oS" value="connect"/><string name="l0" value="ladder"/><string name="l1" value="0"/><string name="l2" value="2"/><int name="x" value="-136"/><int name="y" value="54"/><int name="z" value="3"/><int name="f" value="0"/><int name="zM" value="5"/></imgdir><imgdir name="3"><string name="oS" value="connect"/><string name="l0" value="ladder"/><string name="l1" value="0"/><string name="l2" value="1"/><int name="x" value="-136"/><int name="y" value="106"/><int name="z" value="3"/><int name="f" value="0"/><int name="zM" value="4"/></imgdir><imgdir name="4"><string name="oS" value="connect"/><string name="l0" value="ladder"/><string name="l1" value="0"/><string name="l2" value="2"/><int name="x" value="-136"/><int name="y" value="158"/><int name="z" value="3"/><int name="f" value="0"/><int name="zM" value="3"/></imgdir><imgdir name="5"><string name="oS" value="connect"/><string name="l0" value="ladder"/><string name="l1" value="0"/><string name="l2" value="3"/><int name="x" value="-136"/><int name="y" value="193"/><int name="z" value="3"/><int name="f" value="0"/><int name="zM" value="2"/></imgdir><imgdir name="6"><string name="oS" value="connect"/><string name="l0" value="rope"/><string name="l1" value="0"/><string name="l2" value="0"/><int name="x" value="1034"/><int name="y" value="-81"/><int name="z" value="9"/><int name="f" value="0"/><int name="zM" value="7"/></imgdir><imgdir name="7"><string name="oS" value="connect"/><string name="l0" value="rope"/><string name="l1" value="0"/><string name="l2" value="1"/><int name="x" value="1034"/><int name="y" value="-42"/><int name="z" value="9"/><int name="f" value="0"/><int name="zM" value="7"/></imgdir><imgdir name="8"><string name="oS" value="connect"/><string name="l0" value="rope"/><string name="l1" value="0"/><string name="l2" value="1"/><int name="x" value="1034"/><int name="y" value="-13"/><int name="z" value="9"/><int name="f" value="0"/><int name="zM" value="7"/></imgdir><imgdir name="9"><string name="oS" value="connect"/><string name="l0" value="rope"/><string name="l1" value="0"/><string name="l2" value="2"/><int name="x" value="1034"/><int name="y" value="16"/><int name="z" value="9"/><int name="f" value="0"/><int name="zM" value="7"/></imgdir><imgdir name="10"><string name="oS" value="connect"/><string name="l0" value="rope"/><string name="l1" value="0"/><string name="l2" value="0"/><int name="x" value="1007"/><int name="y" value="-681"/><int name="z" value="9"/><int name="f" value="0"/><int name="zM" value="21"/></imgdir><imgdir name="11"><string name="oS" value="connect"/><string name="l0" value="rope"/><string name="l1" value="0"/><string name="l2" value="3"/><int name="x" value="1007"/><int name="y" value="-597"/><int name="z" value="9"/><int name="f" value="0"/><int name="zM" value="21"/></imgdir><imgdir name="12"><string name="oS" value="connect"/><string name="l0" value="rope"/><string name="l1" value="0"/><string name="l2" value="3"/><int name="x" value="1007"/><int name="y" value="-478"/><int name="z" value="9"/><int name="f" value="0"/><int name="zM" value="21"/></imgdir><imgdir name="13"><string name="oS" value="connect"/><string name="l0" value="rope"/><string name="l1" value="0"/><string name="l2" value="2"/><int name="x" value="1007"/><int name="y" value="-404"/><int name="z" value="9"/><int name="f" value="0"/><int name="zM" value="21"/></imgdir><imgdir name="14"><string name="oS" value="connect"/><string name="l0" value="ladder"/><string name="l1" value="0"/><string name="l2" value="0"/><int name="x" value="149"/><int name="y" value="-448"/><int name="z" value="9"/><int name="f" value="0"/><int name="zM" value="18"/></imgdir><imgdir name="15"><string name="oS" value="connect"/><string name="l0" value="ladder"/><string name="l1" value="0"/><string name="l2" value="1"/><int name="x" value="149"/><int name="y" value="-413"/><int name="z" value="9"/><int name="f" value="0"/><int name="zM" value="18"/></imgdir><imgdir name="16"><string name="oS" value="connect"/><string name="l0" value="ladder"/><string name="l1" value="0"/><string name="l2" value="2"/><int name="x" value="149"/><int name="y" value="-363"/><int name="z" value="9"/><int name="f" value="0"/><int name="zM" value="18"/></imgdir><imgdir name="17"><string name="oS" value="connect"/><string name="l0" value="ladder"/><string name="l1" value="0"/><string name="l2" value="1"/><int name="x" value="149"/><int name="y" value="-312"/><int name="z" value="9"/><int name="f" value="0"/><int name="zM" value="18"/></imgdir><imgdir name="18"><string name="oS" value="connect"/><string name="l0" value="ladder"/><string name="l1" value="0"/><string name="l2" value="2"/><int name="x" value="149"/><int name="y" value="-263"/><int name="z" value="9"/><int name="f" value="0"/><int name="zM" value="18"/></imgdir><imgdir name="19"><string name="oS" value="connect"/><string name="l0" value="ladder"/><string name="l1" value="0"/><string name="l2" value="1"/><int name="x" value="149"/><int name="y" value="-211"/><int name="z" value="9"/><int name="f" value="0"/><int name="zM" value="16"/></imgdir><imgdir name="20"><string name="oS" value="connect"/><string name="l0" value="ladder"/><string name="l1" value="0"/><string name="l2" value="3"/><int name="x" value="149"/><int name="y" value="-182"/><int name="z" value="9"/><int name="f" value="0"/><int name="zM" value="16"/></imgdir></imgdir></imgdir><imgdir name="3"><imgdir name="info"></imgdir><imgdir name="tile"></imgdir><imgdir name="obj"><imgdir name="0"><string name="oS" value="acc1"/><string name="l0" value="grassySoil"/><string name="l1" value="nature"/><string name="l2" value="10"/><int name="x" value="127"/><int name="y" value="188"/><int name="z" value="3"/><int name="f" value="0"/><int name="zM" value="1"/></imgdir></imgdir></imgdir><imgdir name="4"><imgdir name="info"></imgdir><imgdir name="tile"></imgdir><imgdir name="obj"></imgdir></imgdir><imgdir name="5"><imgdir name="info"></imgdir><imgdir name="tile"></imgdir><imgdir name="obj"></imgdir></imgdir><imgdir name="6"><imgdir name="info"></imgdir><imgdir name="tile"></imgdir><imgdir name="obj"></imgdir></imgdir><imgdir name="7"><imgdir name="info"></imgdir><imgdir name="tile"></imgdir><imgdir name="obj"></imgdir></imgdir><imgdir name="reactor"></imgdir><imgdir name="ToolTip"><imgdir name="0"><int name="x1" value="76"/><int name="y1" value="123"/><int name="x2" value="137"/><int name="y2" value="160"/></imgdir><imgdir name="1"><int name="x1" value="878"/><int name="y1" value="19"/><int name="x2" value="937"/><int name="y2" value="59"/></imgdir><imgdir name="2"><int name="x1" value="861"/><int name="y1" value="-475"/><int name="x2" value="916"/><int name="y2" value="-431"/></imgdir></imgdir><imgdir name="foothold"><imgdir name="1"><imgdir name="0"><imgdir name="1"><int name="x1" value="-90"/><int name="y1" value="215"/><int name="x2" value="0"/><int name="y2" value="215"/><int name="prev" value="22"/><int name="next" value="4"/></imgdir><imgdir name="2"><int name="x1" value="-270"/><int name="y1" value="215"/><int name="x2" value="-180"/><int name="y2" value="215"/><int name="prev" value="0"/><int name="next" value="22"/></imgdir><imgdir name="3"><int name="x1" value="90"/><int name="y1" value="215"/><int name="x2" value="180"/><int name="y2" value="215"/><int name="prev" value="4"/><int name="next" value="7"/></imgdir><imgdir name="4"><int name="x1" value="0"/><int name="y1" value="215"/><int name="x2" value="90"/><int name="y2" value="215"/><int name="prev" value="1"/><int name="next" value="3"/></imgdir><imgdir name="5"><int name="x1" value="810"/><int name="y1" value="95"/><int name="x2" value="900"/><int name="y2" value="95"/><int name="prev" value="16"/><int name="next" value="23"/></imgdir><imgdir name="6"><int name="x1" value="270"/><int name="y1" value="155"/><int name="x2" value="309"/><int name="y2" value="155"/><int name="prev" value="9"/><int name="next" value="10"/></imgdir><imgdir name="7"><int name="x1" value="180"/><int name="y1" value="215"/><int name="x2" value="231"/><int name="y2" value="215"/><int name="prev" value="3"/><int name="next" value="11"/></imgdir><imgdir name="8"><int name="x1" value="231"/><int name="y1" value="180"/><int name="x2" value="231"/><int name="y2" value="155"/><int name="prev" value="11"/><int name="next" value="9"/></imgdir><imgdir name="9"><int name="x1" value="231"/><int name="y1" value="155"/><int name="x2" value="270"/><int name="y2" value="155"/><int name="prev" value="8"/><int name="next" value="6"/></imgdir><imgdir name="10"><int name="x1" value="309"/><int name="y1" value="155"/><int name="x2" value="321"/><int name="y2" value="155"/><int name="prev" value="6"/><int name="next" value="18"/></imgdir><imgdir name="11"><int name="x1" value="231"/><int name="y1" value="215"/><int name="x2" value="231"/><int name="y2" value="180"/><int name="prev" value="7"/><int name="next" value="8"/></imgdir><imgdir name="12"><int name="x1" value="321"/><int name="y1" value="120"/><int name="x2" value="321"/><int name="y2" value="95"/><int name="prev" value="18"/><int name="next" value="13"/></imgdir><imgdir name="13"><int name="x1" value="321"/><int name="y1" value="95"/><int name="x2" value="399"/><int name="y2" value="95"/><int name="prev" value="12"/><int name="next" value="14"/></imgdir><imgdir name="14"><int name="x1" value="399"/><int name="y1" value="95"/><int name="x2" value="450"/><int name="y2" value="95"/><int name="prev" value="13"/><int name="next" value="15"/></imgdir><imgdir name="15"><int name="x1" value="450"/><int name="y1" value="95"/><int name="x2" value="540"/><int name="y2" value="95"/><int name="prev" value="14"/><int name="next" value="17"/></imgdir><imgdir name="16"><int name="x1" value="720"/><int name="y1" value="95"/><int name="x2" value="810"/><int name="y2" value="95"/><int name="prev" value="19"/><int name="next" value="5"/></imgdir><imgdir name="17"><int name="x1" value="540"/><int name="y1" value="95"/><int name="x2" value="630"/><int name="y2" value="95"/><int name="prev" value="15"/><int name="next" value="19"/></imgdir><imgdir name="18"><int name="x1" value="321"/><int name="y1" value="155"/><int name="x2" value="321"/><int name="y2" value="120"/><int name="prev" value="10"/><int name="next" value="12"/></imgdir><imgdir name="19"><int name="x1" value="630"/><int name="y1" value="95"/><int name="x2" value="720"/><int name="y2" value="95"/><int name="prev" value="17"/><int name="next" value="16"/></imgdir><imgdir name="20"><int name="x1" value="990"/><int name="y1" value="95"/><int name="x2" value="1080"/><int name="y2" value="95"/><int name="prev" value="23"/><int name="next" value="21"/></imgdir><imgdir name="21"><int name="x1" value="1080"/><int name="y1" value="95"/><int name="x2" value="1170"/><int name="y2" value="95"/><int name="prev" value="20"/><int name="next" value="0"/></imgdir><imgdir name="22"><int name="x1" value="-180"/><int name="y1" value="215"/><int name="x2" value="-90"/><int name="y2" value="215"/><int name="prev" value="2"/><int name="next" value="1"/></imgdir><imgdir name="23"><int name="x1" value="900"/><int name="y1" value="95"/><int name="x2" value="990"/><int name="y2" value="95"/><int name="prev" value="5"/><int name="next" value="20"/></imgdir></imgdir><imgdir name="20"><imgdir name="24"><int name="x1" value="951"/><int name="y1" value="-300"/><int name="x2" value="951"/><int name="y2" value="-325"/><int name="prev" value="0"/><int name="next" value="25"/></imgdir><imgdir name="25"><int name="x1" value="951"/><int name="y1" value="-325"/><int name="x2" value="1029"/><int name="y2" value="-325"/><int name="prev" value="24"/><int name="next" value="28"/></imgdir><imgdir name="26"><int name="x1" value="1041"/><int name="y1" value="-325"/><int name="x2" value="1119"/><int name="y2" value="-325"/><int name="prev" value="28"/><int name="next" value="27"/></imgdir><imgdir name="27"><int name="x1" value="1119"/><int name="y1" value="-325"/><int name="x2" value="1119"/><int name="y2" value="-300"/><int name="prev" value="26"/><int name="next" value="0"/></imgdir><imgdir name="28"><int name="x1" value="1029"/><int name="y1" value="-325"/><int name="x2" value="1041"/><int name="y2" value="-325"/><int name="prev" value="25"/><int name="next" value="26"/></imgdir></imgdir><imgdir name="14"><imgdir name="29"><int name="x1" value="861"/><int name="y1" value="-120"/><int name="x2" value="861"/><int name="y2" value="-145"/><int name="prev" value="0"/><int name="next" value="30"/></imgdir><imgdir name="30"><int name="x1" value="861"/><int name="y1" value="-145"/><int name="x2" value="939"/><int name="y2" value="-145"/><int name="prev" value="29"/><int name="next" value="33"/></imgdir><imgdir name="31"><int name="x1" value="951"/><int name="y1" value="-145"/><int name="x2" value="1029"/><int name="y2" value="-145"/><int name="prev" value="33"/><int name="next" value="32"/></imgdir><imgdir name="32"><int name="x1" value="1029"/><int name="y1" value="-145"/><int name="x2" value="1029"/><int name="y2" value="-120"/><int name="prev" value="31"/><int name="next" value="0"/></imgdir><imgdir name="33"><int name="x1" value="939"/><int name="y1" value="-145"/><int name="x2" value="951"/><int name="y2" value="-145"/><int name="prev" value="30"/><int name="next" value="31"/></imgdir></imgdir><imgdir name="11"><imgdir name="34"><int name="x1" value="1041"/><int name="y1" value="-85"/><int name="x2" value="1119"/><int name="y2" value="-85"/><int name="prev" value="38"/><int name="next" value="35"/></imgdir><imgdir name="35"><int name="x1" value="1119"/><int name="y1" value="-85"/><int name="x2" value="1119"/><int name="y2" value="-60"/><int name="prev" value="34"/><int name="next" value="0"/></imgdir><imgdir name="36"><int name="x1" value="951"/><int name="y1" value="-60"/><int name="x2" value="951"/><int name="y2" value="-85"/><int name="prev" value="0"/><int name="next" value="37"/></imgdir><imgdir name="37"><int name="x1" value="951"/><int name="y1" value="-85"/><int name="x2" value="1029"/><int name="y2" value="-85"/><int name="prev" value="36"/><int name="next" value="38"/></imgdir><imgdir name="38"><int name="x1" value="1029"/><int name="y1" value="-85"/><int name="x2" value="1041"/><int name="y2" value="-85"/><int name="prev" value="37"/><int name="next" value="34"/></imgdir></imgdir><imgdir name="19"><imgdir name="39"><int name="x1" value="540"/><int name="y1" value="-445"/><int name="x2" value="630"/><int name="y2" value="-385"/><int name="prev" value="43"/><int name="next" value="40"/></imgdir><imgdir name="40"><int name="x1" value="630"/><int name="y1" value="-385"/><int name="x2" value="720"/><int name="y2" value="-385"/><int name="prev" value="39"/><int name="next" value="52"/></imgdir><imgdir name="41"><int name="x1" value="51"/><int name="y1" value="-420"/><int name="x2" value="51"/><int name="y2" value="-445"/><int name="prev" value="45"/><int name="next" value="42"/></imgdir><imgdir name="42"><int name="x1" value="51"/><int name="y1" value="-445"/><int name="x2" value="129"/><int name="y2" value="-445"/><int name="prev" value="41"/><int name="next" value="53"/></imgdir><imgdir name="43"><int name="x1" value="450"/><int name="y1" value="-445"/><int name="x2" value="540"/><int name="y2" value="-445"/><int name="prev" value="46"/><int name="next" value="39"/></imgdir><imgdir name="44"><int name="x1" value="51"/><int name="y1" value="-300"/><int name="x2" value="51"/><int name="y2" value="-360"/><int name="prev" value="0"/><int name="next" value="45"/></imgdir><imgdir name="45"><int name="x1" value="51"/><int name="y1" value="-360"/><int name="x2" value="51"/><int name="y2" value="-420"/><int name="prev" value="44"/><int name="next" value="41"/></imgdir><imgdir name="46"><int name="x1" value="360"/><int name="y1" value="-445"/><int name="x2" value="450"/><int name="y2" value="-445"/><int name="prev" value="48"/><int name="next" value="43"/></imgdir><imgdir name="47"><int name="x1" value="180"/><int name="y1" value="-445"/><int name="x2" value="270"/><int name="y2" value="-445"/><int name="prev" value="53"/><int name="next" value="48"/></imgdir><imgdir name="48"><int name="x1" value="270"/><int name="y1" value="-445"/><int name="x2" value="360"/><int name="y2" value="-445"/><int name="prev" value="47"/><int name="next" value="46"/></imgdir><imgdir name="49"><int name="x1" value="861"/><int name="y1" value="-385"/><int name="x2" value="939"/><int name="y2" value="-385"/><int name="prev" value="51"/><int name="next" value="50"/></imgdir><imgdir name="50"><int name="x1" value="939"/><int name="y1" value="-385"/><int name="x2" value="939"/><int name="y2" value="-360"/><int name="prev" value="49"/><int name="next" value="0"/></imgdir><imgdir name="51"><int name="x1" value="810"/><int name="y1" value="-385"/><int name="x2" value="861"/><int name="y2" value="-385"/><int name="prev" value="52"/><int name="next" value="49"/></imgdir><imgdir name="52"><int name="x1" value="720"/><int name="y1" value="-385"/><int name="x2" value="810"/><int name="y2" value="-385"/><int name="prev" value="40"/><int name="next" value="51"/></imgdir><imgdir name="53"><int name="x1" value="129"/><int name="y1" value="-445"/><int name="x2" value="180"/><int name="y2" value="-445"/><int name="prev" value="42"/><int name="next" value="47"/></imgdir><imgdir name="54"><int name="x1" value="241"/><int name="y1" value="-474"/><int name="x2" value="358"/><int name="y2" value="-471"/><int name="prev" value="0"/><int name="next" value="0"/></imgdir></imgdir><imgdir name="15"><imgdir name="55"><int name="x1" value="1041"/><int name="y1" value="-205"/><int name="x2" value="1119"/><int name="y2" value="-205"/><int name="prev" value="59"/><int name="next" value="56"/></imgdir><imgdir name="56"><int name="x1" value="1119"/><int name="y1" value="-205"/><int name="x2" value="1119"/><int name="y2" value="-180"/><int name="prev" value="55"/><int name="next" value="0"/></imgdir><imgdir name="57"><int name="x1" value="951"/><int name="y1" value="-180"/><int name="x2" value="951"/><int name="y2" value="-205"/><int name="prev" value="0"/><int name="next" value="58"/></imgdir><imgdir name="58"><int name="x1" value="951"/><int name="y1" value="-205"/><int name="x2" value="1029"/><int name="y2" value="-205"/><int name="prev" value="57"/><int name="next" value="59"/></imgdir><imgdir name="59"><int name="x1" value="1029"/><int name="y1" value="-205"/><int name="x2" value="1041"/><int name="y2" value="-205"/><int name="prev" value="58"/><int name="next" value="55"/></imgdir></imgdir><imgdir name="13"><imgdir name="60"><int name="x1" value="51"/><int name="y1" value="-145"/><int name="x2" value="129"/><int name="y2" value="-145"/><int name="prev" value="65"/><int name="next" value="61"/></imgdir><imgdir name="61"><int name="x1" value="129"/><int name="y1" value="-145"/><int name="x2" value="129"/><int name="y2" value="-120"/><int name="prev" value="60"/><int name="next" value="0"/></imgdir><imgdir name="62"><int name="x1" value="0"/><int name="y1" value="-145"/><int name="x2" value="39"/><int name="y2" value="-145"/><int name="prev" value="64"/><int name="next" value="65"/></imgdir><imgdir name="63"><int name="x1" value="-39"/><int name="y1" value="-120"/><int name="x2" value="-39"/><int name="y2" value="-145"/><int name="prev" value="0"/><int name="next" value="64"/></imgdir><imgdir name="64"><int name="x1" value="-39"/><int name="y1" value="-145"/><int name="x2" value="0"/><int name="y2" value="-145"/><int name="prev" value="63"/><int name="next" value="62"/></imgdir><imgdir name="65"><int name="x1" value="39"/><int name="y1" value="-145"/><int name="x2" value="51"/><int name="y2" value="-145"/><int name="prev" value="62"/><int name="next" value="60"/></imgdir></imgdir><imgdir name="12"><imgdir name="66"><int name="x1" value="-39"/><int name="y1" value="-85"/><int name="x2" value="39"/><int name="y2" value="-85"/><int name="prev" value="71"/><int name="next" value="67"/></imgdir><imgdir name="67"><int name="x1" value="39"/><int name="y1" value="-85"/><int name="x2" value="39"/><int name="y2" value="-60"/><int name="prev" value="66"/><int name="next" value="0"/></imgdir><imgdir name="68"><int name="x1" value="-90"/><int name="y1" value="-85"/><int name="x2" value="-51"/><int name="y2" value="-85"/><int name="prev" value="70"/><int name="next" value="71"/></imgdir><imgdir name="69"><int name="x1" value="-129"/><int name="y1" value="-60"/><int name="x2" value="-129"/><int name="y2" value="-85"/><int name="prev" value="0"/><int name="next" value="70"/></imgdir><imgdir name="70"><int name="x1" value="-129"/><int name="y1" value="-85"/><int name="x2" value="-90"/><int name="y2" value="-85"/><int name="prev" value="69"/><int name="next" value="68"/></imgdir><imgdir name="71"><int name="x1" value="-51"/><int name="y1" value="-85"/><int name="x2" value="-39"/><int name="y2" value="-85"/><int name="prev" value="68"/><int name="next" value="66"/></imgdir></imgdir><imgdir name="17"><imgdir name="72"><int name="x1" value="900"/><int name="y1" value="-265"/><int name="x2" value="939"/><int name="y2" value="-265"/><int name="prev" value="77"/><int name="next" value="78"/></imgdir><imgdir name="73"><int name="x1" value="951"/><int name="y1" value="-265"/><int name="x2" value="990"/><int name="y2" value="-265"/><int name="prev" value="78"/><int name="next" value="74"/></imgdir><imgdir name="74"><int name="x1" value="990"/><int name="y1" value="-265"/><int name="x2" value="1029"/><int name="y2" value="-265"/><int name="prev" value="73"/><int name="next" value="75"/></imgdir><imgdir name="75"><int name="x1" value="1029"/><int name="y1" value="-265"/><int name="x2" value="1029"/><int name="y2" value="-240"/><int name="prev" value="74"/><int name="next" value="0"/></imgdir><imgdir name="76"><int name="x1" value="861"/><int name="y1" value="-240"/><int name="x2" value="861"/><int name="y2" value="-265"/><int name="prev" value="0"/><int name="next" value="77"/></imgdir><imgdir name="77"><int name="x1" value="861"/><int name="y1" value="-265"/><int name="x2" value="900"/><int name="y2" value="-265"/><int name="prev" value="76"/><int name="next" value="72"/></imgdir><imgdir name="78"><int name="x1" value="939"/><int name="y1" value="-265"/><int name="x2" value="951"/><int name="y2" value="-265"/><int name="prev" value="72"/><int name="next" value="73"/></imgdir></imgdir><imgdir name="8"><imgdir name="79"><int name="x1" value="-219"/><int name="y1" value="0"/><int name="x2" value="-219"/><int name="y2" value="-25"/><int name="prev" value="0"/><int name="next" value="80"/></imgdir><imgdir name="80"><int name="x1" value="-219"/><int name="y1" value="-25"/><int name="x2" value="-141"/><int name="y2" value="-25"/><int name="prev" value="79"/><int name="next" value="83"/></imgdir><imgdir name="81"><int name="x1" value="-129"/><int name="y1" value="-25"/><int name="x2" value="-51"/><int name="y2" value="-25"/><int name="prev" value="83"/><int name="next" value="82"/></imgdir><imgdir name="82"><int name="x1" value="-51"/><int name="y1" value="-25"/><int name="x2" value="-51"/><int name="y2" value="0"/><int name="prev" value="81"/><int name="next" value="0"/></imgdir><imgdir name="83"><int name="x1" value="-141"/><int name="y1" value="-25"/><int name="x2" value="-129"/><int name="y2" value="-25"/><int name="prev" value="80"/><int name="next" value="81"/></imgdir></imgdir><imgdir name="22"><imgdir name="84"><int name="x1" value="900"/><int name="y1" value="-685"/><int name="x2" value="939"/><int name="y2" value="-685"/><int name="prev" value="88"/><int name="next" value="89"/></imgdir><imgdir name="85"><int name="x1" value="1080"/><int name="y1" value="-685"/><int name="x2" value="1170"/><int name="y2" value="-685"/><int name="prev" value="86"/><int name="next" value="0"/></imgdir><imgdir name="86"><int name="x1" value="990"/><int name="y1" value="-685"/><int name="x2" value="1080"/><int name="y2" value="-685"/><int name="prev" value="89"/><int name="next" value="85"/></imgdir><imgdir name="87"><int name="x1" value="861"/><int name="y1" value="-660"/><int name="x2" value="861"/><int name="y2" value="-685"/><int name="prev" value="0"/><int name="next" value="88"/></imgdir><imgdir name="88"><int name="x1" value="861"/><int name="y1" value="-685"/><int name="x2" value="900"/><int name="y2" value="-685"/><int name="prev" value="87"/><int name="next" value="84"/></imgdir><imgdir name="89"><int name="x1" value="939"/><int name="y1" value="-685"/><int name="x2" value="990"/><int name="y2" value="-685"/><int name="prev" value="84"/><int name="next" value="86"/></imgdir></imgdir></imgdir></imgdir><imgdir name="ladderRope"><imgdir name="1"><int name="l" value="1"/><int name="uf" value="1"/><int name="x" value="-136"/><int name="y1" value="-23"/><int name="y2" value="213"/><int name="page" value="2"/></imgdir><imgdir name="2"><int name="l" value="0"/><int name="uf" value="1"/><int name="x" value="1034"/><int name="y1" value="-83"/><int name="y2" value="53"/><int name="page" value="2"/></imgdir><imgdir name="3"><int name="l" value="0"/><int name="uf" value="1"/><int name="x" value="1007"/><int name="y1" value="-683"/><int name="y2" value="-367"/><int name="page" value="2"/></imgdir><imgdir name="4"><int name="l" value="1"/><int name="uf" value="1"/><int name="x" value="149"/><int name="y1" value="-443"/><int name="y2" value="-153"/><int name="page" value="2"/></imgdir></imgdir><imgdir name="seat"><vector name="0" x="270" y="-452"/><vector name="1" x="337" y="-452"/></imgdir><imgdir name="miniMap"><canvas name="canvas" width="96" height="101"></canvas><int name="width" value="1549"/><int name="height" value="1618"/><int name="centerX" value="318"/><int name="centerY" value="1124"/><int name="mag" value="4"/></imgdir><imgdir name="portal"><imgdir name="0"><string name="pn" value="sp"/><int name="pt" value="0"/><int name="x" value="-77"/><int name="y" value="122"/><int name="tm" value="999999999"/><string name="tn" value=""/></imgdir><imgdir name="1"><string name="pn" value="in00"/><int name="pt" value="1"/><int name="x" value="-199"/><int name="y" value="215"/><int name="tm" value="999999999"/><string name="tn" value=""/></imgdir><imgdir name="2"><string name="pn" value="out00"/><int name="pt" value="2"/><int name="x" value="1086"/><int name="y" value="-687"/><int name="tm" value="40000"/><string name="tn" value="in00"/></imgdir></imgdir></imgdir>