<?xml version="1.0" encoding="UTF-8" standalone="yes"?><imgdir name="000010000.img"><imgdir name="back"><imgdir name="0"><int name="no" value="0"/><int name="x" value="0"/><int name="y" value="0"/><int name="rx" value="0"/><int name="ry" value="0"/><int name="type" value="3"/><int name="cx" value="0"/><int name="cy" value="0"/><string name="bS" value="grassySoil"/><int name="a" value="255"/><int name="front" value="0"/><int name="ani" value="0"/><int name="f" value="0"/></imgdir><imgdir name="1"><int name="no" value="1"/><int name="x" value="100"/><int name="y" value="-180"/><int name="rx" value="-5"/><int name="ry" value="-3"/><int name="type" value="4"/><int name="cx" value="0"/><int name="cy" value="0"/><string name="bS" value="grassySoil"/><int name="a" value="255"/><int name="front" value="0"/><int name="ani" value="0"/><int name="f" value="0"/></imgdir><imgdir name="2"><int name="no" value="2"/><int name="x" value="300"/><int name="y" value="55"/><int name="rx" value="-8"/><int name="ry" value="-8"/><int name="type" value="0"/><int name="cx" value="0"/><int name="cy" value="0"/><string name="bS" value="grassySoil"/><int name="a" value="255"/><int name="front" value="0"/><int name="ani" value="0"/><int name="f" value="0"/></imgdir><imgdir name="3"><int name="no" value="3"/><int name="x" value="179"/><int name="y" value="-249"/><int name="rx" value="-8"/><int name="ry" value="-8"/><int name="type" value="0"/><int name="cx" value="0"/><int name="cy" value="0"/><string name="bS" value="grassySoil"/><int name="a" value="255"/><int name="front" value="0"/><int name="ani" value="0"/><int name="f" value="0"/></imgdir><imgdir name="4"><int name="no" value="6"/><int name="x" value="100"/><int name="y" value="180"/><int name="rx" value="-15"/><int name="ry" value="-12"/><int name="type" value="1"/><int name="cx" value="0"/><int name="cy" value="0"/><string name="bS" value="grassySoil"/><int name="a" value="255"/><int name="front" value="0"/><int name="ani" value="0"/><int name="f" value="0"/></imgdir></imgdir><imgdir name="life"><imgdir name="0"><string name="type" value="n"/><string name="id" value="0002000"/><int name="x" value="233"/><int name="y" value="58"/><int name="fh" value="7"/><int name="cy" value="65"/><int name="rx0" value="206"/><int name="rx1" value="283"/></imgdir></imgdir><imgdir name="0"><imgdir name="info"><string name="tS" value="grassySoil"/></imgdir><imgdir name="tile"><imgdir name="9"><int name="x" value="225"/><int name="y" value="210"/><string name="u" value="edD"/><int name="no" value="0"/><int name="zM" value="1"/></imgdir><imgdir name="5"><int name="x" value="405"/><int name="y" value="150"/><string name="u" value="enV1"/><int name="no" value="0"/><int name="zM" value="1"/></imgdir><imgdir name="7"><int name="x" value="315"/><int name="y" value="150"/><string name="u" value="bsc"/><int name="no" value="1"/><int name="zM" value="1"/></imgdir><imgdir name="10"><int name="x" value="315"/><int name="y" value="210"/><string name="u" value="enH1"/><int name="no" value="0"/><int name="zM" value="1"/></imgdir><imgdir name="2"><int name="x" value="225"/><int name="y" value="150"/><string name="u" value="bsc"/><int name="no" value="3"/><int name="zM" value="1"/></imgdir><imgdir name="1"><int name="x" value="225"/><int name="y" value="210"/><string name="u" value="enH1"/><int name="no" value="0"/><int name="zM" value="1"/></imgdir><imgdir name="8"><int name="x" value="225"/><int name="y" value="150"/><string name="u" value="enV0"/><int name="no" value="0"/><int name="zM" value="1"/></imgdir><imgdir name="11"><int name="x" value="405"/><int name="y" value="210"/><string name="u" value="edD"/><int name="no" value="0"/><int name="zM" value="1"/></imgdir><imgdir name="12"><int name="x" value="225"/><int name="y" value="90"/><string name="u" value="edU"/><int name="no" value="1"/><int name="zM" value="1"/></imgdir><imgdir name="3"><int name="x" value="225"/><int name="y" value="90"/><string name="u" value="bsc"/><int name="no" value="2"/><int name="zM" value="1"/></imgdir><imgdir name="13"><int name="x" value="225"/><int name="y" value="90"/><string name="u" value="enH0"/><int name="no" value="1"/><int name="zM" value="1"/></imgdir><imgdir name="14"><int name="x" value="225"/><int name="y" value="90"/><string name="u" value="enV0"/><int name="no" value="1"/><int name="zM" value="1"/></imgdir><imgdir name="0"><int name="x" value="315"/><int name="y" value="90"/><string name="u" value="bsc"/><int name="no" value="4"/><int name="zM" value="1"/></imgdir><imgdir name="15"><int name="x" value="315"/><int name="y" value="90"/><string name="u" value="enH0"/><int name="no" value="1"/><int name="zM" value="1"/></imgdir><imgdir name="6"><int name="x" value="405"/><int name="y" value="90"/><string name="u" value="enV1"/><int name="no" value="1"/><int name="zM" value="1"/></imgdir><imgdir name="4"><int name="x" value="405"/><int name="y" value="90"/><string name="u" value="edU"/><int name="no" value="1"/><int name="zM" value="1"/></imgdir></imgdir><imgdir name="obj"><imgdir name="0"><string name="oS" value="acc1"/><string name="l0" value="grassySoil"/><string name="l1" value="artificiality"/><string name="l2" value="2"/><int name="x" value="327"/><int name="y" value="44"/><int name="z" value="3"/><int name="f" value="0"/><int name="zM" value="1"/></imgdir></imgdir></imgdir><imgdir name="2"><imgdir name="info"></imgdir><imgdir name="tile"></imgdir><imgdir name="obj"></imgdir></imgdir><imgdir name="3"><imgdir name="info"></imgdir><imgdir name="tile"></imgdir><imgdir name="obj"><imgdir name="0"><string name="oS" value="acc1"/><string name="l0" value="grassySoil"/><string name="l1" value="artificiality"/><string name="l2" value="2"/><int name="x" value="547"/><int name="y" value="190"/><int name="z" value="3"/><int name="f" value="0"/><int name="zM" value="2"/></imgdir></imgdir></imgdir><imgdir name="4"><imgdir name="info"></imgdir><imgdir name="tile"></imgdir><imgdir name="obj"></imgdir></imgdir><imgdir name="5"><imgdir name="info"></imgdir><imgdir name="tile"></imgdir><imgdir name="obj"></imgdir></imgdir><imgdir name="6"><imgdir name="info"></imgdir><imgdir name="tile"></imgdir><imgdir name="obj"></imgdir></imgdir><imgdir name="7"><imgdir name="info"></imgdir><imgdir name="tile"></imgdir><imgdir name="obj"></imgdir></imgdir><imgdir name="reactor"></imgdir><imgdir name="ToolTip"><imgdir name="0"><int name="x1" value="656"/><int name="y1" value="88"/><int name="x2" value="750"/><int name="y2" value="225"/></imgdir></imgdir><imgdir name="ladderRope"></imgdir><imgdir name="info"><int name="version" value="10"/><int name="cloud" value="0"/><int name="town" value="1"/><float name="mobRate" value="1.0"/><string name="bgm" value="Bgm00/FloralLife"/><int name="returnMap" value="10000"/><int name="hideMinimap" value="0"/><int name="forcedReturn" value="999999999"/><int name="moveLimit" value="0"/><string name="mapMark" value="MushroomVillage"/><int name="swim" value="0"/><int name="fieldLimit" value="8260"/><int name="VRTop" value="-540"/><int name="VRLeft" value="-270"/><int name="VRBottom" value="455"/><int name="VRRight" value="810"/></imgdir><imgdir name="1"><imgdir name="info"><string name="tS" value="grassySoil"/></imgdir><imgdir name="tile"><imgdir name="10"><int name="x" value="-90"/><int name="y" value="300"/><int name="no" value="0"/><string name="u" value="enH0"/><int name="zM" value="0"/></imgdir><imgdir name="7"><int name="x" value="-180"/><int name="y" value="300"/><int name="no" value="0"/><string name="u" value="enH0"/><int name="zM" value="0"/></imgdir><imgdir name="5"><int name="x" value="-270"/><int name="y" value="300"/><int name="no" value="1"/><string name="u" value="enH0"/><int name="zM" value="0"/></imgdir><imgdir name="11"><int name="x" value="-90"/><int name="y" value="300"/><int name="no" value="0"/><string name="u" value="bsc"/><int name="zM" value="0"/></imgdir><imgdir name="6"><int name="x" value="-180"/><int name="y" value="300"/><int name="no" value="0"/><string name="u" value="bsc"/><int name="zM" value="0"/></imgdir><imgdir name="4"><int name="x" value="-270"/><int name="y" value="300"/><int name="no" value="1"/><string name="u" value="bsc"/><int name="zM" value="0"/></imgdir><imgdir name="15"><int name="x" value="-90"/><int name="y" value="360"/><int name="no" value="1"/><string name="u" value="bsc"/><int name="zM" value="0"/></imgdir><imgdir name="16"><int name="x" value="-180"/><int name="y" value="360"/><int name="no" value="1"/><string name="u" value="bsc"/><int name="zM" value="0"/></imgdir><imgdir name="14"><int name="x" value="-270"/><int name="y" value="360"/><int name="no" value="0"/><string name="u" value="bsc"/><int name="zM" value="0"/></imgdir><imgdir name="21"><int name="x" value="-90"/><int name="y" value="420"/><int name="no" value="0"/><string name="u" value="bsc"/><int name="zM" value="0"/></imgdir><imgdir name="23"><int name="x" value="-90"/><int name="y" value="480"/><int name="no" value="1"/><string name="u" value="enH1"/><int name="zM" value="0"/></imgdir><imgdir name="22"><int name="x" value="-180"/><int name="y" value="420"/><int name="no" value="0"/><string name="u" value="bsc"/><int name="zM" value="0"/></imgdir><imgdir name="28"><int name="x" value="-180"/><int name="y" value="480"/><int name="no" value="0"/><string name="u" value="enH1"/><int name="zM" value="0"/></imgdir><imgdir name="20"><int name="x" value="-270"/><int name="y" value="420"/><int name="no" value="1"/><string name="u" value="bsc"/><int name="zM" value="0"/></imgdir><imgdir name="26"><int name="x" value="-270"/><int name="y" value="480"/><int name="no" value="0"/><string name="u" value="enH1"/><int name="zM" value="0"/></imgdir><imgdir name="40"><int name="x" value="360"/><int name="y" value="240"/><int name="no" value="0"/><string name="u" value="bsc"/><int name="zM" value="0"/></imgdir><imgdir name="32"><int name="x" value="360"/><int name="y" value="240"/><int name="no" value="0"/><string name="u" value="enH0"/><int name="zM" value="0"/></imgdir><imgdir name="39"><int name="x" value="360"/><int name="y" value="300"/><int name="no" value="1"/><string name="u" value="bsc"/><int name="zM" value="0"/></imgdir><imgdir name="9"><int name="x" value="360"/><int name="y" value="360"/><int name="no" value="0"/><string name="u" value="bsc"/><int name="zM" value="0"/></imgdir><imgdir name="48"><int name="x" value="180"/><int name="y" value="360"/><int name="no" value="0"/><string name="u" value="bsc"/><int name="zM" value="0"/></imgdir><imgdir name="46"><int name="x" value="90"/><int name="y" value="360"/><int name="no" value="1"/><string name="u" value="bsc"/><int name="zM" value="0"/></imgdir><imgdir name="47"><int name="x" value="0"/><int name="y" value="360"/><int name="no" value="0"/><string name="u" value="bsc"/><int name="zM" value="0"/></imgdir><imgdir name="50"><int name="x" value="270"/><int name="y" value="360"/><int name="no" value="1"/><string name="u" value="bsc"/><int name="zM" value="0"/></imgdir><imgdir name="29"><int name="x" value="0"/><int name="y" value="480"/><int name="no" value="0"/><string name="u" value="enH1"/><int name="zM" value="0"/></imgdir><imgdir name="52"><int name="x" value="0"/><int name="y" value="420"/><int name="no" value="1"/><string name="u" value="bsc"/><int name="zM" value="0"/></imgdir><imgdir name="51"><int name="x" value="90"/><int name="y" value="420"/><int name="no" value="0"/><string name="u" value="bsc"/><int name="zM" value="0"/></imgdir><imgdir name="27"><int name="x" value="90"/><int name="y" value="480"/><int name="no" value="1"/><string name="u" value="enH1"/><int name="zM" value="0"/></imgdir><imgdir name="53"><int name="x" value="180"/><int name="y" value="420"/><int name="no" value="1"/><string name="u" value="bsc"/><int name="zM" value="0"/></imgdir><imgdir name="55"><int name="x" value="270"/><int name="y" value="420"/><int name="no" value="0"/><string name="u" value="bsc"/><int name="zM" value="0"/></imgdir><imgdir name="17"><int name="x" value="360"/><int name="y" value="420"/><int name="no" value="1"/><string name="u" value="bsc"/><int name="zM" value="0"/></imgdir><imgdir name="58"><int name="x" value="270"/><int name="y" value="480"/><int name="no" value="1"/><string name="u" value="enH1"/><int name="zM" value="0"/></imgdir><imgdir name="54"><int name="x" value="360"/><int name="y" value="480"/><int name="no" value="0"/><string name="u" value="enH1"/><int name="zM" value="0"/></imgdir><imgdir name="56"><int name="x" value="180"/><int name="y" value="480"/><int name="no" value="0"/><string name="u" value="enH1"/><int name="zM" value="0"/></imgdir><imgdir name="42"><int name="x" value="450"/><int name="y" value="240"/><int name="no" value="1"/><string name="u" value="bsc"/><int name="zM" value="0"/></imgdir><imgdir name="41"><int name="x" value="450"/><int name="y" value="300"/><int name="no" value="0"/><string name="u" value="bsc"/><int name="zM" value="0"/></imgdir><imgdir name="44"><int name="x" value="450"/><int name="y" value="240"/><int name="no" value="1"/><string name="u" value="enH0"/><int name="zM" value="0"/></imgdir><imgdir name="49"><int name="x" value="450"/><int name="y" value="360"/><int name="no" value="1"/><string name="u" value="bsc"/><int name="zM" value="0"/></imgdir><imgdir name="59"><int name="x" value="450"/><int name="y" value="420"/><int name="no" value="0"/><string name="u" value="bsc"/><int name="zM" value="0"/></imgdir><imgdir name="57"><int name="x" value="540"/><int name="y" value="420"/><int name="no" value="1"/><string name="u" value="bsc"/><int name="zM" value="0"/></imgdir><imgdir name="61"><int name="x" value="540"/><int name="y" value="240"/><int name="no" value="0"/><string name="u" value="bsc"/><int name="zM" value="0"/></imgdir><imgdir name="63"><int name="x" value="540"/><int name="y" value="240"/><int name="no" value="0"/><string name="u" value="enH0"/><int name="zM" value="0"/></imgdir><imgdir name="64"><int name="x" value="540"/><int name="y" value="300"/><int name="no" value="1"/><string name="u" value="bsc"/><int name="zM" value="0"/></imgdir><imgdir name="45"><int name="x" value="450"/><int name="y" value="480"/><int name="no" value="1"/><string name="u" value="enH1"/><int name="zM" value="0"/></imgdir><imgdir name="31"><int name="x" value="540"/><int name="y" value="360"/><int name="no" value="0"/><string name="u" value="bsc"/><int name="zM" value="0"/></imgdir><imgdir name="36"><int name="x" value="540"/><int name="y" value="480"/><int name="no" value="0"/><string name="u" value="enH1"/><int name="zM" value="0"/></imgdir><imgdir name="66"><int name="x" value="90"/><int name="y" value="300"/><int name="no" value="0"/><string name="u" value="bsc"/><int name="zM" value="0"/></imgdir><imgdir name="67"><int name="x" value="0"/><int name="y" value="300"/><int name="no" value="1"/><string name="u" value="bsc"/><int name="zM" value="0"/></imgdir><imgdir name="33"><int name="x" value="630"/><int name="y" value="480"/><int name="no" value="1"/><string name="u" value="enH1"/><int name="zM" value="0"/></imgdir><imgdir name="60"><int name="x" value="630"/><int name="y" value="240"/><int name="no" value="1"/><string name="u" value="bsc"/><int name="zM" value="0"/></imgdir><imgdir name="62"><int name="x" value="630"/><int name="y" value="300"/><int name="no" value="0"/><string name="u" value="bsc"/><int name="zM" value="0"/></imgdir><imgdir name="30"><int name="x" value="630"/><int name="y" value="360"/><int name="no" value="1"/><string name="u" value="bsc"/><int name="zM" value="0"/></imgdir><imgdir name="34"><int name="x" value="630"/><int name="y" value="420"/><int name="no" value="0"/><string name="u" value="bsc"/><int name="zM" value="0"/></imgdir><imgdir name="38"><int name="x" value="180"/><int name="y" value="240"/><string name="u" value="bsc"/><int name="no" value="3"/><int name="zM" value="0"/></imgdir><imgdir name="35"><int name="x" value="270"/><int name="y" value="240"/><string name="u" value="bsc"/><int name="no" value="2"/><int name="zM" value="0"/></imgdir><imgdir name="37"><int name="x" value="90"/><int name="y" value="240"/><string name="u" value="bsc"/><int name="no" value="4"/><int name="zM" value="0"/></imgdir><imgdir name="65"><int name="x" value="90"/><int name="y" value="300"/><string name="u" value="slLU"/><int name="no" value="0"/><int name="zM" value="0"/></imgdir><imgdir name="43"><int name="x" value="270"/><int name="y" value="300"/><string name="u" value="bsc"/><int name="no" value="2"/><int name="zM" value="0"/></imgdir><imgdir name="8"><int name="x" value="720"/><int name="y" value="240"/><int name="no" value="0"/><string name="u" value="enH0"/><int name="zM" value="0"/></imgdir><imgdir name="13"><int name="x" value="720"/><int name="y" value="300"/><int name="no" value="1"/><string name="u" value="bsc"/><int name="zM" value="0"/></imgdir><imgdir name="18"><int name="x" value="720"/><int name="y" value="480"/><int name="no" value="0"/><string name="u" value="enH1"/><int name="zM" value="0"/></imgdir><imgdir name="19"><int name="x" value="720"/><int name="y" value="420"/><int name="no" value="1"/><string name="u" value="bsc"/><int name="zM" value="0"/></imgdir><imgdir name="12"><int name="x" value="720"/><int name="y" value="240"/><int name="no" value="0"/><string name="u" value="bsc"/><int name="zM" value="0"/></imgdir><imgdir name="24"><int name="x" value="180"/><int name="y" value="300"/><string name="u" value="bsc"/><int name="no" value="1"/><int name="zM" value="0"/></imgdir><imgdir name="3"><int name="x" value="180"/><int name="y" value="240"/><string name="u" value="enH0"/><int name="no" value="0"/><int name="zM" value="0"/></imgdir><imgdir name="2"><int name="x" value="720"/><int name="y" value="360"/><int name="no" value="0"/><string name="u" value="bsc"/><int name="zM" value="0"/></imgdir><imgdir name="0"><int name="x" value="630"/><int name="y" value="240"/><int name="no" value="1"/><string name="u" value="enH0"/><int name="zM" value="0"/></imgdir><imgdir name="25"><int name="x" value="270"/><int name="y" value="240"/><string name="u" value="enH0"/><int name="no" value="0"/><int name="zM" value="0"/></imgdir><imgdir name="1"><int name="x" value="90"/><int name="y" value="240"/><string name="u" value="enH0"/><int name="no" value="1"/><int name="zM" value="0"/></imgdir></imgdir><imgdir name="obj"><imgdir name="4"><int name="x" value="296"/><int name="y" value="160"/><int name="z" value="3"/><string name="oS" value="acc1"/><string name="l0" value="grassySoil"/><string name="l1" value="nature"/><string name="l2" value="13"/><int name="f" value="0"/><int name="zM" value="0"/></imgdir><imgdir name="1"><string name="oS" value="acc1"/><string name="l0" value="grassySoil"/><string name="l1" value="nature"/><string name="l2" value="20"/><int name="x" value="-261"/><int name="y" value="182"/><int name="z" value="5"/><int name="f" value="0"/><int name="zM" value="0"/></imgdir><imgdir name="0"><string name="oS" value="acc1"/><string name="l0" value="grassySoil"/><string name="l1" value="nature"/><string name="l2" value="23"/><int name="x" value="-259"/><int name="y" value="228"/><int name="z" value="1"/><int name="f" value="0"/><int name="zM" value="0"/></imgdir><imgdir name="11"><int name="x" value="599"/><int name="y" value="167"/><int name="z" value="1"/><string name="oS" value="acc1"/><string name="l0" value="darkWood"/><string name="l1" value="nature"/><string name="l2" value="9"/><int name="f" value="0"/><int name="zM" value="0"/></imgdir><imgdir name="10"><string name="oS" value="acc1"/><string name="l0" value="grassySoil"/><string name="l1" value="nature"/><string name="l2" value="22"/><int name="x" value="-227"/><int name="y" value="243"/><int name="z" value="3"/><int name="f" value="0"/><int name="zM" value="0"/></imgdir><imgdir name="2"><string name="oS" value="acc1"/><string name="l0" value="grassySoil"/><string name="l1" value="nature"/><string name="l2" value="24"/><int name="x" value="-172"/><int name="y" value="235"/><int name="z" value="4"/><int name="f" value="0"/><int name="zM" value="0"/></imgdir><imgdir name="3"><string name="oS" value="acc1"/><string name="l0" value="grassySoil"/><string name="l1" value="nature"/><string name="l2" value="22"/><int name="x" value="-144"/><int name="y" value="249"/><int name="z" value="5"/><int name="f" value="0"/><int name="zM" value="0"/></imgdir><imgdir name="8"><string name="oS" value="acc1"/><string name="l0" value="darkWood"/><string name="l1" value="nature"/><string name="l2" value="9"/><int name="x" value="-116"/><int name="y" value="223"/><int name="z" value="1"/><int name="f" value="1"/><int name="zM" value="0"/></imgdir><imgdir name="7"><string name="oS" value="acc1"/><string name="l0" value="grassySoil"/><string name="l1" value="nature"/><string name="l2" value="23"/><int name="x" value="-208"/><int name="y" value="231"/><int name="z" value="2"/><int name="f" value="0"/><int name="zM" value="0"/></imgdir><imgdir name="12"><string name="oS" value="houseGS"/><string name="l0" value="house8"/><string name="l1" value="basic"/><string name="l2" value="0"/><int name="x" value="485"/><int name="y" value="138"/><int name="z" value="2"/><int name="f" value="0"/><int name="zM" value="0"/></imgdir><imgdir name="13"><string name="oS" value="houseGS"/><string name="l0" value="house8"/><string name="l1" value="basic"/><string name="l2" value="1"/><int name="x" value="481"/><int name="y" value="56"/><int name="z" value="3"/><int name="f" value="0"/><int name="zM" value="0"/></imgdir><imgdir name="14"><string name="oS" value="houseGS"/><string name="l0" value="house8"/><string name="l1" value="deco"/><string name="l2" value="0"/><int name="x" value="445"/><int name="y" value="169"/><int name="z" value="4"/><int name="f" value="0"/><int name="zM" value="0"/></imgdir><imgdir name="15"><string name="oS" value="door"/><string name="l0" value="grassySoil"/><string name="l1" value="door"/><string name="l2" value="13"/><int name="x" value="450"/><int name="y" value="167"/><int name="z" value="3"/><int name="f" value="0"/><int name="zM" value="0"/></imgdir><imgdir name="5"><string name="oS" value="house"/><string name="l0" value="grassySoil"/><string name="l1" value="chimney"/><string name="l2" value="0"/><int name="x" value="588"/><int name="y" value="-16"/><int name="z" value="4"/><int name="f" value="0"/><int name="zM" value="3"/></imgdir><imgdir name="9"><string name="oS" value="acc1"/><string name="l0" value="darkWood"/><string name="l1" value="nature"/><string name="l2" value="9"/><int name="x" value="363"/><int name="y" value="147"/><int name="z" value="1"/><int name="f" value="0"/><int name="zM" value="0"/></imgdir><imgdir name="6"><string name="oS" value="acc1"/><string name="l0" value="grassySoil"/><string name="l1" value="nature"/><string name="l2" value="13"/><int name="x" value="645"/><int name="y" value="164"/><int name="z" value="0"/><int name="f" value="1"/><int name="zM" value="0"/></imgdir><imgdir name="16"><string name="oS" value="acc1"/><string name="l0" value="grassySoil"/><string name="l1" value="nature"/><string name="l2" value="13"/><int name="x" value="362"/><int name="y" value="105"/><int name="z" value="0"/><int name="f" value="0"/><int name="zM" value="0"/></imgdir></imgdir></imgdir><imgdir name="foothold"><imgdir name="0"><imgdir name="1"><imgdir name="1"><int name="x1" value="366"/><int name="y1" value="65"/><int name="x2" value="444"/><int name="y2" value="65"/><int name="prev" value="10"/><int name="next" value="2"/></imgdir><imgdir name="2"><int name="x1" value="444"/><int name="y1" value="65"/><int name="x2" value="444"/><int name="y2" value="90"/><int name="prev" value="1"/><int name="next" value="4"/></imgdir><imgdir name="3"><int name="x1" value="444"/><int name="y1" value="150"/><int name="x2" value="444"/><int name="y2" value="210"/><int name="prev" value="4"/><int name="next" value="0"/></imgdir><imgdir name="4"><int name="x1" value="444"/><int name="y1" value="90"/><int name="x2" value="444"/><int name="y2" value="150"/><int name="prev" value="2"/><int name="next" value="3"/></imgdir><imgdir name="5"><int name="x1" value="186"/><int name="y1" value="210"/><int name="x2" value="186"/><int name="y2" value="150"/><int name="prev" value="0"/><int name="next" value="9"/></imgdir><imgdir name="6"><int name="x1" value="186"/><int name="y1" value="90"/><int name="x2" value="186"/><int name="y2" value="65"/><int name="prev" value="9"/><int name="next" value="7"/></imgdir><imgdir name="7"><int name="x1" value="186"/><int name="y1" value="65"/><int name="x2" value="264"/><int name="y2" value="65"/><int name="prev" value="6"/><int name="next" value="8"/></imgdir><imgdir name="8"><int name="x1" value="264"/><int name="y1" value="65"/><int name="x2" value="315"/><int name="y2" value="65"/><int name="prev" value="7"/><int name="next" value="10"/></imgdir><imgdir name="9"><int name="x1" value="186"/><int name="y1" value="150"/><int name="x2" value="186"/><int name="y2" value="90"/><int name="prev" value="5"/><int name="next" value="6"/></imgdir><imgdir name="10"><int name="x1" value="315"/><int name="y1" value="65"/><int name="x2" value="366"/><int name="y2" value="65"/><int name="prev" value="8"/><int name="next" value="1"/></imgdir></imgdir></imgdir><imgdir name="1"><imgdir name="0"><imgdir name="11"><int name="x1" value="630"/><int name="y1" value="215"/><int name="x2" value="720"/><int name="y2" value="215"/><int name="prev" value="21"/><int name="next" value="16"/></imgdir><imgdir name="12"><int name="x1" value="90"/><int name="y1" value="215"/><int name="x2" value="180"/><int name="y2" value="215"/><int name="prev" value="22"/><int name="next" value="13"/></imgdir><imgdir name="13"><int name="x1" value="180"/><int name="y1" value="215"/><int name="x2" value="270"/><int name="y2" value="215"/><int name="prev" value="12"/><int name="next" value="18"/></imgdir><imgdir name="14"><int name="x1" value="-270"/><int name="y1" value="275"/><int name="x2" value="-180"/><int name="y2" value="275"/><int name="prev" value="0"/><int name="next" value="15"/></imgdir><imgdir name="15"><int name="x1" value="-180"/><int name="y1" value="275"/><int name="x2" value="-90"/><int name="y2" value="275"/><int name="prev" value="14"/><int name="next" value="17"/></imgdir><imgdir name="16"><int name="x1" value="720"/><int name="y1" value="215"/><int name="x2" value="810"/><int name="y2" value="215"/><int name="prev" value="11"/><int name="next" value="0"/></imgdir><imgdir name="17"><int name="x1" value="-90"/><int name="y1" value="275"/><int name="x2" value="0"/><int name="y2" value="275"/><int name="prev" value="15"/><int name="next" value="22"/></imgdir><imgdir name="18"><int name="x1" value="270"/><int name="y1" value="215"/><int name="x2" value="360"/><int name="y2" value="215"/><int name="prev" value="13"/><int name="next" value="19"/></imgdir><imgdir name="19"><int name="x1" value="360"/><int name="y1" value="215"/><int name="x2" value="450"/><int name="y2" value="215"/><int name="prev" value="18"/><int name="next" value="20"/></imgdir><imgdir name="20"><int name="x1" value="450"/><int name="y1" value="215"/><int name="x2" value="540"/><int name="y2" value="215"/><int name="prev" value="19"/><int name="next" value="21"/></imgdir><imgdir name="21"><int name="x1" value="540"/><int name="y1" value="215"/><int name="x2" value="630"/><int name="y2" value="215"/><int name="prev" value="20"/><int name="next" value="11"/></imgdir><imgdir name="22"><int name="x1" value="0"/><int name="y1" value="275"/><int name="x2" value="90"/><int name="y2" value="215"/><int name="prev" value="17"/><int name="next" value="12"/></imgdir></imgdir></imgdir></imgdir><imgdir name="portal"><imgdir name="0"><string name="pn" value="sp"/><int name="pt" value="0"/><int name="x" value="-91"/><int name="y" value="181"/><int name="tm" value="999999999"/><string name="tn" value=""/></imgdir><imgdir name="1"><string name="pn" value="in00"/><int name="pt" value="1"/><int name="x" value="-195"/><int name="y" value="278"/><int name="tm" value="999999999"/><string name="tn" value=""/></imgdir><imgdir name="2"><string name="pn" value="out00"/><int name="pt" value="2"/><int name="x" value="706"/><int name="y" value="216"/><int name="tm" value="20000"/><string name="tn" value="in00"/></imgdir><imgdir name="3"><string name="pn" value="tutorial6"/><int name="pt" value="9"/><int name="x" value="152"/><int name="y" value="181"/><int name="tm" value="999999999"/><string name="tn" value=""/><int name="delay" value="1000"/><string name="script" value="advice06"/><int name="hideTooltip" value="0"/><int name="onlyOnce" value="1"/></imgdir></imgdir></imgdir>