<?xml version="1.0" encoding="UTF-8" standalone="yes"?><imgdir name="000020000.img"><imgdir name="back"><imgdir name="0"><int name="no" value="0"/><int name="x" value="0"/><int name="y" value="0"/><int name="rx" value="0"/><int name="ry" value="0"/><int name="type" value="3"/><int name="cx" value="0"/><int name="cy" value="0"/><string name="bS" value="grassySoil"/><int name="a" value="255"/><int name="front" value="0"/><int name="ani" value="0"/><int name="f" value="0"/></imgdir><imgdir name="1"><int name="no" value="1"/><int name="x" value="100"/><int name="y" value="-180"/><int name="rx" value="-5"/><int name="ry" value="-3"/><int name="type" value="4"/><int name="cx" value="0"/><int name="cy" value="0"/><string name="bS" value="grassySoil"/><int name="a" value="255"/><int name="front" value="0"/><int name="ani" value="0"/><int name="f" value="0"/></imgdir><imgdir name="2"><int name="no" value="2"/><int name="x" value="300"/><int name="y" value="55"/><int name="rx" value="-8"/><int name="ry" value="-8"/><int name="type" value="0"/><int name="cx" value="0"/><int name="cy" value="0"/><string name="bS" value="grassySoil"/><int name="a" value="255"/><int name="front" value="0"/><int name="ani" value="0"/><int name="f" value="0"/></imgdir><imgdir name="3"><int name="no" value="3"/><int name="x" value="179"/><int name="y" value="-249"/><int name="rx" value="-8"/><int name="ry" value="-8"/><int name="type" value="0"/><int name="cx" value="0"/><int name="cy" value="0"/><string name="bS" value="grassySoil"/><int name="a" value="255"/><int name="front" value="0"/><int name="ani" value="0"/><int name="f" value="0"/></imgdir><imgdir name="4"><int name="no" value="5"/><int name="x" value="-250"/><int name="y" value="180"/><int name="rx" value="-15"/><int name="ry" value="-12"/><int name="type" value="0"/><int name="cx" value="0"/><int name="cy" value="0"/><string name="bS" value="grassySoil"/><int name="a" value="255"/><int name="front" value="0"/><int name="ani" value="0"/><int name="f" value="0"/></imgdir><imgdir name="5"><int name="no" value="6"/><int name="x" value="774"/><int name="y" value="162"/><int name="rx" value="-15"/><int name="ry" value="-12"/><int name="type" value="0"/><int name="cx" value="0"/><int name="cy" value="0"/><string name="bS" value="grassySoil"/><int name="a" value="255"/><int name="front" value="0"/><int name="ani" value="0"/><int name="f" value="0"/></imgdir></imgdir><imgdir name="life"><imgdir name="0"><string name="type" value="n"/><string name="id" value="0002102"/><int name="x" value="-59"/><int name="y" value="86"/><int name="cy" value="95"/><int name="rx0" value="-109"/><int name="rx1" value="-9"/><int name="fh" value="35"/></imgdir></imgdir><imgdir name="0"><imgdir name="info"></imgdir><imgdir name="tile"></imgdir><imgdir name="obj"></imgdir></imgdir><imgdir name="4"><imgdir name="info"></imgdir><imgdir name="tile"></imgdir><imgdir name="obj"></imgdir></imgdir><imgdir name="5"><imgdir name="info"></imgdir><imgdir name="tile"></imgdir><imgdir name="obj"></imgdir></imgdir><imgdir name="6"><imgdir name="info"></imgdir><imgdir name="tile"></imgdir><imgdir name="obj"></imgdir></imgdir><imgdir name="7"><imgdir name="info"></imgdir><imgdir name="tile"></imgdir><imgdir name="obj"></imgdir></imgdir><imgdir name="reactor"></imgdir><imgdir name="ToolTip"><imgdir name="0"><int name="x1" value="885"/><int name="y1" value="12"/><int name="x2" value="937"/><int name="y2" value="37"/></imgdir><imgdir name="1"><int name="x1" value="897"/><int name="y1" value="40"/><int name="x2" value="955"/><int name="y2" value="63"/></imgdir><imgdir name="2"><int name="x1" value="416"/><int name="y1" value="38"/><int name="x2" value="466"/><int name="y2" value="64"/></imgdir></imgdir><imgdir name="ladderRope"><imgdir name="1"><int name="l" value="1"/><int name="uf" value="1"/><int name="x" value="197"/><int name="y1" value="-83"/><int name="y2" value="153"/><int name="page" value="2"/></imgdir></imgdir><imgdir name="info"><int name="version" value="10"/><int name="cloud" value="0"/><int name="town" value="1"/><int name="returnMap" value="20000"/><float name="mobRate" value="1.0"/><string name="bgm" value="Bgm00/FloralLife"/><string name="mapDesc" value=""/><int name="hideMinimap" value="0"/><int name="forcedReturn" value="999999999"/><int name="moveLimit" value="0"/><string name="mapMark" value="MushroomVillage"/><int name="fieldLimit" value="8260"/><int name="swim" value="0"/><int name="VRTop" value="-660"/><int name="VRLeft" value="-270"/><int name="VRBottom" value="394"/><int name="VRRight" value="1170"/></imgdir><imgdir name="1"><imgdir name="info"><string name="tS" value="grassySoil"/></imgdir><imgdir name="tile"><imgdir name="11"><int name="x" value="-180"/><int name="y" value="240"/><string name="u" value="enH0"/><int name="no" value="1"/><int name="zM" value="0"/></imgdir><imgdir name="15"><int name="x" value="0"/><int name="y" value="240"/><string name="u" value="enH0"/><int name="no" value="0"/><int name="zM" value="0"/></imgdir><imgdir name="3"><int name="x" value="-90"/><int name="y" value="240"/><string name="u" value="enH0"/><int name="no" value="1"/><int name="zM" value="0"/></imgdir><imgdir name="13"><int name="x" value="90"/><int name="y" value="240"/><string name="u" value="enH0"/><int name="no" value="1"/><int name="zM" value="0"/></imgdir><imgdir name="2"><int name="x" value="-90"/><int name="y" value="240"/><string name="u" value="bsc"/><int name="no" value="2"/><int name="zM" value="0"/></imgdir><imgdir name="10"><int name="x" value="-180"/><int name="y" value="240"/><string name="u" value="bsc"/><int name="no" value="4"/><int name="zM" value="0"/></imgdir><imgdir name="14"><int name="x" value="0"/><int name="y" value="240"/><string name="u" value="bsc"/><int name="no" value="1"/><int name="zM" value="0"/></imgdir><imgdir name="12"><int name="x" value="90"/><int name="y" value="240"/><string name="u" value="bsc"/><int name="no" value="1"/><int name="zM" value="0"/></imgdir><imgdir name="1"><int name="x" value="90"/><int name="y" value="300"/><string name="u" value="bsc"/><int name="no" value="1"/><int name="zM" value="0"/></imgdir><imgdir name="20"><int name="x" value="-180"/><int name="y" value="300"/><string name="u" value="bsc"/><int name="no" value="3"/><int name="zM" value="0"/></imgdir><imgdir name="21"><int name="x" value="0"/><int name="y" value="300"/><string name="u" value="bsc"/><int name="no" value="3"/><int name="zM" value="0"/></imgdir><imgdir name="22"><int name="x" value="-90"/><int name="y" value="300"/><string name="u" value="bsc"/><int name="no" value="0"/><int name="zM" value="0"/></imgdir><imgdir name="18"><int name="x" value="-270"/><int name="y" value="300"/><string name="u" value="bsc"/><int name="no" value="2"/><int name="zM" value="0"/></imgdir><imgdir name="24"><int name="x" value="90"/><int name="y" value="360"/><string name="u" value="bsc"/><int name="no" value="0"/><int name="zM" value="0"/></imgdir><imgdir name="30"><int name="x" value="0"/><int name="y" value="360"/><string name="u" value="bsc"/><int name="no" value="4"/><int name="zM" value="0"/></imgdir><imgdir name="28"><int name="x" value="-180"/><int name="y" value="360"/><string name="u" value="bsc"/><int name="no" value="1"/><int name="zM" value="0"/></imgdir><imgdir name="36"><int name="x" value="-180"/><int name="y" value="420"/><string name="u" value="enH1"/><int name="no" value="0"/><int name="zM" value="0"/></imgdir><imgdir name="27"><int name="x" value="-270"/><int name="y" value="360"/><string name="u" value="bsc"/><int name="no" value="0"/><int name="zM" value="0"/></imgdir><imgdir name="34"><int name="x" value="-270"/><int name="y" value="420"/><string name="u" value="enH1"/><int name="no" value="1"/><int name="zM" value="0"/></imgdir><imgdir name="39"><int name="x" value="-90"/><int name="y" value="420"/><string name="u" value="enH1"/><int name="no" value="1"/><int name="zM" value="0"/></imgdir><imgdir name="31"><int name="x" value="-90"/><int name="y" value="360"/><string name="u" value="bsc"/><int name="no" value="3"/><int name="zM" value="0"/></imgdir><imgdir name="38"><int name="x" value="90"/><int name="y" value="420"/><string name="u" value="enH1"/><int name="no" value="1"/><int name="zM" value="0"/></imgdir><imgdir name="35"><int name="x" value="0"/><int name="y" value="420"/><string name="u" value="enH1"/><int name="no" value="0"/><int name="zM" value="0"/></imgdir><imgdir name="45"><int name="x" value="540"/><int name="y" value="240"/><string name="u" value="bsc"/><int name="no" value="0"/><int name="zM" value="0"/></imgdir><imgdir name="51"><int name="x" value="630"/><int name="y" value="240"/><string name="u" value="bsc"/><int name="no" value="3"/><int name="zM" value="0"/></imgdir><imgdir name="43"><int name="x" value="450"/><int name="y" value="240"/><string name="u" value="bsc"/><int name="no" value="3"/><int name="zM" value="0"/></imgdir><imgdir name="53"><int name="x" value="360"/><int name="y" value="240"/><string name="u" value="bsc"/><int name="no" value="0"/><int name="zM" value="0"/></imgdir><imgdir name="55"><int name="x" value="270"/><int name="y" value="240"/><string name="u" value="bsc"/><int name="no" value="2"/><int name="zM" value="0"/></imgdir><imgdir name="4"><int name="x" value="180"/><int name="y" value="240"/><string name="u" value="bsc"/><int name="no" value="4"/><int name="zM" value="0"/></imgdir><imgdir name="49"><int name="x" value="630"/><int name="y" value="300"/><string name="u" value="bsc"/><int name="no" value="4"/><int name="zM" value="0"/></imgdir><imgdir name="46"><int name="x" value="540"/><int name="y" value="300"/><string name="u" value="bsc"/><int name="no" value="0"/><int name="zM" value="0"/></imgdir><imgdir name="42"><int name="x" value="450"/><int name="y" value="300"/><string name="u" value="bsc"/><int name="no" value="3"/><int name="zM" value="0"/></imgdir><imgdir name="57"><int name="x" value="360"/><int name="y" value="300"/><string name="u" value="bsc"/><int name="no" value="3"/><int name="zM" value="0"/></imgdir><imgdir name="54"><int name="x" value="270"/><int name="y" value="300"/><string name="u" value="bsc"/><int name="no" value="3"/><int name="zM" value="0"/></imgdir><imgdir name="47"><int name="x" value="180"/><int name="y" value="300"/><string name="u" value="bsc"/><int name="no" value="1"/><int name="zM" value="0"/></imgdir><imgdir name="37"><int name="x" value="180"/><int name="y" value="420"/><string name="u" value="enH1"/><int name="no" value="0"/><int name="zM" value="0"/></imgdir><imgdir name="59"><int name="x" value="270"/><int name="y" value="360"/><string name="u" value="bsc"/><int name="no" value="1"/><int name="zM" value="0"/></imgdir><imgdir name="61"><int name="x" value="360"/><int name="y" value="360"/><string name="u" value="bsc"/><int name="no" value="1"/><int name="zM" value="0"/></imgdir><imgdir name="63"><int name="x" value="450"/><int name="y" value="360"/><string name="u" value="bsc"/><int name="no" value="4"/><int name="zM" value="0"/></imgdir><imgdir name="69"><int name="x" value="270"/><int name="y" value="420"/><string name="u" value="enH1"/><int name="no" value="0"/><int name="zM" value="0"/></imgdir><imgdir name="60"><int name="x" value="180"/><int name="y" value="360"/><string name="u" value="bsc"/><int name="no" value="3"/><int name="zM" value="0"/></imgdir><imgdir name="29"><int name="x" value="360"/><int name="y" value="420"/><string name="u" value="enH1"/><int name="no" value="0"/><int name="zM" value="0"/></imgdir><imgdir name="41"><int name="x" value="630"/><int name="y" value="360"/><string name="u" value="bsc"/><int name="no" value="3"/><int name="zM" value="0"/></imgdir><imgdir name="65"><int name="x" value="630"/><int name="y" value="420"/><string name="u" value="enH1"/><int name="no" value="1"/><int name="zM" value="0"/></imgdir><imgdir name="62"><int name="x" value="540"/><int name="y" value="360"/><string name="u" value="bsc"/><int name="no" value="4"/><int name="zM" value="0"/></imgdir><imgdir name="68"><int name="x" value="540"/><int name="y" value="420"/><string name="u" value="enH1"/><int name="no" value="0"/><int name="zM" value="0"/></imgdir><imgdir name="67"><int name="x" value="450"/><int name="y" value="420"/><string name="u" value="enH1"/><int name="no" value="1"/><int name="zM" value="0"/></imgdir><imgdir name="66"><int name="x" value="720"/><int name="y" value="420"/><string name="u" value="enH1"/><int name="no" value="1"/><int name="zM" value="0"/></imgdir><imgdir name="23"><int name="x" value="720"/><int name="y" value="360"/><string name="u" value="bsc"/><int name="no" value="0"/><int name="zM" value="0"/></imgdir><imgdir name="77"><int name="x" value="810"/><int name="y" value="420"/><string name="u" value="enH1"/><int name="no" value="0"/><int name="zM" value="0"/></imgdir><imgdir name="75"><int name="x" value="810"/><int name="y" value="360"/><string name="u" value="bsc"/><int name="no" value="2"/><int name="zM" value="0"/></imgdir><imgdir name="72"><int name="x" value="720"/><int name="y" value="300"/><string name="u" value="bsc"/><int name="no" value="3"/><int name="zM" value="0"/></imgdir><imgdir name="76"><int name="x" value="810"/><int name="y" value="300"/><string name="u" value="bsc"/><int name="no" value="2"/><int name="zM" value="0"/></imgdir><imgdir name="84"><int name="x" value="450"/><int name="y" value="180"/><string name="u" value="bsc"/><int name="no" value="1"/><int name="zM" value="0"/></imgdir><imgdir name="81"><int name="x" value="270"/><int name="y" value="180"/><string name="u" value="bsc"/><int name="no" value="1"/><int name="zM" value="0"/></imgdir><imgdir name="83"><int name="x" value="360"/><int name="y" value="180"/><string name="u" value="bsc"/><int name="no" value="3"/><int name="zM" value="0"/></imgdir><imgdir name="86"><int name="x" value="540"/><int name="y" value="180"/><string name="u" value="bsc"/><int name="no" value="0"/><int name="zM" value="0"/></imgdir><imgdir name="79"><int name="x" value="630"/><int name="y" value="180"/><string name="u" value="bsc"/><int name="no" value="2"/><int name="zM" value="0"/></imgdir><imgdir name="5"><int name="x" value="810"/><int name="y" value="180"/><string name="u" value="bsc"/><int name="no" value="1"/><int name="zM" value="0"/></imgdir><imgdir name="88"><int name="x" value="720"/><int name="y" value="180"/><string name="u" value="bsc"/><int name="no" value="2"/><int name="zM" value="0"/></imgdir><imgdir name="94"><int name="x" value="810"/><int name="y" value="240"/><string name="u" value="bsc"/><int name="no" value="1"/><int name="zM" value="0"/></imgdir><imgdir name="95"><int name="x" value="720"/><int name="y" value="240"/><string name="u" value="bsc"/><int name="no" value="2"/><int name="zM" value="0"/></imgdir><imgdir name="87"><int name="x" value="720"/><int name="y" value="120"/><string name="u" value="bsc"/><int name="no" value="0"/><int name="zM" value="0"/></imgdir><imgdir name="78"><int name="x" value="630"/><int name="y" value="120"/><string name="u" value="bsc"/><int name="no" value="3"/><int name="zM" value="0"/></imgdir><imgdir name="44"><int name="x" value="360"/><int name="y" value="120"/><string name="u" value="bsc"/><int name="no" value="2"/><int name="zM" value="0"/></imgdir><imgdir name="85"><int name="x" value="810"/><int name="y" value="120"/><string name="u" value="bsc"/><int name="no" value="4"/><int name="zM" value="0"/></imgdir><imgdir name="40"><int name="x" value="810"/><int name="y" value="120"/><string name="u" value="enH0"/><int name="no" value="1"/><int name="zM" value="0"/></imgdir><imgdir name="32"><int name="x" value="540"/><int name="y" value="120"/><string name="u" value="bsc"/><int name="no" value="0"/><int name="zM" value="0"/></imgdir><imgdir name="16"><int name="x" value="630"/><int name="y" value="120"/><string name="u" value="enH0"/><int name="no" value="1"/><int name="zM" value="0"/></imgdir><imgdir name="25"><int name="x" value="540"/><int name="y" value="120"/><string name="u" value="enH0"/><int name="no" value="0"/><int name="zM" value="0"/></imgdir><imgdir name="80"><int name="x" value="180"/><int name="y" value="180"/><string name="u" value="bsc"/><int name="no" value="0"/><int name="zM" value="0"/></imgdir><imgdir name="82"><int name="x" value="180"/><int name="y" value="180"/><string name="u" value="enH0"/><int name="no" value="1"/><int name="zM" value="0"/></imgdir><imgdir name="56"><int name="x" value="180"/><int name="y" value="180"/><string name="u" value="enV0"/><int name="no" value="0"/><int name="zM" value="0"/></imgdir><imgdir name="33"><int name="x" value="270"/><int name="y" value="120"/><string name="u" value="enV0"/><int name="no" value="0"/><int name="zM" value="0"/></imgdir><imgdir name="52"><int name="x" value="270"/><int name="y" value="120"/><string name="u" value="bsc"/><int name="no" value="1"/><int name="zM" value="0"/></imgdir><imgdir name="50"><int name="x" value="270"/><int name="y" value="120"/><string name="u" value="edU"/><int name="no" value="1"/><int name="zM" value="0"/></imgdir><imgdir name="91"><int name="x" value="180"/><int name="y" value="180"/><string name="u" value="edU"/><int name="no" value="1"/><int name="zM" value="0"/></imgdir><imgdir name="48"><int name="x" value="720"/><int name="y" value="120"/><string name="u" value="enH0"/><int name="no" value="1"/><int name="zM" value="0"/></imgdir><imgdir name="64"><int name="x" value="450"/><int name="y" value="120"/><string name="u" value="bsc"/><int name="no" value="2"/><int name="zM" value="0"/></imgdir><imgdir name="90"><int name="x" value="450"/><int name="y" value="120"/><string name="u" value="enH0"/><int name="no" value="0"/><int name="zM" value="0"/></imgdir><imgdir name="17"><int name="x" value="360"/><int name="y" value="120"/><string name="u" value="enH0"/><int name="no" value="1"/><int name="zM" value="0"/></imgdir><imgdir name="71"><int name="x" value="270"/><int name="y" value="120"/><string name="u" value="enH0"/><int name="no" value="0"/><int name="zM" value="0"/></imgdir><imgdir name="100"><int name="x" value="-90"/><int name="y" value="120"/><string name="u" value="enH1"/><int name="no" value="0"/><int name="zM" value="3"/></imgdir><imgdir name="101"><int name="x" value="-90"/><int name="y" value="120"/><string name="u" value="enH0"/><int name="no" value="1"/><int name="zM" value="3"/></imgdir><imgdir name="96"><int name="x" value="0"/><int name="y" value="120"/><string name="u" value="edD"/><int name="no" value="0"/><int name="zM" value="3"/></imgdir><imgdir name="97"><int name="x" value="0"/><int name="y" value="120"/><string name="u" value="edU"/><int name="no" value="0"/><int name="zM" value="3"/></imgdir><imgdir name="98"><int name="x" value="-90"/><int name="y" value="120"/><string name="u" value="edD"/><int name="no" value="0"/><int name="zM" value="3"/></imgdir><imgdir name="99"><int name="x" value="-90"/><int name="y" value="120"/><string name="u" value="edU"/><int name="no" value="1"/><int name="zM" value="3"/></imgdir><imgdir name="102"><int name="x" value="180"/><int name="y" value="-60"/><string name="u" value="edU"/><int name="no" value="1"/><int name="zM" value="8"/></imgdir><imgdir name="103"><int name="x" value="180"/><int name="y" value="-60"/><string name="u" value="edD"/><int name="no" value="0"/><int name="zM" value="8"/></imgdir><imgdir name="104"><int name="x" value="270"/><int name="y" value="-60"/><string name="u" value="edU"/><int name="no" value="1"/><int name="zM" value="8"/></imgdir><imgdir name="74"><int name="x" value="180"/><int name="y" value="-60"/><string name="u" value="enH1"/><int name="no" value="1"/><int name="zM" value="8"/></imgdir><imgdir name="70"><int name="x" value="180"/><int name="y" value="-60"/><string name="u" value="enH0"/><int name="no" value="1"/><int name="zM" value="8"/></imgdir><imgdir name="92"><int name="x" value="270"/><int name="y" value="-60"/><string name="u" value="edD"/><int name="no" value="0"/><int name="zM" value="8"/></imgdir><imgdir name="115"><int name="x" value="1080"/><int name="y" value="120"/><string name="u" value="enH0"/><int name="no" value="1"/><int name="zM" value="0"/></imgdir><imgdir name="110"><int name="x" value="990"/><int name="y" value="120"/><string name="u" value="enH0"/><int name="no" value="1"/><int name="zM" value="0"/></imgdir><imgdir name="106"><int name="x" value="990"/><int name="y" value="120"/><string name="u" value="bsc"/><int name="no" value="2"/><int name="zM" value="0"/></imgdir><imgdir name="105"><int name="x" value="1080"/><int name="y" value="120"/><string name="u" value="bsc"/><int name="no" value="3"/><int name="zM" value="0"/></imgdir><imgdir name="109"><int name="x" value="900"/><int name="y" value="120"/><string name="u" value="bsc"/><int name="no" value="3"/><int name="zM" value="0"/></imgdir><imgdir name="113"><int name="x" value="900"/><int name="y" value="120"/><string name="u" value="enH0"/><int name="no" value="1"/><int name="zM" value="0"/></imgdir><imgdir name="107"><int name="x" value="1080"/><int name="y" value="180"/><string name="u" value="bsc"/><int name="no" value="4"/><int name="zM" value="0"/></imgdir><imgdir name="114"><int name="x" value="990"/><int name="y" value="180"/><string name="u" value="bsc"/><int name="no" value="3"/><int name="zM" value="0"/></imgdir><imgdir name="116"><int name="x" value="900"/><int name="y" value="180"/><string name="u" value="bsc"/><int name="no" value="3"/><int name="zM" value="0"/></imgdir><imgdir name="93"><int name="x" value="900"/><int name="y" value="300"/><string name="u" value="bsc"/><int name="no" value="4"/><int name="zM" value="0"/></imgdir><imgdir name="73"><int name="x" value="900"/><int name="y" value="420"/><string name="u" value="enH1"/><int name="no" value="0"/><int name="zM" value="0"/></imgdir><imgdir name="58"><int name="x" value="1080"/><int name="y" value="420"/><string name="u" value="enH1"/><int name="no" value="0"/><int name="zM" value="0"/></imgdir><imgdir name="7"><int name="x" value="990"/><int name="y" value="420"/><string name="u" value="enH1"/><int name="no" value="1"/><int name="zM" value="0"/></imgdir><imgdir name="8"><int name="x" value="1080"/><int name="y" value="360"/><string name="u" value="bsc"/><int name="no" value="3"/><int name="zM" value="0"/></imgdir><imgdir name="19"><int name="x" value="900"/><int name="y" value="360"/><string name="u" value="bsc"/><int name="no" value="4"/><int name="zM" value="0"/></imgdir><imgdir name="0"><int name="x" value="-270"/><int name="y" value="240"/><string name="u" value="enH0"/><int name="no" value="0"/><int name="zM" value="0"/></imgdir><imgdir name="9"><int name="x" value="-270"/><int name="y" value="240"/><string name="u" value="bsc"/><int name="no" value="0"/><int name="zM" value="0"/></imgdir><imgdir name="26"><int name="x" value="990"/><int name="y" value="360"/><string name="u" value="bsc"/><int name="no" value="1"/><int name="zM" value="0"/></imgdir><imgdir name="112"><int name="x" value="990"/><int name="y" value="300"/><string name="u" value="bsc"/><int name="no" value="1"/><int name="zM" value="0"/></imgdir><imgdir name="108"><int name="x" value="1080"/><int name="y" value="300"/><string name="u" value="bsc"/><int name="no" value="0"/><int name="zM" value="0"/></imgdir><imgdir name="111"><int name="x" value="1080"/><int name="y" value="240"/><string name="u" value="bsc"/><int name="no" value="4"/><int name="zM" value="0"/></imgdir><imgdir name="89"><int name="x" value="990"/><int name="y" value="240"/><string name="u" value="bsc"/><int name="no" value="0"/><int name="zM" value="0"/></imgdir><imgdir name="6"><int name="x" value="900"/><int name="y" value="240"/><string name="u" value="bsc"/><int name="no" value="1"/><int name="zM" value="0"/></imgdir></imgdir><imgdir name="obj"><imgdir name="0"><string name="oS" value="houseGS"/><string name="l0" value="house6"/><string name="l1" value="basic"/><string name="l2" value="0"/><int name="x" value="597"/><int name="y" value="14"/><int name="z" value="1"/><int name="f" value="0"/><int name="zM" value="0"/></imgdir><imgdir name="1"><string name="oS" value="houseGS"/><string name="l0" value="house6"/><string name="l1" value="basic"/><string name="l2" value="1"/><int name="x" value="606"/><int name="y" value="-88"/><int name="z" value="3"/><int name="f" value="0"/><int name="zM" value="0"/></imgdir><imgdir name="2"><string name="oS" value="house"/><string name="l0" value="grassySoil"/><string name="l1" value="chimney"/><string name="l2" value="3"/><int name="x" value="750"/><int name="y" value="-46"/><int name="z" value="4"/><int name="f" value="0"/><int name="zM" value="0"/></imgdir><imgdir name="3"><string name="oS" value="door"/><string name="l0" value="grassySoil"/><string name="l1" value="door"/><string name="l2" value="8"/><int name="x" value="555"/><int name="y" value="40"/><int name="z" value="4"/><int name="f" value="0"/><int name="zM" value="0"/></imgdir><imgdir name="4"><string name="oS" value="door"/><string name="l0" value="grassySoil"/><string name="l1" value="door"/><string name="l2" value="10"/><int name="x" value="565"/><int name="y" value="50"/><int name="z" value="3"/><int name="f" value="0"/><int name="zM" value="0"/></imgdir><imgdir name="7"><string name="oS" value="acc1"/><string name="l0" value="grassySoil"/><string name="l1" value="nature"/><string name="l2" value="13"/><int name="x" value="380"/><int name="y" value="30"/><int name="z" value="0"/><int name="f" value="1"/><int name="zM" value="0"/></imgdir><imgdir name="8"><string name="oS" value="acc1"/><string name="l0" value="darkWood"/><string name="l1" value="nature"/><string name="l2" value="9"/><int name="x" value="833"/><int name="y" value="44"/><int name="z" value="2"/><int name="f" value="1"/><int name="zM" value="0"/></imgdir><imgdir name="9"><string name="oS" value="acc1"/><string name="l0" value="grassySoil"/><string name="l1" value="nature"/><string name="l2" value="14"/><int name="x" value="678"/><int name="y" value="43"/><int name="z" value="6"/><int name="f" value="0"/><int name="zM" value="0"/></imgdir><imgdir name="10"><string name="oS" value="acc1"/><string name="l0" value="grassySoil"/><string name="l1" value="nature"/><string name="l2" value="10"/><int name="x" value="-25"/><int name="y" value="184"/><int name="z" value="3"/><int name="f" value="0"/><int name="zM" value="0"/></imgdir><imgdir name="5"><string name="oS" value="acc1"/><string name="l0" value="grassySoil"/><string name="l1" value="nature"/><string name="l2" value="20"/><int name="x" value="337"/><int name="y" value="21"/><int name="z" value="5"/><int name="f" value="0"/><int name="zM" value="6"/></imgdir><imgdir name="11"><string name="oS" value="acc1"/><string name="l0" value="grassySoil"/><string name="l1" value="nature"/><string name="l2" value="5"/><int name="x" value="337"/><int name="y" value="60"/><int name="z" value="3"/><int name="f" value="0"/><int name="zM" value="0"/></imgdir><imgdir name="6"><string name="oS" value="acc1"/><string name="l0" value="grassySoil"/><string name="l1" value="nature"/><string name="l2" value="6"/><int name="x" value="368"/><int name="y" value="67"/><int name="z" value="4"/><int name="f" value="0"/><int name="zM" value="0"/></imgdir><imgdir name="12"><string name="oS" value="acc1"/><string name="l0" value="darkWood"/><string name="l1" value="nature"/><string name="l2" value="20"/><int name="x" value="-89"/><int name="y" value="85"/><int name="z" value="3"/><int name="f" value="0"/><int name="zM" value="3"/></imgdir><imgdir name="13"><string name="oS" value="acc1"/><string name="l0" value="grassySoil"/><string name="l1" value="nature"/><string name="l2" value="5"/><int name="x" value="6"/><int name="y" value="53"/><int name="z" value="2"/><int name="f" value="0"/><int name="zM" value="3"/></imgdir><imgdir name="14"><string name="oS" value="acc1"/><string name="l0" value="grassySoil"/><string name="l1" value="nature"/><string name="l2" value="5"/><int name="x" value="-12"/><int name="y" value="31"/><int name="z" value="1"/><int name="f" value="0"/><int name="zM" value="3"/></imgdir><imgdir name="15"><string name="oS" value="acc1"/><string name="l0" value="grassySoil"/><string name="l1" value="nature"/><string name="l2" value="6"/><int name="x" value="-37"/><int name="y" value="31"/><int name="z" value="2"/><int name="f" value="0"/><int name="zM" value="3"/></imgdir><imgdir name="16"><string name="oS" value="acc1"/><string name="l0" value="grassySoil"/><string name="l1" value="nature"/><string name="l2" value="5"/><int name="x" value="-18"/><int name="y" value="66"/><int name="z" value="4"/><int name="f" value="0"/><int name="zM" value="3"/></imgdir><imgdir name="17"><string name="oS" value="acc1"/><string name="l0" value="grassySoil"/><string name="l1" value="nature"/><string name="l2" value="6"/><int name="x" value="8"/><int name="y" value="67"/><int name="z" value="5"/><int name="f" value="0"/><int name="zM" value="3"/></imgdir><imgdir name="18"><string name="oS" value="acc1"/><string name="l0" value="grassySoil"/><string name="l1" value="nature"/><string name="l2" value="20"/><int name="x" value="18"/><int name="y" value="39"/><int name="z" value="6"/><int name="f" value="0"/><int name="zM" value="3"/></imgdir><imgdir name="19"><string name="oS" value="acc1"/><string name="l0" value="grassySoil"/><string name="l1" value="nature"/><string name="l2" value="13"/><int name="x" value="1070"/><int name="y" value="67"/><int name="z" value="3"/><int name="f" value="0"/><int name="zM" value="0"/></imgdir><imgdir name="20"><string name="oS" value="acc1"/><string name="l0" value="grassySoil"/><string name="l1" value="artificiality"/><string name="l2" value="0"/><int name="x" value="919"/><int name="y" value="36"/><int name="z" value="4"/><int name="f" value="0"/><int name="zM" value="0"/></imgdir><imgdir name="21"><string name="oS" value="acc1"/><string name="l0" value="grassySoil"/><string name="l1" value="nature"/><string name="l2" value="10"/><int name="x" value="954"/><int name="y" value="67"/><int name="z" value="4"/><int name="f" value="0"/><int name="zM" value="0"/></imgdir><imgdir name="22"><string name="oS" value="acc1"/><string name="l0" value="grassySoil"/><string name="l1" value="nature"/><string name="l2" value="10"/><int name="x" value="893"/><int name="y" value="66"/><int name="z" value="1"/><int name="f" value="0"/><int name="zM" value="0"/></imgdir><imgdir name="23"><string name="oS" value="acc1"/><string name="l0" value="grassySoil"/><string name="l1" value="nature"/><string name="l2" value="10"/><int name="x" value="1090"/><int name="y" value="70"/><int name="z" value="5"/><int name="f" value="0"/><int name="zM" value="0"/></imgdir><imgdir name="24"><string name="oS" value="acc1"/><string name="l0" value="grassySoil"/><string name="l1" value="artificiality"/><string name="l2" value="16"/><int name="x" value="441"/><int name="y" value="66"/><int name="z" value="9"/><int name="f" value="0"/><int name="zM" value="0"/></imgdir></imgdir></imgdir><imgdir name="2"><imgdir name="info"></imgdir><imgdir name="tile"></imgdir><imgdir name="obj"><imgdir name="0"><string name="oS" value="connect"/><string name="l0" value="ladder"/><string name="l1" value="0"/><string name="l2" value="1"/><int name="x" value="197"/><int name="y" value="-58"/><int name="z" value="3"/><int name="f" value="0"/><int name="zM" value="7"/></imgdir><imgdir name="1"><string name="oS" value="connect"/><string name="l0" value="ladder"/><string name="l1" value="0"/><string name="l2" value="2"/><int name="x" value="197"/><int name="y" value="-7"/><int name="z" value="3"/><int name="f" value="0"/><int name="zM" value="7"/></imgdir><imgdir name="2"><string name="oS" value="connect"/><string name="l0" value="ladder"/><string name="l1" value="0"/><string name="l2" value="1"/><int name="x" value="197"/><int name="y" value="45"/><int name="z" value="3"/><int name="f" value="0"/><int name="zM" value="5"/></imgdir><imgdir name="3"><string name="oS" value="connect"/><string name="l0" value="ladder"/><string name="l1" value="0"/><string name="l2" value="2"/><int name="x" value="197"/><int name="y" value="96"/><int name="z" value="3"/><int name="f" value="0"/><int name="zM" value="5"/></imgdir><imgdir name="4"><string name="oS" value="connect"/><string name="l0" value="ladder"/><string name="l1" value="0"/><string name="l2" value="3"/><int name="x" value="197"/><int name="y" value="131"/><int name="z" value="3"/><int name="f" value="0"/><int name="zM" value="4"/></imgdir><imgdir name="5"><string name="oS" value="connect"/><string name="l0" value="ladder"/><string name="l1" value="0"/><string name="l2" value="0"/><int name="x" value="197"/><int name="y" value="-92"/><int name="z" value="2"/><int name="f" value="0"/><int name="zM" value="7"/></imgdir></imgdir></imgdir><imgdir name="3"><imgdir name="info"></imgdir><imgdir name="tile"></imgdir><imgdir name="obj"><imgdir name="0"><string name="oS" value="acc1"/><string name="l0" value="grassySoil"/><string name="l1" value="nature"/><string name="l2" value="10"/><int name="x" value="52"/><int name="y" value="188"/><int name="z" value="3"/><int name="f" value="0"/><int name="zM" value="1"/></imgdir><imgdir name="1"><string name="oS" value="guide"/><string name="l0" value="maple"/><string name="l1" value="key"/><string name="l2" value="0"/><int name="x" value="561"/><int name="y" value="144"/><int name="z" value="3"/><int name="f" value="0"/><int name="zM" value="2"/></imgdir></imgdir></imgdir><imgdir name="foothold"><imgdir name="1"><imgdir name="0"><imgdir name="1"><int name="x1" value="-270"/><int name="y1" value="215"/><int name="x2" value="-180"/><int name="y2" value="215"/><int name="prev" value="0"/><int name="next" value="3"/></imgdir><imgdir name="2"><int name="x1" value="-90"/><int name="y1" value="215"/><int name="x2" value="0"/><int name="y2" value="215"/><int name="prev" value="3"/><int name="next" value="5"/></imgdir><imgdir name="3"><int name="x1" value="-180"/><int name="y1" value="215"/><int name="x2" value="-90"/><int name="y2" value="215"/><int name="prev" value="1"/><int name="next" value="2"/></imgdir><imgdir name="4"><int name="x1" value="90"/><int name="y1" value="215"/><int name="x2" value="141"/><int name="y2" value="215"/><int name="prev" value="5"/><int name="next" value="13"/></imgdir><imgdir name="5"><int name="x1" value="0"/><int name="y1" value="215"/><int name="x2" value="90"/><int name="y2" value="215"/><int name="prev" value="2"/><int name="next" value="4"/></imgdir><imgdir name="6"><int name="x1" value="630"/><int name="y1" value="95"/><int name="x2" value="720"/><int name="y2" value="95"/><int name="prev" value="8"/><int name="next" value="10"/></imgdir><imgdir name="7"><int name="x1" value="360"/><int name="y1" value="95"/><int name="x2" value="450"/><int name="y2" value="95"/><int name="prev" value="14"/><int name="next" value="17"/></imgdir><imgdir name="8"><int name="x1" value="540"/><int name="y1" value="95"/><int name="x2" value="630"/><int name="y2" value="95"/><int name="prev" value="17"/><int name="next" value="6"/></imgdir><imgdir name="9"><int name="x1" value="810"/><int name="y1" value="95"/><int name="x2" value="900"/><int name="y2" value="95"/><int name="prev" value="10"/><int name="next" value="22"/></imgdir><imgdir name="10"><int name="x1" value="720"/><int name="y1" value="95"/><int name="x2" value="810"/><int name="y2" value="95"/><int name="prev" value="6"/><int name="next" value="9"/></imgdir><imgdir name="11"><int name="x1" value="231"/><int name="y1" value="120"/><int name="x2" value="231"/><int name="y2" value="95"/><int name="prev" value="16"/><int name="next" value="12"/></imgdir><imgdir name="12"><int name="x1" value="231"/><int name="y1" value="95"/><int name="x2" value="309"/><int name="y2" value="95"/><int name="prev" value="11"/><int name="next" value="14"/></imgdir><imgdir name="13"><int name="x1" value="141"/><int name="y1" value="215"/><int name="x2" value="141"/><int name="y2" value="180"/><int name="prev" value="4"/><int name="next" value="18"/></imgdir><imgdir name="14"><int name="x1" value="309"/><int name="y1" value="95"/><int name="x2" value="360"/><int name="y2" value="95"/><int name="prev" value="12"/><int name="next" value="7"/></imgdir><imgdir name="15"><int name="x1" value="180"/><int name="y1" value="155"/><int name="x2" value="219"/><int name="y2" value="155"/><int name="prev" value="19"/><int name="next" value="20"/></imgdir><imgdir name="16"><int name="x1" value="231"/><int name="y1" value="155"/><int name="x2" value="231"/><int name="y2" value="120"/><int name="prev" value="20"/><int name="next" value="11"/></imgdir><imgdir name="17"><int name="x1" value="450"/><int name="y1" value="95"/><int name="x2" value="540"/><int name="y2" value="95"/><int name="prev" value="7"/><int name="next" value="8"/></imgdir><imgdir name="18"><int name="x1" value="141"/><int name="y1" value="180"/><int name="x2" value="141"/><int name="y2" value="155"/><int name="prev" value="13"/><int name="next" value="19"/></imgdir><imgdir name="19"><int name="x1" value="141"/><int name="y1" value="155"/><int name="x2" value="180"/><int name="y2" value="155"/><int name="prev" value="18"/><int name="next" value="15"/></imgdir><imgdir name="20"><int name="x1" value="219"/><int name="y1" value="155"/><int name="x2" value="231"/><int name="y2" value="155"/><int name="prev" value="15"/><int name="next" value="16"/></imgdir><imgdir name="21"><int name="x1" value="990"/><int name="y1" value="95"/><int name="x2" value="1080"/><int name="y2" value="95"/><int name="prev" value="22"/><int name="next" value="23"/></imgdir><imgdir name="22"><int name="x1" value="900"/><int name="y1" value="95"/><int name="x2" value="990"/><int name="y2" value="95"/><int name="prev" value="9"/><int name="next" value="21"/></imgdir><imgdir name="23"><int name="x1" value="1080"/><int name="y1" value="95"/><int name="x2" value="1170"/><int name="y2" value="95"/><int name="prev" value="21"/><int name="next" value="0"/></imgdir><imgdir name="24"><int name="x1" value="424"/><int name="y1" value="39"/><int name="x2" value="460"/><int name="y2" value="39"/><int name="prev" value="0"/><int name="next" value="0"/></imgdir></imgdir><imgdir name="8"><imgdir name="25"><int name="x1" value="180"/><int name="y1" value="-85"/><int name="x2" value="219"/><int name="y2" value="-85"/><int name="prev" value="27"/><int name="next" value="28"/></imgdir><imgdir name="26"><int name="x1" value="141"/><int name="y1" value="-60"/><int name="x2" value="141"/><int name="y2" value="-85"/><int name="prev" value="0"/><int name="next" value="27"/></imgdir><imgdir name="27"><int name="x1" value="141"/><int name="y1" value="-85"/><int name="x2" value="180"/><int name="y2" value="-85"/><int name="prev" value="26"/><int name="next" value="25"/></imgdir><imgdir name="28"><int name="x1" value="219"/><int name="y1" value="-85"/><int name="x2" value="231"/><int name="y2" value="-85"/><int name="prev" value="25"/><int name="next" value="29"/></imgdir><imgdir name="29"><int name="x1" value="231"/><int name="y1" value="-85"/><int name="x2" value="270"/><int name="y2" value="-85"/><int name="prev" value="28"/><int name="next" value="30"/></imgdir><imgdir name="30"><int name="x1" value="270"/><int name="y1" value="-85"/><int name="x2" value="309"/><int name="y2" value="-85"/><int name="prev" value="29"/><int name="next" value="31"/></imgdir><imgdir name="31"><int name="x1" value="309"/><int name="y1" value="-85"/><int name="x2" value="309"/><int name="y2" value="-60"/><int name="prev" value="30"/><int name="next" value="0"/></imgdir></imgdir><imgdir name="3"><imgdir name="32"><int name="x1" value="-39"/><int name="y1" value="95"/><int name="x2" value="39"/><int name="y2" value="95"/><int name="prev" value="36"/><int name="next" value="33"/></imgdir><imgdir name="33"><int name="x1" value="39"/><int name="y1" value="95"/><int name="x2" value="39"/><int name="y2" value="120"/><int name="prev" value="32"/><int name="next" value="0"/></imgdir><imgdir name="34"><int name="x1" value="-129"/><int name="y1" value="120"/><int name="x2" value="-129"/><int name="y2" value="95"/><int name="prev" value="0"/><int name="next" value="35"/></imgdir><imgdir name="35"><int name="x1" value="-129"/><int name="y1" value="95"/><int name="x2" value="-51"/><int name="y2" value="95"/><int name="prev" value="34"/><int name="next" value="36"/></imgdir><imgdir name="36"><int name="x1" value="-51"/><int name="y1" value="95"/><int name="x2" value="-39"/><int name="y2" value="95"/><int name="prev" value="35"/><int name="next" value="32"/></imgdir></imgdir></imgdir></imgdir><imgdir name="miniMap"><canvas name="canvas" width="96" height="51"></canvas><int name="width" value="1548"/><int name="height" value="829"/><int name="centerX" value="318"/><int name="centerY" value="335"/><int name="mag" value="4"/></imgdir><imgdir name="portal"><imgdir name="0"><string name="pn" value="sp"/><int name="pt" value="0"/><int name="x" value="-144"/><int name="y" value="152"/><int name="tm" value="999999999"/><string name="tn" value=""/></imgdir><imgdir name="1"><string name="pn" value="sp"/><int name="pt" value="0"/><int name="x" value="-207"/><int name="y" value="123"/><int name="tm" value="999999999"/><string name="tn" value=""/></imgdir><imgdir name="2"><string name="pn" value="sp"/><int name="pt" value="0"/><int name="x" value="-173"/><int name="y" value="125"/><int name="tm" value="999999999"/><string name="tn" value=""/></imgdir><imgdir name="3"><string name="pn" value="in00"/><int name="pt" value="1"/><int name="x" value="-207"/><int name="y" value="218"/><int name="tm" value="999999999"/><string name="tn" value=""/></imgdir><imgdir name="4"><string name="pn" value="in01"/><int name="pt" value="2"/><int name="x" value="557"/><int name="y" value="94"/><int name="tm" value="20001"/><string name="tn" value="out00"/></imgdir><imgdir name="5"><string name="pn" value="out00"/><int name="pt" value="2"/><int name="x" value="1046"/><int name="y" value="94"/><int name="tm" value="30000"/><string name="tn" value="in00"/></imgdir></imgdir></imgdir>