<?xml version="1.0" encoding="UTF-8" standalone="yes"?><imgdir name="000000000.img"><imgdir name="info"><int name="version" value="10"/><int name="cloud" value="0"/><int name="town" value="1"/><int name="returnMap" value="0"/><int name="forcedReturn" value="999999999"/><float name="mobRate" value="1.0"/><string name="bgm" value="BgmJp/FirstStepMaster"/><string name="mapMark" value="MushroomVillage"/><int name="swim" value="0"/><int name="hideMinimap" value="0"/><int name="fieldLimit" value="8684"/></imgdir><imgdir name="back"><imgdir name="0"><string name="bS" value="tutorial_jp"/><int name="front" value="0"/><int name="ani" value="0"/><int name="no" value="0"/><int name="f" value="0"/><int name="x" value="0"/><int name="y" value="0"/><int name="rx" value="0"/><int name="ry" value="0"/><int name="type" value="1"/><int name="cx" value="0"/><int name="cy" value="0"/><int name="a" value="255"/></imgdir></imgdir><imgdir name="life"><imgdir name="0"><string name="type" value="n"/><string name="id" value="0002100"/><int name="x" value="-165"/><int name="y" value="44"/><int name="mobTime" value="0"/><int name="f" value="0"/><int name="hide" value="0"/><int name="fh" value="11"/><int name="cy" value="53"/><int name="rx0" value="-213"/><int name="rx1" value="-115"/></imgdir><imgdir name="1"><string name="type" value="n"/><string name="id" value="9101001"/><int name="x" value="149"/><int name="y" value="1225"/><int name="mobTime" value="0"/><int name="f" value="0"/><int name="hide" value="0"/><int name="fh" value="6"/><int name="cy" value="1235"/><int name="rx0" value="99"/><int name="rx1" value="199"/></imgdir></imgdir><imgdir name="reactor"></imgdir><imgdir name="0"><imgdir name="info"></imgdir><imgdir name="tile"></imgdir><imgdir name="obj"></imgdir></imgdir><imgdir name="1"><imgdir name="info"></imgdir><imgdir name="tile"></imgdir><imgdir name="obj"><imgdir name="0"><string name="oS" value="tutorial_jp"/><string name="l0" value="entrance"/><string name="l1" value="tree"/><string name="l2" value="0"/><int name="x" value="-116"/><int name="y" value="755"/><int name="z" value="3"/><int name="f" value="0"/><int name="zM" value="1"/></imgdir><imgdir name="1"><string name="oS" value="tutorial_jp"/><string name="l0" value="entrance"/><string name="l1" value="tree"/><string name="l2" value="1"/><int name="x" value="-92"/><int name="y" value="143"/><int name="z" value="3"/><int name="f" value="0"/><int name="zM" value="1"/></imgdir><imgdir name="2"><string name="oS" value="tutorial_jp"/><string name="l0" value="entrance"/><string name="l1" value="tree"/><string name="l2" value="2"/><int name="x" value="-190"/><int name="y" value="-226"/><int name="z" value="3"/><int name="f" value="0"/><int name="zM" value="1"/></imgdir></imgdir></imgdir><imgdir name="2"><imgdir name="info"></imgdir><imgdir name="tile"></imgdir><imgdir name="obj"><imgdir name="0"><string name="oS" value="tutorial_jp"/><string name="l0" value="entrance"/><string name="l1" value="tree"/><string name="l2" value="3"/><int name="x" value="-208"/><int name="y" value="-14"/><int name="z" value="3"/><int name="f" value="0"/><int name="zM" value="2"/></imgdir></imgdir></imgdir><imgdir name="3"><imgdir name="info"></imgdir><imgdir name="tile"></imgdir><imgdir name="obj"></imgdir></imgdir><imgdir name="4"><imgdir name="info"></imgdir><imgdir name="tile"></imgdir><imgdir name="obj"></imgdir></imgdir><imgdir name="5"><imgdir name="info"><string name="tS" value="grassySoil"/><int name="tSMag" value="1"/></imgdir><imgdir name="tile"><imgdir name="3"><int name="x" value="-270"/><int name="y" value="1260"/><string name="u" value="enH0"/><int name="no" value="0"/><int name="zM" value="0"/></imgdir><imgdir name="7"><int name="x" value="-180"/><int name="y" value="1260"/><string name="u" value="enH0"/><int name="no" value="1"/><int name="zM" value="0"/></imgdir><imgdir name="9"><int name="x" value="-90"/><int name="y" value="1260"/><string name="u" value="enH0"/><int name="no" value="1"/><int name="zM" value="0"/></imgdir><imgdir name="11"><int name="x" value="0"/><int name="y" value="1260"/><string name="u" value="enH0"/><int name="no" value="1"/><int name="zM" value="0"/></imgdir><imgdir name="13"><int name="x" value="90"/><int name="y" value="1260"/><string name="u" value="enH0"/><int name="no" value="0"/><int name="zM" value="0"/></imgdir><imgdir name="15"><int name="x" value="180"/><int name="y" value="1260"/><string name="u" value="enH0"/><int name="no" value="0"/><int name="zM" value="0"/></imgdir><imgdir name="17"><int name="x" value="270"/><int name="y" value="1260"/><string name="u" value="enH0"/><int name="no" value="1"/><int name="zM" value="0"/></imgdir><imgdir name="2"><int name="x" value="-270"/><int name="y" value="1260"/><string name="u" value="bsc"/><int name="no" value="1"/><int name="zM" value="0"/></imgdir><imgdir name="26"><int name="x" value="-270"/><int name="y" value="1320"/><string name="u" value="bsc"/><int name="no" value="1"/><int name="zM" value="0"/></imgdir><imgdir name="25"><int name="x" value="-270"/><int name="y" value="1380"/><string name="u" value="enH1"/><int name="no" value="0"/><int name="zM" value="0"/></imgdir><imgdir name="30"><int name="x" value="-180"/><int name="y" value="1380"/><string name="u" value="enH1"/><int name="no" value="0"/><int name="zM" value="0"/></imgdir><imgdir name="6"><int name="x" value="-180"/><int name="y" value="1260"/><string name="u" value="bsc"/><int name="no" value="4"/><int name="zM" value="0"/></imgdir><imgdir name="28"><int name="x" value="-180"/><int name="y" value="1320"/><string name="u" value="bsc"/><int name="no" value="0"/><int name="zM" value="0"/></imgdir><imgdir name="8"><int name="x" value="-90"/><int name="y" value="1260"/><string name="u" value="bsc"/><int name="no" value="3"/><int name="zM" value="0"/></imgdir><imgdir name="29"><int name="x" value="-90"/><int name="y" value="1380"/><string name="u" value="enH1"/><int name="no" value="0"/><int name="zM" value="0"/></imgdir><imgdir name="10"><int name="x" value="0"/><int name="y" value="1260"/><string name="u" value="bsc"/><int name="no" value="1"/><int name="zM" value="0"/></imgdir><imgdir name="27"><int name="x" value="0"/><int name="y" value="1380"/><string name="u" value="enH1"/><int name="no" value="1"/><int name="zM" value="0"/></imgdir><imgdir name="12"><int name="x" value="90"/><int name="y" value="1260"/><string name="u" value="bsc"/><int name="no" value="0"/><int name="zM" value="0"/></imgdir><imgdir name="31"><int name="x" value="90"/><int name="y" value="1320"/><string name="u" value="bsc"/><int name="no" value="1"/><int name="zM" value="0"/></imgdir><imgdir name="14"><int name="x" value="180"/><int name="y" value="1260"/><string name="u" value="bsc"/><int name="no" value="2"/><int name="zM" value="0"/></imgdir><imgdir name="16"><int name="x" value="270"/><int name="y" value="1260"/><string name="u" value="bsc"/><int name="no" value="1"/><int name="zM" value="0"/></imgdir><imgdir name="19"><int name="x" value="360"/><int name="y" value="1260"/><string name="u" value="bsc"/><int name="no" value="2"/><int name="zM" value="0"/></imgdir><imgdir name="18"><int name="x" value="360"/><int name="y" value="1320"/><string name="u" value="bsc"/><int name="no" value="1"/><int name="zM" value="0"/></imgdir><imgdir name="0"><int name="x" value="360"/><int name="y" value="1260"/><string name="u" value="enH0"/><int name="no" value="1"/><int name="zM" value="0"/></imgdir><imgdir name="5"><int name="x" value="270"/><int name="y" value="1380"/><string name="u" value="enH1"/><int name="no" value="0"/><int name="zM" value="0"/></imgdir><imgdir name="4"><int name="x" value="180"/><int name="y" value="1320"/><string name="u" value="bsc"/><int name="no" value="0"/><int name="zM" value="0"/></imgdir><imgdir name="24"><int name="x" value="270"/><int name="y" value="1320"/><string name="u" value="bsc"/><int name="no" value="1"/><int name="zM" value="0"/></imgdir><imgdir name="22"><int name="x" value="90"/><int name="y" value="1380"/><string name="u" value="enH1"/><int name="no" value="1"/><int name="zM" value="0"/></imgdir><imgdir name="1"><int name="x" value="180"/><int name="y" value="1380"/><string name="u" value="enH1"/><int name="no" value="1"/><int name="zM" value="0"/></imgdir><imgdir name="21"><int name="x" value="0"/><int name="y" value="1320"/><string name="u" value="bsc"/><int name="no" value="3"/><int name="zM" value="0"/></imgdir><imgdir name="23"><int name="x" value="360"/><int name="y" value="1380"/><string name="u" value="enH1"/><int name="no" value="0"/><int name="zM" value="0"/></imgdir><imgdir name="20"><int name="x" value="-90"/><int name="y" value="1320"/><string name="u" value="bsc"/><int name="no" value="0"/><int name="zM" value="0"/></imgdir><imgdir name="33"><int name="x" value="-360"/><int name="y" value="1320"/><string name="u" value="bsc"/><int name="no" value="0"/><int name="zM" value="0"/></imgdir><imgdir name="35"><int name="x" value="-360"/><int name="y" value="1260"/><string name="u" value="enH0"/><int name="no" value="1"/><int name="zM" value="0"/></imgdir><imgdir name="32"><int name="x" value="-360"/><int name="y" value="1380"/><string name="u" value="enH1"/><int name="no" value="0"/><int name="zM" value="0"/></imgdir><imgdir name="34"><int name="x" value="-360"/><int name="y" value="1260"/><string name="u" value="bsc"/><int name="no" value="3"/><int name="zM" value="0"/></imgdir></imgdir><imgdir name="obj"></imgdir></imgdir><imgdir name="6"><imgdir name="info"></imgdir><imgdir name="tile"></imgdir><imgdir name="obj"></imgdir></imgdir><imgdir name="7"><imgdir name="info"></imgdir><imgdir name="tile"></imgdir><imgdir name="obj"></imgdir></imgdir><imgdir name="foothold"><imgdir name="5"><imgdir name="0"><imgdir name="1"><int name="x1" value="360"/><int name="y1" value="1235"/><int name="x2" value="450"/><int name="y2" value="1235"/><int name="prev" value="8"/><int name="next" value="0"/></imgdir><imgdir name="2"><int name="x1" value="-270"/><int name="y1" value="1235"/><int name="x2" value="-180"/><int name="y2" value="1235"/><int name="prev" value="9"/><int name="next" value="3"/></imgdir><imgdir name="3"><int name="x1" value="-180"/><int name="y1" value="1235"/><int name="x2" value="-90"/><int name="y2" value="1235"/><int name="prev" value="2"/><int name="next" value="4"/></imgdir><imgdir name="4"><int name="x1" value="-90"/><int name="y1" value="1235"/><int name="x2" value="0"/><int name="y2" value="1235"/><int name="prev" value="3"/><int name="next" value="5"/></imgdir><imgdir name="5"><int name="x1" value="0"/><int name="y1" value="1235"/><int name="x2" value="90"/><int name="y2" value="1235"/><int name="prev" value="4"/><int name="next" value="6"/></imgdir><imgdir name="6"><int name="x1" value="90"/><int name="y1" value="1235"/><int name="x2" value="180"/><int name="y2" value="1235"/><int name="prev" value="5"/><int name="next" value="7"/></imgdir><imgdir name="7"><int name="x1" value="180"/><int name="y1" value="1235"/><int name="x2" value="270"/><int name="y2" value="1235"/><int name="prev" value="6"/><int name="next" value="8"/></imgdir><imgdir name="8"><int name="x1" value="270"/><int name="y1" value="1235"/><int name="x2" value="360"/><int name="y2" value="1235"/><int name="prev" value="7"/><int name="next" value="1"/></imgdir><imgdir name="9"><int name="x1" value="-360"/><int name="y1" value="1235"/><int name="x2" value="-270"/><int name="y2" value="1235"/><int name="prev" value="0"/><int name="next" value="2"/></imgdir></imgdir></imgdir><imgdir name="1"><imgdir name="1"><imgdir name="10"><int name="x1" value="-233"/><int name="y1" value="-247"/><int name="x2" value="-233"/><int name="y2" value="53"/><int name="prev" value="0"/><int name="next" value="11"/></imgdir><imgdir name="11"><int name="x1" value="-233"/><int name="y1" value="53"/><int name="x2" value="164"/><int name="y2" value="53"/><int name="prev" value="10"/><int name="next" value="12"/></imgdir><imgdir name="12"><int name="x1" value="164"/><int name="y1" value="53"/><int name="x2" value="164"/><int name="y2" value="-198"/><int name="prev" value="11"/><int name="next" value="0"/></imgdir></imgdir></imgdir></imgdir><imgdir name="ladderRope"></imgdir><imgdir name="miniMap"><canvas name="canvas" width="56" height="129"></canvas><int name="width" value="908"/><int name="height" value="2074"/><int name="centerX" value="410"/><int name="centerY" value="620"/><int name="mag" value="4"/></imgdir><imgdir name="portal"><imgdir name="0"><string name="pn" value="sp"/><int name="pt" value="0"/><int name="x" value="108"/><int name="y" value="41"/><int name="tm" value="999999999"/><string name="tn" value=""/></imgdir><imgdir name="1"><string name="pn" value="sp"/><int name="pt" value="0"/><int name="x" value="123"/><int name="y" value="37"/><int name="tm" value="999999999"/><string name="tn" value=""/></imgdir><imgdir name="2"><string name="pn" value="sp"/><int name="pt" value="0"/><int name="x" value="87"/><int name="y" value="-18"/><int name="tm" value="999999999"/><string name="tn" value=""/></imgdir><imgdir name="3"><string name="pn" value="st00"/><int name="pt" value="1"/><int name="x" value="47"/><int name="y" value="1232"/><int name="tm" value="999999999"/><string name="tn" value="999999999"/></imgdir><imgdir name="4"><string name="pn" value="tutorial0"/><int name="pt" value="9"/><int name="x" value="102"/><int name="y" value="24"/><int name="tm" value="999999999"/><string name="tn" value=""/><int name="delay" value="1000"/><string name="script" value="advice00"/><int name="hideTooltip" value="0"/><int name="onlyOnce" value="1"/></imgdir><imgdir name="5"><string name="pn" value="tutorial4"/><int name="pt" value="9"/><int name="x" value="-1"/><int name="y" value="24"/><int name="tm" value="999999999"/><string name="tn" value=""/><int name="delay" value="1000"/><string name="script" value="advice04"/><int name="hideTooltip" value="0"/><int name="onlyOnce" value="1"/></imgdir></imgdir></imgdir>