<?xml version="1.0" encoding="UTF-8" standalone="yes"?><imgdir name="001020001.img"><imgdir name="info"><int name="version" value="10"/><int name="cloud" value="0"/><int name="town" value="0"/><int name="returnMap" value="1010000"/><float name="mobRate" value="1.0"/><string name="bgm" value="Bgm00/RestNPeace"/><string name="mapDesc" value=""/><int name="forcedReturn" value="999999999"/><int name="hideMinimap" value="0"/><int name="moveLimit" value="0"/><string name="mapMark" value="Amherst"/><int name="swim" value="0"/><int name="fieldLimit" value="4"/><int name="VRTop" value="-840"/><int name="VRLeft" value="-450"/><int name="VRBottom" value="454"/><int name="VRRight" value="1345"/></imgdir><imgdir name="back"><imgdir name="0"><string name="bS" value="grassySoil"/><int name="no" value="0"/><int name="x" value="0"/><int name="y" value="0"/><int name="rx" value="0"/><int name="ry" value="0"/><int name="type" value="3"/><int name="cx" value="0"/><int name="cy" value="0"/><int name="a" value="255"/><int name="front" value="0"/><int name="ani" value="0"/><int name="f" value="0"/></imgdir><imgdir name="1"><string name="bS" value="grassySoil"/><int name="no" value="1"/><int name="x" value="-19"/><int name="y" value="-166"/><int name="rx" value="-5"/><int name="ry" value="-5"/><int name="type" value="4"/><int name="cx" value="0"/><int name="cy" value="0"/><int name="a" value="255"/><int name="front" value="0"/><int name="ani" value="0"/><int name="f" value="0"/></imgdir><imgdir name="2"><string name="bS" value="grassySoil"/><int name="no" value="2"/><int name="x" value="78"/><int name="y" value="38"/><int name="rx" value="-10"/><int name="ry" value="-8"/><int name="type" value="0"/><int name="cx" value="0"/><int name="cy" value="0"/><int name="a" value="255"/><int name="front" value="0"/><int name="ani" value="0"/><int name="f" value="0"/></imgdir><imgdir name="3"><string name="bS" value="grassySoil"/><int name="no" value="3"/><int name="x" value="-43"/><int name="y" value="-266"/><int name="rx" value="-10"/><int name="ry" value="-8"/><int name="type" value="0"/><int name="cx" value="0"/><int name="cy" value="0"/><int name="a" value="255"/><int name="front" value="0"/><int name="ani" value="0"/><int name="f" value="0"/></imgdir><imgdir name="4"><string name="bS" value="grassySoil"/><int name="no" value="4"/><int name="x" value="10"/><int name="y" value="173"/><int name="rx" value="-25"/><int name="ry" value="-15"/><int name="type" value="1"/><int name="cx" value="0"/><int name="cy" value="0"/><int name="a" value="255"/><int name="front" value="0"/><int name="ani" value="0"/><int name="f" value="0"/></imgdir></imgdir><imgdir name="life"><imgdir name="0"><string name="type" value="m"/><string name="id" value="0100100"/><int name="x" value="-169"/><int name="y" value="198"/><int name="mobTime" value="0"/><int name="f" value="0"/><int name="hide" value="0"/><int name="fh" value="3"/><int name="cy" value="215"/><int name="rx0" value="-430"/><int name="rx1" value="1330"/></imgdir><imgdir name="1"><string name="type" value="m"/><string name="id" value="0100100"/><int name="x" value="51"/><int name="y" value="256"/><int name="mobTime" value="0"/><int name="f" value="0"/><int name="hide" value="0"/><int name="fh" value="16"/><int name="cy" value="275"/><int name="rx0" value="-430"/><int name="rx1" value="1330"/></imgdir><imgdir name="2"><string name="type" value="m"/><string name="id" value="0100101"/><int name="x" value="-40"/><int name="y" value="226"/><int name="mobTime" value="0"/><int name="f" value="0"/><int name="hide" value="0"/><int name="fh" value="19"/><int name="cy" value="248"/><int name="rx0" value="-430"/><int name="rx1" value="1330"/></imgdir><imgdir name="3"><string name="type" value="m"/><string name="id" value="0100101"/><int name="x" value="220"/><int name="y" value="265"/><int name="mobTime" value="0"/><int name="f" value="0"/><int name="hide" value="0"/><int name="fh" value="8"/><int name="cy" value="275"/><int name="rx0" value="-430"/><int name="rx1" value="1330"/></imgdir><imgdir name="4"><string name="type" value="m"/><string name="id" value="0100101"/><int name="x" value="357"/><int name="y" value="273"/><int name="mobTime" value="0"/><int name="f" value="0"/><int name="hide" value="0"/><int name="fh" value="9"/><int name="cy" value="275"/><int name="rx0" value="-430"/><int name="rx1" value="1330"/></imgdir><imgdir name="5"><string name="type" value="m"/><string name="id" value="0100101"/><int name="x" value="128"/><int name="y" value="260"/><int name="mobTime" value="0"/><int name="f" value="0"/><int name="hide" value="0"/><int name="fh" value="6"/><int name="cy" value="275"/><int name="rx0" value="-430"/><int name="rx1" value="1330"/></imgdir><imgdir name="6"><string name="type" value="m"/><string name="id" value="0100101"/><int name="x" value="679"/><int name="y" value="206"/><int name="mobTime" value="0"/><int name="f" value="0"/><int name="hide" value="0"/><int name="fh" value="13"/><int name="cy" value="215"/><int name="rx0" value="-430"/><int name="rx1" value="1330"/></imgdir><imgdir name="7"><string name="type" value="m"/><string name="id" value="0130101"/><int name="x" value="294"/><int name="y" value="266"/><int name="mobTime" value="0"/><int name="f" value="0"/><int name="hide" value="0"/><int name="fh" value="9"/><int name="cy" value="275"/><int name="rx0" value="-430"/><int name="rx1" value="1330"/></imgdir><imgdir name="8"><string name="type" value="m"/><string name="id" value="0130101"/><int name="x" value="478"/><int name="y" value="264"/><int name="mobTime" value="0"/><int name="f" value="0"/><int name="hide" value="0"/><int name="fh" value="7"/><int name="cy" value="275"/><int name="rx0" value="-430"/><int name="rx1" value="1330"/></imgdir><imgdir name="9"><string name="type" value="m"/><string name="id" value="0130101"/><int name="x" value="599"/><int name="y" value="202"/><int name="mobTime" value="0"/><int name="f" value="0"/><int name="hide" value="0"/><int name="fh" value="12"/><int name="cy" value="236"/><int name="rx0" value="-430"/><int name="rx1" value="1330"/></imgdir><imgdir name="10"><string name="type" value="m"/><string name="id" value="0130101"/><int name="x" value="796"/><int name="y" value="197"/><int name="mobTime" value="0"/><int name="f" value="0"/><int name="hide" value="0"/><int name="fh" value="11"/><int name="cy" value="215"/><int name="rx0" value="-430"/><int name="rx1" value="1330"/></imgdir><imgdir name="11"><string name="type" value="m"/><string name="id" value="0130101"/><int name="x" value="929"/><int name="y" value="203"/><int name="mobTime" value="0"/><int name="f" value="0"/><int name="hide" value="0"/><int name="fh" value="5"/><int name="cy" value="215"/><int name="rx0" value="-430"/><int name="rx1" value="1330"/></imgdir><imgdir name="12"><string name="type" value="m"/><string name="id" value="0130101"/><int name="x" value="1084"/><int name="y" value="248"/><int name="mobTime" value="0"/><int name="f" value="0"/><int name="hide" value="0"/><int name="fh" value="4"/><int name="cy" value="275"/><int name="rx0" value="-430"/><int name="rx1" value="1330"/></imgdir><imgdir name="13"><string name="type" value="m"/><string name="id" value="0130101"/><int name="x" value="1186"/><int name="y" value="255"/><int name="mobTime" value="0"/><int name="f" value="0"/><int name="hide" value="0"/><int name="fh" value="18"/><int name="cy" value="275"/><int name="rx0" value="-430"/><int name="rx1" value="1330"/></imgdir><imgdir name="14"><string name="type" value="m"/><string name="id" value="0130101"/><int name="x" value="1291"/><int name="y" value="246"/><int name="mobTime" value="0"/><int name="f" value="0"/><int name="hide" value="0"/><int name="fh" value="20"/><int name="cy" value="275"/><int name="rx0" value="-430"/><int name="rx1" value="1330"/></imgdir></imgdir><imgdir name="0"><imgdir name="info"></imgdir><imgdir name="tile"></imgdir><imgdir name="obj"></imgdir></imgdir><imgdir name="1"><imgdir name="info"><string name="tS" value="grassySoil"/></imgdir><imgdir name="tile"><imgdir name="7"><int name="x" value="-180"/><int name="y" value="240"/><string name="u" value="enH0"/><int name="no" value="1"/><int name="zM" value="0"/></imgdir><imgdir name="5"><int name="x" value="-270"/><int name="y" value="240"/><string name="u" value="enH0"/><int name="no" value="1"/><int name="zM" value="0"/></imgdir><imgdir name="3"><int name="x" value="-360"/><int name="y" value="240"/><string name="u" value="enH0"/><int name="no" value="1"/><int name="zM" value="0"/></imgdir><imgdir name="29"><int name="x" value="-180"/><int name="y" value="480"/><string name="u" value="enH1"/><int name="no" value="1"/><int name="zM" value="0"/></imgdir><imgdir name="20"><int name="x" value="-90"/><int name="y" value="480"/><string name="u" value="enH1"/><int name="no" value="0"/><int name="zM" value="0"/></imgdir><imgdir name="24"><int name="x" value="-270"/><int name="y" value="480"/><string name="u" value="enH1"/><int name="no" value="0"/><int name="zM" value="0"/></imgdir><imgdir name="26"><int name="x" value="-360"/><int name="y" value="480"/><string name="u" value="enH1"/><int name="no" value="1"/><int name="zM" value="0"/></imgdir><imgdir name="2"><int name="x" value="-360"/><int name="y" value="240"/><string name="u" value="bsc"/><int name="no" value="1"/><int name="zM" value="0"/></imgdir><imgdir name="17"><int name="x" value="-360"/><int name="y" value="420"/><string name="u" value="bsc"/><int name="no" value="1"/><int name="zM" value="0"/></imgdir><imgdir name="15"><int name="x" value="-360"/><int name="y" value="360"/><string name="u" value="bsc"/><int name="no" value="3"/><int name="zM" value="0"/></imgdir><imgdir name="27"><int name="x" value="-360"/><int name="y" value="300"/><string name="u" value="bsc"/><int name="no" value="1"/><int name="zM" value="0"/></imgdir><imgdir name="4"><int name="x" value="-270"/><int name="y" value="240"/><string name="u" value="bsc"/><int name="no" value="3"/><int name="zM" value="0"/></imgdir><imgdir name="1"><int name="x" value="-270"/><int name="y" value="300"/><string name="u" value="bsc"/><int name="no" value="3"/><int name="zM" value="0"/></imgdir><imgdir name="13"><int name="x" value="-270"/><int name="y" value="360"/><string name="u" value="bsc"/><int name="no" value="4"/><int name="zM" value="0"/></imgdir><imgdir name="6"><int name="x" value="-180"/><int name="y" value="240"/><string name="u" value="bsc"/><int name="no" value="4"/><int name="zM" value="0"/></imgdir><imgdir name="25"><int name="x" value="-180"/><int name="y" value="420"/><string name="u" value="bsc"/><int name="no" value="3"/><int name="zM" value="0"/></imgdir><imgdir name="28"><int name="x" value="-180"/><int name="y" value="300"/><string name="u" value="bsc"/><int name="no" value="0"/><int name="zM" value="0"/></imgdir><imgdir name="21"><int name="x" value="-90"/><int name="y" value="420"/><string name="u" value="bsc"/><int name="no" value="1"/><int name="zM" value="0"/></imgdir><imgdir name="35"><int name="x" value="-90"/><int name="y" value="360"/><string name="u" value="bsc"/><int name="no" value="2"/><int name="zM" value="0"/></imgdir><imgdir name="30"><int name="x" value="-270"/><int name="y" value="420"/><string name="u" value="bsc"/><int name="no" value="0"/><int name="zM" value="0"/></imgdir><imgdir name="34"><int name="x" value="-90"/><int name="y" value="300"/><string name="u" value="bsc"/><int name="no" value="4"/><int name="zM" value="0"/></imgdir><imgdir name="22"><int name="x" value="-180"/><int name="y" value="360"/><string name="u" value="bsc"/><int name="no" value="0"/><int name="zM" value="0"/></imgdir><imgdir name="47"><int name="x" value="360"/><int name="y" value="300"/><string name="u" value="enH0"/><int name="no" value="1"/><int name="zM" value="0"/></imgdir><imgdir name="45"><int name="x" value="270"/><int name="y" value="300"/><string name="u" value="enH0"/><int name="no" value="1"/><int name="zM" value="0"/></imgdir><imgdir name="43"><int name="x" value="180"/><int name="y" value="300"/><string name="u" value="enH0"/><int name="no" value="0"/><int name="zM" value="0"/></imgdir><imgdir name="37"><int name="x" value="90"/><int name="y" value="300"/><string name="u" value="enH0"/><int name="no" value="0"/><int name="zM" value="0"/></imgdir><imgdir name="41"><int name="x" value="450"/><int name="y" value="300"/><string name="u" value="enH0"/><int name="no" value="1"/><int name="zM" value="0"/></imgdir><imgdir name="40"><int name="x" value="450"/><int name="y" value="300"/><string name="u" value="bsc"/><int name="no" value="1"/><int name="zM" value="0"/></imgdir><imgdir name="46"><int name="x" value="360"/><int name="y" value="300"/><string name="u" value="bsc"/><int name="no" value="1"/><int name="zM" value="0"/></imgdir><imgdir name="44"><int name="x" value="270"/><int name="y" value="300"/><string name="u" value="bsc"/><int name="no" value="0"/><int name="zM" value="0"/></imgdir><imgdir name="42"><int name="x" value="180"/><int name="y" value="300"/><string name="u" value="bsc"/><int name="no" value="3"/><int name="zM" value="0"/></imgdir><imgdir name="36"><int name="x" value="90"/><int name="y" value="300"/><string name="u" value="bsc"/><int name="no" value="3"/><int name="zM" value="0"/></imgdir><imgdir name="31"><int name="x" value="0"/><int name="y" value="420"/><string name="u" value="bsc"/><int name="no" value="3"/><int name="zM" value="0"/></imgdir><imgdir name="23"><int name="x" value="0"/><int name="y" value="480"/><string name="u" value="enH1"/><int name="no" value="1"/><int name="zM" value="0"/></imgdir><imgdir name="53"><int name="x" value="0"/><int name="y" value="360"/><string name="u" value="bsc"/><int name="no" value="1"/><int name="zM" value="0"/></imgdir><imgdir name="50"><int name="x" value="90"/><int name="y" value="360"/><string name="u" value="bsc"/><int name="no" value="3"/><int name="zM" value="0"/></imgdir><imgdir name="52"><int name="x" value="180"/><int name="y" value="360"/><string name="u" value="bsc"/><int name="no" value="3"/><int name="zM" value="0"/></imgdir><imgdir name="51"><int name="x" value="270"/><int name="y" value="360"/><string name="u" value="bsc"/><int name="no" value="4"/><int name="zM" value="0"/></imgdir><imgdir name="54"><int name="x" value="360"/><int name="y" value="360"/><string name="u" value="bsc"/><int name="no" value="0"/><int name="zM" value="0"/></imgdir><imgdir name="57"><int name="x" value="90"/><int name="y" value="480"/><string name="u" value="enH1"/><int name="no" value="0"/><int name="zM" value="0"/></imgdir><imgdir name="33"><int name="x" value="90"/><int name="y" value="420"/><string name="u" value="bsc"/><int name="no" value="0"/><int name="zM" value="0"/></imgdir><imgdir name="64"><int name="x" value="270"/><int name="y" value="480"/><string name="u" value="enH1"/><int name="no" value="0"/><int name="zM" value="0"/></imgdir><imgdir name="59"><int name="x" value="270"/><int name="y" value="420"/><string name="u" value="bsc"/><int name="no" value="2"/><int name="zM" value="0"/></imgdir><imgdir name="58"><int name="x" value="180"/><int name="y" value="420"/><string name="u" value="bsc"/><int name="no" value="2"/><int name="zM" value="0"/></imgdir><imgdir name="65"><int name="x" value="360"/><int name="y" value="480"/><string name="u" value="enH1"/><int name="no" value="1"/><int name="zM" value="0"/></imgdir><imgdir name="56"><int name="x" value="180"/><int name="y" value="480"/><string name="u" value="enH1"/><int name="no" value="0"/><int name="zM" value="0"/></imgdir><imgdir name="62"><int name="x" value="360"/><int name="y" value="420"/><string name="u" value="bsc"/><int name="no" value="4"/><int name="zM" value="0"/></imgdir><imgdir name="48"><int name="x" value="540"/><int name="y" value="300"/><string name="u" value="bsc"/><int name="no" value="2"/><int name="zM" value="0"/></imgdir><imgdir name="66"><int name="x" value="630"/><int name="y" value="300"/><string name="u" value="bsc"/><int name="no" value="2"/><int name="zM" value="0"/></imgdir><imgdir name="68"><int name="x" value="720"/><int name="y" value="300"/><string name="u" value="bsc"/><int name="no" value="3"/><int name="zM" value="0"/></imgdir><imgdir name="72"><int name="x" value="810"/><int name="y" value="300"/><string name="u" value="bsc"/><int name="no" value="2"/><int name="zM" value="0"/></imgdir><imgdir name="55"><int name="x" value="540"/><int name="y" value="360"/><string name="u" value="bsc"/><int name="no" value="3"/><int name="zM" value="0"/></imgdir><imgdir name="79"><int name="x" value="630"/><int name="y" value="360"/><string name="u" value="bsc"/><int name="no" value="4"/><int name="zM" value="0"/></imgdir><imgdir name="78"><int name="x" value="720"/><int name="y" value="360"/><string name="u" value="bsc"/><int name="no" value="4"/><int name="zM" value="0"/></imgdir><imgdir name="80"><int name="x" value="810"/><int name="y" value="360"/><string name="u" value="bsc"/><int name="no" value="2"/><int name="zM" value="0"/></imgdir><imgdir name="49"><int name="x" value="900"/><int name="y" value="360"/><string name="u" value="bsc"/><int name="no" value="2"/><int name="zM" value="0"/></imgdir><imgdir name="32"><int name="x" value="450"/><int name="y" value="360"/><string name="u" value="bsc"/><int name="no" value="1"/><int name="zM" value="0"/></imgdir><imgdir name="86"><int name="x" value="900"/><int name="y" value="420"/><string name="u" value="bsc"/><int name="no" value="3"/><int name="zM" value="0"/></imgdir><imgdir name="60"><int name="x" value="810"/><int name="y" value="420"/><string name="u" value="bsc"/><int name="no" value="2"/><int name="zM" value="0"/></imgdir><imgdir name="83"><int name="x" value="720"/><int name="y" value="420"/><string name="u" value="bsc"/><int name="no" value="1"/><int name="zM" value="0"/></imgdir><imgdir name="91"><int name="x" value="720"/><int name="y" value="480"/><string name="u" value="enH1"/><int name="no" value="0"/><int name="zM" value="0"/></imgdir><imgdir name="82"><int name="x" value="630"/><int name="y" value="420"/><string name="u" value="bsc"/><int name="no" value="1"/><int name="zM" value="0"/></imgdir><imgdir name="89"><int name="x" value="630"/><int name="y" value="480"/><string name="u" value="enH1"/><int name="no" value="1"/><int name="zM" value="0"/></imgdir><imgdir name="81"><int name="x" value="540"/><int name="y" value="420"/><string name="u" value="bsc"/><int name="no" value="4"/><int name="zM" value="0"/></imgdir><imgdir name="87"><int name="x" value="540"/><int name="y" value="480"/><string name="u" value="enH1"/><int name="no" value="0"/><int name="zM" value="0"/></imgdir><imgdir name="63"><int name="x" value="450"/><int name="y" value="480"/><string name="u" value="enH1"/><int name="no" value="1"/><int name="zM" value="0"/></imgdir><imgdir name="84"><int name="x" value="450"/><int name="y" value="420"/><string name="u" value="bsc"/><int name="no" value="0"/><int name="zM" value="0"/></imgdir><imgdir name="90"><int name="x" value="810"/><int name="y" value="480"/><string name="u" value="enH1"/><int name="no" value="1"/><int name="zM" value="0"/></imgdir><imgdir name="88"><int name="x" value="900"/><int name="y" value="480"/><string name="u" value="enH1"/><int name="no" value="0"/><int name="zM" value="0"/></imgdir><imgdir name="106"><int name="x" value="1170"/><int name="y" value="360"/><string name="u" value="bsc"/><int name="no" value="0"/><int name="zM" value="0"/></imgdir><imgdir name="104"><int name="x" value="1080"/><int name="y" value="360"/><string name="u" value="bsc"/><int name="no" value="4"/><int name="zM" value="0"/></imgdir><imgdir name="85"><int name="x" value="990"/><int name="y" value="420"/><string name="u" value="bsc"/><int name="no" value="1"/><int name="zM" value="0"/></imgdir><imgdir name="61"><int name="x" value="990"/><int name="y" value="480"/><string name="u" value="enH1"/><int name="no" value="1"/><int name="zM" value="0"/></imgdir><imgdir name="77"><int name="x" value="990"/><int name="y" value="360"/><string name="u" value="bsc"/><int name="no" value="0"/><int name="zM" value="0"/></imgdir><imgdir name="95"><int name="x" value="1170"/><int name="y" value="480"/><string name="u" value="enH1"/><int name="no" value="1"/><int name="zM" value="0"/></imgdir><imgdir name="74"><int name="x" value="1170"/><int name="y" value="300"/><string name="u" value="bsc"/><int name="no" value="1"/><int name="zM" value="0"/></imgdir><imgdir name="92"><int name="x" value="1080"/><int name="y" value="480"/><string name="u" value="enH1"/><int name="no" value="1"/><int name="zM" value="0"/></imgdir><imgdir name="99"><int name="x" value="1080"/><int name="y" value="420"/><string name="u" value="bsc"/><int name="no" value="3"/><int name="zM" value="0"/></imgdir><imgdir name="94"><int name="x" value="1170"/><int name="y" value="420"/><string name="u" value="bsc"/><int name="no" value="4"/><int name="zM" value="0"/></imgdir><imgdir name="111"><int name="x" value="-450"/><int name="y" value="240"/><string name="u" value="enH0"/><int name="no" value="1"/><int name="zM" value="0"/></imgdir><imgdir name="116"><int name="x" value="-450"/><int name="y" value="300"/><string name="u" value="bsc"/><int name="no" value="1"/><int name="zM" value="0"/></imgdir><imgdir name="139"><int name="x" value="-450"/><int name="y" value="240"/><string name="u" value="bsc"/><int name="no" value="3"/><int name="zM" value="0"/></imgdir><imgdir name="147"><int name="x" value="-450"/><int name="y" value="360"/><string name="u" value="bsc"/><int name="no" value="4"/><int name="zM" value="0"/></imgdir><imgdir name="101"><int name="x" value="-450"/><int name="y" value="480"/><string name="u" value="enH1"/><int name="no" value="0"/><int name="zM" value="0"/></imgdir><imgdir name="148"><int name="x" value="-450"/><int name="y" value="420"/><string name="u" value="bsc"/><int name="no" value="1"/><int name="zM" value="0"/></imgdir><imgdir name="149"><int name="x" value="630"/><int name="y" value="-180"/><string name="u" value="enH1"/><int name="no" value="1"/><int name="zM" value="32"/></imgdir><imgdir name="102"><int name="x" value="630"/><int name="y" value="-180"/><string name="u" value="enH0"/><int name="no" value="0"/><int name="zM" value="32"/></imgdir><imgdir name="138"><int name="x" value="720"/><int name="y" value="-180"/><string name="u" value="edD"/><int name="no" value="0"/><int name="zM" value="32"/></imgdir><imgdir name="156"><int name="x" value="720"/><int name="y" value="-180"/><string name="u" value="edU"/><int name="no" value="0"/><int name="zM" value="32"/></imgdir><imgdir name="157"><int name="x" value="630"/><int name="y" value="-180"/><string name="u" value="edU"/><int name="no" value="0"/><int name="zM" value="32"/></imgdir><imgdir name="73"><int name="x" value="810"/><int name="y" value="240"/><string name="u" value="bsc"/><int name="no" value="1"/><int name="zM" value="0"/></imgdir><imgdir name="67"><int name="x" value="720"/><int name="y" value="240"/><string name="u" value="bsc"/><int name="no" value="3"/><int name="zM" value="0"/></imgdir><imgdir name="96"><int name="x" value="810"/><int name="y" value="240"/><string name="u" value="enH0"/><int name="no" value="1"/><int name="zM" value="0"/></imgdir><imgdir name="76"><int name="x" value="630"/><int name="y" value="240"/><string name="u" value="enH0"/><int name="no" value="1"/><int name="zM" value="0"/></imgdir><imgdir name="69"><int name="x" value="720"/><int name="y" value="240"/><string name="u" value="enH0"/><int name="no" value="1"/><int name="zM" value="0"/></imgdir><imgdir name="108"><int name="x" value="630"/><int name="y" value="240"/><string name="u" value="bsc"/><int name="no" value="1"/><int name="zM" value="0"/></imgdir><imgdir name="93"><int name="x" value="0"/><int name="y" value="300"/><string name="u" value="bsc"/><int name="no" value="2"/><int name="zM" value="0"/></imgdir><imgdir name="107"><int name="x" value="0"/><int name="y" value="300"/><string name="u" value="enH0"/><int name="no" value="0"/><int name="zM" value="0"/></imgdir><imgdir name="103"><int name="x" value="990"/><int name="y" value="300"/><string name="u" value="bsc"/><int name="no" value="1"/><int name="zM" value="0"/></imgdir><imgdir name="122"><int name="x" value="1080"/><int name="y" value="300"/><string name="u" value="bsc"/><int name="no" value="0"/><int name="zM" value="0"/></imgdir><imgdir name="0"><int name="x" value="900"/><int name="y" value="240"/><string name="u" value="bsc"/><int name="no" value="3"/><int name="zM" value="0"/></imgdir><imgdir name="16"><int name="x" value="900"/><int name="y" value="300"/><string name="u" value="bsc"/><int name="no" value="0"/><int name="zM" value="0"/></imgdir><imgdir name="12"><int name="x" value="900"/><int name="y" value="240"/><string name="u" value="enH0"/><int name="no" value="1"/><int name="zM" value="0"/></imgdir><imgdir name="113"><int name="x" value="1170"/><int name="y" value="300"/><string name="u" value="enH0"/><int name="no" value="0"/><int name="zM" value="0"/></imgdir><imgdir name="155"><int name="x" value="-180"/><int name="y" value="-60"/><string name="u" value="enH0"/><int name="no" value="0"/><int name="zM" value="24"/></imgdir><imgdir name="134"><int name="x" value="-180"/><int name="y" value="-60"/><string name="u" value="enH1"/><int name="no" value="1"/><int name="zM" value="24"/></imgdir><imgdir name="140"><int name="x" value="90"/><int name="y" value="-120"/><string name="u" value="enH1"/><int name="no" value="1"/><int name="zM" value="29"/></imgdir><imgdir name="127"><int name="x" value="90"/><int name="y" value="-120"/><string name="u" value="enH0"/><int name="no" value="1"/><int name="zM" value="29"/></imgdir><imgdir name="129"><int name="x" value="180"/><int name="y" value="-120"/><string name="u" value="edD"/><int name="no" value="0"/><int name="zM" value="29"/></imgdir><imgdir name="128"><int name="x" value="180"/><int name="y" value="-120"/><string name="u" value="edU"/><int name="no" value="1"/><int name="zM" value="29"/></imgdir><imgdir name="152"><int name="x" value="90"/><int name="y" value="-120"/><string name="u" value="edD"/><int name="no" value="0"/><int name="zM" value="29"/></imgdir><imgdir name="144"><int name="x" value="90"/><int name="y" value="-120"/><string name="u" value="edU"/><int name="no" value="1"/><int name="zM" value="29"/></imgdir><imgdir name="135"><int name="x" value="270"/><int name="y" value="-180"/><string name="u" value="enH1"/><int name="no" value="0"/><int name="zM" value="33"/></imgdir><imgdir name="125"><int name="x" value="270"/><int name="y" value="-180"/><string name="u" value="enH0"/><int name="no" value="1"/><int name="zM" value="33"/></imgdir><imgdir name="150"><int name="x" value="270"/><int name="y" value="-180"/><string name="u" value="edD"/><int name="no" value="0"/><int name="zM" value="33"/></imgdir><imgdir name="124"><int name="x" value="270"/><int name="y" value="-180"/><string name="u" value="edU"/><int name="no" value="0"/><int name="zM" value="33"/></imgdir><imgdir name="143"><int name="x" value="450"/><int name="y" value="-120"/><string name="u" value="edD"/><int name="no" value="0"/><int name="zM" value="31"/></imgdir><imgdir name="133"><int name="x" value="450"/><int name="y" value="-120"/><string name="u" value="edU"/><int name="no" value="1"/><int name="zM" value="31"/></imgdir><imgdir name="146"><int name="x" value="540"/><int name="y" value="-120"/><string name="u" value="edD"/><int name="no" value="0"/><int name="zM" value="31"/></imgdir><imgdir name="142"><int name="x" value="540"/><int name="y" value="-120"/><string name="u" value="edU"/><int name="no" value="0"/><int name="zM" value="31"/></imgdir><imgdir name="153"><int name="x" value="450"/><int name="y" value="-120"/><string name="u" value="enH0"/><int name="no" value="1"/><int name="zM" value="31"/></imgdir><imgdir name="151"><int name="x" value="450"/><int name="y" value="-120"/><string name="u" value="enH1"/><int name="no" value="0"/><int name="zM" value="31"/></imgdir><imgdir name="19"><int name="x" value="360"/><int name="y" value="-180"/><string name="u" value="edD"/><int name="no" value="0"/><int name="zM" value="33"/></imgdir><imgdir name="118"><int name="x" value="360"/><int name="y" value="-180"/><string name="u" value="edU"/><int name="no" value="0"/><int name="zM" value="33"/></imgdir><imgdir name="112"><int name="x" value="810"/><int name="y" value="-120"/><string name="u" value="enH1"/><int name="no" value="1"/><int name="zM" value="30"/></imgdir><imgdir name="75"><int name="x" value="810"/><int name="y" value="-120"/><string name="u" value="enH0"/><int name="no" value="0"/><int name="zM" value="30"/></imgdir><imgdir name="98"><int name="x" value="900"/><int name="y" value="-120"/><string name="u" value="edD"/><int name="no" value="0"/><int name="zM" value="30"/></imgdir><imgdir name="18"><int name="x" value="900"/><int name="y" value="-120"/><string name="u" value="edU"/><int name="no" value="1"/><int name="zM" value="30"/></imgdir><imgdir name="109"><int name="x" value="810"/><int name="y" value="-120"/><string name="u" value="edD"/><int name="no" value="0"/><int name="zM" value="30"/></imgdir><imgdir name="9"><int name="x" value="810"/><int name="y" value="-120"/><string name="u" value="edU"/><int name="no" value="1"/><int name="zM" value="30"/></imgdir><imgdir name="8"><int name="x" value="1170"/><int name="y" value="-180"/><string name="u" value="edD"/><int name="no" value="0"/><int name="zM" value="34"/></imgdir><imgdir name="123"><int name="x" value="1170"/><int name="y" value="-180"/><string name="u" value="edU"/><int name="no" value="0"/><int name="zM" value="34"/></imgdir><imgdir name="117"><int name="x" value="1080"/><int name="y" value="-180"/><string name="u" value="enH0"/><int name="no" value="1"/><int name="zM" value="34"/></imgdir><imgdir name="132"><int name="x" value="1080"/><int name="y" value="-180"/><string name="u" value="enH1"/><int name="no" value="0"/><int name="zM" value="34"/></imgdir><imgdir name="110"><int name="x" value="990"/><int name="y" value="-180"/><string name="u" value="edU"/><int name="no" value="1"/><int name="zM" value="34"/></imgdir><imgdir name="145"><int name="x" value="-180"/><int name="y" value="-60"/><string name="u" value="edD"/><int name="no" value="0"/><int name="zM" value="24"/></imgdir><imgdir name="11"><int name="x" value="1080"/><int name="y" value="300"/><string name="u" value="enH0"/><int name="no" value="1"/><int name="zM" value="0"/></imgdir><imgdir name="114"><int name="x" value="990"/><int name="y" value="-180"/><string name="u" value="edD"/><int name="no" value="0"/><int name="zM" value="34"/></imgdir><imgdir name="115"><int name="x" value="-180"/><int name="y" value="-60"/><string name="u" value="edU"/><int name="no" value="0"/><int name="zM" value="24"/></imgdir><imgdir name="105"><int name="x" value="990"/><int name="y" value="-180"/><string name="u" value="enH1"/><int name="no" value="0"/><int name="zM" value="34"/></imgdir><imgdir name="154"><int name="x" value="990"/><int name="y" value="-180"/><string name="u" value="enH0"/><int name="no" value="1"/><int name="zM" value="34"/></imgdir><imgdir name="119"><int name="x" value="-90"/><int name="y" value="300"/><string name="u" value="slRU"/><int name="no" value="0"/><int name="zM" value="0"/></imgdir><imgdir name="39"><int name="x" value="1170"/><int name="y" value="0"/><string name="u" value="enH1"/><int name="no" value="0"/><int name="zM" value="21"/></imgdir><imgdir name="38"><int name="x" value="1170"/><int name="y" value="0"/><string name="u" value="enH0"/><int name="no" value="0"/><int name="zM" value="21"/></imgdir><imgdir name="100"><int name="x" value="990"/><int name="y" value="300"/><string name="u" value="slRU"/><int name="no" value="0"/><int name="zM" value="0"/></imgdir><imgdir name="136"><int name="x" value="1170"/><int name="y" value="0"/><string name="u" value="edD"/><int name="no" value="0"/><int name="zM" value="21"/></imgdir><imgdir name="126"><int name="x" value="1170"/><int name="y" value="0"/><string name="u" value="edU"/><int name="no" value="1"/><int name="zM" value="21"/></imgdir><imgdir name="70"><int name="x" value="630"/><int name="y" value="300"/><string name="u" value="slLU"/><int name="no" value="0"/><int name="zM" value="0"/></imgdir><imgdir name="71"><int name="x" value="1260"/><int name="y" value="0"/><string name="u" value="edD"/><int name="no" value="0"/><int name="zM" value="21"/></imgdir><imgdir name="121"><int name="x" value="1260"/><int name="y" value="0"/><string name="u" value="edU"/><int name="no" value="1"/><int name="zM" value="21"/></imgdir><imgdir name="97"><int name="x" value="1260"/><int name="y" value="300"/><string name="u" value="bsc"/><int name="no" value="3"/><int name="zM" value="0"/></imgdir><imgdir name="141"><int name="x" value="1260"/><int name="y" value="300"/><string name="u" value="enH0"/><int name="no" value="1"/><int name="zM" value="0"/></imgdir><imgdir name="130"><int name="x" value="1260"/><int name="y" value="360"/><string name="u" value="bsc"/><int name="no" value="2"/><int name="zM" value="0"/></imgdir><imgdir name="131"><int name="x" value="1260"/><int name="y" value="420"/><string name="u" value="bsc"/><int name="no" value="4"/><int name="zM" value="0"/></imgdir><imgdir name="14"><int name="x" value="1260"/><int name="y" value="480"/><string name="u" value="enH1"/><int name="no" value="0"/><int name="zM" value="0"/></imgdir><imgdir name="137"><int name="x" value="630"/><int name="y" value="-180"/><string name="u" value="edD"/><int name="no" value="0"/><int name="zM" value="32"/></imgdir><imgdir name="158"><int name="x" value="0"/><int name="y" value="-60"/><string name="u" value="edU"/><int name="no" value="1"/><int name="zM" value="24"/></imgdir><imgdir name="159"><int name="x" value="0"/><int name="y" value="-60"/><string name="u" value="edD"/><int name="no" value="0"/><int name="zM" value="24"/></imgdir><imgdir name="120"><int name="x" value="-90"/><int name="y" value="-60"/><string name="u" value="enH1"/><int name="no" value="1"/><int name="zM" value="24"/></imgdir><imgdir name="10"><int name="x" value="-90"/><int name="y" value="-60"/><string name="u" value="enH0"/><int name="no" value="1"/><int name="zM" value="24"/></imgdir></imgdir><imgdir name="obj"><imgdir name="0"><string name="oS" value="acc1"/><string name="l0" value="grassySoil"/><string name="l1" value="nature"/><string name="l2" value="9"/><int name="x" value="-49"/><int name="y" value="209"/><int name="z" value="3"/><int name="f" value="0"/><int name="zM" value="0"/></imgdir><imgdir name="1"><string name="oS" value="acc1"/><string name="l0" value="grassySoil"/><string name="l1" value="nature"/><string name="l2" value="9"/><int name="x" value="-14"/><int name="y" value="229"/><int name="z" value="4"/><int name="f" value="0"/><int name="zM" value="0"/></imgdir><imgdir name="2"><string name="oS" value="acc1"/><string name="l0" value="grassySoil"/><string name="l1" value="nature"/><string name="l2" value="9"/><int name="x" value="56"/><int name="y" value="241"/><int name="z" value="3"/><int name="f" value="0"/><int name="zM" value="0"/></imgdir><imgdir name="3"><string name="oS" value="acc1"/><string name="l0" value="grassySoil"/><string name="l1" value="nature"/><string name="l2" value="9"/><int name="x" value="101"/><int name="y" value="239"/><int name="z" value="3"/><int name="f" value="0"/><int name="zM" value="0"/></imgdir><imgdir name="4"><string name="oS" value="acc1"/><string name="l0" value="grassySoil"/><string name="l1" value="nature"/><string name="l2" value="9"/><int name="x" value="120"/><int name="y" value="238"/><int name="z" value="2"/><int name="f" value="0"/><int name="zM" value="0"/></imgdir><imgdir name="5"><string name="oS" value="acc1"/><string name="l0" value="grassySoil"/><string name="l1" value="nature"/><string name="l2" value="9"/><int name="x" value="140"/><int name="y" value="238"/><int name="z" value="3"/><int name="f" value="0"/><int name="zM" value="0"/></imgdir><imgdir name="6"><string name="oS" value="acc1"/><string name="l0" value="grassySoil"/><string name="l1" value="nature"/><string name="l2" value="9"/><int name="x" value="182"/><int name="y" value="238"/><int name="z" value="2"/><int name="f" value="0"/><int name="zM" value="0"/></imgdir><imgdir name="7"><string name="oS" value="acc1"/><string name="l0" value="grassySoil"/><string name="l1" value="nature"/><string name="l2" value="9"/><int name="x" value="260"/><int name="y" value="241"/><int name="z" value="3"/><int name="f" value="0"/><int name="zM" value="0"/></imgdir><imgdir name="8"><string name="oS" value="acc1"/><string name="l0" value="grassySoil"/><string name="l1" value="nature"/><string name="l2" value="9"/><int name="x" value="329"/><int name="y" value="241"/><int name="z" value="3"/><int name="f" value="0"/><int name="zM" value="0"/></imgdir><imgdir name="9"><string name="oS" value="acc1"/><string name="l0" value="grassySoil"/><string name="l1" value="nature"/><string name="l2" value="9"/><int name="x" value="380"/><int name="y" value="240"/><int name="z" value="4"/><int name="f" value="0"/><int name="zM" value="0"/></imgdir><imgdir name="10"><string name="oS" value="acc1"/><string name="l0" value="grassySoil"/><string name="l1" value="nature"/><string name="l2" value="9"/><int name="x" value="405"/><int name="y" value="240"/><int name="z" value="3"/><int name="f" value="0"/><int name="zM" value="0"/></imgdir><imgdir name="11"><string name="oS" value="acc1"/><string name="l0" value="grassySoil"/><string name="l1" value="nature"/><string name="l2" value="9"/><int name="x" value="433"/><int name="y" value="240"/><int name="z" value="4"/><int name="f" value="0"/><int name="zM" value="0"/></imgdir><imgdir name="12"><string name="oS" value="acc1"/><string name="l0" value="grassySoil"/><string name="l1" value="nature"/><string name="l2" value="9"/><int name="x" value="460"/><int name="y" value="241"/><int name="z" value="3"/><int name="f" value="0"/><int name="zM" value="0"/></imgdir><imgdir name="13"><string name="oS" value="acc1"/><string name="l0" value="grassySoil"/><string name="l1" value="nature"/><string name="l2" value="9"/><int name="x" value="514"/><int name="y" value="239"/><int name="z" value="3"/><int name="f" value="0"/><int name="zM" value="0"/></imgdir><imgdir name="14"><string name="oS" value="acc1"/><string name="l0" value="grassySoil"/><string name="l1" value="nature"/><string name="l2" value="9"/><int name="x" value="670"/><int name="y" value="183"/><int name="z" value="3"/><int name="f" value="0"/><int name="zM" value="0"/></imgdir><imgdir name="15"><string name="oS" value="acc1"/><string name="l0" value="grassySoil"/><string name="l1" value="nature"/><string name="l2" value="9"/><int name="x" value="707"/><int name="y" value="180"/><int name="z" value="2"/><int name="f" value="0"/><int name="zM" value="0"/></imgdir><imgdir name="16"><string name="oS" value="acc1"/><string name="l0" value="grassySoil"/><string name="l1" value="nature"/><string name="l2" value="9"/><int name="x" value="778"/><int name="y" value="181"/><int name="z" value="3"/><int name="f" value="0"/><int name="zM" value="0"/></imgdir><imgdir name="17"><string name="oS" value="acc1"/><string name="l0" value="grassySoil"/><string name="l1" value="nature"/><string name="l2" value="9"/><int name="x" value="814"/><int name="y" value="180"/><int name="z" value="4"/><int name="f" value="0"/><int name="zM" value="0"/></imgdir><imgdir name="18"><string name="oS" value="acc1"/><string name="l0" value="grassySoil"/><string name="l1" value="nature"/><string name="l2" value="9"/><int name="x" value="850"/><int name="y" value="180"/><int name="z" value="3"/><int name="f" value="0"/><int name="zM" value="0"/></imgdir><imgdir name="23"><string name="oS" value="acc1"/><string name="l0" value="grassySoil"/><string name="l1" value="nature"/><string name="l2" value="9"/><int name="x" value="945"/><int name="y" value="181"/><int name="z" value="3"/><int name="f" value="0"/><int name="zM" value="0"/></imgdir><imgdir name="24"><string name="oS" value="acc1"/><string name="l0" value="grassySoil"/><string name="l1" value="nature"/><string name="l2" value="9"/><int name="x" value="970"/><int name="y" value="180"/><int name="z" value="4"/><int name="f" value="0"/><int name="zM" value="0"/></imgdir><imgdir name="26"><string name="oS" value="acc1"/><string name="l0" value="midForest"/><string name="l1" value="nature"/><string name="l2" value="4"/><int name="x" value="-325"/><int name="y" value="57"/><int name="z" value="3"/><int name="f" value="0"/><int name="zM" value="0"/></imgdir><imgdir name="27"><string name="oS" value="acc1"/><string name="l0" value="midForest"/><string name="l1" value="nature"/><string name="l2" value="4"/><int name="x" value="-188"/><int name="y" value="69"/><int name="z" value="0"/><int name="f" value="0"/><int name="zM" value="0"/></imgdir><imgdir name="28"><string name="oS" value="acc1"/><string name="l0" value="grassySoil"/><string name="l1" value="nature"/><string name="l2" value="9"/><int name="x" value="1033"/><int name="y" value="210"/><int name="z" value="3"/><int name="f" value="0"/><int name="zM" value="7"/></imgdir><imgdir name="29"><string name="oS" value="acc1"/><string name="l0" value="grassySoil"/><string name="l1" value="nature"/><string name="l2" value="9"/><int name="x" value="1057"/><int name="y" value="227"/><int name="z" value="4"/><int name="f" value="0"/><int name="zM" value="7"/></imgdir><imgdir name="30"><string name="oS" value="acc1"/><string name="l0" value="grassySoil"/><string name="l1" value="nature"/><string name="l2" value="9"/><int name="x" value="1092"/><int name="y" value="243"/><int name="z" value="3"/><int name="f" value="0"/><int name="zM" value="7"/></imgdir><imgdir name="31"><string name="oS" value="acc1"/><string name="l0" value="grassySoil"/><string name="l1" value="nature"/><string name="l2" value="9"/><int name="x" value="1160"/><int name="y" value="241"/><int name="z" value="3"/><int name="f" value="0"/><int name="zM" value="0"/></imgdir><imgdir name="21"><string name="oS" value="acc1"/><string name="l0" value="grassySoil"/><string name="l1" value="nature"/><string name="l2" value="9"/><int name="x" value="1057"/><int name="y" value="-239"/><int name="z" value="3"/><int name="f" value="0"/><int name="zM" value="34"/></imgdir><imgdir name="19"><string name="oS" value="acc1"/><string name="l0" value="grassySoil"/><string name="l1" value="nature"/><string name="l2" value="9"/><int name="x" value="1249"/><int name="y" value="240"/><int name="z" value="3"/><int name="f" value="0"/><int name="zM" value="0"/></imgdir><imgdir name="22"><string name="oS" value="acc1"/><string name="l0" value="grassySoil"/><string name="l1" value="nature"/><string name="l2" value="9"/><int name="x" value="1190"/><int name="y" value="240"/><int name="z" value="4"/><int name="f" value="0"/><int name="zM" value="0"/></imgdir><imgdir name="32"><string name="oS" value="acc1"/><string name="l0" value="grassySoil"/><string name="l1" value="nature"/><string name="l2" value="9"/><int name="x" value="872"/><int name="y" value="179"/><int name="z" value="3"/><int name="f" value="0"/><int name="zM" value="0"/></imgdir><imgdir name="25"><string name="oS" value="acc1"/><string name="l0" value="grassySoil"/><string name="l1" value="nature"/><string name="l2" value="9"/><int name="x" value="944"/><int name="y" value="178"/><int name="z" value="3"/><int name="f" value="0"/><int name="zM" value="0"/></imgdir><imgdir name="20"><string name="oS" value="acc1"/><string name="l0" value="grassySoil"/><string name="l1" value="nature"/><string name="l2" value="9"/><int name="x" value="908"/><int name="y" value="178"/><int name="z" value="4"/><int name="f" value="0"/><int name="zM" value="0"/></imgdir></imgdir></imgdir><imgdir name="2"><imgdir name="info"></imgdir><imgdir name="tile"></imgdir><imgdir name="obj"><imgdir name="0"><string name="oS" value="connect"/><string name="l0" value="rope"/><string name="l1" value="3"/><string name="l2" value="0"/><int name="x" value="-104"/><int name="y" value="-65"/><int name="z" value="3"/><int name="f" value="0"/><int name="zM" value="27"/></imgdir><imgdir name="1"><string name="oS" value="connect"/><string name="l0" value="rope"/><string name="l1" value="3"/><string name="l2" value="3"/><int name="x" value="-106"/><int name="y" value="-24"/><int name="z" value="3"/><int name="f" value="0"/><int name="zM" value="20"/></imgdir><imgdir name="4"><string name="oS" value="connect"/><string name="l0" value="rope"/><string name="l1" value="3"/><string name="l2" value="0"/><int name="x" value="1207"/><int name="y" value="-4"/><int name="z" value="3"/><int name="f" value="0"/><int name="zM" value="22"/></imgdir><imgdir name="5"><string name="oS" value="connect"/><string name="l0" value="rope"/><string name="l1" value="3"/><string name="l2" value="3"/><int name="x" value="1205"/><int name="y" value="37"/><int name="z" value="3"/><int name="f" value="0"/><int name="zM" value="18"/></imgdir><imgdir name="7"><string name="oS" value="connect"/><string name="l0" value="rope"/><string name="l1" value="3"/><string name="l2" value="1"/><int name="x" value="1208"/><int name="y" value="186"/><int name="z" value="3"/><int name="f" value="0"/><int name="zM" value="16"/></imgdir><imgdir name="8"><string name="oS" value="connect"/><string name="l0" value="rope"/><string name="l1" value="3"/><string name="l2" value="2"/><int name="x" value="1208"/><int name="y" value="216"/><int name="z" value="3"/><int name="f" value="0"/><int name="zM" value="10"/></imgdir><imgdir name="14"><string name="oS" value="connect"/><string name="l0" value="rope"/><string name="l1" value="3"/><string name="l2" value="0"/><int name="x" value="310"/><int name="y" value="-184"/><int name="z" value="3"/><int name="f" value="0"/><int name="zM" value="36"/></imgdir><imgdir name="15"><string name="oS" value="connect"/><string name="l0" value="rope"/><string name="l1" value="3"/><string name="l2" value="3"/><int name="x" value="308"/><int name="y" value="-143"/><int name="z" value="3"/><int name="f" value="0"/><int name="zM" value="26"/></imgdir><imgdir name="16"><string name="oS" value="connect"/><string name="l0" value="rope"/><string name="l1" value="3"/><string name="l2" value="3"/><int name="x" value="308"/><int name="y" value="-23"/><int name="z" value="3"/><int name="f" value="0"/><int name="zM" value="19"/></imgdir><imgdir name="17"><string name="oS" value="connect"/><string name="l0" value="rope"/><string name="l1" value="3"/><string name="l2" value="3"/><int name="x" value="308"/><int name="y" value="97"/><int name="z" value="3"/><int name="f" value="0"/><int name="zM" value="15"/></imgdir><imgdir name="18"><string name="oS" value="connect"/><string name="l0" value="rope"/><string name="l1" value="3"/><string name="l2" value="2"/><int name="x" value="311"/><int name="y" value="217"/><int name="z" value="3"/><int name="f" value="0"/><int name="zM" value="9"/></imgdir><imgdir name="13"><string name="oS" value="connect"/><string name="l0" value="rope"/><string name="l1" value="3"/><string name="l2" value="2"/><int name="x" value="666"/><int name="y" value="180"/><int name="z" value="9"/><int name="f" value="0"/><int name="zM" value="14"/></imgdir><imgdir name="11"><string name="oS" value="connect"/><string name="l0" value="rope"/><string name="l1" value="3"/><string name="l2" value="3"/><int name="x" value="663"/><int name="y" value="60"/><int name="z" value="9"/><int name="f" value="0"/><int name="zM" value="17"/></imgdir><imgdir name="10"><string name="oS" value="connect"/><string name="l0" value="rope"/><string name="l1" value="3"/><string name="l2" value="3"/><int name="x" value="663"/><int name="y" value="-27"/><int name="z" value="9"/><int name="f" value="0"/><int name="zM" value="17"/></imgdir><imgdir name="9"><string name="oS" value="connect"/><string name="l0" value="rope"/><string name="l1" value="3"/><string name="l2" value="3"/><int name="x" value="663"/><int name="y" value="-147"/><int name="z" value="9"/><int name="f" value="0"/><int name="zM" value="28"/></imgdir><imgdir name="12"><string name="oS" value="connect"/><string name="l0" value="rope"/><string name="l1" value="3"/><string name="l2" value="0"/><int name="x" value="665"/><int name="y" value="-188"/><int name="z" value="9"/><int name="f" value="0"/><int name="zM" value="37"/></imgdir><imgdir name="6"><string name="oS" value="connect"/><string name="l0" value="rope"/><string name="l1" value="3"/><string name="l2" value="2"/><int name="x" value="-103"/><int name="y" value="190"/><int name="z" value="10"/><int name="f" value="0"/><int name="zM" value="13"/></imgdir><imgdir name="21"><string name="oS" value="connect"/><string name="l0" value="rope"/><string name="l1" value="3"/><string name="l2" value="2"/><int name="x" value="1110"/><int name="y" value="-22"/><int name="z" value="3"/><int name="f" value="0"/><int name="zM" value="23"/></imgdir><imgdir name="20"><string name="oS" value="connect"/><string name="l0" value="rope"/><string name="l1" value="3"/><string name="l2" value="3"/><int name="x" value="1107"/><int name="y" value="-142"/><int name="z" value="3"/><int name="f" value="0"/><int name="zM" value="25"/></imgdir><imgdir name="19"><string name="oS" value="connect"/><string name="l0" value="rope"/><string name="l1" value="3"/><string name="l2" value="0"/><int name="x" value="1109"/><int name="y" value="-183"/><int name="z" value="3"/><int name="f" value="0"/><int name="zM" value="35"/></imgdir><imgdir name="3"><string name="oS" value="connect"/><string name="l0" value="rope"/><string name="l1" value="3"/><string name="l2" value="1"/><int name="x" value="1208"/><int name="y" value="157"/><int name="z" value="3"/><int name="f" value="0"/><int name="zM" value="16"/></imgdir><imgdir name="2"><string name="oS" value="connect"/><string name="l0" value="rope"/><string name="l1" value="3"/><string name="l2" value="3"/><int name="x" value="-106"/><int name="y" value="96"/><int name="z" value="9"/><int name="f" value="0"/><int name="zM" value="13"/></imgdir></imgdir></imgdir><imgdir name="3"><imgdir name="info"></imgdir><imgdir name="tile"></imgdir><imgdir name="obj"><imgdir name="0"><string name="oS" value="acc1"/><string name="l0" value="grassySoil"/><string name="l1" value="nature"/><string name="l2" value="9"/><int name="x" value="115"/><int name="y" value="246"/><int name="z" value="3"/><int name="f" value="0"/><int name="zM" value="1"/></imgdir><imgdir name="1"><string name="oS" value="acc1"/><string name="l0" value="grassySoil"/><string name="l1" value="nature"/><string name="l2" value="9"/><int name="x" value="166"/><int name="y" value="246"/><int name="z" value="3"/><int name="f" value="0"/><int name="zM" value="1"/></imgdir><imgdir name="2"><string name="oS" value="acc1"/><string name="l0" value="grassySoil"/><string name="l1" value="nature"/><string name="l2" value="9"/><int name="x" value="217"/><int name="y" value="246"/><int name="z" value="4"/><int name="f" value="0"/><int name="zM" value="1"/></imgdir><imgdir name="3"><string name="oS" value="acc1"/><string name="l0" value="grassySoil"/><string name="l1" value="nature"/><string name="l2" value="9"/><int name="x" value="303"/><int name="y" value="245"/><int name="z" value="3"/><int name="f" value="0"/><int name="zM" value="3"/></imgdir><imgdir name="4"><string name="oS" value="acc1"/><string name="l0" value="grassySoil"/><string name="l1" value="nature"/><string name="l2" value="9"/><int name="x" value="383"/><int name="y" value="246"/><int name="z" value="3"/><int name="f" value="0"/><int name="zM" value="2"/></imgdir><imgdir name="6"><string name="oS" value="acc1"/><string name="l0" value="grassySoil"/><string name="l1" value="nature"/><string name="l2" value="9"/><int name="x" value="532"/><int name="y" value="243"/><int name="z" value="4"/><int name="f" value="0"/><int name="zM" value="5"/></imgdir><imgdir name="7"><string name="oS" value="acc1"/><string name="l0" value="grassySoil"/><string name="l1" value="nature"/><string name="l2" value="9"/><int name="x" value="554"/><int name="y" value="231"/><int name="z" value="3"/><int name="f" value="0"/><int name="zM" value="5"/></imgdir><imgdir name="9"><string name="oS" value="acc1"/><string name="l0" value="grassySoil"/><string name="l1" value="nature"/><string name="l2" value="9"/><int name="x" value="264"/><int name="y" value="246"/><int name="z" value="2"/><int name="f" value="0"/><int name="zM" value="1"/></imgdir><imgdir name="10"><string name="oS" value="acc1"/><string name="l0" value="grassySoil"/><string name="l1" value="nature"/><string name="l2" value="9"/><int name="x" value="333"/><int name="y" value="244"/><int name="z" value="3"/><int name="f" value="0"/><int name="zM" value="3"/></imgdir><imgdir name="11"><string name="oS" value="acc1"/><string name="l0" value="grassySoil"/><string name="l1" value="nature"/><string name="l2" value="9"/><int name="x" value="463"/><int name="y" value="244"/><int name="z" value="3"/><int name="f" value="0"/><int name="zM" value="6"/></imgdir><imgdir name="12"><string name="oS" value="acc1"/><string name="l0" value="grassySoil"/><string name="l1" value="nature"/><string name="l2" value="9"/><int name="x" value="492"/><int name="y" value="245"/><int name="z" value="2"/><int name="f" value="0"/><int name="zM" value="5"/></imgdir><imgdir name="8"><string name="oS" value="acc1"/><string name="l0" value="grassySoil"/><string name="l1" value="nature"/><string name="l2" value="9"/><int name="x" value="841"/><int name="y" value="177"/><int name="z" value="3"/><int name="f" value="0"/><int name="zM" value="12"/></imgdir><imgdir name="5"><string name="oS" value="acc1"/><string name="l0" value="grassySoil"/><string name="l1" value="nature"/><string name="l2" value="9"/><int name="x" value="1221"/><int name="y" value="245"/><int name="z" value="3"/><int name="f" value="0"/><int name="zM" value="4"/></imgdir><imgdir name="13"><string name="oS" value="acc1"/><string name="l0" value="grassySoil"/><string name="l1" value="nature"/><string name="l2" value="9"/><int name="x" value="1120"/><int name="y" value="239"/><int name="z" value="3"/><int name="f" value="0"/><int name="zM" value="8"/></imgdir><imgdir name="14"><string name="oS" value="acc1"/><string name="l0" value="grassySoil"/><string name="l1" value="nature"/><string name="l2" value="9"/><int name="x" value="763"/><int name="y" value="187"/><int name="z" value="3"/><int name="f" value="0"/><int name="zM" value="11"/></imgdir></imgdir></imgdir><imgdir name="4"><imgdir name="info"></imgdir><imgdir name="tile"></imgdir><imgdir name="obj"></imgdir></imgdir><imgdir name="5"><imgdir name="info"></imgdir><imgdir name="tile"></imgdir><imgdir name="obj"></imgdir></imgdir><imgdir name="6"><imgdir name="info"></imgdir><imgdir name="tile"></imgdir><imgdir name="obj"></imgdir></imgdir><imgdir name="7"><imgdir name="info"></imgdir><imgdir name="tile"></imgdir><imgdir name="obj"></imgdir></imgdir><imgdir name="reactor"></imgdir><imgdir name="foothold"><imgdir name="1"><imgdir name="0"><imgdir name="1"><int name="x1" value="-360"/><int name="y1" value="215"/><int name="x2" value="-270"/><int name="y2" value="215"/><int name="prev" value="17"/><int name="next" value="2"/></imgdir><imgdir name="2"><int name="x1" value="-270"/><int name="y1" value="215"/><int name="x2" value="-180"/><int name="y2" value="215"/><int name="prev" value="1"/><int name="next" value="3"/></imgdir><imgdir name="3"><int name="x1" value="-180"/><int name="y1" value="215"/><int name="x2" value="-90"/><int name="y2" value="215"/><int name="prev" value="2"/><int name="next" value="19"/></imgdir><imgdir name="4"><int name="x1" value="1080"/><int name="y1" value="275"/><int name="x2" value="1170"/><int name="y2" value="275"/><int name="prev" value="15"/><int name="next" value="18"/></imgdir><imgdir name="5"><int name="x1" value="900"/><int name="y1" value="215"/><int name="x2" value="990"/><int name="y2" value="215"/><int name="prev" value="14"/><int name="next" value="15"/></imgdir><imgdir name="6"><int name="x1" value="90"/><int name="y1" value="275"/><int name="x2" value="180"/><int name="y2" value="275"/><int name="prev" value="16"/><int name="next" value="8"/></imgdir><imgdir name="7"><int name="x1" value="450"/><int name="y1" value="275"/><int name="x2" value="540"/><int name="y2" value="275"/><int name="prev" value="10"/><int name="next" value="12"/></imgdir><imgdir name="8"><int name="x1" value="180"/><int name="y1" value="275"/><int name="x2" value="270"/><int name="y2" value="275"/><int name="prev" value="6"/><int name="next" value="9"/></imgdir><imgdir name="9"><int name="x1" value="270"/><int name="y1" value="275"/><int name="x2" value="360"/><int name="y2" value="275"/><int name="prev" value="8"/><int name="next" value="10"/></imgdir><imgdir name="10"><int name="x1" value="360"/><int name="y1" value="275"/><int name="x2" value="450"/><int name="y2" value="275"/><int name="prev" value="9"/><int name="next" value="7"/></imgdir><imgdir name="11"><int name="x1" value="720"/><int name="y1" value="215"/><int name="x2" value="810"/><int name="y2" value="215"/><int name="prev" value="13"/><int name="next" value="14"/></imgdir><imgdir name="12"><int name="x1" value="540"/><int name="y1" value="275"/><int name="x2" value="630"/><int name="y2" value="215"/><int name="prev" value="7"/><int name="next" value="13"/></imgdir><imgdir name="13"><int name="x1" value="630"/><int name="y1" value="215"/><int name="x2" value="720"/><int name="y2" value="215"/><int name="prev" value="12"/><int name="next" value="11"/></imgdir><imgdir name="14"><int name="x1" value="810"/><int name="y1" value="215"/><int name="x2" value="900"/><int name="y2" value="215"/><int name="prev" value="11"/><int name="next" value="5"/></imgdir><imgdir name="15"><int name="x1" value="990"/><int name="y1" value="215"/><int name="x2" value="1080"/><int name="y2" value="275"/><int name="prev" value="5"/><int name="next" value="4"/></imgdir><imgdir name="16"><int name="x1" value="0"/><int name="y1" value="275"/><int name="x2" value="90"/><int name="y2" value="275"/><int name="prev" value="19"/><int name="next" value="6"/></imgdir><imgdir name="17"><int name="x1" value="-450"/><int name="y1" value="215"/><int name="x2" value="-360"/><int name="y2" value="215"/><int name="prev" value="0"/><int name="next" value="1"/></imgdir><imgdir name="18"><int name="x1" value="1170"/><int name="y1" value="275"/><int name="x2" value="1260"/><int name="y2" value="275"/><int name="prev" value="4"/><int name="next" value="20"/></imgdir><imgdir name="19"><int name="x1" value="-90"/><int name="y1" value="215"/><int name="x2" value="0"/><int name="y2" value="275"/><int name="prev" value="3"/><int name="next" value="16"/></imgdir><imgdir name="20"><int name="x1" value="1260"/><int name="y1" value="275"/><int name="x2" value="1350"/><int name="y2" value="275"/><int name="prev" value="18"/><int name="next" value="0"/></imgdir></imgdir><imgdir name="30"><imgdir name="21"><int name="x1" value="771"/><int name="y1" value="-120"/><int name="x2" value="771"/><int name="y2" value="-145"/><int name="prev" value="0"/><int name="next" value="22"/></imgdir><imgdir name="22"><int name="x1" value="771"/><int name="y1" value="-145"/><int name="x2" value="849"/><int name="y2" value="-145"/><int name="prev" value="21"/><int name="next" value="25"/></imgdir><imgdir name="23"><int name="x1" value="861"/><int name="y1" value="-145"/><int name="x2" value="939"/><int name="y2" value="-145"/><int name="prev" value="25"/><int name="next" value="24"/></imgdir><imgdir name="24"><int name="x1" value="939"/><int name="y1" value="-145"/><int name="x2" value="939"/><int name="y2" value="-120"/><int name="prev" value="23"/><int name="next" value="0"/></imgdir><imgdir name="25"><int name="x1" value="849"/><int name="y1" value="-145"/><int name="x2" value="861"/><int name="y2" value="-145"/><int name="prev" value="22"/><int name="next" value="23"/></imgdir></imgdir><imgdir name="24"><imgdir name="26"><int name="x1" value="-90"/><int name="y1" value="-85"/><int name="x2" value="-39"/><int name="y2" value="-85"/><int name="prev" value="29"/><int name="next" value="30"/></imgdir><imgdir name="27"><int name="x1" value="-219"/><int name="y1" value="-60"/><int name="x2" value="-219"/><int name="y2" value="-85"/><int name="prev" value="0"/><int name="next" value="28"/></imgdir><imgdir name="28"><int name="x1" value="-219"/><int name="y1" value="-85"/><int name="x2" value="-141"/><int name="y2" value="-85"/><int name="prev" value="27"/><int name="next" value="29"/></imgdir><imgdir name="29"><int name="x1" value="-141"/><int name="y1" value="-85"/><int name="x2" value="-90"/><int name="y2" value="-85"/><int name="prev" value="28"/><int name="next" value="26"/></imgdir><imgdir name="30"><int name="x1" value="-39"/><int name="y1" value="-85"/><int name="x2" value="0"/><int name="y2" value="-85"/><int name="prev" value="26"/><int name="next" value="31"/></imgdir><imgdir name="31"><int name="x1" value="0"/><int name="y1" value="-85"/><int name="x2" value="39"/><int name="y2" value="-85"/><int name="prev" value="30"/><int name="next" value="32"/></imgdir><imgdir name="32"><int name="x1" value="39"/><int name="y1" value="-85"/><int name="x2" value="39"/><int name="y2" value="-60"/><int name="prev" value="31"/><int name="next" value="0"/></imgdir></imgdir><imgdir name="21"><imgdir name="33"><int name="x1" value="1170"/><int name="y1" value="-25"/><int name="x2" value="1209"/><int name="y2" value="-25"/><int name="prev" value="38"/><int name="next" value="39"/></imgdir><imgdir name="34"><int name="x1" value="1221"/><int name="y1" value="-25"/><int name="x2" value="1260"/><int name="y2" value="-25"/><int name="prev" value="39"/><int name="next" value="35"/></imgdir><imgdir name="35"><int name="x1" value="1260"/><int name="y1" value="-25"/><int name="x2" value="1299"/><int name="y2" value="-25"/><int name="prev" value="34"/><int name="next" value="36"/></imgdir><imgdir name="36"><int name="x1" value="1299"/><int name="y1" value="-25"/><int name="x2" value="1299"/><int name="y2" value="0"/><int name="prev" value="35"/><int name="next" value="0"/></imgdir><imgdir name="37"><int name="x1" value="1131"/><int name="y1" value="0"/><int name="x2" value="1131"/><int name="y2" value="-25"/><int name="prev" value="0"/><int name="next" value="38"/></imgdir><imgdir name="38"><int name="x1" value="1131"/><int name="y1" value="-25"/><int name="x2" value="1170"/><int name="y2" value="-25"/><int name="prev" value="37"/><int name="next" value="33"/></imgdir><imgdir name="39"><int name="x1" value="1209"/><int name="y1" value="-25"/><int name="x2" value="1221"/><int name="y2" value="-25"/><int name="prev" value="33"/><int name="next" value="34"/></imgdir></imgdir><imgdir name="32"><imgdir name="40"><int name="x1" value="630"/><int name="y1" value="-205"/><int name="x2" value="669"/><int name="y2" value="-205"/><int name="prev" value="45"/><int name="next" value="46"/></imgdir><imgdir name="41"><int name="x1" value="681"/><int name="y1" value="-205"/><int name="x2" value="720"/><int name="y2" value="-205"/><int name="prev" value="46"/><int name="next" value="42"/></imgdir><imgdir name="42"><int name="x1" value="720"/><int name="y1" value="-205"/><int name="x2" value="759"/><int name="y2" value="-205"/><int name="prev" value="41"/><int name="next" value="43"/></imgdir><imgdir name="43"><int name="x1" value="759"/><int name="y1" value="-205"/><int name="x2" value="759"/><int name="y2" value="-180"/><int name="prev" value="42"/><int name="next" value="0"/></imgdir><imgdir name="44"><int name="x1" value="591"/><int name="y1" value="-180"/><int name="x2" value="591"/><int name="y2" value="-205"/><int name="prev" value="0"/><int name="next" value="45"/></imgdir><imgdir name="45"><int name="x1" value="591"/><int name="y1" value="-205"/><int name="x2" value="630"/><int name="y2" value="-205"/><int name="prev" value="44"/><int name="next" value="40"/></imgdir><imgdir name="46"><int name="x1" value="669"/><int name="y1" value="-205"/><int name="x2" value="681"/><int name="y2" value="-205"/><int name="prev" value="40"/><int name="next" value="41"/></imgdir></imgdir><imgdir name="34"><imgdir name="47"><int name="x1" value="951"/><int name="y1" value="-180"/><int name="x2" value="951"/><int name="y2" value="-205"/><int name="prev" value="0"/><int name="next" value="48"/></imgdir><imgdir name="48"><int name="x1" value="951"/><int name="y1" value="-205"/><int name="x2" value="1029"/><int name="y2" value="-205"/><int name="prev" value="47"/><int name="next" value="53"/></imgdir><imgdir name="49"><int name="x1" value="1080"/><int name="y1" value="-205"/><int name="x2" value="1131"/><int name="y2" value="-205"/><int name="prev" value="53"/><int name="next" value="50"/></imgdir><imgdir name="50"><int name="x1" value="1131"/><int name="y1" value="-205"/><int name="x2" value="1170"/><int name="y2" value="-205"/><int name="prev" value="49"/><int name="next" value="51"/></imgdir><imgdir name="51"><int name="x1" value="1170"/><int name="y1" value="-205"/><int name="x2" value="1209"/><int name="y2" value="-205"/><int name="prev" value="50"/><int name="next" value="52"/></imgdir><imgdir name="52"><int name="x1" value="1209"/><int name="y1" value="-205"/><int name="x2" value="1209"/><int name="y2" value="-180"/><int name="prev" value="51"/><int name="next" value="0"/></imgdir><imgdir name="53"><int name="x1" value="1029"/><int name="y1" value="-205"/><int name="x2" value="1080"/><int name="y2" value="-205"/><int name="prev" value="48"/><int name="next" value="49"/></imgdir></imgdir><imgdir name="33"><imgdir name="54"><int name="x1" value="321"/><int name="y1" value="-205"/><int name="x2" value="399"/><int name="y2" value="-205"/><int name="prev" value="58"/><int name="next" value="55"/></imgdir><imgdir name="55"><int name="x1" value="399"/><int name="y1" value="-205"/><int name="x2" value="399"/><int name="y2" value="-180"/><int name="prev" value="54"/><int name="next" value="0"/></imgdir><imgdir name="56"><int name="x1" value="231"/><int name="y1" value="-180"/><int name="x2" value="231"/><int name="y2" value="-205"/><int name="prev" value="0"/><int name="next" value="57"/></imgdir><imgdir name="57"><int name="x1" value="231"/><int name="y1" value="-205"/><int name="x2" value="309"/><int name="y2" value="-205"/><int name="prev" value="56"/><int name="next" value="58"/></imgdir><imgdir name="58"><int name="x1" value="309"/><int name="y1" value="-205"/><int name="x2" value="321"/><int name="y2" value="-205"/><int name="prev" value="57"/><int name="next" value="54"/></imgdir></imgdir><imgdir name="29"><imgdir name="59"><int name="x1" value="90"/><int name="y1" value="-145"/><int name="x2" value="129"/><int name="y2" value="-145"/><int name="prev" value="64"/><int name="next" value="65"/></imgdir><imgdir name="60"><int name="x1" value="141"/><int name="y1" value="-145"/><int name="x2" value="180"/><int name="y2" value="-145"/><int name="prev" value="65"/><int name="next" value="61"/></imgdir><imgdir name="61"><int name="x1" value="180"/><int name="y1" value="-145"/><int name="x2" value="219"/><int name="y2" value="-145"/><int name="prev" value="60"/><int name="next" value="62"/></imgdir><imgdir name="62"><int name="x1" value="219"/><int name="y1" value="-145"/><int name="x2" value="219"/><int name="y2" value="-120"/><int name="prev" value="61"/><int name="next" value="0"/></imgdir><imgdir name="63"><int name="x1" value="51"/><int name="y1" value="-120"/><int name="x2" value="51"/><int name="y2" value="-145"/><int name="prev" value="0"/><int name="next" value="64"/></imgdir><imgdir name="64"><int name="x1" value="51"/><int name="y1" value="-145"/><int name="x2" value="90"/><int name="y2" value="-145"/><int name="prev" value="63"/><int name="next" value="59"/></imgdir><imgdir name="65"><int name="x1" value="129"/><int name="y1" value="-145"/><int name="x2" value="141"/><int name="y2" value="-145"/><int name="prev" value="59"/><int name="next" value="60"/></imgdir></imgdir><imgdir name="31"><imgdir name="66"><int name="x1" value="411"/><int name="y1" value="-120"/><int name="x2" value="411"/><int name="y2" value="-145"/><int name="prev" value="0"/><int name="next" value="67"/></imgdir><imgdir name="67"><int name="x1" value="411"/><int name="y1" value="-145"/><int name="x2" value="489"/><int name="y2" value="-145"/><int name="prev" value="66"/><int name="next" value="70"/></imgdir><imgdir name="68"><int name="x1" value="501"/><int name="y1" value="-145"/><int name="x2" value="579"/><int name="y2" value="-145"/><int name="prev" value="70"/><int name="next" value="69"/></imgdir><imgdir name="69"><int name="x1" value="579"/><int name="y1" value="-145"/><int name="x2" value="579"/><int name="y2" value="-120"/><int name="prev" value="68"/><int name="next" value="0"/></imgdir><imgdir name="70"><int name="x1" value="489"/><int name="y1" value="-145"/><int name="x2" value="501"/><int name="y2" value="-145"/><int name="prev" value="67"/><int name="next" value="68"/></imgdir></imgdir></imgdir></imgdir><imgdir name="ladderRope"><imgdir name="1"><int name="l" value="0"/><int name="uf" value="1"/><int name="x" value="-93"/><int name="y1" value="-83"/><int name="y2" value="213"/><int name="page" value="2"/></imgdir><imgdir name="2"><int name="l" value="0"/><int name="uf" value="1"/><int name="x" value="1218"/><int name="y1" value="-23"/><int name="y2" value="246"/><int name="page" value="2"/></imgdir><imgdir name="3"><int name="l" value="0"/><int name="uf" value="1"/><int name="x" value="676"/><int name="y1" value="-203"/><int name="y2" value="210"/><int name="page" value="2"/></imgdir><imgdir name="4"><int name="l" value="0"/><int name="uf" value="1"/><int name="x" value="321"/><int name="y1" value="-203"/><int name="y2" value="247"/><int name="page" value="2"/></imgdir><imgdir name="5"><int name="l" value="0"/><int name="uf" value="1"/><int name="x" value="1120"/><int name="y1" value="-203"/><int name="y2" value="8"/><int name="page" value="2"/></imgdir></imgdir><imgdir name="miniMap"><canvas name="canvas" width="120" height="60"></canvas><int name="width" value="1924"/><int name="height" value="974"/><int name="centerX" value="526"/><int name="centerY" value="420"/><int name="mag" value="4"/></imgdir><imgdir name="portal"><imgdir name="0"><string name="pn" value="sp"/><int name="pt" value="0"/><int name="x" value="-110"/><int name="y" value="-199"/><int name="tm" value="999999999"/><string name="tn" value=""/></imgdir><imgdir name="1"><string name="pn" value="sp"/><int name="pt" value="0"/><int name="x" value="561"/><int name="y" value="-305"/><int name="tm" value="999999999"/><string name="tn" value=""/></imgdir><imgdir name="2"><string name="pn" value="sp"/><int name="pt" value="0"/><int name="x" value="-181"/><int name="y" value="94"/><int name="tm" value="999999999"/><string name="tn" value=""/></imgdir><imgdir name="3"><string name="pn" value="sp"/><int name="pt" value="0"/><int name="x" value="-348"/><int name="y" value="106"/><int name="tm" value="999999999"/><string name="tn" value=""/></imgdir><imgdir name="4"><string name="pn" value="sp"/><int name="pt" value="0"/><int name="x" value="1095"/><int name="y" value="-304"/><int name="tm" value="999999999"/><string name="tn" value=""/></imgdir><imgdir name="5"><string name="pn" value="sp"/><int name="pt" value="0"/><int name="x" value="121"/><int name="y" value="-293"/><int name="tm" value="999999999"/><string name="tn" value=""/></imgdir><imgdir name="6"><string name="pn" value="out00"/><int name="pt" value="2"/><int name="x" value="-335"/><int name="y" value="210"/><int name="tm" value="1020000"/><string name="tn" value="in00"/></imgdir></imgdir></imgdir>