<?xml version="1.0" encoding="UTF-8" standalone="yes"?><imgdir name="AreaCode.img"><int name="00" value="0"/><int name="10" value="1"/><int name="19" value="1"/><int name="11" value="2"/><int name="20" value="3"/><int name="21" value="3"/><int name="28" value="3"/><int name="22" value="4"/><int name="23" value="5"/><int name="24" value="6"/><int name="25" value="7"/><int name="50" value="50"/><int name="70" value="70"/><int name="74" value="74"/><int name="80" value="80"/><int name="90" value="90"/><int name="91" value="90"/><int name="92" value="90"/><int name="99" value="90"/><int name="26" value="8"/><int name="68" value="60"/><int name="60" value="60"/><int name="61" value="60"/><int name="54" value="54"/><int name="12" value="1"/><int name="30" value="9"/></imgdir>