<?xml version="1.0" encoding="UTF-8" standalone="yes"?><imgdir name="100000105.img"><imgdir name="info"><int name="version" value="10"/><int name="cloud" value="0"/><int name="town" value="1"/><int name="returnMap" value="100000000"/><float name="mobRate" value="1.0"/><string name="bgm" value="Bgm00/FloralLife"/><int name="VRTop" value="-300"/><int name="VRLeft" value="-400"/><int name="VRBottom" value="300"/><int name="VRRight" value="400"/><string name="mapDesc" value=""/><int name="forcedReturn" value="999999999"/><int name="hideMinimap" value="0"/><int name="moveLimit" value="0"/><int name="fieldLimit" value="0"/><string name="mapMark" value="Henesys"/></imgdir><imgdir name="back"><imgdir name="0"><string name="bS" value=""/><int name="no" value="0"/><int name="x" value="0"/><int name="y" value="0"/><int name="rx" value="0"/><int name="ry" value="0"/><int name="type" value="0"/><int name="cx" value="0"/><int name="cy" value="0"/><int name="a" value="255"/><int name="front" value="0"/><int name="ani" value="0"/></imgdir></imgdir><imgdir name="portal"><imgdir name="0"><string name="pn" value="sp"/><int name="pt" value="0"/><int name="x" value="246"/><int name="y" value="153"/><int name="tm" value="999999999"/><string name="tn" value=""/></imgdir><imgdir name="1"><string name="pn" value="sp"/><int name="pt" value="0"/><int name="x" value="191"/><int name="y" value="159"/><int name="tm" value="999999999"/><string name="tn" value=""/></imgdir><imgdir name="2"><string name="pn" value="sp"/><int name="pt" value="0"/><int name="x" value="-314"/><int name="y" value="139"/><int name="tm" value="999999999"/><string name="tn" value=""/></imgdir><imgdir name="3"><string name="pn" value="sp"/><int name="pt" value="0"/><int name="x" value="-275"/><int name="y" value="153"/><int name="tm" value="999999999"/><string name="tn" value=""/></imgdir><imgdir name="4"><string name="pn" value="sp"/><int name="pt" value="0"/><int name="x" value="-63"/><int name="y" value="170"/><int name="tm" value="999999999"/><string name="tn" value=""/></imgdir><imgdir name="5"><string name="pn" value="out00"/><int name="pt" value="2"/><int name="x" value="340"/><int name="y" value="179"/><int name="tm" value="100000100"/><string name="tn" value="in06"/></imgdir></imgdir><imgdir name="life"><imgdir name="0"><string name="type" value="n"/><string name="id" value="1012105"/><int name="x" value="-147"/><int name="y" value="-21"/><int name="mobTime" value="0"/><int name="f" value="0"/><int name="fh" value="22"/><int name="cy" value="-21"/><int name="rx0" value="-197"/><int name="rx1" value="-97"/></imgdir></imgdir><imgdir name="0"><imgdir name="info"><string name="tS" value="brownBrick"/></imgdir><imgdir name="tile"></imgdir><imgdir name="obj"></imgdir></imgdir><imgdir name="1"><imgdir name="info"><string name="tS" value="brownBrick"/></imgdir><imgdir name="tile"></imgdir><imgdir name="obj"><imgdir name="0"><string name="oS" value="shop2"/><string name="l0" value="shop"/><string name="l1" value="skincareGS"/><string name="l2" value="0"/><int name="x" value="0"/><int name="y" value="-1"/><int name="z" value="0"/><int name="f" value="0"/><int name="zM" value="0"/></imgdir><imgdir name="1"><string name="oS" value="shop"/><string name="l0" value="shop"/><string name="l1" value="hairshopGS"/><string name="l2" value="7"/><int name="x" value="-1"/><int name="y" value="-257"/><int name="z" value="2"/><int name="f" value="0"/><int name="zM" value="0"/></imgdir><imgdir name="2"><string name="oS" value="shop2"/><string name="l0" value="shop"/><string name="l1" value="skincareGS"/><string name="l2" value="7"/><int name="x" value="-271"/><int name="y" value="98"/><int name="z" value="3"/><int name="f" value="0"/><int name="zM" value="0"/></imgdir><imgdir name="3"><string name="oS" value="shop2"/><string name="l0" value="shop"/><string name="l1" value="skincareGS"/><string name="l2" value="10"/><int name="x" value="18"/><int name="y" value="159"/><int name="z" value="3"/><int name="f" value="0"/><int name="zM" value="0"/></imgdir><imgdir name="9"><string name="oS" value="shop2"/><string name="l0" value="shop"/><string name="l1" value="skincareGS"/><string name="l2" value="6"/><int name="x" value="-164"/><int name="y" value="133"/><int name="z" value="4"/><int name="f" value="0"/><int name="zM" value="0"/></imgdir><imgdir name="5"><string name="oS" value="shop2"/><string name="l0" value="shop"/><string name="l1" value="skincareGS"/><string name="l2" value="13"/><int name="x" value="-74"/><int name="y" value="134"/><int name="z" value="2"/><int name="f" value="0"/><int name="zM" value="0"/></imgdir><imgdir name="7"><string name="oS" value="shop2"/><string name="l0" value="shop"/><string name="l1" value="skincareGS"/><string name="l2" value="15"/><int name="x" value="-98"/><int name="y" value="155"/><int name="z" value="3"/><int name="f" value="0"/><int name="zM" value="0"/></imgdir><imgdir name="4"><string name="oS" value="shop2"/><string name="l0" value="shop"/><string name="l1" value="skincareGS"/><string name="l2" value="14"/><int name="x" value="-267"/><int name="y" value="146"/><int name="z" value="6"/><int name="f" value="0"/><int name="zM" value="0"/></imgdir><imgdir name="10"><string name="oS" value="shop2"/><string name="l0" value="shop"/><string name="l1" value="skincareGS"/><string name="l2" value="20"/><int name="x" value="-8"/><int name="y" value="113"/><int name="z" value="3"/><int name="f" value="0"/><int name="zM" value="0"/></imgdir><imgdir name="6"><string name="oS" value="shop2"/><string name="l0" value="shop"/><string name="l1" value="skincareGS"/><string name="l2" value="7"/><int name="x" value="-196"/><int name="y" value="98"/><int name="z" value="2"/><int name="f" value="0"/><int name="zM" value="0"/></imgdir><imgdir name="11"><string name="oS" value="shop2"/><string name="l0" value="shop"/><string name="l1" value="skincareGS"/><string name="l2" value="12"/><int name="x" value="-270"/><int name="y" value="-65"/><int name="z" value="3"/><int name="f" value="0"/><int name="zM" value="0"/></imgdir><imgdir name="12"><string name="oS" value="shop2"/><string name="l0" value="shop"/><string name="l1" value="skincareGS"/><string name="l2" value="8"/><int name="x" value="-213"/><int name="y" value="-57"/><int name="z" value="4"/><int name="f" value="0"/><int name="zM" value="0"/></imgdir><imgdir name="13"><string name="oS" value="shop2"/><string name="l0" value="shop"/><string name="l1" value="skincareGS"/><string name="l2" value="13"/><int name="x" value="-118"/><int name="y" value="-68"/><int name="z" value="3"/><int name="f" value="0"/><int name="zM" value="0"/></imgdir><imgdir name="14"><string name="oS" value="shop2"/><string name="l0" value="shop"/><string name="l1" value="skincareGS"/><string name="l2" value="16"/><int name="x" value="-42"/><int name="y" value="-122"/><int name="z" value="3"/><int name="f" value="0"/><int name="zM" value="0"/></imgdir><imgdir name="8"><string name="oS" value="shop2"/><string name="l0" value="shop"/><string name="l1" value="skincareGS"/><string name="l2" value="16"/><int name="x" value="78"/><int name="y" value="-122"/><int name="z" value="3"/><int name="f" value="0"/><int name="zM" value="0"/></imgdir><imgdir name="15"><string name="oS" value="shop2"/><string name="l0" value="shop"/><string name="l1" value="skincareGS"/><string name="l2" value="26"/><int name="x" value="-256"/><int name="y" value="-106"/><int name="z" value="1"/><int name="f" value="0"/><int name="zM" value="0"/></imgdir><imgdir name="16"><string name="oS" value="shop2"/><string name="l0" value="shop"/><string name="l1" value="skincareGS"/><string name="l2" value="25"/><int name="x" value="-31"/><int name="y" value="-104"/><int name="z" value="1"/><int name="f" value="0"/><int name="zM" value="0"/></imgdir><imgdir name="17"><string name="oS" value="shop2"/><string name="l0" value="shop"/><string name="l1" value="skincareGS"/><string name="l2" value="27"/><int name="x" value="-20"/><int name="y" value="106"/><int name="z" value="1"/><int name="f" value="0"/><int name="zM" value="0"/></imgdir></imgdir></imgdir><imgdir name="2"><imgdir name="info"><string name="tS" value="brownBrick"/></imgdir><imgdir name="tile"></imgdir><imgdir name="obj"><imgdir name="0"><string name="oS" value="shop2"/><string name="l0" value="shop"/><string name="l1" value="skincareGS"/><string name="l2" value="3"/><int name="x" value="-76"/><int name="y" value="-7"/><int name="z" value="6"/><int name="f" value="0"/><int name="zM" value="4"/></imgdir><imgdir name="1"><string name="oS" value="shop2"/><string name="l0" value="shop"/><string name="l1" value="skincareGS"/><string name="l2" value="1"/><int name="x" value="152"/><int name="y" value="78"/><int name="z" value="3"/><int name="f" value="0"/><int name="zM" value="2"/></imgdir><imgdir name="2"><string name="oS" value="shop2"/><string name="l0" value="shop"/><string name="l1" value="skincareGS"/><string name="l2" value="4"/><int name="x" value="-80"/><int name="y" value="33"/><int name="z" value="4"/><int name="f" value="0"/><int name="zM" value="4"/></imgdir><imgdir name="5"><string name="oS" value="shop2"/><string name="l0" value="shop"/><string name="l1" value="skincareGS"/><string name="l2" value="11"/><int name="x" value="60"/><int name="y" value="116"/><int name="z" value="3"/><int name="f" value="0"/><int name="zM" value="3"/></imgdir><imgdir name="3"><string name="oS" value="shop2"/><string name="l0" value="shop"/><string name="l1" value="skincareGS"/><string name="l2" value="17"/><int name="x" value="-42"/><int name="y" value="-110"/><int name="z" value="3"/><int name="f" value="0"/><int name="zM" value="4"/></imgdir><imgdir name="4"><string name="oS" value="shop2"/><string name="l0" value="shop"/><string name="l1" value="skincareGS"/><string name="l2" value="17"/><int name="x" value="78"/><int name="y" value="-110"/><int name="z" value="2"/><int name="f" value="0"/><int name="zM" value="4"/></imgdir><imgdir name="6"><string name="oS" value="shop2"/><string name="l0" value="shop"/><string name="l1" value="skincareGS"/><string name="l2" value="14"/><int name="x" value="-64"/><int name="y" value="-29"/><int name="z" value="5"/><int name="f" value="0"/><int name="zM" value="4"/></imgdir><imgdir name="7"><string name="oS" value="shop2"/><string name="l0" value="shop"/><string name="l1" value="skincareGS"/><string name="l2" value="19"/><int name="x" value="-46"/><int name="y" value="-109"/><int name="z" value="4"/><int name="f" value="0"/><int name="zM" value="4"/></imgdir><imgdir name="8"><string name="oS" value="shop2"/><string name="l0" value="shop"/><string name="l1" value="skincareGS"/><string name="l2" value="18"/><int name="x" value="75"/><int name="y" value="-109"/><int name="z" value="3"/><int name="f" value="0"/><int name="zM" value="4"/></imgdir><imgdir name="9"><string name="oS" value="shop2"/><string name="l0" value="shop"/><string name="l1" value="skincareGS"/><string name="l2" value="21"/><int name="x" value="-28"/><int name="y" value="-158"/><int name="z" value="0"/><int name="f" value="0"/><int name="zM" value="4"/></imgdir><imgdir name="10"><string name="oS" value="shop2"/><string name="l0" value="shop"/><string name="l1" value="skincareGS"/><string name="l2" value="23"/><int name="x" value="-57"/><int name="y" value="-159"/><int name="z" value="0"/><int name="f" value="0"/><int name="zM" value="4"/></imgdir><imgdir name="11"><string name="oS" value="shop2"/><string name="l0" value="shop"/><string name="l1" value="skincareGS"/><string name="l2" value="22"/><int name="x" value="-43"/><int name="y" value="-155"/><int name="z" value="1"/><int name="f" value="0"/><int name="zM" value="4"/></imgdir><imgdir name="12"><string name="oS" value="shop2"/><string name="l0" value="shop"/><string name="l1" value="skincareGS"/><string name="l2" value="21"/><int name="x" value="92"/><int name="y" value="-158"/><int name="z" value="1"/><int name="f" value="0"/><int name="zM" value="4"/></imgdir><imgdir name="13"><string name="oS" value="shop2"/><string name="l0" value="shop"/><string name="l1" value="skincareGS"/><string name="l2" value="23"/><int name="x" value="63"/><int name="y" value="-159"/><int name="z" value="1"/><int name="f" value="0"/><int name="zM" value="4"/></imgdir><imgdir name="14"><string name="oS" value="shop2"/><string name="l0" value="shop"/><string name="l1" value="skincareGS"/><string name="l2" value="22"/><int name="x" value="77"/><int name="y" value="-155"/><int name="z" value="0"/><int name="f" value="0"/><int name="zM" value="4"/></imgdir><imgdir name="15"><string name="oS" value="shop2"/><string name="l0" value="shop"/><string name="l1" value="skincareGS"/><string name="l2" value="9"/><int name="x" value="108"/><int name="y" value="149"/><int name="z" value="6"/><int name="f" value="0"/><int name="zM" value="2"/></imgdir></imgdir></imgdir><imgdir name="3"><imgdir name="info"><string name="tS" value="brownBrick"/></imgdir><imgdir name="tile"></imgdir><imgdir name="obj"><imgdir name="0"><string name="oS" value="shop"/><string name="l0" value="shop"/><string name="l1" value="hairshopGS"/><string name="l2" value="5"/><int name="x" value="326"/><int name="y" value="117"/><int name="z" value="2"/><int name="f" value="0"/><int name="zM" value="1"/></imgdir><imgdir name="1"><string name="oS" value="shop"/><string name="l0" value="shop"/><string name="l1" value="hairshopGS"/><string name="l2" value="1"/><int name="x" value="0"/><int name="y" value="-1"/><int name="z" value="4"/><int name="f" value="0"/><int name="zM" value="1"/></imgdir><imgdir name="2"><string name="oS" value="shop"/><string name="l0" value="shop"/><string name="l1" value="hairshopGS"/><string name="l2" value="2"/><int name="x" value="0"/><int name="y" value="-60"/><int name="z" value="3"/><int name="f" value="0"/><int name="zM" value="1"/></imgdir><imgdir name="3"><string name="oS" value="shop"/><string name="l0" value="shop"/><string name="l1" value="hairshopGS"/><string name="l2" value="6"/><int name="x" value="0"/><int name="y" value="-1"/><int name="z" value="7"/><int name="f" value="0"/><int name="zM" value="1"/></imgdir><imgdir name="4"><string name="oS" value="shop2"/><string name="l0" value="shop"/><string name="l1" value="skincareGS"/><string name="l2" value="2"/><int name="x" value="1"/><int name="y" value="192"/><int name="z" value="4"/><int name="f" value="0"/><int name="zM" value="1"/></imgdir><imgdir name="5"><string name="oS" value="shop2"/><string name="l0" value="shop"/><string name="l1" value="skincareGS"/><string name="l2" value="5"/><int name="x" value="-205"/><int name="y" value="-238"/><int name="z" value="3"/><int name="f" value="0"/><int name="zM" value="1"/></imgdir><imgdir name="6"><string name="oS" value="shop2"/><string name="l0" value="shop"/><string name="l1" value="skincareGS"/><string name="l2" value="5"/><int name="x" value="-70"/><int name="y" value="-238"/><int name="z" value="2"/><int name="f" value="0"/><int name="zM" value="1"/></imgdir><imgdir name="7"><string name="oS" value="shop2"/><string name="l0" value="shop"/><string name="l1" value="skincareGS"/><string name="l2" value="5"/><int name="x" value="67"/><int name="y" value="-238"/><int name="z" value="1"/><int name="f" value="0"/><int name="zM" value="1"/></imgdir><imgdir name="8"><string name="oS" value="shop2"/><string name="l0" value="shop"/><string name="l1" value="skincareGS"/><string name="l2" value="5"/><int name="x" value="204"/><int name="y" value="-238"/><int name="z" value="3"/><int name="f" value="0"/><int name="zM" value="1"/></imgdir></imgdir></imgdir><imgdir name="4"><imgdir name="info"><string name="tS" value="brownBrick"/></imgdir><imgdir name="tile"></imgdir><imgdir name="obj"></imgdir></imgdir><imgdir name="5"><imgdir name="info"><string name="tS" value="brownBrick"/></imgdir><imgdir name="tile"></imgdir><imgdir name="obj"></imgdir></imgdir><imgdir name="6"><imgdir name="info"><string name="tS" value="brownBrick"/></imgdir><imgdir name="tile"></imgdir><imgdir name="obj"></imgdir></imgdir><imgdir name="7"><imgdir name="info"><string name="tS" value="brownBrick"/></imgdir><imgdir name="tile"></imgdir><imgdir name="obj"></imgdir></imgdir><imgdir name="seat"></imgdir><imgdir name="foothold"><imgdir name="1"><imgdir name="0"><imgdir name="1"><int name="x1" value="205"/><int name="y1" value="157"/><int name="x2" value="310"/><int name="y2" value="157"/><int name="prev" value="0"/><int name="next" value="2"/></imgdir><imgdir name="2"><int name="x1" value="310"/><int name="y1" value="157"/><int name="x2" value="310"/><int name="y2" value="132"/><int name="prev" value="1"/><int name="next" value="3"/></imgdir><imgdir name="3"><int name="x1" value="310"/><int name="y1" value="132"/><int name="x2" value="333"/><int name="y2" value="132"/><int name="prev" value="7"/><int name="next" value="4"/></imgdir><imgdir name="4"><int name="x1" value="333"/><int name="y1" value="132"/><int name="x2" value="333"/><int name="y2" value="107"/><int name="prev" value="3"/><int name="next" value="5"/></imgdir><imgdir name="5"><int name="x1" value="333"/><int name="y1" value="107"/><int name="x2" value="355"/><int name="y2" value="107"/><int name="prev" value="8"/><int name="next" value="6"/></imgdir><imgdir name="6"><int name="x1" value="355"/><int name="y1" value="107"/><int name="x2" value="355"/><int name="y2" value="82"/><int name="prev" value="5"/><int name="next" value="10"/></imgdir><imgdir name="7"><int name="x1" value="228"/><int name="y1" value="132"/><int name="x2" value="310"/><int name="y2" value="132"/><int name="prev" value="0"/><int name="next" value="3"/></imgdir><imgdir name="8"><int name="x1" value="249"/><int name="y1" value="107"/><int name="x2" value="333"/><int name="y2" value="107"/><int name="prev" value="0"/><int name="next" value="5"/></imgdir><imgdir name="9"><int name="x1" value="272"/><int name="y1" value="82"/><int name="x2" value="355"/><int name="y2" value="82"/><int name="prev" value="0"/><int name="next" value="10"/></imgdir><imgdir name="10"><int name="x1" value="355"/><int name="y1" value="82"/><int name="x2" value="372"/><int name="y2" value="82"/><int name="prev" value="9"/><int name="next" value="11"/></imgdir><imgdir name="11"><int name="x1" value="372"/><int name="y1" value="82"/><int name="x2" value="372"/><int name="y2" value="-288"/><int name="prev" value="10"/><int name="next" value="0"/></imgdir><imgdir name="12"><int name="x1" value="185"/><int name="y1" value="-94"/><int name="x2" value="306"/><int name="y2" value="-94"/><int name="prev" value="0"/><int name="next" value="0"/></imgdir><imgdir name="13"><int name="x1" value="-46"/><int name="y1" value="139"/><int name="x2" value="83"/><int name="y2" value="139"/><int name="prev" value="0"/><int name="next" value="0"/></imgdir><imgdir name="14"><int name="x1" value="35"/><int name="y1" value="-52"/><int name="x2" value="39"/><int name="y2" value="-52"/><int name="prev" value="0"/><int name="next" value="15"/></imgdir><imgdir name="15"><int name="x1" value="39"/><int name="y1" value="-52"/><int name="x2" value="118"/><int name="y2" value="-52"/><int name="prev" value="14"/><int name="next" value="16"/></imgdir><imgdir name="16"><int name="x1" value="118"/><int name="y1" value="-52"/><int name="x2" value="121"/><int name="y2" value="-52"/><int name="prev" value="15"/><int name="next" value="0"/></imgdir><imgdir name="17"><int name="x1" value="-243"/><int name="y1" value="148"/><int name="x2" value="-69"/><int name="y2" value="148"/><int name="prev" value="0"/><int name="next" value="0"/></imgdir><imgdir name="18"><int name="x1" value="-85"/><int name="y1" value="-52"/><int name="x2" value="-81"/><int name="y2" value="-52"/><int name="prev" value="0"/><int name="next" value="19"/></imgdir><imgdir name="19"><int name="x1" value="-81"/><int name="y1" value="-52"/><int name="x2" value="-2"/><int name="y2" value="-52"/><int name="prev" value="18"/><int name="next" value="20"/></imgdir><imgdir name="20"><int name="x1" value="-2"/><int name="y1" value="-52"/><int name="x2" value="1"/><int name="y2" value="-52"/><int name="prev" value="19"/><int name="next" value="0"/></imgdir></imgdir></imgdir><imgdir name="2"><imgdir name="4"><imgdir name="21"><int name="x1" value="-306"/><int name="y1" value="-244"/><int name="x2" value="-306"/><int name="y2" value="-21"/><int name="prev" value="0"/><int name="next" value="22"/></imgdir><imgdir name="22"><int name="x1" value="-306"/><int name="y1" value="-21"/><int name="x2" value="155"/><int name="y2" value="-21"/><int name="prev" value="21"/><int name="next" value="0"/></imgdir><imgdir name="23"><int name="x1" value="6"/><int name="y1" value="-24"/><int name="x2" value="-91"/><int name="y2" value="-24"/><int name="prev" value="0"/><int name="next" value="0"/></imgdir><imgdir name="24"><int name="x1" value="127"/><int name="y1" value="-24"/><int name="x2" value="31"/><int name="y2" value="-24"/><int name="prev" value="0"/><int name="next" value="0"/></imgdir></imgdir><imgdir name="2"><imgdir name="25"><int name="x1" value="129"/><int name="y1" value="21"/><int name="x2" value="175"/><int name="y2" value="21"/><int name="prev" value="0"/><int name="next" value="0"/></imgdir><imgdir name="26"><int name="x1" value="129"/><int name="y1" value="72"/><int name="x2" value="175"/><int name="y2" value="72"/><int name="prev" value="0"/><int name="next" value="0"/></imgdir><imgdir name="27"><int name="x1" value="129"/><int name="y1" value="120"/><int name="x2" value="175"/><int name="y2" value="120"/><int name="prev" value="0"/><int name="next" value="0"/></imgdir></imgdir></imgdir><imgdir name="3"><imgdir name="1"><imgdir name="28"><int name="x1" value="-400"/><int name="y1" value="182"/><int name="x2" value="400"/><int name="y2" value="182"/><int name="prev" value="0"/><int name="next" value="29"/></imgdir><imgdir name="29"><int name="x1" value="400"/><int name="y1" value="182"/><int name="x2" value="401"/><int name="y2" value="182"/><int name="prev" value="28"/><int name="next" value="0"/></imgdir></imgdir></imgdir></imgdir><imgdir name="ladderRope"></imgdir></imgdir>