<?xml version="1.0" encoding="UTF-8" standalone="yes"?><imgdir name="100030001.img"><imgdir name="info"><int name="version" value="10"/><int name="cloud" value="0"/><int name="town" value="0"/><int name="returnMap" value="100000000"/><float name="mobRate" value="0.9999982"/><string name="bgm" value="Bgm00/RestNPeace"/><string name="mapDesc" value=""/><int name="forcedReturn" value="999999999"/><int name="hideMinimap" value="0"/><int name="moveLimit" value="0"/><string name="mapMark" value="Henesys"/></imgdir><imgdir name="back"><imgdir name="0"><string name="bS" value="midForest"/><int name="no" value="0"/><int name="x" value="0"/><int name="y" value="0"/><int name="rx" value="0"/><int name="ry" value="0"/><int name="type" value="3"/><int name="cx" value="0"/><int name="cy" value="0"/><int name="a" value="255"/><int name="front" value="0"/><int name="ani" value="0"/><int name="f" value="0"/></imgdir><imgdir name="1"><string name="bS" value="midForest"/><int name="no" value="1"/><int name="x" value="-20"/><int name="y" value="-26"/><int name="rx" value="-5"/><int name="ry" value="-10"/><int name="type" value="1"/><int name="cx" value="0"/><int name="cy" value="0"/><int name="a" value="255"/><int name="front" value="0"/><int name="ani" value="0"/><int name="f" value="0"/></imgdir><imgdir name="2"><string name="bS" value="midForest"/><int name="no" value="2"/><int name="x" value="-156"/><int name="y" value="-125"/><int name="rx" value="-10"/><int name="ry" value="-15"/><int name="type" value="1"/><int name="cx" value="0"/><int name="cy" value="0"/><int name="a" value="255"/><int name="front" value="0"/><int name="ani" value="0"/><int name="f" value="0"/></imgdir><imgdir name="3"><string name="bS" value="midForest"/><int name="no" value="3"/><int name="x" value="-101"/><int name="y" value="-98"/><int name="rx" value="-18"/><int name="ry" value="-17"/><int name="type" value="1"/><int name="cx" value="0"/><int name="cy" value="0"/><int name="a" value="255"/><int name="front" value="0"/><int name="ani" value="0"/><int name="f" value="0"/></imgdir></imgdir><imgdir name="life"><imgdir name="0"><string name="type" value="m"/><string name="id" value="2220100"/><int name="x" value="-4506"/><int name="y" value="-1179"/><int name="fh" value="40"/><int name="cy" value="-1105"/><int name="rx0" value="-5149"/><int name="rx1" value="-2231"/></imgdir><imgdir name="1"><string name="type" value="m"/><string name="id" value="2220100"/><int name="x" value="-4221"/><int name="y" value="-1186"/><int name="fh" value="34"/><int name="cy" value="-1105"/><int name="rx0" value="-5149"/><int name="rx1" value="-2231"/></imgdir><imgdir name="2"><string name="type" value="m"/><string name="id" value="2220100"/><int name="x" value="-3800"/><int name="y" value="-1187"/><int name="fh" value="1"/><int name="cy" value="-1105"/><int name="rx0" value="-5149"/><int name="rx1" value="-2231"/></imgdir><imgdir name="3"><string name="type" value="m"/><string name="id" value="2220100"/><int name="x" value="-3417"/><int name="y" value="-1182"/><int name="fh" value="7"/><int name="cy" value="-1105"/><int name="rx0" value="-5149"/><int name="rx1" value="-2231"/></imgdir><imgdir name="4"><string name="type" value="m"/><string name="id" value="2220100"/><int name="x" value="-3065"/><int name="y" value="-1246"/><int name="fh" value="13"/><int name="cy" value="-1165"/><int name="rx0" value="-5149"/><int name="rx1" value="-2231"/></imgdir><imgdir name="5"><string name="type" value="m"/><string name="id" value="0100101"/><int name="x" value="-4999"/><int name="y" value="-1269"/><int name="fh" value="54"/><int name="cy" value="-1225"/><int name="rx0" value="-5149"/><int name="rx1" value="-2231"/></imgdir><imgdir name="6"><string name="type" value="m"/><string name="id" value="0100101"/><int name="x" value="-4380"/><int name="y" value="-1174"/><int name="fh" value="35"/><int name="cy" value="-1105"/><int name="rx0" value="-5149"/><int name="rx1" value="-2231"/></imgdir><imgdir name="7"><string name="type" value="m"/><string name="id" value="0100101"/><int name="x" value="-4004"/><int name="y" value="-1180"/><int name="fh" value="38"/><int name="cy" value="-1105"/><int name="rx0" value="-5149"/><int name="rx1" value="-2231"/></imgdir><imgdir name="8"><string name="type" value="m"/><string name="id" value="0100101"/><int name="x" value="-3180"/><int name="y" value="-1219"/><int name="fh" value="12"/><int name="cy" value="-1165"/><int name="rx0" value="-5149"/><int name="rx1" value="-2231"/></imgdir><imgdir name="9"><string name="type" value="m"/><string name="id" value="0100101"/><int name="x" value="-2532"/><int name="y" value="-1267"/><int name="fh" value="22"/><int name="cy" value="-1225"/><int name="rx0" value="-5149"/><int name="rx1" value="-2231"/></imgdir><imgdir name="10"><string name="type" value="m"/><string name="id" value="2220100"/><int name="x" value="-2818"/><int name="y" value="-1265"/><int name="fh" value="21"/><int name="cy" value="-1225"/><int name="rx0" value="-5149"/><int name="rx1" value="-2231"/></imgdir><imgdir name="11"><string name="type" value="m"/><string name="id" value="2220100"/><int name="x" value="-4341"/><int name="y" value="-1401"/><int name="fh" value="66"/><int name="cy" value="-1345"/><int name="rx0" value="-4519"/><int name="rx1" value="-3581"/></imgdir><imgdir name="12"><string name="type" value="m"/><string name="id" value="2220100"/><int name="x" value="-4099"/><int name="y" value="-1406"/><int name="fh" value="68"/><int name="cy" value="-1345"/><int name="rx0" value="-4519"/><int name="rx1" value="-3581"/></imgdir><imgdir name="13"><string name="type" value="m"/><string name="id" value="2220100"/><int name="x" value="-3843"/><int name="y" value="-1418"/><int name="fh" value="72"/><int name="cy" value="-1345"/><int name="rx0" value="-4519"/><int name="rx1" value="-3581"/></imgdir><imgdir name="14"><string name="type" value="m"/><string name="id" value="0100101"/><int name="x" value="-4211"/><int name="y" value="-1401"/><int name="fh" value="70"/><int name="cy" value="-1345"/><int name="rx0" value="-4519"/><int name="rx1" value="-3581"/></imgdir><imgdir name="15"><string name="type" value="m"/><string name="id" value="0130101"/><int name="x" value="-3959"/><int name="y" value="-1404"/><int name="fh" value="71"/><int name="cy" value="-1345"/><int name="rx0" value="-4519"/><int name="rx1" value="-3581"/></imgdir><imgdir name="16"><string name="type" value="m"/><string name="id" value="0210100"/><int name="x" value="-4888"/><int name="y" value="-1298"/><int name="fh" value="48"/><int name="cy" value="-1225"/><int name="rx0" value="-5149"/><int name="rx1" value="-2231"/></imgdir><imgdir name="17"><string name="type" value="m"/><string name="id" value="0210100"/><int name="x" value="-4110"/><int name="y" value="-1171"/><int name="fh" value="37"/><int name="cy" value="-1105"/><int name="rx0" value="-5149"/><int name="rx1" value="-2231"/></imgdir><imgdir name="18"><string name="type" value="m"/><string name="id" value="0210100"/><int name="x" value="-3924"/><int name="y" value="-1146"/><int name="fh" value="3"/><int name="cy" value="-1105"/><int name="rx0" value="-5149"/><int name="rx1" value="-2231"/></imgdir><imgdir name="19"><string name="type" value="m"/><string name="id" value="0210100"/><int name="x" value="-2985"/><int name="y" value="-1235"/><int name="fh" value="15"/><int name="cy" value="-1165"/><int name="rx0" value="-5149"/><int name="rx1" value="-2231"/></imgdir><imgdir name="20"><string name="type" value="m"/><string name="id" value="0210100"/><int name="x" value="-2713"/><int name="y" value="-1276"/><int name="fh" value="20"/><int name="cy" value="-1225"/><int name="rx0" value="-5149"/><int name="rx1" value="-2231"/></imgdir><imgdir name="21"><string name="type" value="m"/><string name="id" value="0210100"/><int name="x" value="-3692"/><int name="y" value="-1407"/><int name="fh" value="77"/><int name="cy" value="-1345"/><int name="rx0" value="-4519"/><int name="rx1" value="-3581"/></imgdir><imgdir name="22"><string name="type" value="m"/><string name="id" value="2220100"/><int name="x" value="-4215"/><int name="y" value="-1634"/><int name="fh" value="80"/><int name="cy" value="-1585"/><int name="rx0" value="-4429"/><int name="rx1" value="-3761"/></imgdir><imgdir name="23"><string name="type" value="m"/><string name="id" value="2220100"/><int name="x" value="-3975"/><int name="y" value="-1637"/><int name="fh" value="82"/><int name="cy" value="-1585"/><int name="rx0" value="-4429"/><int name="rx1" value="-3761"/></imgdir><imgdir name="24"><string name="type" value="m"/><string name="id" value="0210100"/><int name="x" value="-4096"/><int name="y" value="-1624"/><int name="fh" value="81"/><int name="cy" value="-1585"/><int name="rx0" value="-4429"/><int name="rx1" value="-3761"/></imgdir><imgdir name="25"><string name="type" value="m"/><string name="id" value="0100101"/><int name="x" value="-3871"/><int name="y" value="-1642"/><int name="fh" value="84"/><int name="cy" value="-1585"/><int name="rx0" value="-4429"/><int name="rx1" value="-3761"/></imgdir><imgdir name="26"><string name="type" value="m"/><string name="id" value="0210100"/><int name="x" value="-4358"/><int name="y" value="-1637"/><int name="fh" value="87"/><int name="cy" value="-1585"/><int name="rx0" value="-4429"/><int name="rx1" value="-3761"/></imgdir><imgdir name="27"><string name="type" value="m"/><string name="id" value="2220100"/><int name="x" value="-3655"/><int name="y" value="-1186"/><int name="f" value="0"/><int name="fh" value="2"/><int name="cy" value="-1105"/><int name="rx0" value="-5149"/><int name="rx1" value="-2231"/></imgdir><imgdir name="28"><string name="type" value="m"/><string name="id" value="2220100"/><int name="x" value="-4289"/><int name="y" value="-1630"/><int name="f" value="0"/><int name="fh" value="79"/><int name="cy" value="-1585"/><int name="rx0" value="-4429"/><int name="rx1" value="-3761"/></imgdir><imgdir name="29"><string name="type" value="m"/><string name="id" value="2220100"/><int name="x" value="-3766"/><int name="y" value="-1418"/><int name="f" value="0"/><int name="fh" value="77"/><int name="cy" value="-1345"/><int name="rx0" value="-4519"/><int name="rx1" value="-3581"/></imgdir><imgdir name="30"><string name="type" value="m"/><string name="id" value="2220100"/><int name="x" value="-4816"/><int name="y" value="-1285"/><int name="f" value="0"/><int name="fh" value="53"/><int name="cy" value="-1225"/><int name="rx0" value="-5149"/><int name="rx1" value="-2231"/></imgdir><imgdir name="31"><string name="type" value="m"/><string name="id" value="2220100"/><int name="x" value="-5072"/><int name="y" value="-1276"/><int name="f" value="0"/><int name="fh" value="58"/><int name="cy" value="-1225"/><int name="rx0" value="-5149"/><int name="rx1" value="-2231"/></imgdir><imgdir name="32"><string name="type" value="m"/><string name="id" value="9400568"/><int name="x" value="-4955"/><int name="y" value="-1284"/><int name="mobTime" value="0"/><int name="f" value="0"/><int name="hide" value="0"/><int name="fh" value="54"/><int name="cy" value="-1225"/><int name="rx0" value="-5149"/><int name="rx1" value="-2231"/></imgdir><imgdir name="33"><string name="type" value="m"/><string name="id" value="9400568"/><int name="x" value="-4593"/><int name="y" value="-1158"/><int name="mobTime" value="0"/><int name="f" value="0"/><int name="hide" value="0"/><int name="fh" value="45"/><int name="cy" value="-1105"/><int name="rx0" value="-5149"/><int name="rx1" value="-2231"/></imgdir><imgdir name="34"><string name="type" value="m"/><string name="id" value="9400568"/><int name="x" value="-4428"/><int name="y" value="-1139"/><int name="mobTime" value="0"/><int name="f" value="0"/><int name="hide" value="0"/><int name="fh" value="39"/><int name="cy" value="-1105"/><int name="rx0" value="-5149"/><int name="rx1" value="-2231"/></imgdir><imgdir name="35"><string name="type" value="m"/><string name="id" value="9400568"/><int name="x" value="-4032"/><int name="y" value="-1145"/><int name="mobTime" value="0"/><int name="f" value="0"/><int name="hide" value="0"/><int name="fh" value="38"/><int name="cy" value="-1105"/><int name="rx0" value="-5149"/><int name="rx1" value="-2231"/></imgdir><imgdir name="36"><string name="type" value="m"/><string name="id" value="9400568"/><int name="x" value="-3863"/><int name="y" value="-1125"/><int name="mobTime" value="0"/><int name="f" value="0"/><int name="hide" value="0"/><int name="fh" value="1"/><int name="cy" value="-1105"/><int name="rx0" value="-5149"/><int name="rx1" value="-2231"/></imgdir><imgdir name="37"><string name="type" value="m"/><string name="id" value="9400568"/><int name="x" value="-3549"/><int name="y" value="-1131"/><int name="mobTime" value="0"/><int name="f" value="0"/><int name="hide" value="0"/><int name="fh" value="5"/><int name="cy" value="-1105"/><int name="rx0" value="-5149"/><int name="rx1" value="-2231"/></imgdir><imgdir name="38"><string name="type" value="m"/><string name="id" value="9400568"/><int name="x" value="-3135"/><int name="y" value="-1197"/><int name="mobTime" value="0"/><int name="f" value="0"/><int name="hide" value="0"/><int name="fh" value="13"/><int name="cy" value="-1165"/><int name="rx0" value="-5149"/><int name="rx1" value="-2231"/></imgdir><imgdir name="39"><string name="type" value="m"/><string name="id" value="9400568"/><int name="x" value="-2759"/><int name="y" value="-1264"/><int name="mobTime" value="0"/><int name="f" value="0"/><int name="hide" value="0"/><int name="fh" value="20"/><int name="cy" value="-1225"/><int name="rx0" value="-5149"/><int name="rx1" value="-2231"/></imgdir><imgdir name="40"><string name="type" value="m"/><string name="id" value="9400568"/><int name="x" value="-2645"/><int name="y" value="-1285"/><int name="mobTime" value="0"/><int name="f" value="0"/><int name="hide" value="0"/><int name="fh" value="18"/><int name="cy" value="-1225"/><int name="rx0" value="-5149"/><int name="rx1" value="-2231"/></imgdir><imgdir name="41"><string name="type" value="m"/><string name="id" value="9400568"/><int name="x" value="-3349"/><int name="y" value="-1154"/><int name="mobTime" value="0"/><int name="f" value="0"/><int name="hide" value="0"/><int name="fh" value="7"/><int name="cy" value="-1105"/><int name="rx0" value="-5149"/><int name="rx1" value="-2231"/></imgdir><imgdir name="42"><string name="type" value="m"/><string name="id" value="9400568"/><int name="x" value="-3945"/><int name="y" value="-1428"/><int name="mobTime" value="0"/><int name="f" value="0"/><int name="hide" value="0"/><int name="fh" value="71"/><int name="cy" value="-1345"/><int name="rx0" value="-4519"/><int name="rx1" value="-3581"/></imgdir><imgdir name="43"><string name="type" value="m"/><string name="id" value="9400568"/><int name="x" value="-4213"/><int name="y" value="-1407"/><int name="mobTime" value="0"/><int name="f" value="0"/><int name="hide" value="0"/><int name="fh" value="70"/><int name="cy" value="-1345"/><int name="rx0" value="-4519"/><int name="rx1" value="-3581"/></imgdir><imgdir name="44"><string name="type" value="m"/><string name="id" value="9400568"/><int name="x" value="-4376"/><int name="y" value="-1422"/><int name="mobTime" value="0"/><int name="f" value="0"/><int name="hide" value="0"/><int name="fh" value="66"/><int name="cy" value="-1345"/><int name="rx0" value="-4519"/><int name="rx1" value="-3581"/></imgdir><imgdir name="45"><string name="type" value="m"/><string name="id" value="9400568"/><int name="x" value="-4141"/><int name="y" value="-1650"/><int name="mobTime" value="0"/><int name="f" value="0"/><int name="hide" value="0"/><int name="fh" value="80"/><int name="cy" value="-1585"/><int name="rx0" value="-4429"/><int name="rx1" value="-3761"/></imgdir><imgdir name="46"><string name="type" value="m"/><string name="id" value="9400568"/><int name="x" value="-3976"/><int name="y" value="-1639"/><int name="mobTime" value="0"/><int name="f" value="0"/><int name="hide" value="0"/><int name="fh" value="82"/><int name="cy" value="-1585"/><int name="rx0" value="-4429"/><int name="rx1" value="-3761"/></imgdir><imgdir name="47"><string name="type" value="m"/><string name="id" value="9400568"/><int name="x" value="-3734"/><int name="y" value="-1381"/><int name="mobTime" value="0"/><int name="f" value="0"/><int name="hide" value="0"/><int name="fh" value="77"/><int name="cy" value="-1345"/><int name="rx0" value="-4519"/><int name="rx1" value="-3581"/></imgdir></imgdir><imgdir name="0"><imgdir name="info"></imgdir><imgdir name="tile"></imgdir><imgdir name="obj"></imgdir></imgdir><imgdir name="1"><imgdir name="info"><string name="tS" value="grassySoil"/></imgdir><imgdir name="tile"><imgdir name="12"><int name="x" value="-3600"/><int name="y" value="-1080"/><string name="u" value="enH0"/><int name="no" value="1"/><int name="zM" value="0"/></imgdir><imgdir name="14"><int name="x" value="-3780"/><int name="y" value="-1080"/><string name="u" value="enH0"/><int name="no" value="1"/><int name="zM" value="0"/></imgdir><imgdir name="3"><int name="x" value="-3870"/><int name="y" value="-1080"/><string name="u" value="enH0"/><int name="no" value="1"/><int name="zM" value="0"/></imgdir><imgdir name="11"><int name="x" value="-3510"/><int name="y" value="-1080"/><string name="u" value="enH0"/><int name="no" value="1"/><int name="zM" value="0"/></imgdir><imgdir name="7"><int name="x" value="-3960"/><int name="y" value="-1080"/><string name="u" value="enH0"/><int name="no" value="0"/><int name="zM" value="0"/></imgdir><imgdir name="5"><int name="x" value="-3690"/><int name="y" value="-1080"/><string name="u" value="enH0"/><int name="no" value="0"/><int name="zM" value="0"/></imgdir><imgdir name="13"><int name="x" value="-3600"/><int name="y" value="-1080"/><string name="u" value="bsc"/><int name="no" value="3"/><int name="zM" value="0"/></imgdir><imgdir name="2"><int name="x" value="-3870"/><int name="y" value="-1080"/><string name="u" value="bsc"/><int name="no" value="3"/><int name="zM" value="0"/></imgdir><imgdir name="15"><int name="x" value="-3780"/><int name="y" value="-1080"/><string name="u" value="bsc"/><int name="no" value="3"/><int name="zM" value="0"/></imgdir><imgdir name="6"><int name="x" value="-3960"/><int name="y" value="-1080"/><string name="u" value="bsc"/><int name="no" value="0"/><int name="zM" value="0"/></imgdir><imgdir name="4"><int name="x" value="-3690"/><int name="y" value="-1080"/><string name="u" value="bsc"/><int name="no" value="0"/><int name="zM" value="0"/></imgdir><imgdir name="10"><int name="x" value="-3510"/><int name="y" value="-1080"/><string name="u" value="bsc"/><int name="no" value="2"/><int name="zM" value="0"/></imgdir><imgdir name="43"><int name="x" value="-3960"/><int name="y" value="-840"/><string name="u" value="enH1"/><int name="no" value="0"/><int name="zM" value="0"/></imgdir><imgdir name="45"><int name="x" value="-3780"/><int name="y" value="-840"/><string name="u" value="enH1"/><int name="no" value="0"/><int name="zM" value="0"/></imgdir><imgdir name="1"><int name="x" value="-3780"/><int name="y" value="-1020"/><string name="u" value="bsc"/><int name="no" value="0"/><int name="zM" value="0"/></imgdir><imgdir name="19"><int name="x" value="-3870"/><int name="y" value="-1020"/><string name="u" value="bsc"/><int name="no" value="1"/><int name="zM" value="0"/></imgdir><imgdir name="8"><int name="x" value="-3510"/><int name="y" value="-1020"/><string name="u" value="bsc"/><int name="no" value="2"/><int name="zM" value="0"/></imgdir><imgdir name="21"><int name="x" value="-3690"/><int name="y" value="-1020"/><string name="u" value="bsc"/><int name="no" value="2"/><int name="zM" value="0"/></imgdir><imgdir name="23"><int name="x" value="-3600"/><int name="y" value="-1020"/><string name="u" value="bsc"/><int name="no" value="3"/><int name="zM" value="0"/></imgdir><imgdir name="22"><int name="x" value="-3960"/><int name="y" value="-1020"/><string name="u" value="bsc"/><int name="no" value="4"/><int name="zM" value="0"/></imgdir><imgdir name="42"><int name="x" value="-3960"/><int name="y" value="-960"/><string name="u" value="bsc"/><int name="no" value="0"/><int name="zM" value="0"/></imgdir><imgdir name="24"><int name="x" value="-3780"/><int name="y" value="-960"/><string name="u" value="bsc"/><int name="no" value="1"/><int name="zM" value="0"/></imgdir><imgdir name="31"><int name="x" value="-3600"/><int name="y" value="-900"/><string name="u" value="bsc"/><int name="no" value="0"/><int name="zM" value="0"/></imgdir><imgdir name="47"><int name="x" value="-3780"/><int name="y" value="-900"/><string name="u" value="bsc"/><int name="no" value="0"/><int name="zM" value="0"/></imgdir><imgdir name="40"><int name="x" value="-3870"/><int name="y" value="-900"/><string name="u" value="bsc"/><int name="no" value="3"/><int name="zM" value="0"/></imgdir><imgdir name="44"><int name="x" value="-3870"/><int name="y" value="-840"/><string name="u" value="enH1"/><int name="no" value="0"/><int name="zM" value="0"/></imgdir><imgdir name="17"><int name="x" value="-3870"/><int name="y" value="-960"/><string name="u" value="bsc"/><int name="no" value="1"/><int name="zM" value="0"/></imgdir><imgdir name="41"><int name="x" value="-3690"/><int name="y" value="-900"/><string name="u" value="bsc"/><int name="no" value="2"/><int name="zM" value="0"/></imgdir><imgdir name="32"><int name="x" value="-3690"/><int name="y" value="-960"/><string name="u" value="bsc"/><int name="no" value="1"/><int name="zM" value="0"/></imgdir><imgdir name="29"><int name="x" value="-3690"/><int name="y" value="-840"/><string name="u" value="enH1"/><int name="no" value="1"/><int name="zM" value="0"/></imgdir><imgdir name="38"><int name="x" value="-3600"/><int name="y" value="-960"/><string name="u" value="bsc"/><int name="no" value="0"/><int name="zM" value="0"/></imgdir><imgdir name="30"><int name="x" value="-3510"/><int name="y" value="-960"/><string name="u" value="bsc"/><int name="no" value="1"/><int name="zM" value="0"/></imgdir><imgdir name="33"><int name="x" value="-3510"/><int name="y" value="-840"/><string name="u" value="enH1"/><int name="no" value="0"/><int name="zM" value="0"/></imgdir><imgdir name="39"><int name="x" value="-3510"/><int name="y" value="-900"/><string name="u" value="bsc"/><int name="no" value="1"/><int name="zM" value="0"/></imgdir><imgdir name="46"><int name="x" value="-3600"/><int name="y" value="-840"/><string name="u" value="enH1"/><int name="no" value="1"/><int name="zM" value="0"/></imgdir><imgdir name="34"><int name="x" value="-3960"/><int name="y" value="-900"/><string name="u" value="bsc"/><int name="no" value="0"/><int name="zM" value="0"/></imgdir><imgdir name="51"><int name="x" value="-3330"/><int name="y" value="-1080"/><string name="u" value="enH0"/><int name="no" value="0"/><int name="zM" value="0"/></imgdir><imgdir name="48"><int name="x" value="-3420"/><int name="y" value="-1080"/><string name="u" value="enH0"/><int name="no" value="1"/><int name="zM" value="0"/></imgdir><imgdir name="50"><int name="x" value="-3330"/><int name="y" value="-1080"/><string name="u" value="bsc"/><int name="no" value="4"/><int name="zM" value="0"/></imgdir><imgdir name="49"><int name="x" value="-3240"/><int name="y" value="-1080"/><string name="u" value="bsc"/><int name="no" value="3"/><int name="zM" value="0"/></imgdir><imgdir name="52"><int name="x" value="-3150"/><int name="y" value="-1080"/><string name="u" value="bsc"/><int name="no" value="3"/><int name="zM" value="0"/></imgdir><imgdir name="9"><int name="x" value="-3420"/><int name="y" value="-1080"/><string name="u" value="bsc"/><int name="no" value="4"/><int name="zM" value="0"/></imgdir><imgdir name="59"><int name="x" value="-3330"/><int name="y" value="-1020"/><string name="u" value="bsc"/><int name="no" value="2"/><int name="zM" value="0"/></imgdir><imgdir name="20"><int name="x" value="-3240"/><int name="y" value="-1020"/><string name="u" value="bsc"/><int name="no" value="2"/><int name="zM" value="0"/></imgdir><imgdir name="58"><int name="x" value="-3150"/><int name="y" value="-1020"/><string name="u" value="bsc"/><int name="no" value="1"/><int name="zM" value="0"/></imgdir><imgdir name="57"><int name="x" value="-3420"/><int name="y" value="-1020"/><string name="u" value="bsc"/><int name="no" value="3"/><int name="zM" value="0"/></imgdir><imgdir name="64"><int name="x" value="-3150"/><int name="y" value="-960"/><string name="u" value="bsc"/><int name="no" value="2"/><int name="zM" value="0"/></imgdir><imgdir name="62"><int name="x" value="-3330"/><int name="y" value="-960"/><string name="u" value="bsc"/><int name="no" value="2"/><int name="zM" value="0"/></imgdir><imgdir name="61"><int name="x" value="-3420"/><int name="y" value="-960"/><string name="u" value="bsc"/><int name="no" value="2"/><int name="zM" value="0"/></imgdir><imgdir name="63"><int name="x" value="-3240"/><int name="y" value="-960"/><string name="u" value="bsc"/><int name="no" value="4"/><int name="zM" value="0"/></imgdir><imgdir name="35"><int name="x" value="-3420"/><int name="y" value="-840"/><string name="u" value="enH1"/><int name="no" value="0"/><int name="zM" value="0"/></imgdir><imgdir name="67"><int name="x" value="-3420"/><int name="y" value="-900"/><string name="u" value="bsc"/><int name="no" value="1"/><int name="zM" value="0"/></imgdir><imgdir name="65"><int name="x" value="-3150"/><int name="y" value="-900"/><string name="u" value="bsc"/><int name="no" value="2"/><int name="zM" value="0"/></imgdir><imgdir name="68"><int name="x" value="-3150"/><int name="y" value="-840"/><string name="u" value="enH1"/><int name="no" value="0"/><int name="zM" value="0"/></imgdir><imgdir name="70"><int name="x" value="-3330"/><int name="y" value="-840"/><string name="u" value="enH1"/><int name="no" value="1"/><int name="zM" value="0"/></imgdir><imgdir name="66"><int name="x" value="-3240"/><int name="y" value="-900"/><string name="u" value="bsc"/><int name="no" value="4"/><int name="zM" value="0"/></imgdir><imgdir name="36"><int name="x" value="-3330"/><int name="y" value="-900"/><string name="u" value="bsc"/><int name="no" value="1"/><int name="zM" value="0"/></imgdir><imgdir name="69"><int name="x" value="-3240"/><int name="y" value="-840"/><string name="u" value="enH1"/><int name="no" value="0"/><int name="zM" value="0"/></imgdir><imgdir name="72"><int name="x" value="-3240"/><int name="y" value="-1140"/><string name="u" value="edU"/><int name="no" value="1"/><int name="zM" value="0"/></imgdir><imgdir name="80"><int name="x" value="-3060"/><int name="y" value="-1140"/><string name="u" value="enH0"/><int name="no" value="1"/><int name="zM" value="0"/></imgdir><imgdir name="77"><int name="x" value="-3150"/><int name="y" value="-1140"/><string name="u" value="enH0"/><int name="no" value="0"/><int name="zM" value="0"/></imgdir><imgdir name="75"><int name="x" value="-3240"/><int name="y" value="-1140"/><string name="u" value="enH0"/><int name="no" value="0"/><int name="zM" value="0"/></imgdir><imgdir name="79"><int name="x" value="-2970"/><int name="y" value="-1140"/><string name="u" value="enH0"/><int name="no" value="0"/><int name="zM" value="0"/></imgdir><imgdir name="74"><int name="x" value="-3240"/><int name="y" value="-1140"/><string name="u" value="bsc"/><int name="no" value="2"/><int name="zM" value="0"/></imgdir><imgdir name="73"><int name="x" value="-3240"/><int name="y" value="-1140"/><string name="u" value="enV0"/><int name="no" value="1"/><int name="zM" value="0"/></imgdir><imgdir name="76"><int name="x" value="-3150"/><int name="y" value="-1140"/><string name="u" value="bsc"/><int name="no" value="4"/><int name="zM" value="0"/></imgdir><imgdir name="81"><int name="x" value="-3060"/><int name="y" value="-1140"/><string name="u" value="bsc"/><int name="no" value="1"/><int name="zM" value="0"/></imgdir><imgdir name="53"><int name="x" value="-2880"/><int name="y" value="-1140"/><string name="u" value="bsc"/><int name="no" value="2"/><int name="zM" value="0"/></imgdir><imgdir name="78"><int name="x" value="-2970"/><int name="y" value="-1140"/><string name="u" value="bsc"/><int name="no" value="2"/><int name="zM" value="0"/></imgdir><imgdir name="87"><int name="x" value="-2880"/><int name="y" value="-1200"/><string name="u" value="edU"/><int name="no" value="1"/><int name="zM" value="0"/></imgdir><imgdir name="91"><int name="x" value="-2880"/><int name="y" value="-1200"/><string name="u" value="enV0"/><int name="no" value="0"/><int name="zM" value="0"/></imgdir><imgdir name="94"><int name="x" value="-2880"/><int name="y" value="-1200"/><string name="u" value="enH0"/><int name="no" value="0"/><int name="zM" value="0"/></imgdir><imgdir name="93"><int name="x" value="-2790"/><int name="y" value="-1200"/><string name="u" value="enH0"/><int name="no" value="0"/><int name="zM" value="0"/></imgdir><imgdir name="102"><int name="x" value="-2250"/><int name="y" value="-1200"/><string name="u" value="edU"/><int name="no" value="1"/><int name="zM" value="0"/></imgdir><imgdir name="104"><int name="x" value="-2340"/><int name="y" value="-1200"/><string name="u" value="enH0"/><int name="no" value="1"/><int name="zM" value="0"/></imgdir><imgdir name="101"><int name="x" value="-2430"/><int name="y" value="-1200"/><string name="u" value="enH0"/><int name="no" value="0"/><int name="zM" value="0"/></imgdir><imgdir name="99"><int name="x" value="-2520"/><int name="y" value="-1200"/><string name="u" value="enH0"/><int name="no" value="0"/><int name="zM" value="0"/></imgdir><imgdir name="90"><int name="x" value="-2700"/><int name="y" value="-1200"/><string name="u" value="enH0"/><int name="no" value="1"/><int name="zM" value="0"/></imgdir><imgdir name="96"><int name="x" value="-2610"/><int name="y" value="-1200"/><string name="u" value="enH0"/><int name="no" value="0"/><int name="zM" value="0"/></imgdir><imgdir name="118"><int name="x" value="-2970"/><int name="y" value="-840"/><string name="u" value="enH1"/><int name="no" value="0"/><int name="zM" value="0"/></imgdir><imgdir name="71"><int name="x" value="-3060"/><int name="y" value="-840"/><string name="u" value="enH1"/><int name="no" value="1"/><int name="zM" value="0"/></imgdir><imgdir name="117"><int name="x" value="-2880"/><int name="y" value="-840"/><string name="u" value="enH1"/><int name="no" value="0"/><int name="zM" value="0"/></imgdir><imgdir name="126"><int name="x" value="-2610"/><int name="y" value="-840"/><string name="u" value="enH1"/><int name="no" value="1"/><int name="zM" value="0"/></imgdir><imgdir name="124"><int name="x" value="-2700"/><int name="y" value="-840"/><string name="u" value="enH1"/><int name="no" value="1"/><int name="zM" value="0"/></imgdir><imgdir name="120"><int name="x" value="-2790"/><int name="y" value="-840"/><string name="u" value="enH1"/><int name="no" value="1"/><int name="zM" value="0"/></imgdir><imgdir name="122"><int name="x" value="-2520"/><int name="y" value="-840"/><string name="u" value="enH1"/><int name="no" value="0"/><int name="zM" value="0"/></imgdir><imgdir name="121"><int name="x" value="-2790"/><int name="y" value="-900"/><string name="u" value="bsc"/><int name="no" value="3"/><int name="zM" value="0"/></imgdir><imgdir name="137"><int name="x" value="-2970"/><int name="y" value="-900"/><string name="u" value="bsc"/><int name="no" value="0"/><int name="zM" value="0"/></imgdir><imgdir name="134"><int name="x" value="-3060"/><int name="y" value="-900"/><string name="u" value="bsc"/><int name="no" value="4"/><int name="zM" value="0"/></imgdir><imgdir name="125"><int name="x" value="-2700"/><int name="y" value="-900"/><string name="u" value="bsc"/><int name="no" value="4"/><int name="zM" value="0"/></imgdir><imgdir name="116"><int name="x" value="-2610"/><int name="y" value="-900"/><string name="u" value="bsc"/><int name="no" value="1"/><int name="zM" value="0"/></imgdir><imgdir name="127"><int name="x" value="-2880"/><int name="y" value="-900"/><string name="u" value="bsc"/><int name="no" value="2"/><int name="zM" value="0"/></imgdir><imgdir name="130"><int name="x" value="-2520"/><int name="y" value="-900"/><string name="u" value="bsc"/><int name="no" value="3"/><int name="zM" value="0"/></imgdir><imgdir name="119"><int name="x" value="-2520"/><int name="y" value="-960"/><string name="u" value="bsc"/><int name="no" value="1"/><int name="zM" value="0"/></imgdir><imgdir name="128"><int name="x" value="-2700"/><int name="y" value="-960"/><string name="u" value="bsc"/><int name="no" value="2"/><int name="zM" value="0"/></imgdir><imgdir name="123"><int name="x" value="-2790"/><int name="y" value="-960"/><string name="u" value="bsc"/><int name="no" value="2"/><int name="zM" value="0"/></imgdir><imgdir name="144"><int name="x" value="-2880"/><int name="y" value="-960"/><string name="u" value="bsc"/><int name="no" value="0"/><int name="zM" value="0"/></imgdir><imgdir name="142"><int name="x" value="-2970"/><int name="y" value="-960"/><string name="u" value="bsc"/><int name="no" value="3"/><int name="zM" value="0"/></imgdir><imgdir name="18"><int name="x" value="-3060"/><int name="y" value="-960"/><string name="u" value="bsc"/><int name="no" value="2"/><int name="zM" value="0"/></imgdir><imgdir name="147"><int name="x" value="-2610"/><int name="y" value="-960"/><string name="u" value="bsc"/><int name="no" value="3"/><int name="zM" value="0"/></imgdir><imgdir name="146"><int name="x" value="-2610"/><int name="y" value="-1020"/><string name="u" value="bsc"/><int name="no" value="2"/><int name="zM" value="0"/></imgdir><imgdir name="84"><int name="x" value="-2880"/><int name="y" value="-1080"/><string name="u" value="bsc"/><int name="no" value="3"/><int name="zM" value="0"/></imgdir><imgdir name="60"><int name="x" value="-2790"/><int name="y" value="-1020"/><string name="u" value="bsc"/><int name="no" value="2"/><int name="zM" value="0"/></imgdir><imgdir name="139"><int name="x" value="-2700"/><int name="y" value="-1020"/><string name="u" value="bsc"/><int name="no" value="3"/><int name="zM" value="0"/></imgdir><imgdir name="85"><int name="x" value="-2970"/><int name="y" value="-1080"/><string name="u" value="bsc"/><int name="no" value="1"/><int name="zM" value="0"/></imgdir><imgdir name="54"><int name="x" value="-3060"/><int name="y" value="-1080"/><string name="u" value="bsc"/><int name="no" value="0"/><int name="zM" value="0"/></imgdir><imgdir name="55"><int name="x" value="-2970"/><int name="y" value="-1020"/><string name="u" value="bsc"/><int name="no" value="2"/><int name="zM" value="0"/></imgdir><imgdir name="95"><int name="x" value="-2880"/><int name="y" value="-1200"/><string name="u" value="bsc"/><int name="no" value="3"/><int name="zM" value="0"/></imgdir><imgdir name="88"><int name="x" value="-3060"/><int name="y" value="-1020"/><string name="u" value="bsc"/><int name="no" value="2"/><int name="zM" value="0"/></imgdir><imgdir name="56"><int name="x" value="-2880"/><int name="y" value="-1020"/><string name="u" value="bsc"/><int name="no" value="3"/><int name="zM" value="0"/></imgdir><imgdir name="89"><int name="x" value="-2700"/><int name="y" value="-1200"/><string name="u" value="bsc"/><int name="no" value="0"/><int name="zM" value="0"/></imgdir><imgdir name="100"><int name="x" value="-2430"/><int name="y" value="-1200"/><string name="u" value="bsc"/><int name="no" value="4"/><int name="zM" value="0"/></imgdir><imgdir name="97"><int name="x" value="-2610"/><int name="y" value="-1200"/><string name="u" value="bsc"/><int name="no" value="2"/><int name="zM" value="0"/></imgdir><imgdir name="98"><int name="x" value="-2520"/><int name="y" value="-1200"/><string name="u" value="bsc"/><int name="no" value="0"/><int name="zM" value="0"/></imgdir><imgdir name="92"><int name="x" value="-2790"/><int name="y" value="-1200"/><string name="u" value="bsc"/><int name="no" value="1"/><int name="zM" value="0"/></imgdir><imgdir name="82"><int name="x" value="-2340"/><int name="y" value="-1140"/><string name="u" value="bsc"/><int name="no" value="2"/><int name="zM" value="0"/></imgdir><imgdir name="108"><int name="x" value="-2250"/><int name="y" value="-1140"/><string name="u" value="enV1"/><int name="no" value="1"/><int name="zM" value="0"/></imgdir><imgdir name="83"><int name="x" value="-2610"/><int name="y" value="-1080"/><string name="u" value="bsc"/><int name="no" value="4"/><int name="zM" value="0"/></imgdir><imgdir name="86"><int name="x" value="-2520"/><int name="y" value="-1080"/><string name="u" value="bsc"/><int name="no" value="4"/><int name="zM" value="0"/></imgdir><imgdir name="143"><int name="x" value="-2790"/><int name="y" value="-1080"/><string name="u" value="bsc"/><int name="no" value="3"/><int name="zM" value="0"/></imgdir><imgdir name="131"><int name="x" value="-2250"/><int name="y" value="-1020"/><string name="u" value="enV1"/><int name="no" value="0"/><int name="zM" value="0"/></imgdir><imgdir name="140"><int name="x" value="-2430"/><int name="y" value="-1020"/><string name="u" value="bsc"/><int name="no" value="2"/><int name="zM" value="0"/></imgdir><imgdir name="136"><int name="x" value="-2340"/><int name="y" value="-1020"/><string name="u" value="bsc"/><int name="no" value="1"/><int name="zM" value="0"/></imgdir><imgdir name="145"><int name="x" value="-2520"/><int name="y" value="-1020"/><string name="u" value="bsc"/><int name="no" value="0"/><int name="zM" value="0"/></imgdir><imgdir name="133"><int name="x" value="-2520"/><int name="y" value="-1140"/><string name="u" value="bsc"/><int name="no" value="1"/><int name="zM" value="0"/></imgdir><imgdir name="138"><int name="x" value="-2430"/><int name="y" value="-1080"/><string name="u" value="bsc"/><int name="no" value="3"/><int name="zM" value="0"/></imgdir><imgdir name="148"><int name="x" value="-2790"/><int name="y" value="-1140"/><string name="u" value="bsc"/><int name="no" value="2"/><int name="zM" value="0"/></imgdir><imgdir name="149"><int name="x" value="-2430"/><int name="y" value="-1140"/><string name="u" value="bsc"/><int name="no" value="4"/><int name="zM" value="0"/></imgdir><imgdir name="107"><int name="x" value="-2340"/><int name="y" value="-1080"/><string name="u" value="bsc"/><int name="no" value="0"/><int name="zM" value="0"/></imgdir><imgdir name="112"><int name="x" value="-2610"/><int name="y" value="-1140"/><string name="u" value="bsc"/><int name="no" value="2"/><int name="zM" value="0"/></imgdir><imgdir name="109"><int name="x" value="-2250"/><int name="y" value="-1080"/><string name="u" value="enV1"/><int name="no" value="1"/><int name="zM" value="0"/></imgdir><imgdir name="110"><int name="x" value="-2700"/><int name="y" value="-1140"/><string name="u" value="bsc"/><int name="no" value="2"/><int name="zM" value="0"/></imgdir><imgdir name="103"><int name="x" value="-2250"/><int name="y" value="-1200"/><string name="u" value="enV1"/><int name="no" value="0"/><int name="zM" value="0"/></imgdir><imgdir name="113"><int name="x" value="-2250"/><int name="y" value="-960"/><string name="u" value="enV1"/><int name="no" value="1"/><int name="zM" value="0"/></imgdir><imgdir name="129"><int name="x" value="-2430"/><int name="y" value="-840"/><string name="u" value="enH1"/><int name="no" value="1"/><int name="zM" value="0"/></imgdir><imgdir name="135"><int name="x" value="-2430"/><int name="y" value="-900"/><string name="u" value="bsc"/><int name="no" value="0"/><int name="zM" value="0"/></imgdir><imgdir name="115"><int name="x" value="-2250"/><int name="y" value="-900"/><string name="u" value="enV1"/><int name="no" value="0"/><int name="zM" value="0"/></imgdir><imgdir name="37"><int name="x" value="-2430"/><int name="y" value="-960"/><string name="u" value="bsc"/><int name="no" value="1"/><int name="zM" value="0"/></imgdir><imgdir name="132"><int name="x" value="-2340"/><int name="y" value="-900"/><string name="u" value="bsc"/><int name="no" value="2"/><int name="zM" value="0"/></imgdir><imgdir name="111"><int name="x" value="-2340"/><int name="y" value="-960"/><string name="u" value="bsc"/><int name="no" value="3"/><int name="zM" value="0"/></imgdir><imgdir name="114"><int name="x" value="-2340"/><int name="y" value="-840"/><string name="u" value="enH1"/><int name="no" value="1"/><int name="zM" value="0"/></imgdir><imgdir name="105"><int name="x" value="-2340"/><int name="y" value="-1200"/><string name="u" value="bsc"/><int name="no" value="0"/><int name="zM" value="0"/></imgdir><imgdir name="141"><int name="x" value="-2250"/><int name="y" value="-840"/><string name="u" value="edD"/><int name="no" value="0"/><int name="zM" value="0"/></imgdir><imgdir name="106"><int name="x" value="-2700"/><int name="y" value="-1080"/><string name="u" value="bsc"/><int name="no" value="3"/><int name="zM" value="0"/></imgdir><imgdir name="156"><int name="x" value="-4320"/><int name="y" value="-1080"/><string name="u" value="enH0"/><int name="no" value="1"/><int name="zM" value="0"/></imgdir><imgdir name="160"><int name="x" value="-4050"/><int name="y" value="-1080"/><string name="u" value="enH0"/><int name="no" value="0"/><int name="zM" value="0"/></imgdir><imgdir name="155"><int name="x" value="-4410"/><int name="y" value="-1080"/><string name="u" value="enH0"/><int name="no" value="0"/><int name="zM" value="0"/></imgdir><imgdir name="153"><int name="x" value="-4230"/><int name="y" value="-1080"/><string name="u" value="enH0"/><int name="no" value="0"/><int name="zM" value="0"/></imgdir><imgdir name="158"><int name="x" value="-4140"/><int name="y" value="-1080"/><string name="u" value="enH0"/><int name="no" value="0"/><int name="zM" value="0"/></imgdir><imgdir name="157"><int name="x" value="-4320"/><int name="y" value="-1080"/><string name="u" value="bsc"/><int name="no" value="0"/><int name="zM" value="0"/></imgdir><imgdir name="152"><int name="x" value="-4230"/><int name="y" value="-1080"/><string name="u" value="bsc"/><int name="no" value="3"/><int name="zM" value="0"/></imgdir><imgdir name="159"><int name="x" value="-4140"/><int name="y" value="-1080"/><string name="u" value="bsc"/><int name="no" value="4"/><int name="zM" value="0"/></imgdir><imgdir name="0"><int name="x" value="-4050"/><int name="y" value="-1080"/><string name="u" value="bsc"/><int name="no" value="4"/><int name="zM" value="0"/></imgdir><imgdir name="154"><int name="x" value="-4410"/><int name="y" value="-1080"/><string name="u" value="bsc"/><int name="no" value="3"/><int name="zM" value="0"/></imgdir><imgdir name="163"><int name="x" value="-4320"/><int name="y" value="-1020"/><string name="u" value="bsc"/><int name="no" value="0"/><int name="zM" value="0"/></imgdir><imgdir name="164"><int name="x" value="-4230"/><int name="y" value="-1020"/><string name="u" value="bsc"/><int name="no" value="4"/><int name="zM" value="0"/></imgdir><imgdir name="165"><int name="x" value="-4140"/><int name="y" value="-1020"/><string name="u" value="bsc"/><int name="no" value="0"/><int name="zM" value="0"/></imgdir><imgdir name="16"><int name="x" value="-4050"/><int name="y" value="-1020"/><string name="u" value="bsc"/><int name="no" value="4"/><int name="zM" value="0"/></imgdir><imgdir name="161"><int name="x" value="-4410"/><int name="y" value="-1020"/><string name="u" value="bsc"/><int name="no" value="2"/><int name="zM" value="0"/></imgdir><imgdir name="166"><int name="x" value="-4230"/><int name="y" value="-960"/><string name="u" value="bsc"/><int name="no" value="0"/><int name="zM" value="0"/></imgdir><imgdir name="168"><int name="x" value="-4320"/><int name="y" value="-960"/><string name="u" value="bsc"/><int name="no" value="2"/><int name="zM" value="0"/></imgdir><imgdir name="167"><int name="x" value="-4410"/><int name="y" value="-960"/><string name="u" value="bsc"/><int name="no" value="1"/><int name="zM" value="0"/></imgdir><imgdir name="169"><int name="x" value="-4140"/><int name="y" value="-960"/><string name="u" value="bsc"/><int name="no" value="3"/><int name="zM" value="0"/></imgdir><imgdir name="28"><int name="x" value="-4050"/><int name="y" value="-960"/><string name="u" value="bsc"/><int name="no" value="0"/><int name="zM" value="0"/></imgdir><imgdir name="27"><int name="x" value="-4050"/><int name="y" value="-840"/><string name="u" value="enH1"/><int name="no" value="1"/><int name="zM" value="0"/></imgdir><imgdir name="178"><int name="x" value="-4140"/><int name="y" value="-840"/><string name="u" value="enH1"/><int name="no" value="1"/><int name="zM" value="0"/></imgdir><imgdir name="172"><int name="x" value="-4410"/><int name="y" value="-900"/><string name="u" value="bsc"/><int name="no" value="4"/><int name="zM" value="0"/></imgdir><imgdir name="171"><int name="x" value="-4320"/><int name="y" value="-900"/><string name="u" value="bsc"/><int name="no" value="0"/><int name="zM" value="0"/></imgdir><imgdir name="174"><int name="x" value="-4410"/><int name="y" value="-840"/><string name="u" value="enH1"/><int name="no" value="0"/><int name="zM" value="0"/></imgdir><imgdir name="173"><int name="x" value="-4230"/><int name="y" value="-900"/><string name="u" value="bsc"/><int name="no" value="4"/><int name="zM" value="0"/></imgdir><imgdir name="175"><int name="x" value="-4140"/><int name="y" value="-900"/><string name="u" value="bsc"/><int name="no" value="3"/><int name="zM" value="0"/></imgdir><imgdir name="179"><int name="x" value="-4230"/><int name="y" value="-840"/><string name="u" value="enH1"/><int name="no" value="1"/><int name="zM" value="0"/></imgdir><imgdir name="26"><int name="x" value="-4050"/><int name="y" value="-900"/><string name="u" value="bsc"/><int name="no" value="4"/><int name="zM" value="0"/></imgdir><imgdir name="25"><int name="x" value="-4320"/><int name="y" value="-840"/><string name="u" value="enH1"/><int name="no" value="1"/><int name="zM" value="0"/></imgdir><imgdir name="186"><int name="x" value="-4590"/><int name="y" value="-1080"/><string name="u" value="enH0"/><int name="no" value="0"/><int name="zM" value="0"/></imgdir><imgdir name="183"><int name="x" value="-4500"/><int name="y" value="-1080"/><string name="u" value="enH0"/><int name="no" value="1"/><int name="zM" value="0"/></imgdir><imgdir name="185"><int name="x" value="-4680"/><int name="y" value="-1080"/><string name="u" value="enH0"/><int name="no" value="0"/><int name="zM" value="0"/></imgdir><imgdir name="150"><int name="x" value="-4590"/><int name="y" value="-1080"/><string name="u" value="bsc"/><int name="no" value="0"/><int name="zM" value="0"/></imgdir><imgdir name="184"><int name="x" value="-4680"/><int name="y" value="-1080"/><string name="u" value="bsc"/><int name="no" value="1"/><int name="zM" value="0"/></imgdir><imgdir name="182"><int name="x" value="-4500"/><int name="y" value="-1080"/><string name="u" value="bsc"/><int name="no" value="3"/><int name="zM" value="0"/></imgdir><imgdir name="181"><int name="x" value="-4680"/><int name="y" value="-1020"/><string name="u" value="bsc"/><int name="no" value="2"/><int name="zM" value="0"/></imgdir><imgdir name="189"><int name="x" value="-4590"/><int name="y" value="-1020"/><string name="u" value="bsc"/><int name="no" value="3"/><int name="zM" value="0"/></imgdir><imgdir name="151"><int name="x" value="-4500"/><int name="y" value="-1020"/><string name="u" value="bsc"/><int name="no" value="1"/><int name="zM" value="0"/></imgdir><imgdir name="162"><int name="x" value="-4500"/><int name="y" value="-960"/><string name="u" value="bsc"/><int name="no" value="3"/><int name="zM" value="0"/></imgdir><imgdir name="191"><int name="x" value="-4680"/><int name="y" value="-960"/><string name="u" value="bsc"/><int name="no" value="3"/><int name="zM" value="0"/></imgdir><imgdir name="190"><int name="x" value="-4590"/><int name="y" value="-960"/><string name="u" value="bsc"/><int name="no" value="1"/><int name="zM" value="0"/></imgdir><imgdir name="188"><int name="x" value="-4680"/><int name="y" value="-900"/><string name="u" value="bsc"/><int name="no" value="3"/><int name="zM" value="0"/></imgdir><imgdir name="170"><int name="x" value="-4680"/><int name="y" value="-840"/><string name="u" value="enH1"/><int name="no" value="1"/><int name="zM" value="0"/></imgdir><imgdir name="195"><int name="x" value="-4590"/><int name="y" value="-900"/><string name="u" value="bsc"/><int name="no" value="2"/><int name="zM" value="0"/></imgdir><imgdir name="197"><int name="x" value="-4590"/><int name="y" value="-840"/><string name="u" value="enH1"/><int name="no" value="0"/><int name="zM" value="0"/></imgdir><imgdir name="196"><int name="x" value="-4500"/><int name="y" value="-840"/><string name="u" value="enH1"/><int name="no" value="0"/><int name="zM" value="0"/></imgdir><imgdir name="194"><int name="x" value="-4500"/><int name="y" value="-900"/><string name="u" value="bsc"/><int name="no" value="3"/><int name="zM" value="0"/></imgdir><imgdir name="200"><int name="x" value="-4680"/><int name="y" value="-1140"/><string name="u" value="edU"/><int name="no" value="0"/><int name="zM" value="0"/></imgdir><imgdir name="199"><int name="x" value="-4770"/><int name="y" value="-1140"/><string name="u" value="enH0"/><int name="no" value="1"/><int name="zM" value="0"/></imgdir><imgdir name="201"><int name="x" value="-4680"/><int name="y" value="-1140"/><string name="u" value="enV1"/><int name="no" value="0"/><int name="zM" value="0"/></imgdir><imgdir name="204"><int name="x" value="-4950"/><int name="y" value="-1140"/><string name="u" value="bsc"/><int name="no" value="2"/><int name="zM" value="0"/></imgdir><imgdir name="198"><int name="x" value="-4770"/><int name="y" value="-1140"/><string name="u" value="bsc"/><int name="no" value="4"/><int name="zM" value="0"/></imgdir><imgdir name="207"><int name="x" value="-4860"/><int name="y" value="-1140"/><string name="u" value="bsc"/><int name="no" value="4"/><int name="zM" value="0"/></imgdir><imgdir name="209"><int name="x" value="-4860"/><int name="y" value="-1080"/><string name="u" value="bsc"/><int name="no" value="0"/><int name="zM" value="0"/></imgdir><imgdir name="210"><int name="x" value="-4950"/><int name="y" value="-1080"/><string name="u" value="bsc"/><int name="no" value="2"/><int name="zM" value="0"/></imgdir><imgdir name="208"><int name="x" value="-4770"/><int name="y" value="-1080"/><string name="u" value="bsc"/><int name="no" value="1"/><int name="zM" value="0"/></imgdir><imgdir name="187"><int name="x" value="-4770"/><int name="y" value="-1020"/><string name="u" value="bsc"/><int name="no" value="1"/><int name="zM" value="0"/></imgdir><imgdir name="213"><int name="x" value="-4950"/><int name="y" value="-1020"/><string name="u" value="bsc"/><int name="no" value="3"/><int name="zM" value="0"/></imgdir><imgdir name="211"><int name="x" value="-4860"/><int name="y" value="-1020"/><string name="u" value="bsc"/><int name="no" value="4"/><int name="zM" value="0"/></imgdir><imgdir name="192"><int name="x" value="-4770"/><int name="y" value="-960"/><string name="u" value="bsc"/><int name="no" value="2"/><int name="zM" value="0"/></imgdir><imgdir name="212"><int name="x" value="-4950"/><int name="y" value="-960"/><string name="u" value="bsc"/><int name="no" value="0"/><int name="zM" value="0"/></imgdir><imgdir name="215"><int name="x" value="-4860"/><int name="y" value="-960"/><string name="u" value="bsc"/><int name="no" value="2"/><int name="zM" value="0"/></imgdir><imgdir name="177"><int name="x" value="-4770"/><int name="y" value="-840"/><string name="u" value="enH1"/><int name="no" value="0"/><int name="zM" value="0"/></imgdir><imgdir name="219"><int name="x" value="-4770"/><int name="y" value="-900"/><string name="u" value="bsc"/><int name="no" value="1"/><int name="zM" value="0"/></imgdir><imgdir name="176"><int name="x" value="-4950"/><int name="y" value="-840"/><string name="u" value="enH1"/><int name="no" value="1"/><int name="zM" value="0"/></imgdir><imgdir name="217"><int name="x" value="-4860"/><int name="y" value="-900"/><string name="u" value="bsc"/><int name="no" value="1"/><int name="zM" value="0"/></imgdir><imgdir name="214"><int name="x" value="-4950"/><int name="y" value="-900"/><string name="u" value="bsc"/><int name="no" value="0"/><int name="zM" value="0"/></imgdir><imgdir name="193"><int name="x" value="-4860"/><int name="y" value="-840"/><string name="u" value="enH1"/><int name="no" value="1"/><int name="zM" value="0"/></imgdir><imgdir name="226"><int name="x" value="-4770"/><int name="y" value="-1200"/><string name="u" value="edU"/><int name="no" value="0"/><int name="zM" value="0"/></imgdir><imgdir name="228"><int name="x" value="-4860"/><int name="y" value="-1200"/><string name="u" value="enH0"/><int name="no" value="0"/><int name="zM" value="0"/></imgdir><imgdir name="205"><int name="x" value="-4950"/><int name="y" value="-1200"/><string name="u" value="bsc"/><int name="no" value="1"/><int name="zM" value="0"/></imgdir><imgdir name="224"><int name="x" value="-4950"/><int name="y" value="-1200"/><string name="u" value="enH0"/><int name="no" value="0"/><int name="zM" value="0"/></imgdir><imgdir name="206"><int name="x" value="-4860"/><int name="y" value="-1200"/><string name="u" value="bsc"/><int name="no" value="1"/><int name="zM" value="0"/></imgdir><imgdir name="227"><int name="x" value="-4770"/><int name="y" value="-1200"/><string name="u" value="enV1"/><int name="no" value="0"/><int name="zM" value="0"/></imgdir><imgdir name="229"><int name="x" value="-5040"/><int name="y" value="-1200"/><string name="u" value="enH0"/><int name="no" value="0"/><int name="zM" value="0"/></imgdir><imgdir name="202"><int name="x" value="-5040"/><int name="y" value="-1200"/><string name="u" value="bsc"/><int name="no" value="2"/><int name="zM" value="0"/></imgdir><imgdir name="225"><int name="x" value="-5040"/><int name="y" value="-1140"/><string name="u" value="bsc"/><int name="no" value="4"/><int name="zM" value="0"/></imgdir><imgdir name="233"><int name="x" value="-5130"/><int name="y" value="-1140"/><string name="u" value="bsc"/><int name="no" value="0"/><int name="zM" value="0"/></imgdir><imgdir name="231"><int name="x" value="-5130"/><int name="y" value="-1140"/><string name="u" value="enV0"/><int name="no" value="1"/><int name="zM" value="0"/></imgdir><imgdir name="236"><int name="x" value="-5130"/><int name="y" value="-1080"/><string name="u" value="enV0"/><int name="no" value="0"/><int name="zM" value="0"/></imgdir><imgdir name="230"><int name="x" value="-5040"/><int name="y" value="-1080"/><string name="u" value="bsc"/><int name="no" value="3"/><int name="zM" value="0"/></imgdir><imgdir name="203"><int name="x" value="-5130"/><int name="y" value="-1080"/><string name="u" value="bsc"/><int name="no" value="4"/><int name="zM" value="0"/></imgdir><imgdir name="234"><int name="x" value="-5130"/><int name="y" value="-1200"/><string name="u" value="enV0"/><int name="no" value="0"/><int name="zM" value="0"/></imgdir><imgdir name="222"><int name="x" value="-5130"/><int name="y" value="-1200"/><string name="u" value="bsc"/><int name="no" value="1"/><int name="zM" value="0"/></imgdir><imgdir name="223"><int name="x" value="-5130"/><int name="y" value="-1200"/><string name="u" value="enH0"/><int name="no" value="0"/><int name="zM" value="0"/></imgdir><imgdir name="232"><int name="x" value="-5130"/><int name="y" value="-1200"/><string name="u" value="edU"/><int name="no" value="0"/><int name="zM" value="0"/></imgdir><imgdir name="238"><int name="x" value="-5130"/><int name="y" value="-1020"/><string name="u" value="enV0"/><int name="no" value="1"/><int name="zM" value="0"/></imgdir><imgdir name="235"><int name="x" value="-5130"/><int name="y" value="-1020"/><string name="u" value="bsc"/><int name="no" value="3"/><int name="zM" value="0"/></imgdir><imgdir name="180"><int name="x" value="-5040"/><int name="y" value="-1020"/><string name="u" value="bsc"/><int name="no" value="1"/><int name="zM" value="0"/></imgdir><imgdir name="216"><int name="x" value="-5130"/><int name="y" value="-960"/><string name="u" value="bsc"/><int name="no" value="2"/><int name="zM" value="0"/></imgdir><imgdir name="237"><int name="x" value="-5040"/><int name="y" value="-960"/><string name="u" value="bsc"/><int name="no" value="1"/><int name="zM" value="0"/></imgdir><imgdir name="218"><int name="x" value="-5130"/><int name="y" value="-960"/><string name="u" value="enV0"/><int name="no" value="0"/><int name="zM" value="0"/></imgdir><imgdir name="221"><int name="x" value="-5040"/><int name="y" value="-840"/><string name="u" value="enH1"/><int name="no" value="0"/><int name="zM" value="0"/></imgdir><imgdir name="242"><int name="x" value="-5130"/><int name="y" value="-840"/><string name="u" value="enH1"/><int name="no" value="1"/><int name="zM" value="0"/></imgdir><imgdir name="239"><int name="x" value="-5130"/><int name="y" value="-900"/><string name="u" value="bsc"/><int name="no" value="4"/><int name="zM" value="0"/></imgdir><imgdir name="240"><int name="x" value="-5040"/><int name="y" value="-900"/><string name="u" value="bsc"/><int name="no" value="3"/><int name="zM" value="0"/></imgdir><imgdir name="241"><int name="x" value="-5130"/><int name="y" value="-900"/><string name="u" value="enV0"/><int name="no" value="1"/><int name="zM" value="0"/></imgdir><imgdir name="220"><int name="x" value="-5130"/><int name="y" value="-840"/><string name="u" value="edD"/><int name="no" value="0"/><int name="zM" value="0"/></imgdir><imgdir name="243"><int name="x" value="-4500"/><int name="y" value="-1320"/><string name="u" value="edU"/><int name="no" value="1"/><int name="zM" value="6"/></imgdir><imgdir name="244"><int name="x" value="-4500"/><int name="y" value="-1320"/><string name="u" value="edD"/><int name="no" value="0"/><int name="zM" value="6"/></imgdir><imgdir name="255"><int name="x" value="-4230"/><int name="y" value="-1320"/><string name="u" value="enH0"/><int name="no" value="1"/><int name="zM" value="6"/></imgdir><imgdir name="256"><int name="x" value="-4230"/><int name="y" value="-1320"/><string name="u" value="enH1"/><int name="no" value="0"/><int name="zM" value="6"/></imgdir><imgdir name="249"><int name="x" value="-4320"/><int name="y" value="-1320"/><string name="u" value="enH1"/><int name="no" value="0"/><int name="zM" value="6"/></imgdir><imgdir name="250"><int name="x" value="-4320"/><int name="y" value="-1320"/><string name="u" value="enH0"/><int name="no" value="1"/><int name="zM" value="6"/></imgdir><imgdir name="247"><int name="x" value="-4410"/><int name="y" value="-1320"/><string name="u" value="enH1"/><int name="no" value="1"/><int name="zM" value="6"/></imgdir><imgdir name="248"><int name="x" value="-4410"/><int name="y" value="-1320"/><string name="u" value="enH0"/><int name="no" value="1"/><int name="zM" value="6"/></imgdir><imgdir name="245"><int name="x" value="-4500"/><int name="y" value="-1320"/><string name="u" value="enH1"/><int name="no" value="1"/><int name="zM" value="6"/></imgdir><imgdir name="246"><int name="x" value="-4500"/><int name="y" value="-1320"/><string name="u" value="enH0"/><int name="no" value="1"/><int name="zM" value="6"/></imgdir><imgdir name="251"><int name="x" value="-4140"/><int name="y" value="-1320"/><string name="u" value="enH1"/><int name="no" value="0"/><int name="zM" value="6"/></imgdir><imgdir name="252"><int name="x" value="-4140"/><int name="y" value="-1320"/><string name="u" value="enH0"/><int name="no" value="0"/><int name="zM" value="6"/></imgdir><imgdir name="263"><int name="x" value="-3600"/><int name="y" value="-1320"/><string name="u" value="edU"/><int name="no" value="1"/><int name="zM" value="6"/></imgdir><imgdir name="264"><int name="x" value="-3600"/><int name="y" value="-1320"/><string name="u" value="edD"/><int name="no" value="0"/><int name="zM" value="6"/></imgdir><imgdir name="265"><int name="x" value="-3780"/><int name="y" value="-1320"/><string name="u" value="enH0"/><int name="no" value="1"/><int name="zM" value="6"/></imgdir><imgdir name="266"><int name="x" value="-3780"/><int name="y" value="-1320"/><string name="u" value="enH1"/><int name="no" value="1"/><int name="zM" value="6"/></imgdir><imgdir name="259"><int name="x" value="-3870"/><int name="y" value="-1320"/><string name="u" value="enH1"/><int name="no" value="0"/><int name="zM" value="6"/></imgdir><imgdir name="260"><int name="x" value="-3870"/><int name="y" value="-1320"/><string name="u" value="enH0"/><int name="no" value="1"/><int name="zM" value="6"/></imgdir><imgdir name="261"><int name="x" value="-3690"/><int name="y" value="-1320"/><string name="u" value="enH1"/><int name="no" value="0"/><int name="zM" value="6"/></imgdir><imgdir name="262"><int name="x" value="-3690"/><int name="y" value="-1320"/><string name="u" value="enH0"/><int name="no" value="0"/><int name="zM" value="6"/></imgdir><imgdir name="253"><int name="x" value="-4050"/><int name="y" value="-1320"/><string name="u" value="enH1"/><int name="no" value="1"/><int name="zM" value="6"/></imgdir><imgdir name="254"><int name="x" value="-4050"/><int name="y" value="-1320"/><string name="u" value="enH0"/><int name="no" value="0"/><int name="zM" value="6"/></imgdir><imgdir name="257"><int name="x" value="-3960"/><int name="y" value="-1320"/><string name="u" value="enH0"/><int name="no" value="1"/><int name="zM" value="6"/></imgdir><imgdir name="258"><int name="x" value="-3960"/><int name="y" value="-1320"/><string name="u" value="enH1"/><int name="no" value="0"/><int name="zM" value="6"/></imgdir><imgdir name="279"><int name="x" value="-3960"/><int name="y" value="-1560"/><string name="u" value="enH0"/><int name="no" value="0"/><int name="zM" value="12"/></imgdir><imgdir name="280"><int name="x" value="-3960"/><int name="y" value="-1560"/><string name="u" value="enH1"/><int name="no" value="0"/><int name="zM" value="12"/></imgdir><imgdir name="275"><int name="x" value="-4050"/><int name="y" value="-1560"/><string name="u" value="enH1"/><int name="no" value="0"/><int name="zM" value="12"/></imgdir><imgdir name="276"><int name="x" value="-4050"/><int name="y" value="-1560"/><string name="u" value="enH0"/><int name="no" value="0"/><int name="zM" value="12"/></imgdir><imgdir name="273"><int name="x" value="-4140"/><int name="y" value="-1560"/><string name="u" value="enH1"/><int name="no" value="0"/><int name="zM" value="12"/></imgdir><imgdir name="274"><int name="x" value="-4140"/><int name="y" value="-1560"/><string name="u" value="enH0"/><int name="no" value="1"/><int name="zM" value="12"/></imgdir><imgdir name="271"><int name="x" value="-4230"/><int name="y" value="-1560"/><string name="u" value="enH1"/><int name="no" value="1"/><int name="zM" value="12"/></imgdir><imgdir name="272"><int name="x" value="-4230"/><int name="y" value="-1560"/><string name="u" value="enH0"/><int name="no" value="0"/><int name="zM" value="12"/></imgdir><imgdir name="269"><int name="x" value="-4320"/><int name="y" value="-1560"/><string name="u" value="enH1"/><int name="no" value="1"/><int name="zM" value="12"/></imgdir><imgdir name="270"><int name="x" value="-4320"/><int name="y" value="-1560"/><string name="u" value="enH0"/><int name="no" value="0"/><int name="zM" value="12"/></imgdir><imgdir name="281"><int name="x" value="-4410"/><int name="y" value="-1560"/><string name="u" value="edU"/><int name="no" value="0"/><int name="zM" value="12"/></imgdir><imgdir name="282"><int name="x" value="-4410"/><int name="y" value="-1560"/><string name="u" value="edD"/><int name="no" value="0"/><int name="zM" value="12"/></imgdir><imgdir name="267"><int name="x" value="-4410"/><int name="y" value="-1560"/><string name="u" value="enH1"/><int name="no" value="0"/><int name="zM" value="12"/></imgdir><imgdir name="268"><int name="x" value="-4410"/><int name="y" value="-1560"/><string name="u" value="enH0"/><int name="no" value="0"/><int name="zM" value="12"/></imgdir><imgdir name="283"><int name="x" value="-3780"/><int name="y" value="-1560"/><string name="u" value="edU"/><int name="no" value="0"/><int name="zM" value="12"/></imgdir><imgdir name="284"><int name="x" value="-3780"/><int name="y" value="-1560"/><string name="u" value="edD"/><int name="no" value="0"/><int name="zM" value="12"/></imgdir><imgdir name="277"><int name="x" value="-3870"/><int name="y" value="-1560"/><string name="u" value="enH1"/><int name="no" value="0"/><int name="zM" value="12"/></imgdir><imgdir name="278"><int name="x" value="-3870"/><int name="y" value="-1560"/><string name="u" value="enH0"/><int name="no" value="0"/><int name="zM" value="12"/></imgdir></imgdir><imgdir name="obj"><imgdir name="0"><string name="oS" value="acc1"/><string name="l0" value="midForest"/><string name="l1" value="nature"/><string name="l2" value="4"/><int name="x" value="-2779"/><int name="y" value="-1383"/><int name="z" value="3"/><int name="f" value="0"/><int name="zM" value="6"/></imgdir><imgdir name="1"><string name="oS" value="acc1"/><string name="l0" value="grassySoil"/><string name="l1" value="nature"/><string name="l2" value="13"/><int name="x" value="-2693"/><int name="y" value="-1274"/><int name="z" value="2"/><int name="f" value="0"/><int name="zM" value="6"/></imgdir><imgdir name="2"><string name="oS" value="acc1"/><string name="l0" value="midForest"/><string name="l1" value="nature"/><string name="l2" value="4"/><int name="x" value="-2569"/><int name="y" value="-1381"/><int name="z" value="1"/><int name="f" value="0"/><int name="zM" value="6"/></imgdir><imgdir name="3"><string name="oS" value="acc1"/><string name="l0" value="grassySoil"/><string name="l1" value="nature"/><string name="l2" value="13"/><int name="x" value="-2443"/><int name="y" value="-1240"/><int name="z" value="3"/><int name="f" value="0"/><int name="zM" value="6"/></imgdir><imgdir name="4"><string name="oS" value="acc1"/><string name="l0" value="midForest"/><string name="l1" value="nature"/><string name="l2" value="3"/><int name="x" value="-2373"/><int name="y" value="-1376"/><int name="z" value="4"/><int name="f" value="0"/><int name="zM" value="6"/></imgdir><imgdir name="5"><string name="oS" value="acc1"/><string name="l0" value="midForest"/><string name="l1" value="nature"/><string name="l2" value="2"/><int name="x" value="-2975"/><int name="y" value="-1318"/><int name="z" value="2"/><int name="f" value="0"/><int name="zM" value="6"/></imgdir><imgdir name="6"><string name="oS" value="acc1"/><string name="l0" value="grassySoil"/><string name="l1" value="nature"/><string name="l2" value="13"/><int name="x" value="-2918"/><int name="y" value="-1202"/><int name="z" value="3"/><int name="f" value="0"/><int name="zM" value="6"/></imgdir><imgdir name="7"><string name="oS" value="acc1"/><string name="l0" value="midForest"/><string name="l1" value="nature"/><string name="l2" value="3"/><int name="x" value="-3150"/><int name="y" value="-1320"/><int name="z" value="3"/><int name="f" value="0"/><int name="zM" value="6"/></imgdir><imgdir name="8"><string name="oS" value="acc1"/><string name="l0" value="midForest"/><string name="l1" value="nature"/><string name="l2" value="7"/><int name="x" value="-3341"/><int name="y" value="-1274"/><int name="z" value="4"/><int name="f" value="0"/><int name="zM" value="6"/></imgdir><imgdir name="9"><string name="oS" value="acc1"/><string name="l0" value="midForest"/><string name="l1" value="nature"/><string name="l2" value="5"/><int name="x" value="-3484"/><int name="y" value="-1263"/><int name="z" value="6"/><int name="f" value="0"/><int name="zM" value="6"/></imgdir><imgdir name="10"><string name="oS" value="acc1"/><string name="l0" value="grassySoil"/><string name="l1" value="nature"/><string name="l2" value="13"/><int name="x" value="-3411"/><int name="y" value="-1106"/><int name="z" value="5"/><int name="f" value="0"/><int name="zM" value="6"/></imgdir><imgdir name="11"><string name="oS" value="acc1"/><string name="l0" value="grassySoil"/><string name="l1" value="nature"/><string name="l2" value="13"/><int name="x" value="-3529"/><int name="y" value="-1129"/><int name="z" value="3"/><int name="f" value="0"/><int name="zM" value="6"/></imgdir><imgdir name="12"><string name="oS" value="acc1"/><string name="l0" value="midForest"/><string name="l1" value="nature"/><string name="l2" value="7"/><int name="x" value="-3572"/><int name="y" value="-1304"/><int name="z" value="1"/><int name="f" value="0"/><int name="zM" value="6"/></imgdir><imgdir name="13"><string name="oS" value="acc1"/><string name="l0" value="midForest"/><string name="l1" value="nature"/><string name="l2" value="4"/><int name="x" value="-3742"/><int name="y" value="-1265"/><int name="z" value="3"/><int name="f" value="0"/><int name="zM" value="6"/></imgdir><imgdir name="14"><string name="oS" value="acc1"/><string name="l0" value="midForest"/><string name="l1" value="nature"/><string name="l2" value="5"/><int name="x" value="-3844"/><int name="y" value="-1262"/><int name="z" value="5"/><int name="f" value="0"/><int name="zM" value="6"/></imgdir><imgdir name="15"><string name="oS" value="acc1"/><string name="l0" value="grassySoil"/><string name="l1" value="nature"/><string name="l2" value="13"/><int name="x" value="-3829"/><int name="y" value="-1152"/><int name="z" value="4"/><int name="f" value="0"/><int name="zM" value="6"/></imgdir><imgdir name="16"><string name="oS" value="acc1"/><string name="l0" value="grassySoil"/><string name="l1" value="nature"/><string name="l2" value="13"/><int name="x" value="-3919"/><int name="y" value="-1137"/><int name="z" value="3"/><int name="f" value="0"/><int name="zM" value="6"/></imgdir><imgdir name="17"><string name="oS" value="acc1"/><string name="l0" value="midForest"/><string name="l1" value="nature"/><string name="l2" value="4"/><int name="x" value="-4053"/><int name="y" value="-1262"/><int name="z" value="1"/><int name="f" value="0"/><int name="zM" value="6"/></imgdir><imgdir name="18"><string name="oS" value="acc1"/><string name="l0" value="midForest"/><string name="l1" value="nature"/><string name="l2" value="3"/><int name="x" value="-4194"/><int name="y" value="-1266"/><int name="z" value="3"/><int name="f" value="0"/><int name="zM" value="6"/></imgdir><imgdir name="19"><string name="oS" value="acc1"/><string name="l0" value="midForest"/><string name="l1" value="nature"/><string name="l2" value="3"/><int name="x" value="-4336"/><int name="y" value="-1260"/><int name="z" value="4"/><int name="f" value="0"/><int name="zM" value="6"/></imgdir><imgdir name="20"><string name="oS" value="acc1"/><string name="l0" value="grassySoil"/><string name="l1" value="nature"/><string name="l2" value="13"/><int name="x" value="-4400"/><int name="y" value="-1134"/><int name="z" value="3"/><int name="f" value="0"/><int name="zM" value="6"/></imgdir><imgdir name="21"><string name="oS" value="acc1"/><string name="l0" value="midForest"/><string name="l1" value="nature"/><string name="l2" value="3"/><int name="x" value="-4556"/><int name="y" value="-1265"/><int name="z" value="1"/><int name="f" value="0"/><int name="zM" value="6"/></imgdir><imgdir name="22"><string name="oS" value="acc1"/><string name="l0" value="midForest"/><string name="l1" value="nature"/><string name="l2" value="7"/><int name="x" value="-4808"/><int name="y" value="-1389"/><int name="z" value="3"/><int name="f" value="0"/><int name="zM" value="6"/></imgdir><imgdir name="23"><string name="oS" value="acc1"/><string name="l0" value="grassySoil"/><string name="l1" value="nature"/><string name="l2" value="13"/><int name="x" value="-4882"/><int name="y" value="-1270"/><int name="z" value="4"/><int name="f" value="0"/><int name="zM" value="6"/></imgdir><imgdir name="24"><string name="oS" value="acc1"/><string name="l0" value="grassySoil"/><string name="l1" value="nature"/><string name="l2" value="13"/><int name="x" value="-4970"/><int name="y" value="-1250"/><int name="z" value="3"/><int name="f" value="0"/><int name="zM" value="6"/></imgdir><imgdir name="25"><string name="oS" value="acc1"/><string name="l0" value="midForest"/><string name="l1" value="nature"/><string name="l2" value="3"/><int name="x" value="-5056"/><int name="y" value="-1382"/><int name="z" value="5"/><int name="f" value="0"/><int name="zM" value="6"/></imgdir><imgdir name="26"><string name="oS" value="acc1"/><string name="l0" value="midForest"/><string name="l1" value="artificiality"/><string name="l2" value="8"/><int name="x" value="-3567"/><int name="y" value="-1120"/><int name="z" value="7"/><int name="f" value="0"/><int name="zM" value="6"/></imgdir><imgdir name="27"><string name="oS" value="acc1"/><string name="l0" value="midForest"/><string name="l1" value="nature"/><string name="l2" value="3"/><int name="x" value="-4249"/><int name="y" value="-1507"/><int name="z" value="6"/><int name="f" value="0"/><int name="zM" value="6"/></imgdir><imgdir name="28"><string name="oS" value="acc1"/><string name="l0" value="midForest"/><string name="l1" value="nature"/><string name="l2" value="4"/><int name="x" value="-4102"/><int name="y" value="-1502"/><int name="z" value="5"/><int name="f" value="0"/><int name="zM" value="6"/></imgdir><imgdir name="29"><string name="oS" value="acc1"/><string name="l0" value="midForest"/><string name="l1" value="nature"/><string name="l2" value="3"/><int name="x" value="-3918"/><int name="y" value="-1504"/><int name="z" value="6"/><int name="f" value="0"/><int name="zM" value="6"/></imgdir></imgdir></imgdir><imgdir name="2"><imgdir name="info"></imgdir><imgdir name="tile"></imgdir><imgdir name="obj"><imgdir name="0"><string name="oS" value="connect"/><string name="l0" value="rope"/><string name="l1" value="0"/><string name="l2" value="0"/><int name="x" value="-3885"/><int name="y" value="-1344"/><int name="z" value="3"/><int name="f" value="0"/><int name="zM" value="8"/></imgdir><imgdir name="1"><string name="oS" value="connect"/><string name="l0" value="rope"/><string name="l1" value="0"/><string name="l2" value="3"/><int name="x" value="-3885"/><int name="y" value="-1259"/><int name="z" value="3"/><int name="f" value="0"/><int name="zM" value="4"/></imgdir><imgdir name="2"><string name="oS" value="connect"/><string name="l0" value="rope"/><string name="l1" value="0"/><string name="l2" value="2"/><int name="x" value="-3885"/><int name="y" value="-1184"/><int name="z" value="3"/><int name="f" value="0"/><int name="zM" value="3"/></imgdir><imgdir name="3"><string name="oS" value="connect"/><string name="l0" value="rope"/><string name="l1" value="0"/><string name="l2" value="0"/><int name="x" value="-4317"/><int name="y" value="-1344"/><int name="z" value="3"/><int name="f" value="0"/><int name="zM" value="7"/></imgdir><imgdir name="4"><string name="oS" value="connect"/><string name="l0" value="rope"/><string name="l1" value="0"/><string name="l2" value="3"/><int name="x" value="-4317"/><int name="y" value="-1259"/><int name="z" value="3"/><int name="f" value="0"/><int name="zM" value="5"/></imgdir><imgdir name="5"><string name="oS" value="connect"/><string name="l0" value="rope"/><string name="l1" value="0"/><string name="l2" value="2"/><int name="x" value="-4317"/><int name="y" value="-1184"/><int name="z" value="3"/><int name="f" value="0"/><int name="zM" value="2"/></imgdir><imgdir name="6"><string name="oS" value="connect"/><string name="l0" value="ladder"/><string name="l1" value="0"/><string name="l2" value="1"/><int name="x" value="-4042"/><int name="y" value="-1558"/><int name="z" value="3"/><int name="f" value="0"/><int name="zM" value="11"/></imgdir><imgdir name="7"><string name="oS" value="connect"/><string name="l0" value="ladder"/><string name="l1" value="0"/><string name="l2" value="2"/><int name="x" value="-4042"/><int name="y" value="-1508"/><int name="z" value="3"/><int name="f" value="0"/><int name="zM" value="11"/></imgdir><imgdir name="8"><string name="oS" value="connect"/><string name="l0" value="ladder"/><string name="l1" value="0"/><string name="l2" value="1"/><int name="x" value="-4042"/><int name="y" value="-1456"/><int name="z" value="3"/><int name="f" value="0"/><int name="zM" value="10"/></imgdir><imgdir name="9"><string name="oS" value="connect"/><string name="l0" value="ladder"/><string name="l1" value="0"/><string name="l2" value="2"/><int name="x" value="-4042"/><int name="y" value="-1405"/><int name="z" value="3"/><int name="f" value="0"/><int name="zM" value="10"/></imgdir><imgdir name="10"><string name="oS" value="connect"/><string name="l0" value="ladder"/><string name="l1" value="0"/><string name="l2" value="3"/><int name="x" value="-4042"/><int name="y" value="-1370"/><int name="z" value="3"/><int name="f" value="0"/><int name="zM" value="9"/></imgdir><imgdir name="11"><string name="oS" value="connect"/><string name="l0" value="ladder"/><string name="l1" value="0"/><string name="l2" value="0"/><int name="x" value="-4042"/><int name="y" value="-1591"/><int name="z" value="2"/><int name="f" value="0"/><int name="zM" value="11"/></imgdir></imgdir></imgdir><imgdir name="3"><imgdir name="info"></imgdir><imgdir name="tile"></imgdir><imgdir name="obj"><imgdir name="0"><string name="oS" value="acc1"/><string name="l0" value="midForest"/><string name="l1" value="artificiality"/><string name="l2" value="7"/><int name="x" value="-3579"/><int name="y" value="-1085"/><int name="z" value="3"/><int name="f" value="0"/><int name="zM" value="1"/></imgdir><imgdir name="1"><string name="oS" value="acc1"/><string name="l0" value="midForest"/><string name="l1" value="artificiality"/><string name="l2" value="9"/><int name="x" value="-3605"/><int name="y" value="-1074"/><int name="z" value="4"/><int name="f" value="0"/><int name="zM" value="1"/></imgdir><imgdir name="2"><string name="oS" value="acc1"/><string name="l0" value="midForest"/><string name="l1" value="artificiality"/><string name="l2" value="9"/><int name="x" value="-3551"/><int name="y" value="-1076"/><int name="z" value="4"/><int name="f" value="0"/><int name="zM" value="1"/></imgdir></imgdir></imgdir><imgdir name="4"><imgdir name="info"></imgdir><imgdir name="tile"></imgdir><imgdir name="obj"></imgdir></imgdir><imgdir name="5"><imgdir name="info"></imgdir><imgdir name="tile"></imgdir><imgdir name="obj"></imgdir></imgdir><imgdir name="6"><imgdir name="info"></imgdir><imgdir name="tile"></imgdir><imgdir name="obj"></imgdir></imgdir><imgdir name="7"><imgdir name="info"></imgdir><imgdir name="tile"></imgdir><imgdir name="obj"></imgdir></imgdir><imgdir name="reactor"></imgdir><imgdir name="foothold"><imgdir name="1"><imgdir name="0"><imgdir name="1"><int name="x1" value="-3870"/><int name="y1" value="-1105"/><int name="x2" value="-3780"/><int name="y2" value="-1105"/><int name="prev" value="3"/><int name="next" value="6"/></imgdir><imgdir name="2"><int name="x1" value="-3690"/><int name="y1" value="-1105"/><int name="x2" value="-3600"/><int name="y2" value="-1105"/><int name="prev" value="6"/><int name="next" value="5"/></imgdir><imgdir name="3"><int name="x1" value="-3960"/><int name="y1" value="-1105"/><int name="x2" value="-3870"/><int name="y2" value="-1105"/><int name="prev" value="38"/><int name="next" value="1"/></imgdir><imgdir name="4"><int name="x1" value="-3510"/><int name="y1" value="-1105"/><int name="x2" value="-3420"/><int name="y2" value="-1105"/><int name="prev" value="5"/><int name="next" value="7"/></imgdir><imgdir name="5"><int name="x1" value="-3600"/><int name="y1" value="-1105"/><int name="x2" value="-3510"/><int name="y2" value="-1105"/><int name="prev" value="2"/><int name="next" value="4"/></imgdir><imgdir name="6"><int name="x1" value="-3780"/><int name="y1" value="-1105"/><int name="x2" value="-3690"/><int name="y2" value="-1105"/><int name="prev" value="1"/><int name="next" value="2"/></imgdir><imgdir name="7"><int name="x1" value="-3420"/><int name="y1" value="-1105"/><int name="x2" value="-3330"/><int name="y2" value="-1105"/><int name="prev" value="4"/><int name="next" value="8"/></imgdir><imgdir name="8"><int name="x1" value="-3330"/><int name="y1" value="-1105"/><int name="x2" value="-3279"/><int name="y2" value="-1105"/><int name="prev" value="7"/><int name="next" value="11"/></imgdir><imgdir name="9"><int name="x1" value="-3279"/><int name="y1" value="-1140"/><int name="x2" value="-3279"/><int name="y2" value="-1165"/><int name="prev" value="11"/><int name="next" value="10"/></imgdir><imgdir name="10"><int name="x1" value="-3279"/><int name="y1" value="-1165"/><int name="x2" value="-3201"/><int name="y2" value="-1165"/><int name="prev" value="9"/><int name="next" value="12"/></imgdir><imgdir name="11"><int name="x1" value="-3279"/><int name="y1" value="-1105"/><int name="x2" value="-3279"/><int name="y2" value="-1140"/><int name="prev" value="8"/><int name="next" value="9"/></imgdir><imgdir name="12"><int name="x1" value="-3201"/><int name="y1" value="-1165"/><int name="x2" value="-3150"/><int name="y2" value="-1165"/><int name="prev" value="10"/><int name="next" value="13"/></imgdir><imgdir name="13"><int name="x1" value="-3150"/><int name="y1" value="-1165"/><int name="x2" value="-3060"/><int name="y2" value="-1165"/><int name="prev" value="12"/><int name="next" value="15"/></imgdir><imgdir name="14"><int name="x1" value="-2970"/><int name="y1" value="-1165"/><int name="x2" value="-2919"/><int name="y2" value="-1165"/><int name="prev" value="15"/><int name="next" value="19"/></imgdir><imgdir name="15"><int name="x1" value="-3060"/><int name="y1" value="-1165"/><int name="x2" value="-2970"/><int name="y2" value="-1165"/><int name="prev" value="13"/><int name="next" value="14"/></imgdir><imgdir name="16"><int name="x1" value="-2919"/><int name="y1" value="-1200"/><int name="x2" value="-2919"/><int name="y2" value="-1225"/><int name="prev" value="19"/><int name="next" value="17"/></imgdir><imgdir name="17"><int name="x1" value="-2919"/><int name="y1" value="-1225"/><int name="x2" value="-2841"/><int name="y2" value="-1225"/><int name="prev" value="16"/><int name="next" value="21"/></imgdir><imgdir name="18"><int name="x1" value="-2700"/><int name="y1" value="-1225"/><int name="x2" value="-2610"/><int name="y2" value="-1225"/><int name="prev" value="20"/><int name="next" value="22"/></imgdir><imgdir name="19"><int name="x1" value="-2919"/><int name="y1" value="-1165"/><int name="x2" value="-2919"/><int name="y2" value="-1200"/><int name="prev" value="14"/><int name="next" value="16"/></imgdir><imgdir name="20"><int name="x1" value="-2790"/><int name="y1" value="-1225"/><int name="x2" value="-2700"/><int name="y2" value="-1225"/><int name="prev" value="21"/><int name="next" value="18"/></imgdir><imgdir name="21"><int name="x1" value="-2841"/><int name="y1" value="-1225"/><int name="x2" value="-2790"/><int name="y2" value="-1225"/><int name="prev" value="17"/><int name="next" value="20"/></imgdir><imgdir name="22"><int name="x1" value="-2610"/><int name="y1" value="-1225"/><int name="x2" value="-2520"/><int name="y2" value="-1225"/><int name="prev" value="18"/><int name="next" value="23"/></imgdir><imgdir name="23"><int name="x1" value="-2520"/><int name="y1" value="-1225"/><int name="x2" value="-2430"/><int name="y2" value="-1225"/><int name="prev" value="22"/><int name="next" value="24"/></imgdir><imgdir name="24"><int name="x1" value="-2430"/><int name="y1" value="-1225"/><int name="x2" value="-2340"/><int name="y2" value="-1225"/><int name="prev" value="23"/><int name="next" value="28"/></imgdir><imgdir name="25"><int name="x1" value="-2289"/><int name="y1" value="-1225"/><int name="x2" value="-2211"/><int name="y2" value="-1225"/><int name="prev" value="28"/><int name="next" value="26"/></imgdir><imgdir name="26"><int name="x1" value="-2211"/><int name="y1" value="-1225"/><int name="x2" value="-2211"/><int name="y2" value="-1200"/><int name="prev" value="25"/><int name="next" value="27"/></imgdir><imgdir name="27"><int name="x1" value="-2211"/><int name="y1" value="-1200"/><int name="x2" value="-2211"/><int name="y2" value="-1140"/><int name="prev" value="26"/><int name="next" value="29"/></imgdir><imgdir name="28"><int name="x1" value="-2340"/><int name="y1" value="-1225"/><int name="x2" value="-2289"/><int name="y2" value="-1225"/><int name="prev" value="24"/><int name="next" value="25"/></imgdir><imgdir name="29"><int name="x1" value="-2211"/><int name="y1" value="-1140"/><int name="x2" value="-2211"/><int name="y2" value="-1080"/><int name="prev" value="27"/><int name="next" value="30"/></imgdir><imgdir name="30"><int name="x1" value="-2211"/><int name="y1" value="-1080"/><int name="x2" value="-2211"/><int name="y2" value="-1020"/><int name="prev" value="29"/><int name="next" value="33"/></imgdir><imgdir name="31"><int name="x1" value="-2211"/><int name="y1" value="-960"/><int name="x2" value="-2211"/><int name="y2" value="-900"/><int name="prev" value="33"/><int name="next" value="32"/></imgdir><imgdir name="32"><int name="x1" value="-2211"/><int name="y1" value="-900"/><int name="x2" value="-2211"/><int name="y2" value="-840"/><int name="prev" value="31"/><int name="next" value="0"/></imgdir><imgdir name="33"><int name="x1" value="-2211"/><int name="y1" value="-1020"/><int name="x2" value="-2211"/><int name="y2" value="-960"/><int name="prev" value="30"/><int name="next" value="31"/></imgdir><imgdir name="34"><int name="x1" value="-4230"/><int name="y1" value="-1105"/><int name="x2" value="-4140"/><int name="y2" value="-1105"/><int name="prev" value="36"/><int name="next" value="37"/></imgdir><imgdir name="35"><int name="x1" value="-4410"/><int name="y1" value="-1105"/><int name="x2" value="-4320"/><int name="y2" value="-1105"/><int name="prev" value="39"/><int name="next" value="36"/></imgdir><imgdir name="36"><int name="x1" value="-4320"/><int name="y1" value="-1105"/><int name="x2" value="-4230"/><int name="y2" value="-1105"/><int name="prev" value="35"/><int name="next" value="34"/></imgdir><imgdir name="37"><int name="x1" value="-4140"/><int name="y1" value="-1105"/><int name="x2" value="-4050"/><int name="y2" value="-1105"/><int name="prev" value="34"/><int name="next" value="38"/></imgdir><imgdir name="38"><int name="x1" value="-4050"/><int name="y1" value="-1105"/><int name="x2" value="-3960"/><int name="y2" value="-1105"/><int name="prev" value="37"/><int name="next" value="3"/></imgdir><imgdir name="39"><int name="x1" value="-4500"/><int name="y1" value="-1105"/><int name="x2" value="-4410"/><int name="y2" value="-1105"/><int name="prev" value="40"/><int name="next" value="35"/></imgdir><imgdir name="40"><int name="x1" value="-4590"/><int name="y1" value="-1105"/><int name="x2" value="-4500"/><int name="y2" value="-1105"/><int name="prev" value="45"/><int name="next" value="39"/></imgdir><imgdir name="41"><int name="x1" value="-4719"/><int name="y1" value="-1165"/><int name="x2" value="-4680"/><int name="y2" value="-1165"/><int name="prev" value="52"/><int name="next" value="42"/></imgdir><imgdir name="42"><int name="x1" value="-4680"/><int name="y1" value="-1165"/><int name="x2" value="-4641"/><int name="y2" value="-1165"/><int name="prev" value="41"/><int name="next" value="43"/></imgdir><imgdir name="43"><int name="x1" value="-4641"/><int name="y1" value="-1165"/><int name="x2" value="-4641"/><int name="y2" value="-1140"/><int name="prev" value="42"/><int name="next" value="44"/></imgdir><imgdir name="44"><int name="x1" value="-4641"/><int name="y1" value="-1140"/><int name="x2" value="-4641"/><int name="y2" value="-1105"/><int name="prev" value="43"/><int name="next" value="45"/></imgdir><imgdir name="45"><int name="x1" value="-4641"/><int name="y1" value="-1105"/><int name="x2" value="-4590"/><int name="y2" value="-1105"/><int name="prev" value="44"/><int name="next" value="40"/></imgdir><imgdir name="46"><int name="x1" value="-5169"/><int name="y1" value="-900"/><int name="x2" value="-5169"/><int name="y2" value="-960"/><int name="prev" value="62"/><int name="next" value="61"/></imgdir><imgdir name="47"><int name="x1" value="-5130"/><int name="y1" value="-1225"/><int name="x2" value="-5091"/><int name="y2" value="-1225"/><int name="prev" value="57"/><int name="next" value="58"/></imgdir><imgdir name="48"><int name="x1" value="-4950"/><int name="y1" value="-1225"/><int name="x2" value="-4860"/><int name="y2" value="-1225"/><int name="prev" value="54"/><int name="next" value="53"/></imgdir><imgdir name="49"><int name="x1" value="-4809"/><int name="y1" value="-1225"/><int name="x2" value="-4731"/><int name="y2" value="-1225"/><int name="prev" value="53"/><int name="next" value="50"/></imgdir><imgdir name="50"><int name="x1" value="-4731"/><int name="y1" value="-1225"/><int name="x2" value="-4731"/><int name="y2" value="-1200"/><int name="prev" value="49"/><int name="next" value="51"/></imgdir><imgdir name="51"><int name="x1" value="-4731"/><int name="y1" value="-1200"/><int name="x2" value="-4731"/><int name="y2" value="-1165"/><int name="prev" value="50"/><int name="next" value="52"/></imgdir><imgdir name="52"><int name="x1" value="-4731"/><int name="y1" value="-1165"/><int name="x2" value="-4719"/><int name="y2" value="-1165"/><int name="prev" value="51"/><int name="next" value="41"/></imgdir><imgdir name="53"><int name="x1" value="-4860"/><int name="y1" value="-1225"/><int name="x2" value="-4809"/><int name="y2" value="-1225"/><int name="prev" value="48"/><int name="next" value="49"/></imgdir><imgdir name="54"><int name="x1" value="-5040"/><int name="y1" value="-1225"/><int name="x2" value="-4950"/><int name="y2" value="-1225"/><int name="prev" value="58"/><int name="next" value="48"/></imgdir><imgdir name="55"><int name="x1" value="-5169"/><int name="y1" value="-1080"/><int name="x2" value="-5169"/><int name="y2" value="-1140"/><int name="prev" value="60"/><int name="next" value="59"/></imgdir><imgdir name="56"><int name="x1" value="-5169"/><int name="y1" value="-1200"/><int name="x2" value="-5169"/><int name="y2" value="-1225"/><int name="prev" value="59"/><int name="next" value="57"/></imgdir><imgdir name="57"><int name="x1" value="-5169"/><int name="y1" value="-1225"/><int name="x2" value="-5130"/><int name="y2" value="-1225"/><int name="prev" value="56"/><int name="next" value="47"/></imgdir><imgdir name="58"><int name="x1" value="-5091"/><int name="y1" value="-1225"/><int name="x2" value="-5040"/><int name="y2" value="-1225"/><int name="prev" value="47"/><int name="next" value="54"/></imgdir><imgdir name="59"><int name="x1" value="-5169"/><int name="y1" value="-1140"/><int name="x2" value="-5169"/><int name="y2" value="-1200"/><int name="prev" value="55"/><int name="next" value="56"/></imgdir><imgdir name="60"><int name="x1" value="-5169"/><int name="y1" value="-1020"/><int name="x2" value="-5169"/><int name="y2" value="-1080"/><int name="prev" value="61"/><int name="next" value="55"/></imgdir><imgdir name="61"><int name="x1" value="-5169"/><int name="y1" value="-960"/><int name="x2" value="-5169"/><int name="y2" value="-1020"/><int name="prev" value="46"/><int name="next" value="60"/></imgdir><imgdir name="62"><int name="x1" value="-5169"/><int name="y1" value="-840"/><int name="x2" value="-5169"/><int name="y2" value="-900"/><int name="prev" value="0"/><int name="next" value="46"/></imgdir></imgdir><imgdir name="6"><imgdir name="63"><int name="x1" value="-4539"/><int name="y1" value="-1320"/><int name="x2" value="-4539"/><int name="y2" value="-1345"/><int name="prev" value="0"/><int name="next" value="64"/></imgdir><imgdir name="64"><int name="x1" value="-4539"/><int name="y1" value="-1345"/><int name="x2" value="-4461"/><int name="y2" value="-1345"/><int name="prev" value="63"/><int name="next" value="65"/></imgdir><imgdir name="65"><int name="x1" value="-4461"/><int name="y1" value="-1345"/><int name="x2" value="-4410"/><int name="y2" value="-1345"/><int name="prev" value="64"/><int name="next" value="66"/></imgdir><imgdir name="66"><int name="x1" value="-4410"/><int name="y1" value="-1345"/><int name="x2" value="-4320"/><int name="y2" value="-1345"/><int name="prev" value="65"/><int name="next" value="67"/></imgdir><imgdir name="67"><int name="x1" value="-4320"/><int name="y1" value="-1345"/><int name="x2" value="-4230"/><int name="y2" value="-1345"/><int name="prev" value="66"/><int name="next" value="70"/></imgdir><imgdir name="68"><int name="x1" value="-4140"/><int name="y1" value="-1345"/><int name="x2" value="-4050"/><int name="y2" value="-1345"/><int name="prev" value="70"/><int name="next" value="69"/></imgdir><imgdir name="69"><int name="x1" value="-4050"/><int name="y1" value="-1345"/><int name="x2" value="-3960"/><int name="y2" value="-1345"/><int name="prev" value="68"/><int name="next" value="71"/></imgdir><imgdir name="70"><int name="x1" value="-4230"/><int name="y1" value="-1345"/><int name="x2" value="-4140"/><int name="y2" value="-1345"/><int name="prev" value="67"/><int name="next" value="68"/></imgdir><imgdir name="71"><int name="x1" value="-3960"/><int name="y1" value="-1345"/><int name="x2" value="-3870"/><int name="y2" value="-1345"/><int name="prev" value="69"/><int name="next" value="72"/></imgdir><imgdir name="72"><int name="x1" value="-3870"/><int name="y1" value="-1345"/><int name="x2" value="-3780"/><int name="y2" value="-1345"/><int name="prev" value="71"/><int name="next" value="77"/></imgdir><imgdir name="73"><int name="x1" value="-3690"/><int name="y1" value="-1345"/><int name="x2" value="-3639"/><int name="y2" value="-1345"/><int name="prev" value="77"/><int name="next" value="74"/></imgdir><imgdir name="74"><int name="x1" value="-3639"/><int name="y1" value="-1345"/><int name="x2" value="-3600"/><int name="y2" value="-1345"/><int name="prev" value="73"/><int name="next" value="75"/></imgdir><imgdir name="75"><int name="x1" value="-3600"/><int name="y1" value="-1345"/><int name="x2" value="-3561"/><int name="y2" value="-1345"/><int name="prev" value="74"/><int name="next" value="76"/></imgdir><imgdir name="76"><int name="x1" value="-3561"/><int name="y1" value="-1345"/><int name="x2" value="-3561"/><int name="y2" value="-1320"/><int name="prev" value="75"/><int name="next" value="0"/></imgdir><imgdir name="77"><int name="x1" value="-3780"/><int name="y1" value="-1345"/><int name="x2" value="-3690"/><int name="y2" value="-1345"/><int name="prev" value="72"/><int name="next" value="73"/></imgdir></imgdir><imgdir name="12"><imgdir name="78"><int name="x1" value="-4410"/><int name="y1" value="-1585"/><int name="x2" value="-4371"/><int name="y2" value="-1585"/><int name="prev" value="86"/><int name="next" value="87"/></imgdir><imgdir name="79"><int name="x1" value="-4320"/><int name="y1" value="-1585"/><int name="x2" value="-4230"/><int name="y2" value="-1585"/><int name="prev" value="87"/><int name="next" value="80"/></imgdir><imgdir name="80"><int name="x1" value="-4230"/><int name="y1" value="-1585"/><int name="x2" value="-4140"/><int name="y2" value="-1585"/><int name="prev" value="79"/><int name="next" value="81"/></imgdir><imgdir name="81"><int name="x1" value="-4140"/><int name="y1" value="-1585"/><int name="x2" value="-4050"/><int name="y2" value="-1585"/><int name="prev" value="80"/><int name="next" value="82"/></imgdir><imgdir name="82"><int name="x1" value="-4050"/><int name="y1" value="-1585"/><int name="x2" value="-3960"/><int name="y2" value="-1585"/><int name="prev" value="81"/><int name="next" value="84"/></imgdir><imgdir name="83"><int name="x1" value="-3870"/><int name="y1" value="-1585"/><int name="x2" value="-3819"/><int name="y2" value="-1585"/><int name="prev" value="84"/><int name="next" value="88"/></imgdir><imgdir name="84"><int name="x1" value="-3960"/><int name="y1" value="-1585"/><int name="x2" value="-3870"/><int name="y2" value="-1585"/><int name="prev" value="82"/><int name="next" value="83"/></imgdir><imgdir name="85"><int name="x1" value="-4449"/><int name="y1" value="-1560"/><int name="x2" value="-4449"/><int name="y2" value="-1585"/><int name="prev" value="0"/><int name="next" value="86"/></imgdir><imgdir name="86"><int name="x1" value="-4449"/><int name="y1" value="-1585"/><int name="x2" value="-4410"/><int name="y2" value="-1585"/><int name="prev" value="85"/><int name="next" value="78"/></imgdir><imgdir name="87"><int name="x1" value="-4371"/><int name="y1" value="-1585"/><int name="x2" value="-4320"/><int name="y2" value="-1585"/><int name="prev" value="78"/><int name="next" value="79"/></imgdir><imgdir name="88"><int name="x1" value="-3819"/><int name="y1" value="-1585"/><int name="x2" value="-3780"/><int name="y2" value="-1585"/><int name="prev" value="83"/><int name="next" value="89"/></imgdir><imgdir name="89"><int name="x1" value="-3780"/><int name="y1" value="-1585"/><int name="x2" value="-3741"/><int name="y2" value="-1585"/><int name="prev" value="88"/><int name="next" value="90"/></imgdir><imgdir name="90"><int name="x1" value="-3741"/><int name="y1" value="-1585"/><int name="x2" value="-3741"/><int name="y2" value="-1560"/><int name="prev" value="89"/><int name="next" value="0"/></imgdir></imgdir></imgdir></imgdir><imgdir name="ladderRope"><imgdir name="1"><int name="l" value="0"/><int name="uf" value="1"/><int name="x" value="-3885"/><int name="y1" value="-1343"/><int name="y2" value="-1147"/><int name="page" value="2"/></imgdir><imgdir name="2"><int name="l" value="0"/><int name="uf" value="1"/><int name="x" value="-4317"/><int name="y1" value="-1343"/><int name="y2" value="-1147"/><int name="page" value="2"/></imgdir><imgdir name="3"><int name="l" value="1"/><int name="uf" value="1"/><int name="x" value="-4042"/><int name="y1" value="-1583"/><int name="y2" value="-1347"/><int name="page" value="2"/></imgdir></imgdir><imgdir name="miniMap"><canvas name="canvas" width="192" height="65"></canvas><int name="width" value="3085"/><int name="height" value="1049"/><int name="centerX" value="5257"/><int name="centerY" value="1815"/><int name="mag" value="4"/></imgdir><imgdir name="portal"><imgdir name="0"><string name="pn" value="sp"/><int name="pt" value="0"/><int name="x" value="-2687"/><int name="y" value="-1368"/><int name="tm" value="999999999"/><string name="tn" value=""/></imgdir><imgdir name="1"><string name="pn" value="sp"/><int name="pt" value="0"/><int name="x" value="-2591"/><int name="y" value="-1365"/><int name="tm" value="999999999"/><string name="tn" value=""/></imgdir><imgdir name="2"><string name="pn" value="sp"/><int name="pt" value="0"/><int name="x" value="-2385"/><int name="y" value="-1377"/><int name="tm" value="999999999"/><string name="tn" value=""/></imgdir><imgdir name="3"><string name="pn" value="sp"/><int name="pt" value="0"/><int name="x" value="-2301"/><int name="y" value="-1384"/><int name="tm" value="999999999"/><string name="tn" value=""/></imgdir><imgdir name="4"><string name="pn" value="sp"/><int name="pt" value="0"/><int name="x" value="-2813"/><int name="y" value="-1385"/><int name="tm" value="999999999"/><string name="tn" value=""/></imgdir><imgdir name="5"><string name="pn" value="sp"/><int name="pt" value="0"/><int name="x" value="-2744"/><int name="y" value="-1361"/><int name="tm" value="999999999"/><string name="tn" value=""/></imgdir><imgdir name="6"><string name="pn" value="sp"/><int name="pt" value="0"/><int name="x" value="-2431"/><int name="y" value="-1372"/><int name="tm" value="999999999"/><string name="tn" value=""/></imgdir><imgdir name="7"><string name="pn" value="out00"/><int name="pt" value="2"/><int name="x" value="-2476"/><int name="y" value="-1226"/><int name="tm" value="100030000"/><string name="tn" value="in00"/></imgdir></imgdir></imgdir>