<?xml version="1.0" encoding="UTF-8" standalone="yes"?><imgdir name="100000005.img"><imgdir name="info"><int name="version" value="10"/><int name="cloud" value="0"/><string name="mapDesc" value=""/><int name="town" value="0"/><int name="returnMap" value="100000000"/><float name="mobRate" value="1.3"/><string name="bgm" value="Bgm00/FloralLife"/><int name="hideMinimap" value="0"/><int name="forcedReturn" value="100000000"/><int name="moveLimit" value="0"/><string name="mapMark" value="Henesys"/><int name="fieldLimit" value="8264"/><int name="swim" value="0"/></imgdir><imgdir name="back"><imgdir name="0"><string name="bS" value="grassySoil"/><int name="no" value="0"/><int name="x" value="0"/><int name="y" value="0"/><int name="rx" value="0"/><int name="ry" value="0"/><int name="type" value="3"/><int name="cx" value="0"/><int name="cy" value="0"/><int name="a" value="255"/><int name="front" value="0"/><int name="ani" value="0"/><int name="f" value="0"/></imgdir><imgdir name="1"><string name="bS" value="grassySoil"/><int name="no" value="1"/><int name="x" value="-57"/><int name="y" value="-167"/><int name="rx" value="-5"/><int name="ry" value="0"/><int name="type" value="4"/><int name="cx" value="0"/><int name="cy" value="0"/><int name="a" value="255"/><int name="front" value="0"/><int name="ani" value="0"/><int name="f" value="0"/></imgdir><imgdir name="2"><string name="bS" value="grassySoil"/><int name="no" value="2"/><int name="x" value="367"/><int name="y" value="119"/><int name="rx" value="-10"/><int name="ry" value="-10"/><int name="type" value="0"/><int name="cx" value="0"/><int name="cy" value="0"/><int name="a" value="255"/><int name="front" value="0"/><int name="ani" value="0"/><int name="f" value="0"/></imgdir><imgdir name="3"><string name="bS" value="grassySoil"/><int name="no" value="3"/><int name="x" value="246"/><int name="y" value="-185"/><int name="rx" value="-10"/><int name="ry" value="-10"/><int name="type" value="0"/><int name="cx" value="0"/><int name="cy" value="0"/><int name="a" value="255"/><int name="front" value="0"/><int name="ani" value="0"/><int name="f" value="0"/></imgdir><imgdir name="4"><string name="bS" value="grassySoil"/><int name="no" value="6"/><int name="x" value="-65"/><int name="y" value="161"/><int name="rx" value="-20"/><int name="ry" value="-15"/><int name="type" value="0"/><int name="cx" value="0"/><int name="cy" value="0"/><int name="a" value="255"/><int name="front" value="0"/><int name="ani" value="0"/><int name="f" value="0"/></imgdir><imgdir name="5"><string name="bS" value="grassySoil"/><int name="no" value="4"/><int name="x" value="958"/><int name="y" value="179"/><int name="rx" value="-20"/><int name="ry" value="-15"/><int name="type" value="0"/><int name="cx" value="0"/><int name="cy" value="0"/><int name="a" value="255"/><int name="front" value="0"/><int name="ani" value="0"/><int name="f" value="0"/></imgdir></imgdir><imgdir name="life"><imgdir name="0"><string name="type" value="m"/><string name="id" value="6130101"/><int name="x" value="-649"/><int name="y" value="204"/><int name="mobTime" value="1800"/><int name="f" value="0"/><int name="fh" value="29"/><int name="cy" value="215"/><int name="rx0" value="-1189"/><int name="rx1" value="-251"/></imgdir><imgdir name="1"><string name="type" value="m"/><string name="id" value="4230103"/><int name="x" value="-799"/><int name="y" value="195"/><int name="mobTime" value="0"/><int name="f" value="0"/><int name="fh" value="30"/><int name="cy" value="215"/><int name="rx0" value="-1189"/><int name="rx1" value="-251"/></imgdir><imgdir name="2"><string name="type" value="m"/><string name="id" value="4230103"/><int name="x" value="-942"/><int name="y" value="190"/><int name="mobTime" value="0"/><int name="f" value="0"/><int name="fh" value="32"/><int name="cy" value="215"/><int name="rx0" value="-1189"/><int name="rx1" value="-251"/></imgdir><imgdir name="3"><string name="type" value="m"/><string name="id" value="4230103"/><int name="x" value="-512"/><int name="y" value="192"/><int name="mobTime" value="0"/><int name="f" value="0"/><int name="fh" value="28"/><int name="cy" value="215"/><int name="rx0" value="-1189"/><int name="rx1" value="-251"/></imgdir><imgdir name="4"><string name="type" value="m"/><string name="id" value="4230103"/><int name="x" value="-340"/><int name="y" value="198"/><int name="mobTime" value="0"/><int name="f" value="0"/><int name="fh" value="40"/><int name="cy" value="215"/><int name="rx0" value="-1189"/><int name="rx1" value="-251"/></imgdir><imgdir name="5"><string name="type" value="m"/><string name="id" value="4230103"/><int name="x" value="-900"/><int name="y" value="-139"/><int name="mobTime" value="0"/><int name="f" value="0"/><int name="fh" value="9"/><int name="cy" value="-115"/><int name="rx0" value="-1054"/><int name="rx1" value="-476"/></imgdir><imgdir name="6"><string name="type" value="m"/><string name="id" value="4230103"/><int name="x" value="-758"/><int name="y" value="-137"/><int name="mobTime" value="0"/><int name="f" value="0"/><int name="fh" value="11"/><int name="cy" value="-115"/><int name="rx0" value="-1054"/><int name="rx1" value="-476"/></imgdir><imgdir name="7"><string name="type" value="m"/><string name="id" value="4230103"/><int name="x" value="-581"/><int name="y" value="-139"/><int name="mobTime" value="0"/><int name="f" value="0"/><int name="fh" value="17"/><int name="cy" value="-115"/><int name="rx0" value="-1054"/><int name="rx1" value="-476"/></imgdir><imgdir name="8"><string name="type" value="m"/><string name="id" value="4230103"/><int name="x" value="-821"/><int name="y" value="-323"/><int name="mobTime" value="0"/><int name="f" value="0"/><int name="fh" value="22"/><int name="cy" value="-295"/><int name="rx0" value="-964"/><int name="rx1" value="-566"/></imgdir><imgdir name="9"><string name="type" value="m"/><string name="id" value="4230103"/><int name="x" value="-666"/><int name="y" value="-326"/><int name="mobTime" value="0"/><int name="f" value="0"/><int name="fh" value="21"/><int name="cy" value="-295"/><int name="rx0" value="-964"/><int name="rx1" value="-566"/></imgdir><imgdir name="10"><string name="type" value="m"/><string name="id" value="4230103"/><int name="x" value="-743"/><int name="y" value="-324"/><int name="mobTime" value="0"/><int name="f" value="0"/><int name="fh" value="23"/><int name="cy" value="-295"/><int name="rx0" value="-964"/><int name="rx1" value="-566"/></imgdir><imgdir name="11"><string name="type" value="m"/><string name="id" value="4230103"/><int name="x" value="-669"/><int name="y" value="-139"/><int name="mobTime" value="1"/><int name="f" value="0"/><int name="fh" value="18"/><int name="cy" value="-115"/><int name="rx0" value="-1054"/><int name="rx1" value="-476"/></imgdir><imgdir name="12"><string name="type" value="m"/><string name="id" value="4230103"/><int name="x" value="-429"/><int name="y" value="194"/><int name="mobTime" value="0"/><int name="f" value="0"/><int name="fh" value="35"/><int name="cy" value="215"/><int name="rx0" value="-1189"/><int name="rx1" value="-251"/></imgdir><imgdir name="13"><string name="type" value="m"/><string name="id" value="4230103"/><int name="x" value="-858"/><int name="y" value="192"/><int name="mobTime" value="0"/><int name="f" value="0"/><int name="fh" value="31"/><int name="cy" value="215"/><int name="rx0" value="-1189"/><int name="rx1" value="-251"/></imgdir><imgdir name="14"><string name="type" value="m"/><string name="id" value="3000002"/><int name="x" value="-536"/><int name="y" value="157"/><int name="mobTime" value="180"/><int name="f" value="0"/><int name="fh" value="28"/><int name="cy" value="215"/><int name="rx0" value="-1189"/><int name="rx1" value="-251"/></imgdir><imgdir name="15"><string name="type" value="m"/><string name="id" value="3000002"/><int name="x" value="-856"/><int name="y" value="-158"/><int name="mobTime" value="180"/><int name="f" value="0"/><int name="fh" value="9"/><int name="cy" value="-115"/><int name="rx0" value="-1054"/><int name="rx1" value="-476"/></imgdir><imgdir name="16"><string name="type" value="m"/><string name="id" value="9400568"/><int name="x" value="-737"/><int name="y" value="162"/><int name="mobTime" value="0"/><int name="f" value="0"/><int name="hide" value="0"/><int name="fh" value="30"/><int name="cy" value="215"/><int name="rx0" value="-1189"/><int name="rx1" value="-251"/></imgdir><imgdir name="17"><string name="type" value="m"/><string name="id" value="9400568"/><int name="x" value="-901"/><int name="y" value="191"/><int name="mobTime" value="0"/><int name="f" value="0"/><int name="hide" value="0"/><int name="fh" value="32"/><int name="cy" value="215"/><int name="rx0" value="-1189"/><int name="rx1" value="-251"/></imgdir><imgdir name="18"><string name="type" value="m"/><string name="id" value="9400568"/><int name="x" value="-600"/><int name="y" value="-169"/><int name="mobTime" value="0"/><int name="f" value="0"/><int name="hide" value="0"/><int name="fh" value="18"/><int name="cy" value="-115"/><int name="rx0" value="-1054"/><int name="rx1" value="-476"/></imgdir><imgdir name="19"><string name="type" value="m"/><string name="id" value="9400568"/><int name="x" value="-953"/><int name="y" value="-167"/><int name="mobTime" value="0"/><int name="f" value="0"/><int name="hide" value="0"/><int name="fh" value="16"/><int name="cy" value="-115"/><int name="rx0" value="-1054"/><int name="rx1" value="-476"/></imgdir><imgdir name="20"><string name="type" value="m"/><string name="id" value="9400568"/><int name="x" value="-707"/><int name="y" value="-340"/><int name="mobTime" value="0"/><int name="f" value="0"/><int name="hide" value="0"/><int name="fh" value="23"/><int name="cy" value="-295"/><int name="rx0" value="-964"/><int name="rx1" value="-566"/></imgdir><imgdir name="21"><string name="type" value="m"/><string name="id" value="9400568"/><int name="x" value="-604"/><int name="y" value="154"/><int name="mobTime" value="0"/><int name="f" value="0"/><int name="hide" value="0"/><int name="fh" value="38"/><int name="cy" value="215"/><int name="rx0" value="-1189"/><int name="rx1" value="-251"/></imgdir></imgdir><imgdir name="0"><imgdir name="info"></imgdir><imgdir name="tile"></imgdir><imgdir name="obj"><imgdir name="0"><string name="oS" value="acc1"/><string name="l0" value="grassySoil"/><string name="l1" value="nature"/><string name="l2" value="8"/><int name="x" value="-793"/><int name="y" value="-451"/><int name="z" value="1"/><int name="f" value="0"/><int name="zM" value="22"/></imgdir><imgdir name="1"><string name="oS" value="acc1"/><string name="l0" value="grassySoil"/><string name="l1" value="nature"/><string name="l2" value="8"/><int name="x" value="-737"/><int name="y" value="-450"/><int name="z" value="2"/><int name="f" value="0"/><int name="zM" value="22"/></imgdir><imgdir name="2"><string name="oS" value="acc1"/><string name="l0" value="grassySoil"/><string name="l1" value="nature"/><string name="l2" value="8"/><int name="x" value="-678"/><int name="y" value="-448"/><int name="z" value="5"/><int name="f" value="0"/><int name="zM" value="22"/></imgdir><imgdir name="3"><string name="oS" value="acc1"/><string name="l0" value="grassySoil"/><string name="l1" value="nature"/><string name="l2" value="4"/><int name="x" value="-731"/><int name="y" value="-470"/><int name="z" value="3"/><int name="f" value="0"/><int name="zM" value="22"/></imgdir><imgdir name="4"><string name="oS" value="acc1"/><string name="l0" value="grassySoil"/><string name="l1" value="nature"/><string name="l2" value="3"/><int name="x" value="-705"/><int name="y" value="-469"/><int name="z" value="4"/><int name="f" value="0"/><int name="zM" value="22"/></imgdir><imgdir name="5"><string name="oS" value="acc1"/><string name="l0" value="grassySoil"/><string name="l1" value="nature"/><string name="l2" value="3"/><int name="x" value="-681"/><int name="y" value="-469"/><int name="z" value="3"/><int name="f" value="0"/><int name="zM" value="22"/></imgdir><imgdir name="6"><string name="oS" value="acc1"/><string name="l0" value="grassySoil"/><string name="l1" value="nature"/><string name="l2" value="4"/><int name="x" value="-666"/><int name="y" value="-470"/><int name="z" value="2"/><int name="f" value="0"/><int name="zM" value="22"/></imgdir><imgdir name="7"><string name="oS" value="acc1"/><string name="l0" value="grassySoil"/><string name="l1" value="nature"/><string name="l2" value="21"/><int name="x" value="-733"/><int name="y" value="-515"/><int name="z" value="7"/><int name="f" value="0"/><int name="zM" value="23"/></imgdir><imgdir name="8"><string name="oS" value="acc1"/><string name="l0" value="grassySoil"/><string name="l1" value="artificiality"/><string name="l2" value="33"/><int name="x" value="-783"/><int name="y" value="-517"/><int name="z" value="0"/><int name="f" value="0"/><int name="zM" value="22"/></imgdir></imgdir></imgdir><imgdir name="1"><imgdir name="info"><string name="tS" value="grassySoil"/></imgdir><imgdir name="tile"><imgdir name="0"><int name="x" value="-630"/><int name="y" value="-420"/><string name="u" value="edU"/><int name="no" value="1"/><int name="zM" value="20"/></imgdir><imgdir name="1"><int name="x" value="-630"/><int name="y" value="-420"/><string name="u" value="edD"/><int name="no" value="0"/><int name="zM" value="20"/></imgdir><imgdir name="6"><int name="x" value="-900"/><int name="y" value="-420"/><string name="u" value="edU"/><int name="no" value="1"/><int name="zM" value="20"/></imgdir><imgdir name="7"><int name="x" value="-900"/><int name="y" value="-420"/><string name="u" value="edD"/><int name="no" value="0"/><int name="zM" value="20"/></imgdir><imgdir name="8"><int name="x" value="-900"/><int name="y" value="-420"/><string name="u" value="enH0"/><int name="no" value="0"/><int name="zM" value="20"/></imgdir><imgdir name="9"><int name="x" value="-900"/><int name="y" value="-420"/><string name="u" value="enH1"/><int name="no" value="0"/><int name="zM" value="20"/></imgdir><imgdir name="4"><int name="x" value="-810"/><int name="y" value="-420"/><string name="u" value="enH1"/><int name="no" value="1"/><int name="zM" value="20"/></imgdir><imgdir name="5"><int name="x" value="-810"/><int name="y" value="-420"/><string name="u" value="enH0"/><int name="no" value="0"/><int name="zM" value="20"/></imgdir><imgdir name="2"><int name="x" value="-720"/><int name="y" value="-420"/><string name="u" value="enH1"/><int name="no" value="1"/><int name="zM" value="20"/></imgdir><imgdir name="3"><int name="x" value="-720"/><int name="y" value="-420"/><string name="u" value="enH0"/><int name="no" value="1"/><int name="zM" value="20"/></imgdir></imgdir><imgdir name="obj"></imgdir></imgdir><imgdir name="2"><imgdir name="info"><string name="tS" value="grassySoil"/></imgdir><imgdir name="tile"><imgdir name="15"><int name="x" value="-675"/><int name="y" value="-90"/><string name="u" value="enH1"/><int name="no" value="1"/><int name="zM" value="9"/></imgdir><imgdir name="14"><int name="x" value="-675"/><int name="y" value="-90"/><string name="u" value="enH0"/><int name="no" value="1"/><int name="zM" value="9"/></imgdir><imgdir name="13"><int name="x" value="-585"/><int name="y" value="-90"/><string name="u" value="enH1"/><int name="no" value="1"/><int name="zM" value="9"/></imgdir><imgdir name="12"><int name="x" value="-585"/><int name="y" value="-90"/><string name="u" value="enH0"/><int name="no" value="0"/><int name="zM" value="9"/></imgdir><imgdir name="9"><int name="x" value="-495"/><int name="y" value="-90"/><string name="u" value="edD"/><int name="no" value="0"/><int name="zM" value="9"/></imgdir><imgdir name="8"><int name="x" value="-495"/><int name="y" value="-90"/><string name="u" value="edU"/><int name="no" value="1"/><int name="zM" value="9"/></imgdir><imgdir name="10"><int name="x" value="-1035"/><int name="y" value="-90"/><string name="u" value="edD"/><int name="no" value="0"/><int name="zM" value="9"/></imgdir><imgdir name="11"><int name="x" value="-1035"/><int name="y" value="-90"/><string name="u" value="edU"/><int name="no" value="1"/><int name="zM" value="9"/></imgdir><imgdir name="7"><int name="x" value="-765"/><int name="y" value="-90"/><string name="u" value="enH0"/><int name="no" value="0"/><int name="zM" value="9"/></imgdir><imgdir name="6"><int name="x" value="-765"/><int name="y" value="-90"/><string name="u" value="enH1"/><int name="no" value="1"/><int name="zM" value="9"/></imgdir><imgdir name="5"><int name="x" value="-855"/><int name="y" value="-90"/><string name="u" value="enH0"/><int name="no" value="1"/><int name="zM" value="9"/></imgdir><imgdir name="4"><int name="x" value="-855"/><int name="y" value="-90"/><string name="u" value="enH1"/><int name="no" value="1"/><int name="zM" value="9"/></imgdir><imgdir name="2"><int name="x" value="-945"/><int name="y" value="-90"/><string name="u" value="enH0"/><int name="no" value="1"/><int name="zM" value="9"/></imgdir><imgdir name="3"><int name="x" value="-945"/><int name="y" value="-90"/><string name="u" value="enH1"/><int name="no" value="0"/><int name="zM" value="9"/></imgdir><imgdir name="1"><int name="x" value="-1035"/><int name="y" value="-90"/><string name="u" value="enH0"/><int name="no" value="0"/><int name="zM" value="9"/></imgdir><imgdir name="0"><int name="x" value="-1035"/><int name="y" value="-90"/><string name="u" value="enH1"/><int name="no" value="1"/><int name="zM" value="9"/></imgdir><imgdir name="22"><int name="x" value="-765"/><int name="y" value="-270"/><string name="u" value="enH1"/><int name="no" value="1"/><int name="zM" value="15"/></imgdir><imgdir name="23"><int name="x" value="-765"/><int name="y" value="-270"/><string name="u" value="enH0"/><int name="no" value="1"/><int name="zM" value="15"/></imgdir><imgdir name="20"><int name="x" value="-855"/><int name="y" value="-270"/><string name="u" value="enH1"/><int name="no" value="1"/><int name="zM" value="15"/></imgdir><imgdir name="21"><int name="x" value="-855"/><int name="y" value="-270"/><string name="u" value="enH0"/><int name="no" value="0"/><int name="zM" value="15"/></imgdir><imgdir name="19"><int name="x" value="-675"/><int name="y" value="-270"/><string name="u" value="enH1"/><int name="no" value="0"/><int name="zM" value="15"/></imgdir><imgdir name="18"><int name="x" value="-675"/><int name="y" value="-270"/><string name="u" value="enH0"/><int name="no" value="1"/><int name="zM" value="15"/></imgdir><imgdir name="16"><int name="x" value="-585"/><int name="y" value="-270"/><string name="u" value="edD"/><int name="no" value="0"/><int name="zM" value="15"/></imgdir><imgdir name="17"><int name="x" value="-585"/><int name="y" value="-270"/><string name="u" value="edU"/><int name="no" value="0"/><int name="zM" value="15"/></imgdir><imgdir name="24"><int name="x" value="-945"/><int name="y" value="-270"/><string name="u" value="edU"/><int name="no" value="1"/><int name="zM" value="15"/></imgdir><imgdir name="25"><int name="x" value="-945"/><int name="y" value="-270"/><string name="u" value="edD"/><int name="no" value="0"/><int name="zM" value="15"/></imgdir><imgdir name="26"><int name="x" value="-945"/><int name="y" value="-270"/><string name="u" value="enH0"/><int name="no" value="1"/><int name="zM" value="15"/></imgdir><imgdir name="27"><int name="x" value="-945"/><int name="y" value="-270"/><string name="u" value="enH1"/><int name="no" value="0"/><int name="zM" value="15"/></imgdir></imgdir><imgdir name="obj"><imgdir name="0"><string name="oS" value="houseGS"/><string name="l0" value="house6"/><string name="l1" value="basic"/><string name="l2" value="0"/><int name="x" value="-602"/><int name="y" value="134"/><int name="z" value="1"/><int name="f" value="0"/><int name="zM" value="1"/></imgdir><imgdir name="1"><string name="oS" value="houseGS"/><string name="l0" value="house6"/><string name="l1" value="basic"/><string name="l2" value="1"/><int name="x" value="-592"/><int name="y" value="32"/><int name="z" value="2"/><int name="f" value="0"/><int name="zM" value="1"/></imgdir><imgdir name="2"><string name="oS" value="houseGS"/><string name="l0" value="house6"/><string name="l1" value="deco"/><string name="l2" value="0"/><int name="x" value="-586"/><int name="y" value="31"/><int name="z" value="4"/><int name="f" value="0"/><int name="zM" value="1"/></imgdir><imgdir name="3"><string name="oS" value="door"/><string name="l0" value="grassySoil"/><string name="l1" value="door"/><string name="l2" value="9"/><int name="x" value="-653"/><int name="y" value="149"/><int name="z" value="3"/><int name="f" value="0"/><int name="zM" value="1"/></imgdir><imgdir name="4"><string name="oS" value="door"/><string name="l0" value="grassySoil"/><string name="l1" value="door"/><string name="l2" value="12"/><int name="x" value="-652"/><int name="y" value="173"/><int name="z" value="2"/><int name="f" value="0"/><int name="zM" value="1"/></imgdir><imgdir name="5"><string name="oS" value="door"/><string name="l0" value="grassySoil"/><string name="l1" value="window"/><string name="l2" value="1"/><int name="x" value="-528"/><int name="y" value="140"/><int name="z" value="3"/><int name="f" value="0"/><int name="zM" value="1"/></imgdir><imgdir name="6"><string name="oS" value="house"/><string name="l0" value="grassySoil"/><string name="l1" value="accessory"/><string name="l2" value="0"/><int name="x" value="-540"/><int name="y" value="136"/><int name="z" value="4"/><int name="f" value="0"/><int name="zM" value="1"/></imgdir><imgdir name="7"><string name="oS" value="house"/><string name="l0" value="grassySoil"/><string name="l1" value="accessory"/><string name="l2" value="1"/><int name="x" value="-528"/><int name="y" value="11"/><int name="z" value="5"/><int name="f" value="0"/><int name="zM" value="1"/></imgdir><imgdir name="8"><string name="oS" value="acc1"/><string name="l0" value="grassySoil"/><string name="l1" value="nature"/><string name="l2" value="17"/><int name="x" value="-1103"/><int name="y" value="183"/><int name="z" value="3"/><int name="f" value="0"/><int name="zM" value="4"/></imgdir><imgdir name="9"><string name="oS" value="acc1"/><string name="l0" value="grassySoil"/><string name="l1" value="nature"/><string name="l2" value="13"/><int name="x" value="-410"/><int name="y" value="157"/><int name="z" value="0"/><int name="f" value="0"/><int name="zM" value="1"/></imgdir><imgdir name="10"><string name="oS" value="acc1"/><string name="l0" value="grassySoil"/><string name="l1" value="nature"/><string name="l2" value="13"/><int name="x" value="-777"/><int name="y" value="163"/><int name="z" value="0"/><int name="f" value="0"/><int name="zM" value="1"/></imgdir><imgdir name="11"><string name="oS" value="acc1"/><string name="l0" value="darkWood"/><string name="l1" value="nature"/><string name="l2" value="20"/><int name="x" value="-969"/><int name="y" value="206"/><int name="z" value="2"/><int name="f" value="0"/><int name="zM" value="1"/></imgdir><imgdir name="12"><string name="oS" value="acc1"/><string name="l0" value="darkWood"/><string name="l1" value="nature"/><string name="l2" value="20"/><int name="x" value="-1085"/><int name="y" value="204"/><int name="z" value="1"/><int name="f" value="0"/><int name="zM" value="1"/></imgdir><imgdir name="13"><string name="oS" value="acc1"/><string name="l0" value="grassySoil"/><string name="l1" value="nature"/><string name="l2" value="5"/><int name="x" value="-472"/><int name="y" value="182"/><int name="z" value="4"/><int name="f" value="0"/><int name="zM" value="1"/></imgdir><imgdir name="14"><string name="oS" value="acc1"/><string name="l0" value="grassySoil"/><string name="l1" value="nature"/><string name="l2" value="8"/><int name="x" value="-726"/><int name="y" value="206"/><int name="z" value="4"/><int name="f" value="0"/><int name="zM" value="1"/></imgdir><imgdir name="15"><string name="oS" value="acc1"/><string name="l0" value="grassySoil"/><string name="l1" value="nature"/><string name="l2" value="8"/><int name="x" value="-795"/><int name="y" value="206"/><int name="z" value="3"/><int name="f" value="0"/><int name="zM" value="1"/></imgdir><imgdir name="16"><string name="oS" value="acc1"/><string name="l0" value="grassySoil"/><string name="l1" value="nature"/><string name="l2" value="8"/><int name="x" value="-866"/><int name="y" value="208"/><int name="z" value="3"/><int name="f" value="0"/><int name="zM" value="1"/></imgdir><imgdir name="17"><string name="oS" value="acc1"/><string name="l0" value="grassySoil"/><string name="l1" value="nature"/><string name="l2" value="8"/><int name="x" value="-937"/><int name="y" value="207"/><int name="z" value="3"/><int name="f" value="0"/><int name="zM" value="1"/></imgdir><imgdir name="18"><string name="oS" value="acc1"/><string name="l0" value="darkWood"/><string name="l1" value="nature"/><string name="l2" value="20"/><int name="x" value="-1002"/><int name="y" value="-126"/><int name="z" value="1"/><int name="f" value="0"/><int name="zM" value="9"/></imgdir><imgdir name="19"><string name="oS" value="acc1"/><string name="l0" value="grassySoil"/><string name="l1" value="nature"/><string name="l2" value="5"/><int name="x" value="-889"/><int name="y" value="-151"/><int name="z" value="4"/><int name="f" value="0"/><int name="zM" value="9"/></imgdir><imgdir name="20"><string name="oS" value="acc1"/><string name="l0" value="grassySoil"/><string name="l1" value="nature"/><string name="l2" value="6"/><int name="x" value="-864"/><int name="y" value="-143"/><int name="z" value="3"/><int name="f" value="0"/><int name="zM" value="9"/></imgdir><imgdir name="21"><string name="oS" value="acc1"/><string name="l0" value="grassySoil"/><string name="l1" value="nature"/><string name="l2" value="6"/><int name="x" value="-841"/><int name="y" value="-141"/><int name="z" value="2"/><int name="f" value="0"/><int name="zM" value="9"/></imgdir><imgdir name="22"><string name="oS" value="acc1"/><string name="l0" value="grassySoil"/><string name="l1" value="nature"/><string name="l2" value="19"/><int name="x" value="-821"/><int name="y" value="-212"/><int name="z" value="5"/><int name="f" value="0"/><int name="zM" value="12"/></imgdir><imgdir name="23"><string name="oS" value="acc1"/><string name="l0" value="darkWood"/><string name="l1" value="nature"/><string name="l2" value="20"/><int name="x" value="-691"/><int name="y" value="-306"/><int name="z" value="2"/><int name="f" value="0"/><int name="zM" value="15"/></imgdir><imgdir name="24"><string name="oS" value="acc1"/><string name="l0" value="grassySoil"/><string name="l1" value="nature"/><string name="l2" value="4"/><int name="x" value="-782"/><int name="y" value="-317"/><int name="z" value="3"/><int name="f" value="0"/><int name="zM" value="15"/></imgdir><imgdir name="25"><string name="oS" value="acc1"/><string name="l0" value="grassySoil"/><string name="l1" value="nature"/><string name="l2" value="3"/><int name="x" value="-753"/><int name="y" value="-320"/><int name="z" value="4"/><int name="f" value="0"/><int name="zM" value="15"/></imgdir><imgdir name="26"><string name="oS" value="acc1"/><string name="l0" value="grassySoil"/><string name="l1" value="nature"/><string name="l2" value="4"/><int name="x" value="-734"/><int name="y" value="-320"/><int name="z" value="3"/><int name="f" value="0"/><int name="zM" value="15"/></imgdir><imgdir name="27"><string name="oS" value="acc1"/><string name="l0" value="grassySoil"/><string name="l1" value="nature"/><string name="l2" value="3"/><int name="x" value="-711"/><int name="y" value="-319"/><int name="z" value="5"/><int name="f" value="0"/><int name="zM" value="15"/></imgdir><imgdir name="28"><string name="oS" value="acc1"/><string name="l0" value="grassySoil"/><string name="l1" value="nature"/><string name="l2" value="21"/><int name="x" value="-776"/><int name="y" value="-371"/><int name="z" value="6"/><int name="f" value="0"/><int name="zM" value="18"/></imgdir><imgdir name="29"><string name="oS" value="connect"/><string name="l0" value="rope"/><string name="l1" value="3"/><string name="l2" value="0"/><int name="x" value="-887"/><int name="y" value="-423"/><int name="z" value="3"/><int name="f" value="0"/><int name="zM" value="21"/></imgdir><imgdir name="30"><string name="oS" value="connect"/><string name="l0" value="rope"/><string name="l1" value="3"/><string name="l2" value="1"/><int name="x" value="-886"/><int name="y" value="-382"/><int name="z" value="3"/><int name="f" value="0"/><int name="zM" value="19"/></imgdir><imgdir name="31"><string name="oS" value="connect"/><string name="l0" value="rope"/><string name="l1" value="3"/><string name="l2" value="2"/><int name="x" value="-886"/><int name="y" value="-352"/><int name="z" value="3"/><int name="f" value="0"/><int name="zM" value="17"/></imgdir></imgdir></imgdir><imgdir name="3"><imgdir name="info"><string name="tS" value="grassySoil"/></imgdir><imgdir name="tile"><imgdir name="38"><int name="x" value="-450"/><int name="y" value="240"/><string name="u" value="bsc"/><int name="no" value="0"/><int name="zM" value="0"/></imgdir><imgdir name="20"><int name="x" value="-630"/><int name="y" value="300"/><string name="u" value="bsc"/><int name="no" value="1"/><int name="zM" value="0"/></imgdir><imgdir name="39"><int name="x" value="-450"/><int name="y" value="300"/><string name="u" value="bsc"/><int name="no" value="1"/><int name="zM" value="0"/></imgdir><imgdir name="35"><int name="x" value="-360"/><int name="y" value="360"/><string name="u" value="enH1"/><int name="no" value="0"/><int name="zM" value="0"/></imgdir><imgdir name="31"><int name="x" value="-540"/><int name="y" value="360"/><string name="u" value="enH1"/><int name="no" value="0"/><int name="zM" value="0"/></imgdir><imgdir name="36"><int name="x" value="-630"/><int name="y" value="360"/><string name="u" value="enH1"/><int name="no" value="0"/><int name="zM" value="0"/></imgdir><imgdir name="5"><int name="x" value="-720"/><int name="y" value="360"/><string name="u" value="enH1"/><int name="no" value="1"/><int name="zM" value="0"/></imgdir><imgdir name="26"><int name="x" value="-810"/><int name="y" value="360"/><string name="u" value="enH1"/><int name="no" value="0"/><int name="zM" value="0"/></imgdir><imgdir name="18"><int name="x" value="-990"/><int name="y" value="360"/><string name="u" value="enH1"/><int name="no" value="1"/><int name="zM" value="0"/></imgdir><imgdir name="21"><int name="x" value="-450"/><int name="y" value="360"/><string name="u" value="enH1"/><int name="no" value="0"/><int name="zM" value="0"/></imgdir><imgdir name="24"><int name="x" value="-1170"/><int name="y" value="360"/><string name="u" value="edD"/><int name="no" value="0"/><int name="zM" value="0"/></imgdir><imgdir name="30"><int name="x" value="-1170"/><int name="y" value="300"/><string name="u" value="enV0"/><int name="no" value="1"/><int name="zM" value="0"/></imgdir><imgdir name="16"><int name="x" value="-1170"/><int name="y" value="240"/><string name="u" value="enH0"/><int name="no" value="1"/><int name="zM" value="0"/></imgdir><imgdir name="0"><int name="x" value="-1080"/><int name="y" value="240"/><string name="u" value="enH0"/><int name="no" value="0"/><int name="zM" value="0"/></imgdir><imgdir name="13"><int name="x" value="-990"/><int name="y" value="240"/><string name="u" value="enH0"/><int name="no" value="0"/><int name="zM" value="0"/></imgdir><imgdir name="12"><int name="x" value="-900"/><int name="y" value="240"/><string name="u" value="enH0"/><int name="no" value="1"/><int name="zM" value="0"/></imgdir><imgdir name="7"><int name="x" value="-540"/><int name="y" value="240"/><string name="u" value="enH0"/><int name="no" value="1"/><int name="zM" value="0"/></imgdir><imgdir name="14"><int name="x" value="-1170"/><int name="y" value="240"/><string name="u" value="edU"/><int name="no" value="0"/><int name="zM" value="0"/></imgdir><imgdir name="15"><int name="x" value="-450"/><int name="y" value="240"/><string name="u" value="enH0"/><int name="no" value="0"/><int name="zM" value="0"/></imgdir><imgdir name="11"><int name="x" value="-810"/><int name="y" value="300"/><string name="u" value="bsc"/><int name="no" value="0"/><int name="zM" value="0"/></imgdir><imgdir name="41"><int name="x" value="-990"/><int name="y" value="300"/><string name="u" value="bsc"/><int name="no" value="4"/><int name="zM" value="0"/></imgdir><imgdir name="25"><int name="x" value="-720"/><int name="y" value="300"/><string name="u" value="bsc"/><int name="no" value="0"/><int name="zM" value="0"/></imgdir><imgdir name="19"><int name="x" value="-1170"/><int name="y" value="300"/><string name="u" value="bsc"/><int name="no" value="2"/><int name="zM" value="0"/></imgdir><imgdir name="10"><int name="x" value="-1170"/><int name="y" value="240"/><string name="u" value="bsc"/><int name="no" value="2"/><int name="zM" value="0"/></imgdir><imgdir name="8"><int name="x" value="-720"/><int name="y" value="240"/><string name="u" value="enH0"/><int name="no" value="1"/><int name="zM" value="0"/></imgdir><imgdir name="22"><int name="x" value="-1080"/><int name="y" value="240"/><string name="u" value="bsc"/><int name="no" value="0"/><int name="zM" value="0"/></imgdir><imgdir name="17"><int name="x" value="-1170"/><int name="y" value="240"/><string name="u" value="enV0"/><int name="no" value="0"/><int name="zM" value="0"/></imgdir><imgdir name="28"><int name="x" value="-900"/><int name="y" value="240"/><string name="u" value="bsc"/><int name="no" value="2"/><int name="zM" value="0"/></imgdir><imgdir name="6"><int name="x" value="-360"/><int name="y" value="300"/><string name="u" value="bsc"/><int name="no" value="0"/><int name="zM" value="0"/></imgdir><imgdir name="27"><int name="x" value="-630"/><int name="y" value="240"/><string name="u" value="enH0"/><int name="no" value="1"/><int name="zM" value="0"/></imgdir><imgdir name="34"><int name="x" value="-540"/><int name="y" value="300"/><string name="u" value="bsc"/><int name="no" value="4"/><int name="zM" value="0"/></imgdir><imgdir name="2"><int name="x" value="-630"/><int name="y" value="240"/><string name="u" value="bsc"/><int name="no" value="3"/><int name="zM" value="0"/></imgdir><imgdir name="3"><int name="x" value="-810"/><int name="y" value="240"/><string name="u" value="bsc"/><int name="no" value="2"/><int name="zM" value="0"/></imgdir><imgdir name="32"><int name="x" value="-720"/><int name="y" value="240"/><string name="u" value="bsc"/><int name="no" value="0"/><int name="zM" value="0"/></imgdir><imgdir name="40"><int name="x" value="-540"/><int name="y" value="240"/><string name="u" value="bsc"/><int name="no" value="0"/><int name="zM" value="0"/></imgdir><imgdir name="33"><int name="x" value="-990"/><int name="y" value="240"/><string name="u" value="bsc"/><int name="no" value="4"/><int name="zM" value="0"/></imgdir><imgdir name="4"><int name="x" value="-900"/><int name="y" value="360"/><string name="u" value="enH1"/><int name="no" value="0"/><int name="zM" value="0"/></imgdir><imgdir name="9"><int name="x" value="-810"/><int name="y" value="240"/><string name="u" value="enH0"/><int name="no" value="1"/><int name="zM" value="0"/></imgdir><imgdir name="29"><int name="x" value="-1170"/><int name="y" value="360"/><string name="u" value="enH1"/><int name="no" value="1"/><int name="zM" value="0"/></imgdir><imgdir name="1"><int name="x" value="-900"/><int name="y" value="300"/><string name="u" value="bsc"/><int name="no" value="1"/><int name="zM" value="0"/></imgdir><imgdir name="23"><int name="x" value="-1080"/><int name="y" value="360"/><string name="u" value="enH1"/><int name="no" value="1"/><int name="zM" value="0"/></imgdir><imgdir name="37"><int name="x" value="-1080"/><int name="y" value="300"/><string name="u" value="bsc"/><int name="no" value="4"/><int name="zM" value="0"/></imgdir><imgdir name="44"><int name="x" value="-270"/><int name="y" value="240"/><string name="u" value="edU"/><int name="no" value="1"/><int name="zM" value="0"/></imgdir><imgdir name="43"><int name="x" value="-360"/><int name="y" value="240"/><string name="u" value="enH0"/><int name="no" value="1"/><int name="zM" value="0"/></imgdir><imgdir name="45"><int name="x" value="-270"/><int name="y" value="240"/><string name="u" value="enV1"/><int name="no" value="0"/><int name="zM" value="0"/></imgdir><imgdir name="42"><int name="x" value="-360"/><int name="y" value="240"/><string name="u" value="bsc"/><int name="no" value="1"/><int name="zM" value="0"/></imgdir><imgdir name="46"><int name="x" value="-270"/><int name="y" value="300"/><string name="u" value="enV1"/><int name="no" value="1"/><int name="zM" value="0"/></imgdir><imgdir name="47"><int name="x" value="-270"/><int name="y" value="360"/><string name="u" value="edD"/><int name="no" value="0"/><int name="zM" value="0"/></imgdir></imgdir><imgdir name="obj"><imgdir name="0"><string name="oS" value="connect"/><string name="l0" value="rope"/><string name="l1" value="3"/><string name="l2" value="0"/><int name="x" value="-992"/><int name="y" value="-93"/><int name="z" value="3"/><int name="f" value="0"/><int name="zM" value="10"/></imgdir><imgdir name="1"><string name="oS" value="connect"/><string name="l0" value="rope"/><string name="l1" value="3"/><string name="l2" value="3"/><int name="x" value="-994"/><int name="y" value="-52"/><int name="z" value="3"/><int name="f" value="0"/><int name="zM" value="8"/></imgdir><imgdir name="2"><string name="oS" value="connect"/><string name="l0" value="rope"/><string name="l1" value="3"/><string name="l2" value="1"/><int name="x" value="-991"/><int name="y" value="68"/><int name="z" value="3"/><int name="f" value="0"/><int name="zM" value="7"/></imgdir><imgdir name="3"><string name="oS" value="connect"/><string name="l0" value="rope"/><string name="l1" value="3"/><string name="l2" value="1"/><int name="x" value="-991"/><int name="y" value="98"/><int name="z" value="3"/><int name="f" value="0"/><int name="zM" value="6"/></imgdir><imgdir name="4"><string name="oS" value="connect"/><string name="l0" value="rope"/><string name="l1" value="3"/><string name="l2" value="2"/><int name="x" value="-991"/><int name="y" value="128"/><int name="z" value="3"/><int name="f" value="0"/><int name="zM" value="5"/></imgdir><imgdir name="5"><string name="oS" value="connect"/><string name="l0" value="rope"/><string name="l1" value="3"/><string name="l2" value="0"/><int name="x" value="-725"/><int name="y" value="-278"/><int name="z" value="3"/><int name="f" value="0"/><int name="zM" value="16"/></imgdir><imgdir name="6"><string name="oS" value="connect"/><string name="l0" value="rope"/><string name="l1" value="3"/><string name="l2" value="1"/><int name="x" value="-724"/><int name="y" value="-237"/><int name="z" value="3"/><int name="f" value="0"/><int name="zM" value="14"/></imgdir><imgdir name="7"><string name="oS" value="connect"/><string name="l0" value="rope"/><string name="l1" value="3"/><string name="l2" value="1"/><int name="x" value="-724"/><int name="y" value="-207"/><int name="z" value="3"/><int name="f" value="0"/><int name="zM" value="13"/></imgdir><imgdir name="8"><string name="oS" value="connect"/><string name="l0" value="rope"/><string name="l1" value="3"/><string name="l2" value="2"/><int name="x" value="-724"/><int name="y" value="-177"/><int name="z" value="3"/><int name="f" value="0"/><int name="zM" value="11"/></imgdir></imgdir></imgdir><imgdir name="4"><imgdir name="info"></imgdir><imgdir name="tile"></imgdir><imgdir name="obj"><imgdir name="0"><string name="oS" value="acc1"/><string name="l0" value="grassySoil"/><string name="l1" value="nature"/><string name="l2" value="20"/><int name="x" value="-431"/><int name="y" value="165"/><int name="z" value="4"/><int name="f" value="0"/><int name="zM" value="3"/></imgdir><imgdir name="1"><string name="oS" value="acc1"/><string name="l0" value="grassySoil"/><string name="l1" value="nature"/><string name="l2" value="6"/><int name="x" value="-440"/><int name="y" value="192"/><int name="z" value="3"/><int name="f" value="0"/><int name="zM" value="3"/></imgdir><imgdir name="2"><string name="oS" value="acc1"/><string name="l0" value="grassySoil"/><string name="l1" value="nature"/><string name="l2" value="17"/><int name="x" value="-1049"/><int name="y" value="189"/><int name="z" value="3"/><int name="f" value="0"/><int name="zM" value="2"/></imgdir></imgdir></imgdir><imgdir name="5"><imgdir name="info"></imgdir><imgdir name="tile"></imgdir><imgdir name="obj"></imgdir></imgdir><imgdir name="6"><imgdir name="info"></imgdir><imgdir name="tile"></imgdir><imgdir name="obj"></imgdir></imgdir><imgdir name="7"><imgdir name="info"></imgdir><imgdir name="tile"></imgdir><imgdir name="obj"></imgdir></imgdir><imgdir name="reactor"></imgdir><imgdir name="foothold"><imgdir name="1"><imgdir name="20"><imgdir name="1"><int name="x1" value="-669"/><int name="y1" value="-445"/><int name="x2" value="-591"/><int name="y2" value="-445"/><int name="prev" value="3"/><int name="next" value="2"/></imgdir><imgdir name="2"><int name="x1" value="-591"/><int name="y1" value="-445"/><int name="x2" value="-591"/><int name="y2" value="-420"/><int name="prev" value="1"/><int name="next" value="0"/></imgdir><imgdir name="3"><int name="x1" value="-720"/><int name="y1" value="-445"/><int name="x2" value="-669"/><int name="y2" value="-445"/><int name="prev" value="4"/><int name="next" value="1"/></imgdir><imgdir name="4"><int name="x1" value="-810"/><int name="y1" value="-445"/><int name="x2" value="-720"/><int name="y2" value="-445"/><int name="prev" value="7"/><int name="next" value="3"/></imgdir><imgdir name="5"><int name="x1" value="-939"/><int name="y1" value="-420"/><int name="x2" value="-939"/><int name="y2" value="-445"/><int name="prev" value="0"/><int name="next" value="6"/></imgdir><imgdir name="6"><int name="x1" value="-939"/><int name="y1" value="-445"/><int name="x2" value="-861"/><int name="y2" value="-445"/><int name="prev" value="5"/><int name="next" value="7"/></imgdir><imgdir name="7"><int name="x1" value="-861"/><int name="y1" value="-445"/><int name="x2" value="-810"/><int name="y2" value="-445"/><int name="prev" value="6"/><int name="next" value="4"/></imgdir></imgdir></imgdir><imgdir name="2"><imgdir name="9"><imgdir name="8"><int name="x1" value="-1035"/><int name="y1" value="-115"/><int name="x2" value="-996"/><int name="y2" value="-115"/><int name="prev" value="15"/><int name="next" value="16"/></imgdir><imgdir name="9"><int name="x1" value="-945"/><int name="y1" value="-115"/><int name="x2" value="-855"/><int name="y2" value="-115"/><int name="prev" value="16"/><int name="next" value="10"/></imgdir><imgdir name="10"><int name="x1" value="-855"/><int name="y1" value="-115"/><int name="x2" value="-765"/><int name="y2" value="-115"/><int name="prev" value="9"/><int name="next" value="11"/></imgdir><imgdir name="11"><int name="x1" value="-765"/><int name="y1" value="-115"/><int name="x2" value="-675"/><int name="y2" value="-115"/><int name="prev" value="10"/><int name="next" value="18"/></imgdir><imgdir name="12"><int name="x1" value="-534"/><int name="y1" value="-115"/><int name="x2" value="-456"/><int name="y2" value="-115"/><int name="prev" value="17"/><int name="next" value="13"/></imgdir><imgdir name="13"><int name="x1" value="-456"/><int name="y1" value="-115"/><int name="x2" value="-456"/><int name="y2" value="-90"/><int name="prev" value="12"/><int name="next" value="0"/></imgdir><imgdir name="14"><int name="x1" value="-1074"/><int name="y1" value="-90"/><int name="x2" value="-1074"/><int name="y2" value="-115"/><int name="prev" value="0"/><int name="next" value="15"/></imgdir><imgdir name="15"><int name="x1" value="-1074"/><int name="y1" value="-115"/><int name="x2" value="-1035"/><int name="y2" value="-115"/><int name="prev" value="14"/><int name="next" value="8"/></imgdir><imgdir name="16"><int name="x1" value="-996"/><int name="y1" value="-115"/><int name="x2" value="-945"/><int name="y2" value="-115"/><int name="prev" value="8"/><int name="next" value="9"/></imgdir><imgdir name="17"><int name="x1" value="-585"/><int name="y1" value="-115"/><int name="x2" value="-534"/><int name="y2" value="-115"/><int name="prev" value="18"/><int name="next" value="12"/></imgdir><imgdir name="18"><int name="x1" value="-675"/><int name="y1" value="-115"/><int name="x2" value="-585"/><int name="y2" value="-115"/><int name="prev" value="11"/><int name="next" value="17"/></imgdir></imgdir><imgdir name="15"><imgdir name="19"><int name="x1" value="-624"/><int name="y1" value="-295"/><int name="x2" value="-546"/><int name="y2" value="-295"/><int name="prev" value="21"/><int name="next" value="20"/></imgdir><imgdir name="20"><int name="x1" value="-546"/><int name="y1" value="-295"/><int name="x2" value="-546"/><int name="y2" value="-270"/><int name="prev" value="19"/><int name="next" value="0"/></imgdir><imgdir name="21"><int name="x1" value="-675"/><int name="y1" value="-295"/><int name="x2" value="-624"/><int name="y2" value="-295"/><int name="prev" value="23"/><int name="next" value="19"/></imgdir><imgdir name="22"><int name="x1" value="-855"/><int name="y1" value="-295"/><int name="x2" value="-765"/><int name="y2" value="-295"/><int name="prev" value="26"/><int name="next" value="23"/></imgdir><imgdir name="23"><int name="x1" value="-765"/><int name="y1" value="-295"/><int name="x2" value="-675"/><int name="y2" value="-295"/><int name="prev" value="22"/><int name="next" value="21"/></imgdir><imgdir name="24"><int name="x1" value="-984"/><int name="y1" value="-270"/><int name="x2" value="-984"/><int name="y2" value="-295"/><int name="prev" value="0"/><int name="next" value="25"/></imgdir><imgdir name="25"><int name="x1" value="-984"/><int name="y1" value="-295"/><int name="x2" value="-906"/><int name="y2" value="-295"/><int name="prev" value="24"/><int name="next" value="26"/></imgdir><imgdir name="26"><int name="x1" value="-906"/><int name="y1" value="-295"/><int name="x2" value="-855"/><int name="y2" value="-295"/><int name="prev" value="25"/><int name="next" value="22"/></imgdir></imgdir></imgdir><imgdir name="3"><imgdir name="0"><imgdir name="27"><int name="x1" value="-1080"/><int name="y1" value="215"/><int name="x2" value="-990"/><int name="y2" value="215"/><int name="prev" value="36"/><int name="next" value="32"/></imgdir><imgdir name="28"><int name="x1" value="-540"/><int name="y1" value="215"/><int name="x2" value="-450"/><int name="y2" value="215"/><int name="prev" value="38"/><int name="next" value="35"/></imgdir><imgdir name="29"><int name="x1" value="-720"/><int name="y1" value="215"/><int name="x2" value="-630"/><int name="y2" value="215"/><int name="prev" value="30"/><int name="next" value="38"/></imgdir><imgdir name="30"><int name="x1" value="-810"/><int name="y1" value="215"/><int name="x2" value="-720"/><int name="y2" value="215"/><int name="prev" value="31"/><int name="next" value="29"/></imgdir><imgdir name="31"><int name="x1" value="-900"/><int name="y1" value="215"/><int name="x2" value="-810"/><int name="y2" value="215"/><int name="prev" value="32"/><int name="next" value="30"/></imgdir><imgdir name="32"><int name="x1" value="-990"/><int name="y1" value="215"/><int name="x2" value="-900"/><int name="y2" value="215"/><int name="prev" value="27"/><int name="next" value="31"/></imgdir><imgdir name="33"><int name="x1" value="-1209"/><int name="y1" value="240"/><int name="x2" value="-1209"/><int name="y2" value="215"/><int name="prev" value="37"/><int name="next" value="34"/></imgdir><imgdir name="34"><int name="x1" value="-1209"/><int name="y1" value="215"/><int name="x2" value="-1131"/><int name="y2" value="215"/><int name="prev" value="33"/><int name="next" value="36"/></imgdir><imgdir name="35"><int name="x1" value="-450"/><int name="y1" value="215"/><int name="x2" value="-360"/><int name="y2" value="215"/><int name="prev" value="28"/><int name="next" value="40"/></imgdir><imgdir name="36"><int name="x1" value="-1131"/><int name="y1" value="215"/><int name="x2" value="-1080"/><int name="y2" value="215"/><int name="prev" value="34"/><int name="next" value="27"/></imgdir><imgdir name="37"><int name="x1" value="-1209"/><int name="y1" value="300"/><int name="x2" value="-1209"/><int name="y2" value="240"/><int name="prev" value="39"/><int name="next" value="33"/></imgdir><imgdir name="38"><int name="x1" value="-630"/><int name="y1" value="215"/><int name="x2" value="-540"/><int name="y2" value="215"/><int name="prev" value="29"/><int name="next" value="28"/></imgdir><imgdir name="39"><int name="x1" value="-1209"/><int name="y1" value="360"/><int name="x2" value="-1209"/><int name="y2" value="300"/><int name="prev" value="0"/><int name="next" value="37"/></imgdir><imgdir name="40"><int name="x1" value="-360"/><int name="y1" value="215"/><int name="x2" value="-309"/><int name="y2" value="215"/><int name="prev" value="35"/><int name="next" value="41"/></imgdir><imgdir name="41"><int name="x1" value="-309"/><int name="y1" value="215"/><int name="x2" value="-270"/><int name="y2" value="215"/><int name="prev" value="40"/><int name="next" value="42"/></imgdir><imgdir name="42"><int name="x1" value="-270"/><int name="y1" value="215"/><int name="x2" value="-231"/><int name="y2" value="215"/><int name="prev" value="41"/><int name="next" value="43"/></imgdir><imgdir name="43"><int name="x1" value="-231"/><int name="y1" value="215"/><int name="x2" value="-231"/><int name="y2" value="240"/><int name="prev" value="42"/><int name="next" value="44"/></imgdir><imgdir name="44"><int name="x1" value="-231"/><int name="y1" value="240"/><int name="x2" value="-231"/><int name="y2" value="300"/><int name="prev" value="43"/><int name="next" value="45"/></imgdir><imgdir name="45"><int name="x1" value="-231"/><int name="y1" value="300"/><int name="x2" value="-231"/><int name="y2" value="360"/><int name="prev" value="44"/><int name="next" value="0"/></imgdir></imgdir></imgdir></imgdir><imgdir name="ladderRope"><imgdir name="1"><int name="l" value="0"/><int name="uf" value="1"/><int name="x" value="-876"/><int name="y1" value="-443"/><int name="y2" value="-322"/><int name="page" value="2"/></imgdir><imgdir name="2"><int name="l" value="0"/><int name="uf" value="1"/><int name="x" value="-981"/><int name="y1" value="-113"/><int name="y2" value="158"/><int name="page" value="3"/></imgdir><imgdir name="3"><int name="l" value="0"/><int name="uf" value="1"/><int name="x" value="-714"/><int name="y1" value="-293"/><int name="y2" value="-147"/><int name="page" value="3"/></imgdir></imgdir><imgdir name="miniMap"><canvas name="canvas" width="66" height="73"></canvas><int name="width" value="1057"/><int name="height" value="1171"/><int name="centerX" value="1250"/><int name="centerY" value="737"/><int name="mag" value="4"/></imgdir><imgdir name="portal"><imgdir name="0"><string name="pn" value="sp"/><int name="pt" value="0"/><int name="x" value="-1086"/><int name="y" value="123"/><int name="tm" value="999999999"/><string name="tn" value=""/></imgdir><imgdir name="1"><string name="pn" value="sp"/><int name="pt" value="0"/><int name="x" value="-805"/><int name="y" value="-160"/><int name="tm" value="999999999"/><string name="tn" value=""/></imgdir><imgdir name="2"><string name="pn" value="sp"/><int name="pt" value="0"/><int name="x" value="-805"/><int name="y" value="-345"/><int name="tm" value="999999999"/><string name="tn" value=""/></imgdir><imgdir name="3"><string name="pn" value="sp"/><int name="pt" value="0"/><int name="x" value="-675"/><int name="y" value="-480"/><int name="tm" value="999999999"/><string name="tn" value=""/></imgdir><imgdir name="4"><string name="pn" value="out00"/><int name="pt" value="1"/><int name="x" value="-784"/><int name="y" value="-446"/><int name="tm" value="100000004"/><string name="tn" value="in00"/></imgdir></imgdir></imgdir>