<?xml version="1.0" encoding="UTF-8" standalone="yes"?><imgdir name="100020000.img"><imgdir name="info"><int name="version" value="10"/><int name="cloud" value="0"/><int name="town" value="0"/><int name="returnMap" value="100000000"/><float name="mobRate" value="0.9999982"/><string name="bgm" value="Bgm00/RestNPeace"/><string name="mapDesc" value=""/><int name="forcedReturn" value="999999999"/><int name="hideMinimap" value="0"/><int name="moveLimit" value="0"/><string name="mapMark" value="Henesys"/></imgdir><imgdir name="back"><imgdir name="0"><string name="bS" value="midForest"/><int name="no" value="0"/><int name="x" value="0"/><int name="y" value="0"/><int name="rx" value="0"/><int name="ry" value="0"/><int name="type" value="3"/><int name="cx" value="0"/><int name="cy" value="0"/><int name="a" value="255"/><int name="front" value="0"/><int name="ani" value="0"/><int name="f" value="0"/></imgdir><imgdir name="1"><string name="bS" value="midForest"/><int name="no" value="1"/><int name="x" value="1"/><int name="y" value="58"/><int name="rx" value="-15"/><int name="ry" value="-5"/><int name="type" value="1"/><int name="cx" value="0"/><int name="cy" value="0"/><int name="a" value="255"/><int name="front" value="0"/><int name="ani" value="0"/><int name="f" value="0"/></imgdir><imgdir name="2"><string name="bS" value="midForest"/><int name="no" value="2"/><int name="x" value="21"/><int name="y" value="48"/><int name="rx" value="-20"/><int name="ry" value="-10"/><int name="type" value="1"/><int name="cx" value="0"/><int name="cy" value="0"/><int name="a" value="255"/><int name="front" value="0"/><int name="ani" value="0"/><int name="f" value="0"/></imgdir><imgdir name="3"><string name="bS" value="midForest"/><int name="no" value="4"/><int name="x" value="-13"/><int name="y" value="86"/><int name="rx" value="-25"/><int name="ry" value="-10"/><int name="type" value="0"/><int name="cx" value="0"/><int name="cy" value="0"/><int name="a" value="255"/><int name="front" value="0"/><int name="ani" value="0"/><int name="f" value="0"/></imgdir><imgdir name="4"><string name="bS" value="midForest"/><int name="no" value="3"/><int name="x" value="1011"/><int name="y" value="87"/><int name="rx" value="-25"/><int name="ry" value="-10"/><int name="type" value="0"/><int name="cx" value="0"/><int name="cy" value="0"/><int name="a" value="255"/><int name="front" value="0"/><int name="ani" value="0"/><int name="f" value="0"/></imgdir></imgdir><imgdir name="1"><imgdir name="info"><string name="tS" value="grassySoil"/></imgdir><imgdir name="tile"><imgdir name="51"><int name="x" value="90"/><int name="y" value="360"/><string name="u" value="bsc"/><int name="no" value="4"/><int name="zM" value="0"/></imgdir><imgdir name="11"><int name="x" value="270"/><int name="y" value="360"/><string name="u" value="bsc"/><int name="no" value="0"/><int name="zM" value="0"/></imgdir><imgdir name="50"><int name="x" value="180"/><int name="y" value="360"/><string name="u" value="bsc"/><int name="no" value="4"/><int name="zM" value="0"/></imgdir><imgdir name="65"><int name="x" value="450"/><int name="y" value="240"/><string name="u" value="enH0"/><int name="no" value="1"/><int name="zM" value="0"/></imgdir><imgdir name="56"><int name="x" value="540"/><int name="y" value="240"/><string name="u" value="enH0"/><int name="no" value="1"/><int name="zM" value="0"/></imgdir><imgdir name="62"><int name="x" value="630"/><int name="y" value="240"/><string name="u" value="enH0"/><int name="no" value="1"/><int name="zM" value="0"/></imgdir><imgdir name="60"><int name="x" value="720"/><int name="y" value="240"/><string name="u" value="enH0"/><int name="no" value="1"/><int name="zM" value="0"/></imgdir><imgdir name="59"><int name="x" value="720"/><int name="y" value="240"/><string name="u" value="bsc"/><int name="no" value="2"/><int name="zM" value="0"/></imgdir><imgdir name="61"><int name="x" value="630"/><int name="y" value="240"/><string name="u" value="bsc"/><int name="no" value="3"/><int name="zM" value="0"/></imgdir><imgdir name="64"><int name="x" value="450"/><int name="y" value="240"/><string name="u" value="bsc"/><int name="no" value="4"/><int name="zM" value="0"/></imgdir><imgdir name="55"><int name="x" value="540"/><int name="y" value="240"/><string name="u" value="bsc"/><int name="no" value="3"/><int name="zM" value="0"/></imgdir><imgdir name="66"><int name="x" value="630"/><int name="y" value="300"/><string name="u" value="bsc"/><int name="no" value="1"/><int name="zM" value="0"/></imgdir><imgdir name="67"><int name="x" value="540"/><int name="y" value="300"/><string name="u" value="bsc"/><int name="no" value="4"/><int name="zM" value="0"/></imgdir><imgdir name="69"><int name="x" value="450"/><int name="y" value="300"/><string name="u" value="bsc"/><int name="no" value="1"/><int name="zM" value="0"/></imgdir><imgdir name="68"><int name="x" value="720"/><int name="y" value="300"/><string name="u" value="bsc"/><int name="no" value="3"/><int name="zM" value="0"/></imgdir><imgdir name="73"><int name="x" value="630"/><int name="y" value="360"/><string name="u" value="bsc"/><int name="no" value="0"/><int name="zM" value="0"/></imgdir><imgdir name="74"><int name="x" value="540"/><int name="y" value="360"/><string name="u" value="bsc"/><int name="no" value="1"/><int name="zM" value="0"/></imgdir><imgdir name="72"><int name="x" value="450"/><int name="y" value="360"/><string name="u" value="bsc"/><int name="no" value="0"/><int name="zM" value="0"/></imgdir><imgdir name="71"><int name="x" value="360"/><int name="y" value="360"/><string name="u" value="bsc"/><int name="no" value="3"/><int name="zM" value="0"/></imgdir><imgdir name="4"><int name="x" value="810"/><int name="y" value="300"/><string name="u" value="bsc"/><int name="no" value="4"/><int name="zM" value="0"/></imgdir><imgdir name="7"><int name="x" value="900"/><int name="y" value="300"/><string name="u" value="bsc"/><int name="no" value="1"/><int name="zM" value="0"/></imgdir><imgdir name="17"><int name="x" value="990"/><int name="y" value="300"/><string name="u" value="bsc"/><int name="no" value="4"/><int name="zM" value="0"/></imgdir><imgdir name="90"><int name="x" value="1530"/><int name="y" value="240"/><string name="u" value="edU"/><int name="no" value="0"/><int name="zM" value="0"/></imgdir><imgdir name="92"><int name="x" value="1440"/><int name="y" value="240"/><string name="u" value="enH0"/><int name="no" value="1"/><int name="zM" value="0"/></imgdir><imgdir name="89"><int name="x" value="1350"/><int name="y" value="240"/><string name="u" value="enH0"/><int name="no" value="1"/><int name="zM" value="0"/></imgdir><imgdir name="97"><int name="x" value="1530"/><int name="y" value="360"/><string name="u" value="enV1"/><int name="no" value="0"/><int name="zM" value="0"/></imgdir><imgdir name="83"><int name="x" value="1440"/><int name="y" value="360"/><string name="u" value="bsc"/><int name="no" value="4"/><int name="zM" value="0"/></imgdir><imgdir name="85"><int name="x" value="1350"/><int name="y" value="300"/><string name="u" value="bsc"/><int name="no" value="0"/><int name="zM" value="0"/></imgdir><imgdir name="95"><int name="x" value="1530"/><int name="y" value="300"/><string name="u" value="enV1"/><int name="no" value="0"/><int name="zM" value="0"/></imgdir><imgdir name="98"><int name="x" value="1440"/><int name="y" value="300"/><string name="u" value="bsc"/><int name="no" value="0"/><int name="zM" value="0"/></imgdir><imgdir name="88"><int name="x" value="1350"/><int name="y" value="240"/><string name="u" value="bsc"/><int name="no" value="3"/><int name="zM" value="0"/></imgdir><imgdir name="91"><int name="x" value="1530"/><int name="y" value="240"/><string name="u" value="enV1"/><int name="no" value="1"/><int name="zM" value="0"/></imgdir><imgdir name="93"><int name="x" value="1440"/><int name="y" value="240"/><string name="u" value="bsc"/><int name="no" value="2"/><int name="zM" value="0"/></imgdir><imgdir name="94"><int name="x" value="1350"/><int name="y" value="360"/><string name="u" value="bsc"/><int name="no" value="2"/><int name="zM" value="0"/></imgdir><imgdir name="9"><int name="x" value="-360"/><int name="y" value="240"/><string name="u" value="enH0"/><int name="no" value="1"/><int name="zM" value="0"/></imgdir><imgdir name="108"><int name="x" value="1260"/><int name="y" value="240"/><string name="u" value="enH0"/><int name="no" value="0"/><int name="zM" value="0"/></imgdir><imgdir name="107"><int name="x" value="1170"/><int name="y" value="240"/><string name="u" value="enH0"/><int name="no" value="0"/><int name="zM" value="0"/></imgdir><imgdir name="109"><int name="x" value="1170"/><int name="y" value="240"/><string name="u" value="bsc"/><int name="no" value="1"/><int name="zM" value="0"/></imgdir><imgdir name="86"><int name="x" value="1260"/><int name="y" value="240"/><string name="u" value="bsc"/><int name="no" value="2"/><int name="zM" value="0"/></imgdir><imgdir name="29"><int name="x" value="1170"/><int name="y" value="300"/><string name="u" value="bsc"/><int name="no" value="4"/><int name="zM" value="0"/></imgdir><imgdir name="84"><int name="x" value="1080"/><int name="y" value="300"/><string name="u" value="bsc"/><int name="no" value="4"/><int name="zM" value="0"/></imgdir><imgdir name="78"><int name="x" value="1080"/><int name="y" value="360"/><string name="u" value="bsc"/><int name="no" value="2"/><int name="zM" value="0"/></imgdir><imgdir name="24"><int name="x" value="1170"/><int name="y" value="360"/><string name="u" value="bsc"/><int name="no" value="4"/><int name="zM" value="0"/></imgdir><imgdir name="82"><int name="x" value="1260"/><int name="y" value="360"/><string name="u" value="bsc"/><int name="no" value="4"/><int name="zM" value="0"/></imgdir><imgdir name="52"><int name="x" value="1260"/><int name="y" value="300"/><string name="u" value="bsc"/><int name="no" value="2"/><int name="zM" value="0"/></imgdir><imgdir name="70"><int name="x" value="900"/><int name="y" value="360"/><string name="u" value="bsc"/><int name="no" value="1"/><int name="zM" value="0"/></imgdir><imgdir name="77"><int name="x" value="990"/><int name="y" value="360"/><string name="u" value="bsc"/><int name="no" value="4"/><int name="zM" value="0"/></imgdir><imgdir name="110"><int name="x" value="720"/><int name="y" value="360"/><string name="u" value="bsc"/><int name="no" value="3"/><int name="zM" value="0"/></imgdir><imgdir name="111"><int name="x" value="810"/><int name="y" value="360"/><string name="u" value="bsc"/><int name="no" value="3"/><int name="zM" value="0"/></imgdir><imgdir name="0"><int name="x" value="-540"/><int name="y" value="240"/><string name="u" value="enH0"/><int name="no" value="1"/><int name="zM" value="0"/></imgdir><imgdir name="34"><int name="x" value="-270"/><int name="y" value="240"/><string name="u" value="enH0"/><int name="no" value="1"/><int name="zM" value="0"/></imgdir><imgdir name="104"><int name="x" value="-180"/><int name="y" value="240"/><string name="u" value="enH0"/><int name="no" value="1"/><int name="zM" value="0"/></imgdir><imgdir name="100"><int name="x" value="-450"/><int name="y" value="240"/><string name="u" value="enH0"/><int name="no" value="0"/><int name="zM" value="0"/></imgdir><imgdir name="36"><int name="x" value="-630"/><int name="y" value="240"/><string name="u" value="enH0"/><int name="no" value="0"/><int name="zM" value="0"/></imgdir><imgdir name="123"><int name="x" value="-720"/><int name="y" value="240"/><string name="u" value="edU"/><int name="no" value="0"/><int name="zM" value="0"/></imgdir><imgdir name="102"><int name="x" value="-720"/><int name="y" value="240"/><string name="u" value="enH0"/><int name="no" value="0"/><int name="zM" value="0"/></imgdir><imgdir name="131"><int name="x" value="-720"/><int name="y" value="420"/><string name="u" value="enV0"/><int name="no" value="0"/><int name="zM" value="0"/></imgdir><imgdir name="117"><int name="x" value="-720"/><int name="y" value="360"/><string name="u" value="bsc"/><int name="no" value="1"/><int name="zM" value="0"/></imgdir><imgdir name="129"><int name="x" value="-720"/><int name="y" value="360"/><string name="u" value="enV0"/><int name="no" value="1"/><int name="zM" value="0"/></imgdir><imgdir name="116"><int name="x" value="-720"/><int name="y" value="300"/><string name="u" value="bsc"/><int name="no" value="2"/><int name="zM" value="0"/></imgdir><imgdir name="127"><int name="x" value="-720"/><int name="y" value="300"/><string name="u" value="enV0"/><int name="no" value="1"/><int name="zM" value="0"/></imgdir><imgdir name="112"><int name="x" value="-720"/><int name="y" value="240"/><string name="u" value="bsc"/><int name="no" value="4"/><int name="zM" value="0"/></imgdir><imgdir name="114"><int name="x" value="-720"/><int name="y" value="420"/><string name="u" value="bsc"/><int name="no" value="4"/><int name="zM" value="0"/></imgdir><imgdir name="125"><int name="x" value="-720"/><int name="y" value="240"/><string name="u" value="enV0"/><int name="no" value="1"/><int name="zM" value="0"/></imgdir><imgdir name="113"><int name="x" value="-630"/><int name="y" value="420"/><string name="u" value="bsc"/><int name="no" value="1"/><int name="zM" value="0"/></imgdir><imgdir name="126"><int name="x" value="-630"/><int name="y" value="300"/><string name="u" value="bsc"/><int name="no" value="0"/><int name="zM" value="0"/></imgdir><imgdir name="119"><int name="x" value="-630"/><int name="y" value="360"/><string name="u" value="bsc"/><int name="no" value="0"/><int name="zM" value="0"/></imgdir><imgdir name="103"><int name="x" value="-630"/><int name="y" value="240"/><string name="u" value="bsc"/><int name="no" value="4"/><int name="zM" value="0"/></imgdir><imgdir name="120"><int name="x" value="-540"/><int name="y" value="420"/><string name="u" value="bsc"/><int name="no" value="3"/><int name="zM" value="0"/></imgdir><imgdir name="122"><int name="x" value="-450"/><int name="y" value="420"/><string name="u" value="bsc"/><int name="no" value="3"/><int name="zM" value="0"/></imgdir><imgdir name="128"><int name="x" value="-540"/><int name="y" value="300"/><string name="u" value="bsc"/><int name="no" value="1"/><int name="zM" value="0"/></imgdir><imgdir name="31"><int name="x" value="-540"/><int name="y" value="240"/><string name="u" value="bsc"/><int name="no" value="1"/><int name="zM" value="0"/></imgdir><imgdir name="105"><int name="x" value="-180"/><int name="y" value="240"/><string name="u" value="bsc"/><int name="no" value="2"/><int name="zM" value="0"/></imgdir><imgdir name="19"><int name="x" value="-270"/><int name="y" value="240"/><string name="u" value="bsc"/><int name="no" value="1"/><int name="zM" value="0"/></imgdir><imgdir name="32"><int name="x" value="-360"/><int name="y" value="240"/><string name="u" value="bsc"/><int name="no" value="1"/><int name="zM" value="0"/></imgdir><imgdir name="101"><int name="x" value="-450"/><int name="y" value="240"/><string name="u" value="bsc"/><int name="no" value="4"/><int name="zM" value="0"/></imgdir><imgdir name="121"><int name="x" value="-360"/><int name="y" value="300"/><string name="u" value="bsc"/><int name="no" value="3"/><int name="zM" value="0"/></imgdir><imgdir name="18"><int name="x" value="-360"/><int name="y" value="360"/><string name="u" value="bsc"/><int name="no" value="3"/><int name="zM" value="0"/></imgdir><imgdir name="124"><int name="x" value="-270"/><int name="y" value="420"/><string name="u" value="bsc"/><int name="no" value="0"/><int name="zM" value="0"/></imgdir><imgdir name="21"><int name="x" value="-360"/><int name="y" value="420"/><string name="u" value="bsc"/><int name="no" value="4"/><int name="zM" value="0"/></imgdir><imgdir name="5"><int name="x" value="-450"/><int name="y" value="360"/><string name="u" value="bsc"/><int name="no" value="4"/><int name="zM" value="0"/></imgdir><imgdir name="26"><int name="x" value="-270"/><int name="y" value="360"/><string name="u" value="bsc"/><int name="no" value="3"/><int name="zM" value="0"/></imgdir><imgdir name="38"><int name="x" value="-450"/><int name="y" value="300"/><string name="u" value="bsc"/><int name="no" value="2"/><int name="zM" value="0"/></imgdir><imgdir name="8"><int name="x" value="-270"/><int name="y" value="300"/><string name="u" value="bsc"/><int name="no" value="2"/><int name="zM" value="0"/></imgdir><imgdir name="2"><int name="x" value="-540"/><int name="y" value="360"/><string name="u" value="bsc"/><int name="no" value="3"/><int name="zM" value="0"/></imgdir><imgdir name="136"><int name="x" value="0"/><int name="y" value="300"/><string name="u" value="bsc"/><int name="no" value="2"/><int name="zM" value="0"/></imgdir><imgdir name="134"><int name="x" value="-90"/><int name="y" value="300"/><string name="u" value="bsc"/><int name="no" value="4"/><int name="zM" value="0"/></imgdir><imgdir name="139"><int name="x" value="-180"/><int name="y" value="300"/><string name="u" value="bsc"/><int name="no" value="2"/><int name="zM" value="0"/></imgdir><imgdir name="137"><int name="x" value="-180"/><int name="y" value="360"/><string name="u" value="bsc"/><int name="no" value="2"/><int name="zM" value="0"/></imgdir><imgdir name="138"><int name="x" value="-90"/><int name="y" value="360"/><string name="u" value="bsc"/><int name="no" value="0"/><int name="zM" value="0"/></imgdir><imgdir name="135"><int name="x" value="0"/><int name="y" value="360"/><string name="u" value="bsc"/><int name="no" value="3"/><int name="zM" value="0"/></imgdir><imgdir name="140"><int name="x" value="-180"/><int name="y" value="420"/><string name="u" value="bsc"/><int name="no" value="0"/><int name="zM" value="0"/></imgdir><imgdir name="141"><int name="x" value="-90"/><int name="y" value="420"/><string name="u" value="bsc"/><int name="no" value="3"/><int name="zM" value="0"/></imgdir><imgdir name="142"><int name="x" value="0"/><int name="y" value="420"/><string name="u" value="bsc"/><int name="no" value="3"/><int name="zM" value="0"/></imgdir><imgdir name="39"><int name="x" value="90"/><int name="y" value="420"/><string name="u" value="bsc"/><int name="no" value="0"/><int name="zM" value="0"/></imgdir><imgdir name="54"><int name="x" value="180"/><int name="y" value="420"/><string name="u" value="bsc"/><int name="no" value="1"/><int name="zM" value="0"/></imgdir><imgdir name="53"><int name="x" value="270"/><int name="y" value="420"/><string name="u" value="bsc"/><int name="no" value="3"/><int name="zM" value="0"/></imgdir><imgdir name="28"><int name="x" value="360"/><int name="y" value="420"/><string name="u" value="bsc"/><int name="no" value="1"/><int name="zM" value="0"/></imgdir><imgdir name="13"><int name="x" value="450"/><int name="y" value="420"/><string name="u" value="bsc"/><int name="no" value="3"/><int name="zM" value="0"/></imgdir><imgdir name="27"><int name="x" value="540"/><int name="y" value="420"/><string name="u" value="bsc"/><int name="no" value="2"/><int name="zM" value="0"/></imgdir><imgdir name="16"><int name="x" value="720"/><int name="y" value="420"/><string name="u" value="bsc"/><int name="no" value="2"/><int name="zM" value="0"/></imgdir><imgdir name="33"><int name="x" value="810"/><int name="y" value="420"/><string name="u" value="bsc"/><int name="no" value="4"/><int name="zM" value="0"/></imgdir><imgdir name="75"><int name="x" value="900"/><int name="y" value="420"/><string name="u" value="bsc"/><int name="no" value="4"/><int name="zM" value="0"/></imgdir><imgdir name="76"><int name="x" value="630"/><int name="y" value="420"/><string name="u" value="bsc"/><int name="no" value="4"/><int name="zM" value="0"/></imgdir><imgdir name="99"><int name="x" value="1530"/><int name="y" value="420"/><string name="u" value="enV1"/><int name="no" value="0"/><int name="zM" value="0"/></imgdir><imgdir name="87"><int name="x" value="1440"/><int name="y" value="420"/><string name="u" value="bsc"/><int name="no" value="2"/><int name="zM" value="0"/></imgdir><imgdir name="96"><int name="x" value="1350"/><int name="y" value="420"/><string name="u" value="bsc"/><int name="no" value="0"/><int name="zM" value="0"/></imgdir><imgdir name="81"><int name="x" value="1260"/><int name="y" value="420"/><string name="u" value="bsc"/><int name="no" value="3"/><int name="zM" value="0"/></imgdir><imgdir name="30"><int name="x" value="1170"/><int name="y" value="420"/><string name="u" value="bsc"/><int name="no" value="0"/><int name="zM" value="0"/></imgdir><imgdir name="80"><int name="x" value="1080"/><int name="y" value="420"/><string name="u" value="bsc"/><int name="no" value="0"/><int name="zM" value="0"/></imgdir><imgdir name="79"><int name="x" value="990"/><int name="y" value="420"/><string name="u" value="bsc"/><int name="no" value="2"/><int name="zM" value="0"/></imgdir><imgdir name="41"><int name="x" value="-90"/><int name="y" value="240"/><string name="u" value="bsc"/><int name="no" value="4"/><int name="zM" value="0"/></imgdir><imgdir name="63"><int name="x" value="-90"/><int name="y" value="240"/><string name="u" value="enH0"/><int name="no" value="0"/><int name="zM" value="0"/></imgdir><imgdir name="156"><int name="x" value="360"/><int name="y" value="300"/><string name="u" value="bsc"/><int name="no" value="2"/><int name="zM" value="0"/></imgdir><imgdir name="162"><int name="x" value="360"/><int name="y" value="240"/><string name="u" value="bsc"/><int name="no" value="0"/><int name="zM" value="0"/></imgdir><imgdir name="163"><int name="x" value="360"/><int name="y" value="240"/><string name="u" value="enH0"/><int name="no" value="0"/><int name="zM" value="0"/></imgdir><imgdir name="165"><int name="x" value="-720"/><int name="y" value="540"/><string name="u" value="edD"/><int name="no" value="0"/><int name="zM" value="0"/></imgdir><imgdir name="130"><int name="x" value="-720"/><int name="y" value="480"/><string name="u" value="bsc"/><int name="no" value="1"/><int name="zM" value="0"/></imgdir><imgdir name="15"><int name="x" value="-720"/><int name="y" value="540"/><string name="u" value="enH1"/><int name="no" value="1"/><int name="zM" value="0"/></imgdir><imgdir name="164"><int name="x" value="-720"/><int name="y" value="480"/><string name="u" value="enV0"/><int name="no" value="1"/><int name="zM" value="0"/></imgdir><imgdir name="115"><int name="x" value="-540"/><int name="y" value="480"/><string name="u" value="bsc"/><int name="no" value="4"/><int name="zM" value="0"/></imgdir><imgdir name="168"><int name="x" value="-540"/><int name="y" value="540"/><string name="u" value="enH1"/><int name="no" value="1"/><int name="zM" value="0"/></imgdir><imgdir name="35"><int name="x" value="-450"/><int name="y" value="480"/><string name="u" value="bsc"/><int name="no" value="0"/><int name="zM" value="0"/></imgdir><imgdir name="118"><int name="x" value="-630"/><int name="y" value="480"/><string name="u" value="bsc"/><int name="no" value="3"/><int name="zM" value="0"/></imgdir><imgdir name="167"><int name="x" value="-630"/><int name="y" value="540"/><string name="u" value="enH1"/><int name="no" value="0"/><int name="zM" value="0"/></imgdir><imgdir name="169"><int name="x" value="-450"/><int name="y" value="540"/><string name="u" value="enH1"/><int name="no" value="0"/><int name="zM" value="0"/></imgdir><imgdir name="172"><int name="x" value="-270"/><int name="y" value="540"/><string name="u" value="enH1"/><int name="no" value="1"/><int name="zM" value="0"/></imgdir><imgdir name="25"><int name="x" value="-180"/><int name="y" value="480"/><string name="u" value="bsc"/><int name="no" value="3"/><int name="zM" value="0"/></imgdir><imgdir name="1"><int name="x" value="-270"/><int name="y" value="480"/><string name="u" value="bsc"/><int name="no" value="4"/><int name="zM" value="0"/></imgdir><imgdir name="10"><int name="x" value="-360"/><int name="y" value="480"/><string name="u" value="bsc"/><int name="no" value="4"/><int name="zM" value="0"/></imgdir><imgdir name="166"><int name="x" value="-180"/><int name="y" value="540"/><string name="u" value="enH1"/><int name="no" value="1"/><int name="zM" value="0"/></imgdir><imgdir name="170"><int name="x" value="-360"/><int name="y" value="540"/><string name="u" value="enH1"/><int name="no" value="0"/><int name="zM" value="0"/></imgdir><imgdir name="143"><int name="x" value="0"/><int name="y" value="480"/><string name="u" value="bsc"/><int name="no" value="4"/><int name="zM" value="0"/></imgdir><imgdir name="174"><int name="x" value="0"/><int name="y" value="540"/><string name="u" value="enH1"/><int name="no" value="0"/><int name="zM" value="0"/></imgdir><imgdir name="145"><int name="x" value="-90"/><int name="y" value="480"/><string name="u" value="bsc"/><int name="no" value="3"/><int name="zM" value="0"/></imgdir><imgdir name="171"><int name="x" value="-90"/><int name="y" value="540"/><string name="u" value="enH1"/><int name="no" value="1"/><int name="zM" value="0"/></imgdir><imgdir name="150"><int name="x" value="90"/><int name="y" value="480"/><string name="u" value="bsc"/><int name="no" value="1"/><int name="zM" value="0"/></imgdir><imgdir name="173"><int name="x" value="90"/><int name="y" value="540"/><string name="u" value="enH1"/><int name="no" value="1"/><int name="zM" value="0"/></imgdir><imgdir name="147"><int name="x" value="360"/><int name="y" value="480"/><string name="u" value="bsc"/><int name="no" value="1"/><int name="zM" value="0"/></imgdir><imgdir name="177"><int name="x" value="360"/><int name="y" value="540"/><string name="u" value="enH1"/><int name="no" value="0"/><int name="zM" value="0"/></imgdir><imgdir name="178"><int name="x" value="270"/><int name="y" value="540"/><string name="u" value="enH1"/><int name="no" value="0"/><int name="zM" value="0"/></imgdir><imgdir name="149"><int name="x" value="270"/><int name="y" value="480"/><string name="u" value="bsc"/><int name="no" value="0"/><int name="zM" value="0"/></imgdir><imgdir name="148"><int name="x" value="180"/><int name="y" value="480"/><string name="u" value="bsc"/><int name="no" value="2"/><int name="zM" value="0"/></imgdir><imgdir name="175"><int name="x" value="180"/><int name="y" value="540"/><string name="u" value="enH1"/><int name="no" value="1"/><int name="zM" value="0"/></imgdir><imgdir name="47"><int name="x" value="630"/><int name="y" value="480"/><string name="u" value="bsc"/><int name="no" value="0"/><int name="zM" value="0"/></imgdir><imgdir name="182"><int name="x" value="630"/><int name="y" value="540"/><string name="u" value="enH1"/><int name="no" value="0"/><int name="zM" value="0"/></imgdir><imgdir name="43"><int name="x" value="540"/><int name="y" value="480"/><string name="u" value="bsc"/><int name="no" value="1"/><int name="zM" value="0"/></imgdir><imgdir name="180"><int name="x" value="540"/><int name="y" value="540"/><string name="u" value="enH1"/><int name="no" value="0"/><int name="zM" value="0"/></imgdir><imgdir name="144"><int name="x" value="450"/><int name="y" value="480"/><string name="u" value="bsc"/><int name="no" value="0"/><int name="zM" value="0"/></imgdir><imgdir name="176"><int name="x" value="450"/><int name="y" value="540"/><string name="u" value="enH1"/><int name="no" value="1"/><int name="zM" value="0"/></imgdir><imgdir name="179"><int name="x" value="720"/><int name="y" value="540"/><string name="u" value="enH1"/><int name="no" value="1"/><int name="zM" value="0"/></imgdir><imgdir name="44"><int name="x" value="900"/><int name="y" value="480"/><string name="u" value="bsc"/><int name="no" value="3"/><int name="zM" value="0"/></imgdir><imgdir name="40"><int name="x" value="810"/><int name="y" value="480"/><string name="u" value="bsc"/><int name="no" value="3"/><int name="zM" value="0"/></imgdir><imgdir name="48"><int name="x" value="720"/><int name="y" value="480"/><string name="u" value="bsc"/><int name="no" value="1"/><int name="zM" value="0"/></imgdir><imgdir name="146"><int name="x" value="990"/><int name="y" value="480"/><string name="u" value="bsc"/><int name="no" value="0"/><int name="zM" value="0"/></imgdir><imgdir name="183"><int name="x" value="990"/><int name="y" value="540"/><string name="u" value="enH1"/><int name="no" value="1"/><int name="zM" value="0"/></imgdir><imgdir name="14"><int name="x" value="1080"/><int name="y" value="480"/><string name="u" value="bsc"/><int name="no" value="4"/><int name="zM" value="0"/></imgdir><imgdir name="133"><int name="x" value="1530"/><int name="y" value="480"/><string name="u" value="enV1"/><int name="no" value="0"/><int name="zM" value="0"/></imgdir><imgdir name="45"><int name="x" value="1440"/><int name="y" value="480"/><string name="u" value="bsc"/><int name="no" value="1"/><int name="zM" value="0"/></imgdir><imgdir name="132"><int name="x" value="1350"/><int name="y" value="480"/><string name="u" value="bsc"/><int name="no" value="4"/><int name="zM" value="0"/></imgdir><imgdir name="12"><int name="x" value="1260"/><int name="y" value="480"/><string name="u" value="bsc"/><int name="no" value="1"/><int name="zM" value="0"/></imgdir><imgdir name="3"><int name="x" value="1170"/><int name="y" value="480"/><string name="u" value="bsc"/><int name="no" value="4"/><int name="zM" value="0"/></imgdir><imgdir name="181"><int name="x" value="1530"/><int name="y" value="540"/><string name="u" value="edD"/><int name="no" value="0"/><int name="zM" value="0"/></imgdir><imgdir name="152"><int name="x" value="1350"/><int name="y" value="540"/><string name="u" value="enH1"/><int name="no" value="0"/><int name="zM" value="0"/></imgdir><imgdir name="151"><int name="x" value="1440"/><int name="y" value="540"/><string name="u" value="enH1"/><int name="no" value="0"/><int name="zM" value="0"/></imgdir><imgdir name="158"><int name="x" value="1260"/><int name="y" value="540"/><string name="u" value="enH1"/><int name="no" value="1"/><int name="zM" value="0"/></imgdir><imgdir name="155"><int name="x" value="1080"/><int name="y" value="540"/><string name="u" value="enH1"/><int name="no" value="1"/><int name="zM" value="0"/></imgdir><imgdir name="159"><int name="x" value="1170"/><int name="y" value="540"/><string name="u" value="enH1"/><int name="no" value="0"/><int name="zM" value="0"/></imgdir><imgdir name="157"><int name="x" value="810"/><int name="y" value="540"/><string name="u" value="enH1"/><int name="no" value="1"/><int name="zM" value="0"/></imgdir><imgdir name="153"><int name="x" value="90"/><int name="y" value="300"/><string name="u" value="bsc"/><int name="no" value="2"/><int name="zM" value="0"/></imgdir><imgdir name="154"><int name="x" value="180"/><int name="y" value="300"/><string name="u" value="bsc"/><int name="no" value="4"/><int name="zM" value="0"/></imgdir><imgdir name="161"><int name="x" value="270"/><int name="y" value="240"/><string name="u" value="bsc"/><int name="no" value="4"/><int name="zM" value="0"/></imgdir><imgdir name="160"><int name="x" value="270"/><int name="y" value="240"/><string name="u" value="enH0"/><int name="no" value="1"/><int name="zM" value="0"/></imgdir><imgdir name="49"><int name="x" value="270"/><int name="y" value="300"/><string name="u" value="bsc"/><int name="no" value="1"/><int name="zM" value="0"/></imgdir><imgdir name="46"><int name="x" value="90"/><int name="y" value="300"/><string name="u" value="enH0"/><int name="no" value="1"/><int name="zM" value="0"/></imgdir><imgdir name="42"><int name="x" value="0"/><int name="y" value="300"/><string name="u" value="enH0"/><int name="no" value="1"/><int name="zM" value="0"/></imgdir><imgdir name="37"><int name="x" value="270"/><int name="y" value="240"/><string name="u" value="edU"/><int name="no" value="0"/><int name="zM" value="0"/></imgdir><imgdir name="6"><int name="x" value="270"/><int name="y" value="240"/><string name="u" value="enV0"/><int name="no" value="0"/><int name="zM" value="0"/></imgdir><imgdir name="20"><int name="x" value="180"/><int name="y" value="300"/><string name="u" value="enH0"/><int name="no" value="1"/><int name="zM" value="0"/></imgdir><imgdir name="23"><int name="x" value="0"/><int name="y" value="240"/><string name="u" value="enV1"/><int name="no" value="0"/><int name="zM" value="0"/></imgdir><imgdir name="22"><int name="x" value="0"/><int name="y" value="240"/><string name="u" value="edU"/><int name="no" value="0"/><int name="zM" value="0"/></imgdir><imgdir name="106"><int name="x" value="900"/><int name="y" value="540"/><string name="u" value="enH1"/><int name="no" value="1"/><int name="zM" value="0"/></imgdir><imgdir name="186"><int name="x" value="900"/><int name="y" value="300"/><string name="u" value="enH0"/><int name="no" value="0"/><int name="zM" value="0"/></imgdir><imgdir name="187"><int name="x" value="990"/><int name="y" value="300"/><string name="u" value="enH0"/><int name="no" value="0"/><int name="zM" value="0"/></imgdir><imgdir name="58"><int name="x" value="1080"/><int name="y" value="240"/><string name="u" value="enH0"/><int name="no" value="1"/><int name="zM" value="0"/></imgdir><imgdir name="57"><int name="x" value="1080"/><int name="y" value="240"/><string name="u" value="enV0"/><int name="no" value="0"/><int name="zM" value="0"/></imgdir><imgdir name="185"><int name="x" value="1080"/><int name="y" value="240"/><string name="u" value="edU"/><int name="no" value="0"/><int name="zM" value="0"/></imgdir><imgdir name="184"><int name="x" value="1080"/><int name="y" value="240"/><string name="u" value="bsc"/><int name="no" value="4"/><int name="zM" value="0"/></imgdir><imgdir name="188"><int name="x" value="810"/><int name="y" value="240"/><string name="u" value="edU"/><int name="no" value="0"/><int name="zM" value="0"/></imgdir><imgdir name="189"><int name="x" value="810"/><int name="y" value="240"/><string name="u" value="enV1"/><int name="no" value="1"/><int name="zM" value="0"/></imgdir><imgdir name="190"><int name="x" value="810"/><int name="y" value="300"/><string name="u" value="enH0"/><int name="no" value="0"/><int name="zM" value="0"/></imgdir></imgdir><imgdir name="obj"><imgdir name="0"><string name="oS" value="acc1"/><string name="l0" value="midForest"/><string name="l1" value="nature"/><string name="l2" value="4"/><int name="x" value="191"/><int name="y" value="114"/><int name="z" value="3"/><int name="f" value="0"/><int name="zM" value="0"/></imgdir><imgdir name="1"><string name="oS" value="acc1"/><string name="l0" value="midForest"/><string name="l1" value="nature"/><string name="l2" value="4"/><int name="x" value="346"/><int name="y" value="54"/><int name="z" value="2"/><int name="f" value="0"/><int name="zM" value="0"/></imgdir><imgdir name="2"><string name="oS" value="acc1"/><string name="l0" value="midForest"/><string name="l1" value="nature"/><string name="l2" value="3"/><int name="x" value="466"/><int name="y" value="54"/><int name="z" value="3"/><int name="f" value="0"/><int name="zM" value="0"/></imgdir><imgdir name="3"><string name="oS" value="acc1"/><string name="l0" value="midForest"/><string name="l1" value="nature"/><string name="l2" value="3"/><int name="x" value="609"/><int name="y" value="54"/><int name="z" value="4"/><int name="f" value="0"/><int name="zM" value="0"/></imgdir><imgdir name="4"><string name="oS" value="acc1"/><string name="l0" value="midForest"/><string name="l1" value="nature"/><string name="l2" value="3"/><int name="x" value="47"/><int name="y" value="114"/><int name="z" value="1"/><int name="f" value="0"/><int name="zM" value="0"/></imgdir><imgdir name="5"><string name="oS" value="acc1"/><string name="l0" value="midForest"/><string name="l1" value="nature"/><string name="l2" value="4"/><int name="x" value="-594"/><int name="y" value="60"/><int name="z" value="3"/><int name="f" value="0"/><int name="zM" value="0"/></imgdir><imgdir name="6"><string name="oS" value="acc1"/><string name="l0" value="midForest"/><string name="l1" value="nature"/><string name="l2" value="3"/><int name="x" value="1426"/><int name="y" value="59"/><int name="z" value="3"/><int name="f" value="0"/><int name="zM" value="0"/></imgdir><imgdir name="7"><string name="oS" value="acc1"/><string name="l0" value="midForest"/><string name="l1" value="nature"/><string name="l2" value="3"/><int name="x" value="935"/><int name="y" value="114"/><int name="z" value="1"/><int name="f" value="0"/><int name="zM" value="0"/></imgdir></imgdir></imgdir><imgdir name="2"><imgdir name="info"></imgdir><imgdir name="tile"></imgdir><imgdir name="obj"><imgdir name="0"><string name="oS" value="connect"/><string name="l0" value="ladder"/><string name="l1" value="0"/><string name="l2" value="2"/><int name="x" value="-125"/><int name="y" value="156"/><int name="z" value="3"/><int name="f" value="0"/><int name="zM" value="5"/></imgdir><imgdir name="1"><string name="oS" value="connect"/><string name="l0" value="ladder"/><string name="l1" value="0"/><string name="l2" value="3"/><int name="x" value="-125"/><int name="y" value="190"/><int name="z" value="3"/><int name="f" value="0"/><int name="zM" value="5"/></imgdir><imgdir name="2"><string name="oS" value="connect"/><string name="l0" value="ladder"/><string name="l1" value="0"/><string name="l2" value="0"/><int name="x" value="-125"/><int name="y" value="119"/><int name="z" value="2"/><int name="f" value="0"/><int name="zM" value="5"/></imgdir><imgdir name="3"><string name="oS" value="connect"/><string name="l0" value="ladder"/><string name="l1" value="0"/><string name="l2" value="1"/><int name="x" value="1118"/><int name="y" value="92"/><int name="z" value="3"/><int name="f" value="0"/><int name="zM" value="7"/></imgdir><imgdir name="4"><string name="oS" value="connect"/><string name="l0" value="ladder"/><string name="l1" value="0"/><string name="l2" value="2"/><int name="x" value="1118"/><int name="y" value="144"/><int name="z" value="3"/><int name="f" value="0"/><int name="zM" value="6"/></imgdir><imgdir name="5"><string name="oS" value="connect"/><string name="l0" value="ladder"/><string name="l1" value="0"/><string name="l2" value="3"/><int name="x" value="1118"/><int name="y" value="178"/><int name="z" value="3"/><int name="f" value="0"/><int name="zM" value="6"/></imgdir><imgdir name="6"><string name="oS" value="connect"/><string name="l0" value="ladder"/><string name="l1" value="0"/><string name="l2" value="0"/><int name="x" value="1118"/><int name="y" value="62"/><int name="z" value="2"/><int name="f" value="0"/><int name="zM" value="7"/></imgdir></imgdir></imgdir><imgdir name="3"><imgdir name="info"></imgdir><imgdir name="tile"></imgdir><imgdir name="obj"><imgdir name="0"><string name="oS" value="acc1"/><string name="l0" value="midForest"/><string name="l1" value="nature"/><string name="l2" value="4"/><int name="x" value="460"/><int name="y" value="61"/><int name="z" value="1"/><int name="f" value="0"/><int name="zM" value="2"/></imgdir><imgdir name="1"><string name="oS" value="acc1"/><string name="l0" value="midForest"/><string name="l1" value="nature"/><string name="l2" value="4"/><int name="x" value="722"/><int name="y" value="60"/><int name="z" value="0"/><int name="f" value="0"/><int name="zM" value="2"/></imgdir><imgdir name="2"><string name="oS" value="acc1"/><string name="l0" value="midForest"/><string name="l1" value="nature"/><string name="l2" value="10"/><int name="x" value="682"/><int name="y" value="166"/><int name="z" value="1"/><int name="f" value="0"/><int name="zM" value="2"/></imgdir><imgdir name="3"><string name="oS" value="acc1"/><string name="l0" value="midForest"/><string name="l1" value="nature"/><string name="l2" value="10"/><int name="x" value="798"/><int name="y" value="165"/><int name="z" value="1"/><int name="f" value="0"/><int name="zM" value="2"/></imgdir><imgdir name="4"><string name="oS" value="acc1"/><string name="l0" value="midForest"/><string name="l1" value="nature"/><string name="l2" value="10"/><int name="x" value="758"/><int name="y" value="165"/><int name="z" value="2"/><int name="f" value="0"/><int name="zM" value="2"/></imgdir><imgdir name="5"><string name="oS" value="acc1"/><string name="l0" value="midForest"/><string name="l1" value="nature"/><string name="l2" value="10"/><int name="x" value="720"/><int name="y" value="165"/><int name="z" value="3"/><int name="f" value="0"/><int name="zM" value="2"/></imgdir><imgdir name="6"><string name="oS" value="acc1"/><string name="l0" value="grassySoil"/><string name="l1" value="nature"/><string name="l2" value="6"/><int name="x" value="420"/><int name="y" value="196"/><int name="z" value="3"/><int name="f" value="0"/><int name="zM" value="2"/></imgdir><imgdir name="7"><string name="oS" value="acc1"/><string name="l0" value="grassySoil"/><string name="l1" value="nature"/><string name="l2" value="5"/><int name="x" value="428"/><int name="y" value="190"/><int name="z" value="2"/><int name="f" value="0"/><int name="zM" value="2"/></imgdir><imgdir name="8"><string name="oS" value="acc1"/><string name="l0" value="grassySoil"/><string name="l1" value="nature"/><string name="l2" value="6"/><int name="x" value="455"/><int name="y" value="197"/><int name="z" value="3"/><int name="f" value="0"/><int name="zM" value="2"/></imgdir><imgdir name="9"><string name="oS" value="acc1"/><string name="l0" value="grassySoil"/><string name="l1" value="nature"/><string name="l2" value="6"/><int name="x" value="476"/><int name="y" value="197"/><int name="z" value="4"/><int name="f" value="0"/><int name="zM" value="2"/></imgdir><imgdir name="10"><string name="oS" value="acc1"/><string name="l0" value="grassySoil"/><string name="l1" value="nature"/><string name="l2" value="6"/><int name="x" value="498"/><int name="y" value="198"/><int name="z" value="3"/><int name="f" value="0"/><int name="zM" value="2"/></imgdir><imgdir name="11"><string name="oS" value="acc1"/><string name="l0" value="grassySoil"/><string name="l1" value="nature"/><string name="l2" value="5"/><int name="x" value="508"/><int name="y" value="190"/><int name="z" value="2"/><int name="f" value="0"/><int name="zM" value="2"/></imgdir><imgdir name="12"><string name="oS" value="acc1"/><string name="l0" value="grassySoil"/><string name="l1" value="nature"/><string name="l2" value="5"/><int name="x" value="526"/><int name="y" value="190"/><int name="z" value="4"/><int name="f" value="0"/><int name="zM" value="2"/></imgdir><imgdir name="13"><string name="oS" value="acc1"/><string name="l0" value="grassySoil"/><string name="l1" value="nature"/><string name="l2" value="6"/><int name="x" value="551"/><int name="y" value="196"/><int name="z" value="3"/><int name="f" value="0"/><int name="zM" value="2"/></imgdir><imgdir name="14"><string name="oS" value="acc1"/><string name="l0" value="grassySoil"/><string name="l1" value="nature"/><string name="l2" value="21"/><int name="x" value="430"/><int name="y" value="114"/><int name="z" value="7"/><int name="f" value="0"/><int name="zM" value="2"/></imgdir><imgdir name="15"><string name="oS" value="acc1"/><string name="l0" value="grassySoil"/><string name="l1" value="nature"/><string name="l2" value="19"/><int name="x" value="853"/><int name="y" value="69"/><int name="z" value="7"/><int name="f" value="0"/><int name="zM" value="2"/></imgdir><imgdir name="16"><string name="oS" value="acc1"/><string name="l0" value="midForest"/><string name="l1" value="nature"/><string name="l2" value="1"/><int name="x" value="8"/><int name="y" value="72"/><int name="z" value="3"/><int name="f" value="0"/><int name="zM" value="4"/></imgdir><imgdir name="17"><string name="oS" value="acc1"/><string name="l0" value="midForest"/><string name="l1" value="nature"/><string name="l2" value="7"/><int name="x" value="293"/><int name="y" value="48"/><int name="z" value="3"/><int name="f" value="0"/><int name="zM" value="2"/></imgdir><imgdir name="18"><string name="oS" value="acc1"/><string name="l0" value="grassySoil"/><string name="l1" value="nature"/><string name="l2" value="2"/><int name="x" value="-6"/><int name="y" value="199"/><int name="z" value="4"/><int name="f" value="0"/><int name="zM" value="4"/></imgdir><imgdir name="19"><string name="oS" value="acc1"/><string name="l0" value="grassySoil"/><string name="l1" value="nature"/><string name="l2" value="6"/><int name="x" value="292"/><int name="y" value="192"/><int name="z" value="5"/><int name="f" value="0"/><int name="zM" value="2"/></imgdir><imgdir name="20"><string name="oS" value="acc1"/><string name="l0" value="grassySoil"/><string name="l1" value="nature"/><string name="l2" value="5"/><int name="x" value="263"/><int name="y" value="186"/><int name="z" value="4"/><int name="f" value="0"/><int name="zM" value="2"/></imgdir><imgdir name="21"><string name="oS" value="acc1"/><string name="l0" value="grassySoil"/><string name="l1" value="nature"/><string name="l2" value="17"/><int name="x" value="1145"/><int name="y" value="189"/><int name="z" value="3"/><int name="f" value="0"/><int name="zM" value="3"/></imgdir></imgdir></imgdir><imgdir name="4"><imgdir name="info"></imgdir><imgdir name="tile"></imgdir><imgdir name="obj"></imgdir></imgdir><imgdir name="5"><imgdir name="info"></imgdir><imgdir name="tile"></imgdir><imgdir name="obj"></imgdir></imgdir><imgdir name="6"><imgdir name="info"></imgdir><imgdir name="tile"></imgdir><imgdir name="obj"></imgdir></imgdir><imgdir name="7"><imgdir name="info"></imgdir><imgdir name="tile"></imgdir><imgdir name="obj"></imgdir></imgdir><imgdir name="reactor"></imgdir><imgdir name="life"><imgdir name="0"><string name="type" value="m"/><string name="id" value="1210101"/><int name="x" value="995"/><int name="y" value="191"/><int name="f" value="0"/><int name="fh" value="102"/><int name="cy" value="275"/><int name="rx0" value="-739"/><int name="rx1" value="1549"/></imgdir><imgdir name="1"><string name="type" value="m"/><string name="id" value="1210101"/><int name="x" value="347"/><int name="y" value="174"/><int name="f" value="0"/><int name="fh" value="95"/><int name="cy" value="215"/><int name="rx0" value="-739"/><int name="rx1" value="1549"/></imgdir><imgdir name="2"><string name="type" value="m"/><string name="id" value="1210100"/><int name="x" value="634"/><int name="y" value="194"/><int name="f" value="0"/><int name="fh" value="71"/><int name="cy" value="215"/><int name="rx0" value="-739"/><int name="rx1" value="1549"/></imgdir><imgdir name="3"><string name="type" value="m"/><string name="id" value="1210100"/><int name="x" value="-35"/><int name="y" value="200"/><int name="f" value="0"/><int name="fh" value="59"/><int name="cy" value="215"/><int name="rx0" value="-739"/><int name="rx1" value="1549"/></imgdir><imgdir name="4"><string name="type" value="m"/><string name="id" value="9400568"/><int name="x" value="-251"/><int name="y" value="186"/><int name="mobTime" value="0"/><int name="f" value="0"/><int name="hide" value="0"/><int name="fh" value="62"/><int name="cy" value="215"/><int name="rx0" value="-739"/><int name="rx1" value="1549"/></imgdir><imgdir name="5"><string name="type" value="m"/><string name="id" value="9400568"/><int name="x" value="288"/><int name="y" value="205"/><int name="mobTime" value="0"/><int name="f" value="0"/><int name="hide" value="0"/><int name="fh" value="65"/><int name="cy" value="215"/><int name="rx0" value="-739"/><int name="rx1" value="1549"/></imgdir><imgdir name="6"><string name="type" value="m"/><string name="id" value="9400568"/><int name="x" value="496"/><int name="y" value="197"/><int name="mobTime" value="0"/><int name="f" value="0"/><int name="hide" value="0"/><int name="fh" value="73"/><int name="cy" value="215"/><int name="rx0" value="-739"/><int name="rx1" value="1549"/></imgdir><imgdir name="7"><string name="type" value="m"/><string name="id" value="9400568"/><int name="x" value="772"/><int name="y" value="203"/><int name="mobTime" value="0"/><int name="f" value="0"/><int name="hide" value="0"/><int name="fh" value="104"/><int name="cy" value="215"/><int name="rx0" value="-739"/><int name="rx1" value="1549"/></imgdir><imgdir name="8"><string name="type" value="m"/><string name="id" value="9400568"/><int name="x" value="1197"/><int name="y" value="200"/><int name="mobTime" value="0"/><int name="f" value="0"/><int name="hide" value="0"/><int name="fh" value="85"/><int name="cy" value="215"/><int name="rx0" value="-739"/><int name="rx1" value="1549"/></imgdir><imgdir name="9"><string name="type" value="m"/><string name="id" value="9400568"/><int name="x" value="899"/><int name="y" value="237"/><int name="mobTime" value="0"/><int name="f" value="0"/><int name="hide" value="0"/><int name="fh" value="108"/><int name="cy" value="275"/><int name="rx0" value="-739"/><int name="rx1" value="1549"/></imgdir><imgdir name="10"><string name="type" value="m"/><string name="id" value="9400568"/><int name="x" value="661"/><int name="y" value="197"/><int name="mobTime" value="0"/><int name="f" value="0"/><int name="hide" value="0"/><int name="fh" value="71"/><int name="cy" value="215"/><int name="rx0" value="-739"/><int name="rx1" value="1549"/></imgdir><imgdir name="11"><string name="type" value="m"/><string name="id" value="9400568"/><int name="x" value="90"/><int name="y" value="258"/><int name="mobTime" value="0"/><int name="f" value="0"/><int name="hide" value="0"/><int name="fh" value="67"/><int name="cy" value="275"/><int name="rx0" value="-739"/><int name="rx1" value="1549"/></imgdir></imgdir><imgdir name="0"><imgdir name="info"><string name="tS" value="grassySoil"/></imgdir><imgdir name="tile"><imgdir name="1"><int name="x" value="-45"/><int name="y" value="90"/><string name="u" value="edU"/><int name="no" value="1"/><int name="zM" value="1"/></imgdir><imgdir name="2"><int name="x" value="-45"/><int name="y" value="90"/><string name="u" value="enV0"/><int name="no" value="0"/><int name="zM" value="1"/></imgdir><imgdir name="4"><int name="x" value="-135"/><int name="y" value="150"/><string name="u" value="edU"/><int name="no" value="0"/><int name="zM" value="1"/></imgdir><imgdir name="6"><int name="x" value="-135"/><int name="y" value="150"/><string name="u" value="enH0"/><int name="no" value="1"/><int name="zM" value="1"/></imgdir><imgdir name="8"><int name="x" value="-135"/><int name="y" value="150"/><string name="u" value="enV0"/><int name="no" value="1"/><int name="zM" value="1"/></imgdir><imgdir name="7"><int name="x" value="-135"/><int name="y" value="150"/><string name="u" value="bsc"/><int name="no" value="0"/><int name="zM" value="1"/></imgdir><imgdir name="12"><int name="x" value="-45"/><int name="y" value="90"/><string name="u" value="enH0"/><int name="no" value="1"/><int name="zM" value="1"/></imgdir><imgdir name="11"><int name="x" value="-45"/><int name="y" value="90"/><string name="u" value="bsc"/><int name="no" value="1"/><int name="zM" value="1"/></imgdir><imgdir name="22"><int name="x" value="225"/><int name="y" value="90"/><string name="u" value="bsc"/><int name="no" value="2"/><int name="zM" value="1"/></imgdir><imgdir name="17"><int name="x" value="315"/><int name="y" value="90"/><string name="u" value="bsc"/><int name="no" value="4"/><int name="zM" value="1"/></imgdir><imgdir name="15"><int name="x" value="135"/><int name="y" value="90"/><string name="u" value="bsc"/><int name="no" value="3"/><int name="zM" value="1"/></imgdir><imgdir name="26"><int name="x" value="-45"/><int name="y" value="150"/><string name="u" value="bsc"/><int name="no" value="0"/><int name="zM" value="1"/></imgdir><imgdir name="27"><int name="x" value="135"/><int name="y" value="150"/><string name="u" value="bsc"/><int name="no" value="3"/><int name="zM" value="1"/></imgdir><imgdir name="29"><int name="x" value="225"/><int name="y" value="150"/><string name="u" value="bsc"/><int name="no" value="1"/><int name="zM" value="1"/></imgdir><imgdir name="25"><int name="x" value="315"/><int name="y" value="150"/><string name="u" value="bsc"/><int name="no" value="3"/><int name="zM" value="1"/></imgdir><imgdir name="42"><int name="x" value="675"/><int name="y" value="90"/><string name="u" value="bsc"/><int name="no" value="4"/><int name="zM" value="1"/></imgdir><imgdir name="40"><int name="x" value="585"/><int name="y" value="90"/><string name="u" value="bsc"/><int name="no" value="4"/><int name="zM" value="1"/></imgdir><imgdir name="38"><int name="x" value="495"/><int name="y" value="90"/><string name="u" value="bsc"/><int name="no" value="0"/><int name="zM" value="1"/></imgdir><imgdir name="19"><int name="x" value="405"/><int name="y" value="90"/><string name="u" value="bsc"/><int name="no" value="4"/><int name="zM" value="1"/></imgdir><imgdir name="50"><int name="x" value="405"/><int name="y" value="150"/><string name="u" value="bsc"/><int name="no" value="2"/><int name="zM" value="1"/></imgdir><imgdir name="49"><int name="x" value="495"/><int name="y" value="150"/><string name="u" value="bsc"/><int name="no" value="0"/><int name="zM" value="1"/></imgdir><imgdir name="53"><int name="x" value="675"/><int name="y" value="150"/><string name="u" value="bsc"/><int name="no" value="4"/><int name="zM" value="1"/></imgdir><imgdir name="44"><int name="x" value="765"/><int name="y" value="90"/><string name="u" value="bsc"/><int name="no" value="1"/><int name="zM" value="1"/></imgdir><imgdir name="47"><int name="x" value="855"/><int name="y" value="90"/><string name="u" value="bsc"/><int name="no" value="4"/><int name="zM" value="1"/></imgdir><imgdir name="72"><int name="x" value="945"/><int name="y" value="90"/><string name="u" value="bsc"/><int name="no" value="2"/><int name="zM" value="1"/></imgdir><imgdir name="65"><int name="x" value="1035"/><int name="y" value="90"/><string name="u" value="bsc"/><int name="no" value="0"/><int name="zM" value="1"/></imgdir><imgdir name="20"><int name="x" value="855"/><int name="y" value="150"/><string name="u" value="bsc"/><int name="no" value="4"/><int name="zM" value="1"/></imgdir><imgdir name="71"><int name="x" value="945"/><int name="y" value="150"/><string name="u" value="bsc"/><int name="no" value="0"/><int name="zM" value="1"/></imgdir><imgdir name="73"><int name="x" value="765"/><int name="y" value="150"/><string name="u" value="bsc"/><int name="no" value="3"/><int name="zM" value="1"/></imgdir><imgdir name="51"><int name="x" value="585"/><int name="y" value="150"/><string name="u" value="bsc"/><int name="no" value="4"/><int name="zM" value="1"/></imgdir><imgdir name="59"><int name="x" value="1035"/><int name="y" value="150"/><string name="u" value="bsc"/><int name="no" value="0"/><int name="zM" value="1"/></imgdir><imgdir name="14"><int name="x" value="45"/><int name="y" value="30"/><string name="u" value="bsc"/><int name="no" value="1"/><int name="zM" value="1"/></imgdir><imgdir name="16"><int name="x" value="45"/><int name="y" value="30"/><string name="u" value="enH0"/><int name="no" value="1"/><int name="zM" value="1"/></imgdir><imgdir name="23"><int name="x" value="45"/><int name="y" value="150"/><string name="u" value="bsc"/><int name="no" value="2"/><int name="zM" value="1"/></imgdir><imgdir name="36"><int name="x" value="45"/><int name="y" value="30"/><string name="u" value="enV0"/><int name="no" value="1"/><int name="zM" value="1"/></imgdir><imgdir name="32"><int name="x" value="135"/><int name="y" value="30"/><string name="u" value="enH0"/><int name="no" value="0"/><int name="zM" value="1"/></imgdir><imgdir name="13"><int name="x" value="45"/><int name="y" value="90"/><string name="u" value="bsc"/><int name="no" value="3"/><int name="zM" value="1"/></imgdir><imgdir name="30"><int name="x" value="135"/><int name="y" value="30"/><string name="u" value="bsc"/><int name="no" value="3"/><int name="zM" value="1"/></imgdir><imgdir name="24"><int name="x" value="45"/><int name="y" value="30"/><string name="u" value="edU"/><int name="no" value="0"/><int name="zM" value="1"/></imgdir><imgdir name="0"><int name="x" value="225"/><int name="y" value="30"/><string name="u" value="bsc"/><int name="no" value="1"/><int name="zM" value="1"/></imgdir><imgdir name="21"><int name="x" value="315"/><int name="y" value="30"/><string name="u" value="bsc"/><int name="no" value="3"/><int name="zM" value="1"/></imgdir><imgdir name="31"><int name="x" value="405"/><int name="y" value="30"/><string name="u" value="bsc"/><int name="no" value="2"/><int name="zM" value="1"/></imgdir><imgdir name="46"><int name="x" value="405"/><int name="y" value="30"/><string name="u" value="enH0"/><int name="no" value="0"/><int name="zM" value="1"/></imgdir><imgdir name="18"><int name="x" value="315"/><int name="y" value="30"/><string name="u" value="enH0"/><int name="no" value="1"/><int name="zM" value="1"/></imgdir><imgdir name="74"><int name="x" value="495"/><int name="y" value="30"/><string name="u" value="bsc"/><int name="no" value="3"/><int name="zM" value="1"/></imgdir><imgdir name="75"><int name="x" value="585"/><int name="y" value="30"/><string name="u" value="enH0"/><int name="no" value="1"/><int name="zM" value="1"/></imgdir><imgdir name="43"><int name="x" value="675"/><int name="y" value="30"/><string name="u" value="bsc"/><int name="no" value="0"/><int name="zM" value="1"/></imgdir><imgdir name="41"><int name="x" value="765"/><int name="y" value="30"/><string name="u" value="bsc"/><int name="no" value="4"/><int name="zM" value="1"/></imgdir><imgdir name="39"><int name="x" value="765"/><int name="y" value="30"/><string name="u" value="enH0"/><int name="no" value="0"/><int name="zM" value="1"/></imgdir><imgdir name="66"><int name="x" value="855"/><int name="y" value="30"/><string name="u" value="enH0"/><int name="no" value="1"/><int name="zM" value="1"/></imgdir><imgdir name="64"><int name="x" value="945"/><int name="y" value="30"/><string name="u" value="enH0"/><int name="no" value="1"/><int name="zM" value="1"/></imgdir><imgdir name="48"><int name="x" value="945"/><int name="y" value="30"/><string name="u" value="bsc"/><int name="no" value="0"/><int name="zM" value="1"/></imgdir><imgdir name="45"><int name="x" value="855"/><int name="y" value="30"/><string name="u" value="bsc"/><int name="no" value="0"/><int name="zM" value="1"/></imgdir><imgdir name="70"><int name="x" value="1035"/><int name="y" value="90"/><string name="u" value="enH0"/><int name="no" value="0"/><int name="zM" value="1"/></imgdir><imgdir name="69"><int name="x" value="1035"/><int name="y" value="30"/><string name="u" value="enV1"/><int name="no" value="1"/><int name="zM" value="1"/></imgdir><imgdir name="68"><int name="x" value="1035"/><int name="y" value="30"/><string name="u" value="edU"/><int name="no" value="0"/><int name="zM" value="1"/></imgdir><imgdir name="67"><int name="x" value="495"/><int name="y" value="30"/><string name="u" value="enH0"/><int name="no" value="0"/><int name="zM" value="1"/></imgdir><imgdir name="58"><int name="x" value="675"/><int name="y" value="30"/><string name="u" value="enH0"/><int name="no" value="1"/><int name="zM" value="1"/></imgdir><imgdir name="62"><int name="x" value="585"/><int name="y" value="30"/><string name="u" value="bsc"/><int name="no" value="2"/><int name="zM" value="1"/></imgdir><imgdir name="63"><int name="x" value="225"/><int name="y" value="30"/><string name="u" value="enH0"/><int name="no" value="1"/><int name="zM" value="1"/></imgdir><imgdir name="76"><int name="x" value="1125"/><int name="y" value="90"/><string name="u" value="edU"/><int name="no" value="1"/><int name="zM" value="1"/></imgdir><imgdir name="77"><int name="x" value="1125"/><int name="y" value="90"/><string name="u" value="enV1"/><int name="no" value="1"/><int name="zM" value="1"/></imgdir><imgdir name="78"><int name="x" value="1125"/><int name="y" value="150"/><string name="u" value="enV1"/><int name="no" value="0"/><int name="zM" value="1"/></imgdir><imgdir name="5"><int name="x" value="-135"/><int name="y" value="210"/><string name="u" value="bsc"/><int name="no" value="0"/><int name="zM" value="1"/></imgdir><imgdir name="9"><int name="x" value="-135"/><int name="y" value="210"/><string name="u" value="enV0"/><int name="no" value="0"/><int name="zM" value="1"/></imgdir><imgdir name="81"><int name="x" value="-135"/><int name="y" value="270"/><string name="u" value="bsc"/><int name="no" value="0"/><int name="zM" value="1"/></imgdir><imgdir name="83"><int name="x" value="-135"/><int name="y" value="330"/><string name="u" value="enH1"/><int name="no" value="1"/><int name="zM" value="1"/></imgdir><imgdir name="82"><int name="x" value="-135"/><int name="y" value="270"/><string name="u" value="enV0"/><int name="no" value="1"/><int name="zM" value="1"/></imgdir><imgdir name="85"><int name="x" value="-135"/><int name="y" value="330"/><string name="u" value="edD"/><int name="no" value="0"/><int name="zM" value="1"/></imgdir><imgdir name="84"><int name="x" value="-45"/><int name="y" value="330"/><string name="u" value="enH1"/><int name="no" value="0"/><int name="zM" value="1"/></imgdir><imgdir name="3"><int name="x" value="45"/><int name="y" value="210"/><string name="u" value="bsc"/><int name="no" value="1"/><int name="zM" value="1"/></imgdir><imgdir name="10"><int name="x" value="-45"/><int name="y" value="210"/><string name="u" value="bsc"/><int name="no" value="2"/><int name="zM" value="1"/></imgdir><imgdir name="33"><int name="x" value="135"/><int name="y" value="210"/><string name="u" value="bsc"/><int name="no" value="0"/><int name="zM" value="1"/></imgdir><imgdir name="86"><int name="x" value="45"/><int name="y" value="330"/><string name="u" value="enH1"/><int name="no" value="0"/><int name="zM" value="1"/></imgdir><imgdir name="80"><int name="x" value="-45"/><int name="y" value="270"/><string name="u" value="bsc"/><int name="no" value="3"/><int name="zM" value="1"/></imgdir><imgdir name="88"><int name="x" value="45"/><int name="y" value="270"/><string name="u" value="bsc"/><int name="no" value="1"/><int name="zM" value="1"/></imgdir><imgdir name="79"><int name="x" value="135"/><int name="y" value="270"/><string name="u" value="bsc"/><int name="no" value="1"/><int name="zM" value="1"/></imgdir><imgdir name="90"><int name="x" value="135"/><int name="y" value="330"/><string name="u" value="enH1"/><int name="no" value="1"/><int name="zM" value="1"/></imgdir><imgdir name="35"><int name="x" value="315"/><int name="y" value="210"/><string name="u" value="bsc"/><int name="no" value="0"/><int name="zM" value="1"/></imgdir><imgdir name="92"><int name="x" value="225"/><int name="y" value="270"/><string name="u" value="bsc"/><int name="no" value="4"/><int name="zM" value="1"/></imgdir><imgdir name="93"><int name="x" value="225"/><int name="y" value="330"/><string name="u" value="enH1"/><int name="no" value="1"/><int name="zM" value="1"/></imgdir><imgdir name="34"><int name="x" value="225"/><int name="y" value="210"/><string name="u" value="bsc"/><int name="no" value="1"/><int name="zM" value="1"/></imgdir><imgdir name="100"><int name="x" value="495"/><int name="y" value="330"/><string name="u" value="enH1"/><int name="no" value="1"/><int name="zM" value="1"/></imgdir><imgdir name="98"><int name="x" value="405"/><int name="y" value="330"/><string name="u" value="enH1"/><int name="no" value="1"/><int name="zM" value="1"/></imgdir><imgdir name="87"><int name="x" value="315"/><int name="y" value="330"/><string name="u" value="enH1"/><int name="no" value="0"/><int name="zM" value="1"/></imgdir><imgdir name="97"><int name="x" value="585"/><int name="y" value="330"/><string name="u" value="enH1"/><int name="no" value="0"/><int name="zM" value="1"/></imgdir><imgdir name="101"><int name="x" value="495"/><int name="y" value="270"/><string name="u" value="bsc"/><int name="no" value="4"/><int name="zM" value="1"/></imgdir><imgdir name="95"><int name="x" value="405"/><int name="y" value="270"/><string name="u" value="bsc"/><int name="no" value="4"/><int name="zM" value="1"/></imgdir><imgdir name="91"><int name="x" value="315"/><int name="y" value="270"/><string name="u" value="bsc"/><int name="no" value="3"/><int name="zM" value="1"/></imgdir><imgdir name="55"><int name="x" value="495"/><int name="y" value="210"/><string name="u" value="bsc"/><int name="no" value="4"/><int name="zM" value="1"/></imgdir><imgdir name="37"><int name="x" value="405"/><int name="y" value="210"/><string name="u" value="bsc"/><int name="no" value="3"/><int name="zM" value="1"/></imgdir><imgdir name="52"><int name="x" value="675"/><int name="y" value="210"/><string name="u" value="bsc"/><int name="no" value="3"/><int name="zM" value="1"/></imgdir><imgdir name="99"><int name="x" value="585"/><int name="y" value="270"/><string name="u" value="bsc"/><int name="no" value="3"/><int name="zM" value="1"/></imgdir><imgdir name="54"><int name="x" value="585"/><int name="y" value="210"/><string name="u" value="bsc"/><int name="no" value="2"/><int name="zM" value="1"/></imgdir><imgdir name="94"><int name="x" value="675"/><int name="y" value="270"/><string name="u" value="bsc"/><int name="no" value="4"/><int name="zM" value="1"/></imgdir><imgdir name="103"><int name="x" value="675"/><int name="y" value="330"/><string name="u" value="enH1"/><int name="no" value="0"/><int name="zM" value="1"/></imgdir><imgdir name="105"><int name="x" value="765"/><int name="y" value="330"/><string name="u" value="enH1"/><int name="no" value="1"/><int name="zM" value="1"/></imgdir><imgdir name="61"><int name="x" value="765"/><int name="y" value="210"/><string name="u" value="bsc"/><int name="no" value="4"/><int name="zM" value="1"/></imgdir><imgdir name="56"><int name="x" value="855"/><int name="y" value="210"/><string name="u" value="bsc"/><int name="no" value="2"/><int name="zM" value="1"/></imgdir><imgdir name="107"><int name="x" value="855"/><int name="y" value="270"/><string name="u" value="bsc"/><int name="no" value="1"/><int name="zM" value="1"/></imgdir><imgdir name="57"><int name="x" value="1035"/><int name="y" value="210"/><string name="u" value="bsc"/><int name="no" value="0"/><int name="zM" value="1"/></imgdir><imgdir name="28"><int name="x" value="945"/><int name="y" value="210"/><string name="u" value="bsc"/><int name="no" value="0"/><int name="zM" value="1"/></imgdir><imgdir name="104"><int name="x" value="945"/><int name="y" value="270"/><string name="u" value="bsc"/><int name="no" value="4"/><int name="zM" value="1"/></imgdir><imgdir name="109"><int name="x" value="855"/><int name="y" value="330"/><string name="u" value="enH1"/><int name="no" value="0"/><int name="zM" value="1"/></imgdir><imgdir name="108"><int name="x" value="945"/><int name="y" value="330"/><string name="u" value="enH1"/><int name="no" value="0"/><int name="zM" value="1"/></imgdir><imgdir name="110"><int name="x" value="1035"/><int name="y" value="330"/><string name="u" value="enH1"/><int name="no" value="0"/><int name="zM" value="1"/></imgdir><imgdir name="60"><int name="x" value="1125"/><int name="y" value="270"/><string name="u" value="enV1"/><int name="no" value="1"/><int name="zM" value="1"/></imgdir><imgdir name="96"><int name="x" value="765"/><int name="y" value="270"/><string name="u" value="bsc"/><int name="no" value="1"/><int name="zM" value="1"/></imgdir><imgdir name="89"><int name="x" value="1125"/><int name="y" value="210"/><string name="u" value="enV1"/><int name="no" value="1"/><int name="zM" value="1"/></imgdir><imgdir name="102"><int name="x" value="1125"/><int name="y" value="330"/><string name="u" value="edD"/><int name="no" value="0"/><int name="zM" value="1"/></imgdir><imgdir name="106"><int name="x" value="1035"/><int name="y" value="270"/><string name="u" value="bsc"/><int name="no" value="2"/><int name="zM" value="1"/></imgdir><imgdir name="111"><int name="x" value="1125"/><int name="y" value="-30"/><string name="u" value="edU"/><int name="no" value="0"/><int name="zM" value="8"/></imgdir><imgdir name="112"><int name="x" value="1125"/><int name="y" value="-30"/><string name="u" value="edD"/><int name="no" value="0"/><int name="zM" value="8"/></imgdir><imgdir name="113"><int name="x" value="1215"/><int name="y" value="-30"/><string name="u" value="edU"/><int name="no" value="1"/><int name="zM" value="8"/></imgdir><imgdir name="114"><int name="x" value="1215"/><int name="y" value="-30"/><string name="u" value="edD"/><int name="no" value="0"/><int name="zM" value="8"/></imgdir><imgdir name="115"><int name="x" value="1125"/><int name="y" value="-30"/><string name="u" value="enH0"/><int name="no" value="0"/><int name="zM" value="8"/></imgdir><imgdir name="116"><int name="x" value="1125"/><int name="y" value="-30"/><string name="u" value="enH1"/><int name="no" value="1"/><int name="zM" value="8"/></imgdir><imgdir name="117"><int name="x" value="1035"/><int name="y" value="-90"/><string name="u" value="edU"/><int name="no" value="1"/><int name="zM" value="9"/></imgdir><imgdir name="118"><int name="x" value="1035"/><int name="y" value="-90"/><string name="u" value="edD"/><int name="no" value="0"/><int name="zM" value="9"/></imgdir><imgdir name="119"><int name="x" value="945"/><int name="y" value="-90"/><string name="u" value="edU"/><int name="no" value="1"/><int name="zM" value="9"/></imgdir><imgdir name="120"><int name="x" value="945"/><int name="y" value="-90"/><string name="u" value="edD"/><int name="no" value="0"/><int name="zM" value="9"/></imgdir><imgdir name="121"><int name="x" value="945"/><int name="y" value="-90"/><string name="u" value="enH0"/><int name="no" value="0"/><int name="zM" value="9"/></imgdir><imgdir name="122"><int name="x" value="945"/><int name="y" value="-90"/><string name="u" value="enH1"/><int name="no" value="1"/><int name="zM" value="9"/></imgdir><imgdir name="125"><int name="x" value="855"/><int name="y" value="-150"/><string name="u" value="edU"/><int name="no" value="0"/><int name="zM" value="10"/></imgdir><imgdir name="126"><int name="x" value="855"/><int name="y" value="-150"/><string name="u" value="edD"/><int name="no" value="0"/><int name="zM" value="10"/></imgdir><imgdir name="127"><int name="x" value="765"/><int name="y" value="-150"/><string name="u" value="enH0"/><int name="no" value="0"/><int name="zM" value="10"/></imgdir><imgdir name="128"><int name="x" value="765"/><int name="y" value="-150"/><string name="u" value="enH1"/><int name="no" value="0"/><int name="zM" value="10"/></imgdir><imgdir name="129"><int name="x" value="675"/><int name="y" value="-150"/><string name="u" value="edU"/><int name="no" value="0"/><int name="zM" value="10"/></imgdir><imgdir name="130"><int name="x" value="675"/><int name="y" value="-150"/><string name="u" value="edD"/><int name="no" value="0"/><int name="zM" value="10"/></imgdir><imgdir name="123"><int name="x" value="675"/><int name="y" value="-150"/><string name="u" value="enH1"/><int name="no" value="0"/><int name="zM" value="10"/></imgdir><imgdir name="124"><int name="x" value="675"/><int name="y" value="-150"/><string name="u" value="enH0"/><int name="no" value="0"/><int name="zM" value="10"/></imgdir></imgdir><imgdir name="obj"><imgdir name="0"><string name="oS" value="acc1"/><string name="l0" value="midForest"/><string name="l1" value="nature"/><string name="l2" value="4"/><int name="x" value="-130"/><int name="y" value="60"/><int name="z" value="3"/><int name="f" value="0"/><int name="zM" value="1"/></imgdir><imgdir name="1"><string name="oS" value="acc1"/><string name="l0" value="midForest"/><string name="l1" value="nature"/><string name="l2" value="3"/><int name="x" value="-272"/><int name="y" value="60"/><int name="z" value="4"/><int name="f" value="0"/><int name="zM" value="1"/></imgdir><imgdir name="2"><string name="oS" value="acc1"/><string name="l0" value="midForest"/><string name="l1" value="nature"/><string name="l2" value="4"/><int name="x" value="1150"/><int name="y" value="62"/><int name="z" value="3"/><int name="f" value="0"/><int name="zM" value="1"/></imgdir><imgdir name="3"><string name="oS" value="acc1"/><string name="l0" value="midForest"/><string name="l1" value="nature"/><string name="l2" value="5"/><int name="x" value="48"/><int name="y" value="-83"/><int name="z" value="3"/><int name="f" value="0"/><int name="zM" value="1"/></imgdir><imgdir name="4"><string name="oS" value="acc1"/><string name="l0" value="midForest"/><string name="l1" value="nature"/><string name="l2" value="7"/><int name="x" value="165"/><int name="y" value="-95"/><int name="z" value="4"/><int name="f" value="0"/><int name="zM" value="1"/></imgdir><imgdir name="5"><string name="oS" value="acc1"/><string name="l0" value="midForest"/><string name="l1" value="nature"/><string name="l2" value="4"/><int name="x" value="275"/><int name="y" value="-122"/><int name="z" value="3"/><int name="f" value="0"/><int name="zM" value="1"/></imgdir><imgdir name="6"><string name="oS" value="acc1"/><string name="l0" value="midForest"/><string name="l1" value="nature"/><string name="l2" value="3"/><int name="x" value="464"/><int name="y" value="-145"/><int name="z" value="2"/><int name="f" value="0"/><int name="zM" value="1"/></imgdir><imgdir name="7"><string name="oS" value="acc1"/><string name="l0" value="midForest"/><string name="l1" value="nature"/><string name="l2" value="7"/><int name="x" value="771"/><int name="y" value="-132"/><int name="z" value="3"/><int name="f" value="0"/><int name="zM" value="10"/></imgdir><imgdir name="8"><string name="oS" value="acc1"/><string name="l0" value="midForest"/><string name="l1" value="nature"/><string name="l2" value="1"/><int name="x" value="857"/><int name="y" value="-119"/><int name="z" value="3"/><int name="f" value="0"/><int name="zM" value="10"/></imgdir><imgdir name="9"><string name="oS" value="acc1"/><string name="l0" value="midForest"/><string name="l1" value="nature"/><string name="l2" value="2"/><int name="x" value="963"/><int name="y" value="-105"/><int name="z" value="4"/><int name="f" value="0"/><int name="zM" value="1"/></imgdir><imgdir name="10"><string name="oS" value="guide"/><string name="l0" value="miniD"/><string name="l1" value="portalEff"/><string name="l2" value="0"/><int name="x" value="722"/><int name="y" value="-245"/><int name="z" value="9"/><int name="f" value="0"/><int name="zM" value="0"/><int name="r" value="0"/></imgdir></imgdir></imgdir><imgdir name="foothold"><imgdir name="0"><imgdir name="1"><imgdir name="1"><int name="x1" value="-84"/><int name="y1" value="90"/><int name="x2" value="-84"/><int name="y2" value="65"/><int name="prev" value="6"/><int name="next" value="2"/></imgdir><imgdir name="2"><int name="x1" value="-84"/><int name="y1" value="65"/><int name="x2" value="-6"/><int name="y2" value="65"/><int name="prev" value="1"/><int name="next" value="9"/></imgdir><imgdir name="3"><int name="x1" value="-174"/><int name="y1" value="150"/><int name="x2" value="-174"/><int name="y2" value="125"/><int name="prev" value="7"/><int name="next" value="4"/></imgdir><imgdir name="4"><int name="x1" value="-174"/><int name="y1" value="125"/><int name="x2" value="-96"/><int name="y2" value="125"/><int name="prev" value="3"/><int name="next" value="5"/></imgdir><imgdir name="5"><int name="x1" value="-96"/><int name="y1" value="125"/><int name="x2" value="-84"/><int name="y2" value="125"/><int name="prev" value="4"/><int name="next" value="6"/></imgdir><imgdir name="6"><int name="x1" value="-84"/><int name="y1" value="125"/><int name="x2" value="-84"/><int name="y2" value="90"/><int name="prev" value="5"/><int name="next" value="1"/></imgdir><imgdir name="7"><int name="x1" value="-174"/><int name="y1" value="210"/><int name="x2" value="-174"/><int name="y2" value="150"/><int name="prev" value="8"/><int name="next" value="3"/></imgdir><imgdir name="8"><int name="x1" value="-174"/><int name="y1" value="270"/><int name="x2" value="-174"/><int name="y2" value="210"/><int name="prev" value="36"/><int name="next" value="7"/></imgdir><imgdir name="9"><int name="x1" value="-6"/><int name="y1" value="65"/><int name="x2" value="6"/><int name="y2" value="65"/><int name="prev" value="2"/><int name="next" value="16"/></imgdir><imgdir name="10"><int name="x1" value="45"/><int name="y1" value="5"/><int name="x2" value="84"/><int name="y2" value="5"/><int name="prev" value="13"/><int name="next" value="14"/></imgdir><imgdir name="11"><int name="x1" value="315"/><int name="y1" value="5"/><int name="x2" value="405"/><int name="y2" value="5"/><int name="prev" value="21"/><int name="next" value="18"/></imgdir><imgdir name="12"><int name="x1" value="6"/><int name="y1" value="30"/><int name="x2" value="6"/><int name="y2" value="5"/><int name="prev" value="16"/><int name="next" value="13"/></imgdir><imgdir name="13"><int name="x1" value="6"/><int name="y1" value="5"/><int name="x2" value="45"/><int name="y2" value="5"/><int name="prev" value="12"/><int name="next" value="10"/></imgdir><imgdir name="14"><int name="x1" value="84"/><int name="y1" value="5"/><int name="x2" value="135"/><int name="y2" value="5"/><int name="prev" value="10"/><int name="next" value="15"/></imgdir><imgdir name="15"><int name="x1" value="135"/><int name="y1" value="5"/><int name="x2" value="225"/><int name="y2" value="5"/><int name="prev" value="14"/><int name="next" value="21"/></imgdir><imgdir name="16"><int name="x1" value="6"/><int name="y1" value="65"/><int name="x2" value="6"/><int name="y2" value="30"/><int name="prev" value="9"/><int name="next" value="12"/></imgdir><imgdir name="17"><int name="x1" value="765"/><int name="y1" value="5"/><int name="x2" value="855"/><int name="y2" value="5"/><int name="prev" value="19"/><int name="next" value="23"/></imgdir><imgdir name="18"><int name="x1" value="405"/><int name="y1" value="5"/><int name="x2" value="495"/><int name="y2" value="5"/><int name="prev" value="11"/><int name="next" value="24"/></imgdir><imgdir name="19"><int name="x1" value="675"/><int name="y1" value="5"/><int name="x2" value="765"/><int name="y2" value="5"/><int name="prev" value="30"/><int name="next" value="17"/></imgdir><imgdir name="20"><int name="x1" value="1164"/><int name="y1" value="270"/><int name="x2" value="1164"/><int name="y2" value="330"/><int name="prev" value="37"/><int name="next" value="0"/></imgdir><imgdir name="21"><int name="x1" value="225"/><int name="y1" value="5"/><int name="x2" value="315"/><int name="y2" value="5"/><int name="prev" value="15"/><int name="next" value="11"/></imgdir><imgdir name="22"><int name="x1" value="945"/><int name="y1" value="5"/><int name="x2" value="996"/><int name="y2" value="5"/><int name="prev" value="23"/><int name="next" value="25"/></imgdir><imgdir name="23"><int name="x1" value="855"/><int name="y1" value="5"/><int name="x2" value="945"/><int name="y2" value="5"/><int name="prev" value="17"/><int name="next" value="22"/></imgdir><imgdir name="24"><int name="x1" value="495"/><int name="y1" value="5"/><int name="x2" value="585"/><int name="y2" value="5"/><int name="prev" value="18"/><int name="next" value="30"/></imgdir><imgdir name="25"><int name="x1" value="996"/><int name="y1" value="5"/><int name="x2" value="1035"/><int name="y2" value="5"/><int name="prev" value="22"/><int name="next" value="26"/></imgdir><imgdir name="26"><int name="x1" value="1035"/><int name="y1" value="5"/><int name="x2" value="1074"/><int name="y2" value="5"/><int name="prev" value="25"/><int name="next" value="27"/></imgdir><imgdir name="27"><int name="x1" value="1074"/><int name="y1" value="5"/><int name="x2" value="1074"/><int name="y2" value="30"/><int name="prev" value="26"/><int name="next" value="28"/></imgdir><imgdir name="28"><int name="x1" value="1074"/><int name="y1" value="30"/><int name="x2" value="1074"/><int name="y2" value="65"/><int name="prev" value="27"/><int name="next" value="29"/></imgdir><imgdir name="29"><int name="x1" value="1074"/><int name="y1" value="65"/><int name="x2" value="1086"/><int name="y2" value="65"/><int name="prev" value="28"/><int name="next" value="31"/></imgdir><imgdir name="30"><int name="x1" value="585"/><int name="y1" value="5"/><int name="x2" value="675"/><int name="y2" value="5"/><int name="prev" value="24"/><int name="next" value="19"/></imgdir><imgdir name="31"><int name="x1" value="1086"/><int name="y1" value="65"/><int name="x2" value="1125"/><int name="y2" value="65"/><int name="prev" value="29"/><int name="next" value="32"/></imgdir><imgdir name="32"><int name="x1" value="1125"/><int name="y1" value="65"/><int name="x2" value="1164"/><int name="y2" value="65"/><int name="prev" value="31"/><int name="next" value="33"/></imgdir><imgdir name="33"><int name="x1" value="1164"/><int name="y1" value="65"/><int name="x2" value="1164"/><int name="y2" value="90"/><int name="prev" value="32"/><int name="next" value="34"/></imgdir><imgdir name="34"><int name="x1" value="1164"/><int name="y1" value="90"/><int name="x2" value="1164"/><int name="y2" value="150"/><int name="prev" value="33"/><int name="next" value="35"/></imgdir><imgdir name="35"><int name="x1" value="1164"/><int name="y1" value="150"/><int name="x2" value="1164"/><int name="y2" value="210"/><int name="prev" value="34"/><int name="next" value="37"/></imgdir><imgdir name="36"><int name="x1" value="-174"/><int name="y1" value="330"/><int name="x2" value="-174"/><int name="y2" value="270"/><int name="prev" value="0"/><int name="next" value="8"/></imgdir><imgdir name="37"><int name="x1" value="1164"/><int name="y1" value="210"/><int name="x2" value="1164"/><int name="y2" value="270"/><int name="prev" value="35"/><int name="next" value="20"/></imgdir></imgdir><imgdir name="8"><imgdir name="38"><int name="x1" value="1086"/><int name="y1" value="-30"/><int name="x2" value="1086"/><int name="y2" value="-55"/><int name="prev" value="0"/><int name="next" value="39"/></imgdir><imgdir name="39"><int name="x1" value="1086"/><int name="y1" value="-55"/><int name="x2" value="1164"/><int name="y2" value="-55"/><int name="prev" value="38"/><int name="next" value="42"/></imgdir><imgdir name="40"><int name="x1" value="1176"/><int name="y1" value="-55"/><int name="x2" value="1254"/><int name="y2" value="-55"/><int name="prev" value="42"/><int name="next" value="41"/></imgdir><imgdir name="41"><int name="x1" value="1254"/><int name="y1" value="-55"/><int name="x2" value="1254"/><int name="y2" value="-30"/><int name="prev" value="40"/><int name="next" value="0"/></imgdir><imgdir name="42"><int name="x1" value="1164"/><int name="y1" value="-55"/><int name="x2" value="1176"/><int name="y2" value="-55"/><int name="prev" value="39"/><int name="next" value="40"/></imgdir></imgdir><imgdir name="9"><imgdir name="43"><int name="x1" value="996"/><int name="y1" value="-115"/><int name="x2" value="1074"/><int name="y2" value="-115"/><int name="prev" value="47"/><int name="next" value="44"/></imgdir><imgdir name="44"><int name="x1" value="1074"/><int name="y1" value="-115"/><int name="x2" value="1074"/><int name="y2" value="-90"/><int name="prev" value="43"/><int name="next" value="0"/></imgdir><imgdir name="45"><int name="x1" value="906"/><int name="y1" value="-90"/><int name="x2" value="906"/><int name="y2" value="-115"/><int name="prev" value="0"/><int name="next" value="46"/></imgdir><imgdir name="46"><int name="x1" value="906"/><int name="y1" value="-115"/><int name="x2" value="984"/><int name="y2" value="-115"/><int name="prev" value="45"/><int name="next" value="47"/></imgdir><imgdir name="47"><int name="x1" value="984"/><int name="y1" value="-115"/><int name="x2" value="996"/><int name="y2" value="-115"/><int name="prev" value="46"/><int name="next" value="43"/></imgdir></imgdir><imgdir name="10"><imgdir name="48"><int name="x1" value="675"/><int name="y1" value="-175"/><int name="x2" value="714"/><int name="y2" value="-175"/><int name="prev" value="53"/><int name="next" value="54"/></imgdir><imgdir name="49"><int name="x1" value="816"/><int name="y1" value="-175"/><int name="x2" value="894"/><int name="y2" value="-175"/><int name="prev" value="51"/><int name="next" value="50"/></imgdir><imgdir name="50"><int name="x1" value="894"/><int name="y1" value="-175"/><int name="x2" value="894"/><int name="y2" value="-150"/><int name="prev" value="49"/><int name="next" value="0"/></imgdir><imgdir name="51"><int name="x1" value="765"/><int name="y1" value="-175"/><int name="x2" value="816"/><int name="y2" value="-175"/><int name="prev" value="54"/><int name="next" value="49"/></imgdir><imgdir name="52"><int name="x1" value="636"/><int name="y1" value="-150"/><int name="x2" value="636"/><int name="y2" value="-175"/><int name="prev" value="0"/><int name="next" value="53"/></imgdir><imgdir name="53"><int name="x1" value="636"/><int name="y1" value="-175"/><int name="x2" value="675"/><int name="y2" value="-175"/><int name="prev" value="52"/><int name="next" value="48"/></imgdir><imgdir name="54"><int name="x1" value="714"/><int name="y1" value="-175"/><int name="x2" value="765"/><int name="y2" value="-175"/><int name="prev" value="48"/><int name="next" value="51"/></imgdir></imgdir></imgdir><imgdir name="1"><imgdir name="0"><imgdir name="55"><int name="x1" value="-540"/><int name="y1" value="215"/><int name="x2" value="-450"/><int name="y2" value="215"/><int name="prev" value="63"/><int name="next" value="82"/></imgdir><imgdir name="56"><int name="x1" value="-360"/><int name="y1" value="215"/><int name="x2" value="-270"/><int name="y2" value="215"/><int name="prev" value="82"/><int name="next" value="62"/></imgdir><imgdir name="57"><int name="x1" value="180"/><int name="y1" value="275"/><int name="x2" value="231"/><int name="y2" value="275"/><int name="prev" value="67"/><int name="next" value="58"/></imgdir><imgdir name="58"><int name="x1" value="231"/><int name="y1" value="275"/><int name="x2" value="231"/><int name="y2" value="240"/><int name="prev" value="57"/><int name="next" value="64"/></imgdir><imgdir name="59"><int name="x1" value="-39"/><int name="y1" value="215"/><int name="x2" value="39"/><int name="y2" value="215"/><int name="prev" value="72"/><int name="next" value="60"/></imgdir><imgdir name="60"><int name="x1" value="39"/><int name="y1" value="215"/><int name="x2" value="39"/><int name="y2" value="240"/><int name="prev" value="59"/><int name="next" value="61"/></imgdir><imgdir name="61"><int name="x1" value="39"/><int name="y1" value="240"/><int name="x2" value="39"/><int name="y2" value="275"/><int name="prev" value="60"/><int name="next" value="66"/></imgdir><imgdir name="62"><int name="x1" value="-270"/><int name="y1" value="215"/><int name="x2" value="-180"/><int name="y2" value="215"/><int name="prev" value="56"/><int name="next" value="84"/></imgdir><imgdir name="63"><int name="x1" value="-630"/><int name="y1" value="215"/><int name="x2" value="-540"/><int name="y2" value="215"/><int name="prev" value="89"/><int name="next" value="55"/></imgdir><imgdir name="64"><int name="x1" value="231"/><int name="y1" value="240"/><int name="x2" value="231"/><int name="y2" value="215"/><int name="prev" value="58"/><int name="next" value="65"/></imgdir><imgdir name="65"><int name="x1" value="231"/><int name="y1" value="215"/><int name="x2" value="309"/><int name="y2" value="215"/><int name="prev" value="64"/><int name="next" value="95"/></imgdir><imgdir name="66"><int name="x1" value="39"/><int name="y1" value="275"/><int name="x2" value="90"/><int name="y2" value="275"/><int name="prev" value="61"/><int name="next" value="67"/></imgdir><imgdir name="67"><int name="x1" value="90"/><int name="y1" value="275"/><int name="x2" value="180"/><int name="y2" value="275"/><int name="prev" value="66"/><int name="next" value="57"/></imgdir><imgdir name="68"><int name="x1" value="540"/><int name="y1" value="215"/><int name="x2" value="630"/><int name="y2" value="215"/><int name="prev" value="73"/><int name="next" value="71"/></imgdir><imgdir name="69"><int name="x1" value="1080"/><int name="y1" value="215"/><int name="x2" value="1119"/><int name="y2" value="215"/><int name="prev" value="99"/><int name="next" value="100"/></imgdir><imgdir name="70"><int name="x1" value="720"/><int name="y1" value="215"/><int name="x2" value="771"/><int name="y2" value="215"/><int name="prev" value="71"/><int name="next" value="104"/></imgdir><imgdir name="71"><int name="x1" value="630"/><int name="y1" value="215"/><int name="x2" value="720"/><int name="y2" value="215"/><int name="prev" value="68"/><int name="next" value="70"/></imgdir><imgdir name="72"><int name="x1" value="-90"/><int name="y1" value="215"/><int name="x2" value="-39"/><int name="y2" value="215"/><int name="prev" value="84"/><int name="next" value="59"/></imgdir><imgdir name="73"><int name="x1" value="450"/><int name="y1" value="215"/><int name="x2" value="540"/><int name="y2" value="215"/><int name="prev" value="96"/><int name="next" value="68"/></imgdir><imgdir name="74"><int name="x1" value="1350"/><int name="y1" value="215"/><int name="x2" value="1440"/><int name="y2" value="215"/><int name="prev" value="86"/><int name="next" value="78"/></imgdir><imgdir name="75"><int name="x1" value="1491"/><int name="y1" value="215"/><int name="x2" value="1569"/><int name="y2" value="215"/><int name="prev" value="78"/><int name="next" value="76"/></imgdir><imgdir name="76"><int name="x1" value="1569"/><int name="y1" value="215"/><int name="x2" value="1569"/><int name="y2" value="240"/><int name="prev" value="75"/><int name="next" value="77"/></imgdir><imgdir name="77"><int name="x1" value="1569"/><int name="y1" value="240"/><int name="x2" value="1569"/><int name="y2" value="300"/><int name="prev" value="76"/><int name="next" value="79"/></imgdir><imgdir name="78"><int name="x1" value="1440"/><int name="y1" value="215"/><int name="x2" value="1491"/><int name="y2" value="215"/><int name="prev" value="74"/><int name="next" value="75"/></imgdir><imgdir name="79"><int name="x1" value="1569"/><int name="y1" value="300"/><int name="x2" value="1569"/><int name="y2" value="360"/><int name="prev" value="77"/><int name="next" value="80"/></imgdir><imgdir name="80"><int name="x1" value="1569"/><int name="y1" value="360"/><int name="x2" value="1569"/><int name="y2" value="420"/><int name="prev" value="79"/><int name="next" value="81"/></imgdir><imgdir name="81"><int name="x1" value="1569"/><int name="y1" value="420"/><int name="x2" value="1569"/><int name="y2" value="480"/><int name="prev" value="80"/><int name="next" value="94"/></imgdir><imgdir name="82"><int name="x1" value="-450"/><int name="y1" value="215"/><int name="x2" value="-360"/><int name="y2" value="215"/><int name="prev" value="55"/><int name="next" value="56"/></imgdir><imgdir name="83"><int name="x1" value="-720"/><int name="y1" value="215"/><int name="x2" value="-681"/><int name="y2" value="215"/><int name="prev" value="88"/><int name="next" value="89"/></imgdir><imgdir name="84"><int name="x1" value="-180"/><int name="y1" value="215"/><int name="x2" value="-90"/><int name="y2" value="215"/><int name="prev" value="62"/><int name="next" value="72"/></imgdir><imgdir name="85"><int name="x1" value="1170"/><int name="y1" value="215"/><int name="x2" value="1260"/><int name="y2" value="215"/><int name="prev" value="100"/><int name="next" value="86"/></imgdir><imgdir name="86"><int name="x1" value="1260"/><int name="y1" value="215"/><int name="x2" value="1350"/><int name="y2" value="215"/><int name="prev" value="85"/><int name="next" value="74"/></imgdir><imgdir name="87"><int name="x1" value="-759"/><int name="y1" value="240"/><int name="x2" value="-759"/><int name="y2" value="215"/><int name="prev" value="90"/><int name="next" value="88"/></imgdir><imgdir name="88"><int name="x1" value="-759"/><int name="y1" value="215"/><int name="x2" value="-720"/><int name="y2" value="215"/><int name="prev" value="87"/><int name="next" value="83"/></imgdir><imgdir name="89"><int name="x1" value="-681"/><int name="y1" value="215"/><int name="x2" value="-630"/><int name="y2" value="215"/><int name="prev" value="83"/><int name="next" value="63"/></imgdir><imgdir name="90"><int name="x1" value="-759"/><int name="y1" value="300"/><int name="x2" value="-759"/><int name="y2" value="240"/><int name="prev" value="91"/><int name="next" value="87"/></imgdir><imgdir name="91"><int name="x1" value="-759"/><int name="y1" value="360"/><int name="x2" value="-759"/><int name="y2" value="300"/><int name="prev" value="92"/><int name="next" value="90"/></imgdir><imgdir name="92"><int name="x1" value="-759"/><int name="y1" value="420"/><int name="x2" value="-759"/><int name="y2" value="360"/><int name="prev" value="93"/><int name="next" value="91"/></imgdir><imgdir name="93"><int name="x1" value="-759"/><int name="y1" value="480"/><int name="x2" value="-759"/><int name="y2" value="420"/><int name="prev" value="97"/><int name="next" value="92"/></imgdir><imgdir name="94"><int name="x1" value="1569"/><int name="y1" value="480"/><int name="x2" value="1569"/><int name="y2" value="540"/><int name="prev" value="81"/><int name="next" value="0"/></imgdir><imgdir name="95"><int name="x1" value="309"/><int name="y1" value="215"/><int name="x2" value="360"/><int name="y2" value="215"/><int name="prev" value="65"/><int name="next" value="96"/></imgdir><imgdir name="96"><int name="x1" value="360"/><int name="y1" value="215"/><int name="x2" value="450"/><int name="y2" value="215"/><int name="prev" value="95"/><int name="next" value="73"/></imgdir><imgdir name="97"><int name="x1" value="-759"/><int name="y1" value="540"/><int name="x2" value="-759"/><int name="y2" value="480"/><int name="prev" value="0"/><int name="next" value="93"/></imgdir><imgdir name="98"><int name="x1" value="1041"/><int name="y1" value="240"/><int name="x2" value="1041"/><int name="y2" value="215"/><int name="prev" value="103"/><int name="next" value="99"/></imgdir><imgdir name="99"><int name="x1" value="1041"/><int name="y1" value="215"/><int name="x2" value="1080"/><int name="y2" value="215"/><int name="prev" value="98"/><int name="next" value="69"/></imgdir><imgdir name="100"><int name="x1" value="1119"/><int name="y1" value="215"/><int name="x2" value="1170"/><int name="y2" value="215"/><int name="prev" value="69"/><int name="next" value="85"/></imgdir><imgdir name="101"><int name="x1" value="900"/><int name="y1" value="275"/><int name="x2" value="990"/><int name="y2" value="275"/><int name="prev" value="108"/><int name="next" value="102"/></imgdir><imgdir name="102"><int name="x1" value="990"/><int name="y1" value="275"/><int name="x2" value="1041"/><int name="y2" value="275"/><int name="prev" value="101"/><int name="next" value="103"/></imgdir><imgdir name="103"><int name="x1" value="1041"/><int name="y1" value="275"/><int name="x2" value="1041"/><int name="y2" value="240"/><int name="prev" value="102"/><int name="next" value="98"/></imgdir><imgdir name="104"><int name="x1" value="771"/><int name="y1" value="215"/><int name="x2" value="810"/><int name="y2" value="215"/><int name="prev" value="70"/><int name="next" value="105"/></imgdir><imgdir name="105"><int name="x1" value="810"/><int name="y1" value="215"/><int name="x2" value="849"/><int name="y2" value="215"/><int name="prev" value="104"/><int name="next" value="106"/></imgdir><imgdir name="106"><int name="x1" value="849"/><int name="y1" value="215"/><int name="x2" value="849"/><int name="y2" value="240"/><int name="prev" value="105"/><int name="next" value="107"/></imgdir><imgdir name="107"><int name="x1" value="849"/><int name="y1" value="240"/><int name="x2" value="849"/><int name="y2" value="275"/><int name="prev" value="106"/><int name="next" value="108"/></imgdir><imgdir name="108"><int name="x1" value="849"/><int name="y1" value="275"/><int name="x2" value="900"/><int name="y2" value="275"/><int name="prev" value="107"/><int name="next" value="101"/></imgdir></imgdir></imgdir></imgdir><imgdir name="ladderRope"><imgdir name="1"><int name="l" value="1"/><int name="uf" value="1"/><int name="x" value="-125"/><int name="y1" value="127"/><int name="y2" value="213"/><int name="page" value="2"/></imgdir><imgdir name="2"><int name="l" value="1"/><int name="uf" value="1"/><int name="x" value="1118"/><int name="y1" value="67"/><int name="y2" value="207"/><int name="page" value="2"/></imgdir></imgdir><imgdir name="miniMap"><canvas name="canvas" width="151" height="69"></canvas><int name="width" value="2427"/><int name="height" value="1104"/><int name="centerX" value="800"/><int name="centerY" value="490"/><int name="mag" value="4"/></imgdir><imgdir name="portal"><imgdir name="0"><string name="pn" value="sp"/><int name="pt" value="0"/><int name="x" value="-647"/><int name="y" value="190"/><int name="tm" value="999999999"/><string name="tn" value=""/></imgdir><imgdir name="1"><string name="pn" value="sp"/><int name="pt" value="0"/><int name="x" value="-540"/><int name="y" value="191"/><int name="tm" value="999999999"/><string name="tn" value=""/></imgdir><imgdir name="2"><string name="pn" value="sp"/><int name="pt" value="0"/><int name="x" value="-465"/><int name="y" value="190"/><int name="tm" value="999999999"/><string name="tn" value=""/></imgdir><imgdir name="3"><string name="pn" value="sp"/><int name="pt" value="0"/><int name="x" value="1372"/><int name="y" value="178"/><int name="tm" value="999999999"/><string name="tn" value=""/></imgdir><imgdir name="4"><string name="pn" value="sp"/><int name="pt" value="0"/><int name="x" value="1440"/><int name="y" value="175"/><int name="tm" value="999999999"/><string name="tn" value=""/></imgdir><imgdir name="5"><string name="pn" value="sp"/><int name="pt" value="0"/><int name="x" value="1506"/><int name="y" value="181"/><int name="tm" value="999999999"/><string name="tn" value=""/></imgdir><imgdir name="6"><string name="pn" value="west00"/><int name="pt" value="2"/><int name="x" value="-580"/><int name="y" value="210"/><int name="tm" value="100010000"/><string name="tn" value="east00"/></imgdir><imgdir name="7"><string name="pn" value="east00"/><int name="pt" value="2"/><int name="x" value="1444"/><int name="y" value="215"/><int name="tm" value="100030000"/><string name="tn" value="west00"/></imgdir><imgdir name="8"><string name="pn" value="MD00"/><int name="pt" value="7"/><int name="x" value="720"/><int name="y" value="-175"/><int name="tm" value="999999999"/><string name="tn" value=""/><string name="script" value="MD_pig"/></imgdir></imgdir></imgdir>