<?xml version="1.0" encoding="UTF-8" standalone="yes"?><imgdir name="100000002.img"><imgdir name="info"><int name="version" value="10"/><int name="cloud" value="0"/><string name="mapDesc" value=""/><int name="town" value="0"/><int name="returnMap" value="100000000"/><float name="mobRate" value="1.0"/><string name="bgm" value="Bgm00/FloralLife"/><int name="hideMinimap" value="0"/><int name="forcedReturn" value="100000000"/><int name="moveLimit" value="0"/><string name="mapMark" value="Henesys"/><int name="fieldLimit" value="64"/></imgdir><imgdir name="back"><imgdir name="0"><string name="bS" value="grassySoil"/><int name="no" value="0"/><int name="x" value="0"/><int name="y" value="0"/><int name="rx" value="0"/><int name="ry" value="0"/><int name="type" value="3"/><int name="cx" value="0"/><int name="cy" value="0"/><int name="a" value="255"/><int name="front" value="0"/><int name="ani" value="0"/><int name="f" value="0"/></imgdir><imgdir name="1"><string name="bS" value="grassySoil"/><int name="no" value="1"/><int name="x" value="-57"/><int name="y" value="-167"/><int name="rx" value="-5"/><int name="ry" value="0"/><int name="type" value="4"/><int name="cx" value="0"/><int name="cy" value="0"/><int name="a" value="255"/><int name="front" value="0"/><int name="ani" value="0"/><int name="f" value="0"/></imgdir><imgdir name="2"><string name="bS" value="grassySoil"/><int name="no" value="2"/><int name="x" value="367"/><int name="y" value="119"/><int name="rx" value="-10"/><int name="ry" value="-10"/><int name="type" value="0"/><int name="cx" value="0"/><int name="cy" value="0"/><int name="a" value="255"/><int name="front" value="0"/><int name="ani" value="0"/><int name="f" value="0"/></imgdir><imgdir name="3"><string name="bS" value="grassySoil"/><int name="no" value="3"/><int name="x" value="246"/><int name="y" value="-185"/><int name="rx" value="-10"/><int name="ry" value="-10"/><int name="type" value="0"/><int name="cx" value="0"/><int name="cy" value="0"/><int name="a" value="255"/><int name="front" value="0"/><int name="ani" value="0"/><int name="f" value="0"/></imgdir><imgdir name="4"><string name="bS" value="grassySoil"/><int name="no" value="6"/><int name="x" value="-65"/><int name="y" value="161"/><int name="rx" value="-20"/><int name="ry" value="-15"/><int name="type" value="0"/><int name="cx" value="0"/><int name="cy" value="0"/><int name="a" value="255"/><int name="front" value="0"/><int name="ani" value="0"/><int name="f" value="0"/></imgdir><imgdir name="5"><string name="bS" value="grassySoil"/><int name="no" value="4"/><int name="x" value="958"/><int name="y" value="179"/><int name="rx" value="-20"/><int name="ry" value="-15"/><int name="type" value="0"/><int name="cx" value="0"/><int name="cy" value="0"/><int name="a" value="255"/><int name="front" value="0"/><int name="ani" value="0"/><int name="f" value="0"/></imgdir></imgdir><imgdir name="life"><imgdir name="0"><string name="type" value="m"/><string name="id" value="1210102"/><int name="x" value="-1053"/><int name="y" value="158"/><int name="mobTime" value="1800"/><int name="f" value="0"/><int name="fh" value="99"/><int name="cy" value="215"/><int name="rx0" value="-1189"/><int name="rx1" value="559"/></imgdir><imgdir name="1"><string name="type" value="m"/><string name="id" value="1210102"/><int name="x" value="-861"/><int name="y" value="156"/><int name="mobTime" value="1800"/><int name="f" value="0"/><int name="fh" value="97"/><int name="cy" value="215"/><int name="rx0" value="-1189"/><int name="rx1" value="559"/></imgdir><imgdir name="2"><string name="type" value="m"/><string name="id" value="1210102"/><int name="x" value="-479"/><int name="y" value="163"/><int name="mobTime" value="1800"/><int name="f" value="0"/><int name="fh" value="93"/><int name="cy" value="215"/><int name="rx0" value="-1189"/><int name="rx1" value="559"/></imgdir><imgdir name="3"><string name="type" value="m"/><string name="id" value="1210102"/><int name="x" value="-955"/><int name="y" value="160"/><int name="mobTime" value="1800"/><int name="f" value="0"/><int name="fh" value="98"/><int name="cy" value="215"/><int name="rx0" value="-1189"/><int name="rx1" value="559"/></imgdir><imgdir name="4"><string name="type" value="m"/><string name="id" value="1210102"/><int name="x" value="-578"/><int name="y" value="170"/><int name="mobTime" value="1800"/><int name="f" value="0"/><int name="fh" value="94"/><int name="cy" value="215"/><int name="rx0" value="-1189"/><int name="rx1" value="559"/></imgdir><imgdir name="5"><string name="type" value="m"/><string name="id" value="1210102"/><int name="x" value="-906"/><int name="y" value="-140"/><int name="mobTime" value="1800"/><int name="f" value="0"/><int name="fh" value="34"/><int name="cy" value="-115"/><int name="rx0" value="-1054"/><int name="rx1" value="-476"/></imgdir><imgdir name="6"><string name="type" value="m"/><string name="id" value="1210102"/><int name="x" value="-776"/><int name="y" value="-141"/><int name="mobTime" value="1800"/><int name="f" value="0"/><int name="fh" value="35"/><int name="cy" value="-115"/><int name="rx0" value="-1054"/><int name="rx1" value="-476"/></imgdir><imgdir name="7"><string name="type" value="m"/><string name="id" value="1210102"/><int name="x" value="-639"/><int name="y" value="-141"/><int name="mobTime" value="1800"/><int name="f" value="0"/><int name="fh" value="43"/><int name="cy" value="-115"/><int name="rx0" value="-1054"/><int name="rx1" value="-476"/></imgdir><imgdir name="8"><string name="type" value="m"/><string name="id" value="1210102"/><int name="x" value="-550"/><int name="y" value="-144"/><int name="mobTime" value="1800"/><int name="f" value="0"/><int name="fh" value="42"/><int name="cy" value="-115"/><int name="rx0" value="-1054"/><int name="rx1" value="-476"/></imgdir><imgdir name="9"><string name="type" value="m"/><string name="id" value="1210102"/><int name="x" value="-838"/><int name="y" value="-349"/><int name="mobTime" value="1800"/><int name="f" value="0"/><int name="fh" value="47"/><int name="cy" value="-295"/><int name="rx0" value="-964"/><int name="rx1" value="-566"/></imgdir><imgdir name="10"><string name="type" value="m"/><string name="id" value="1210102"/><int name="x" value="-740"/><int name="y" value="-346"/><int name="mobTime" value="1800"/><int name="f" value="0"/><int name="fh" value="48"/><int name="cy" value="-295"/><int name="rx0" value="-964"/><int name="rx1" value="-566"/></imgdir><imgdir name="11"><string name="type" value="m"/><string name="id" value="1210102"/><int name="x" value="-636"/><int name="y" value="-341"/><int name="mobTime" value="1800"/><int name="f" value="0"/><int name="fh" value="51"/><int name="cy" value="-295"/><int name="rx0" value="-964"/><int name="rx1" value="-566"/></imgdir><imgdir name="12"><string name="type" value="m"/><string name="id" value="9400568"/><int name="x" value="-757"/><int name="y" value="180"/><int name="mobTime" value="0"/><int name="f" value="0"/><int name="hide" value="0"/><int name="fh" value="96"/><int name="cy" value="215"/><int name="rx0" value="-1189"/><int name="rx1" value="559"/></imgdir><imgdir name="13"><string name="type" value="m"/><string name="id" value="9400568"/><int name="x" value="-430"/><int name="y" value="190"/><int name="mobTime" value="0"/><int name="f" value="0"/><int name="hide" value="0"/><int name="fh" value="89"/><int name="cy" value="215"/><int name="rx0" value="-1189"/><int name="rx1" value="559"/></imgdir><imgdir name="14"><string name="type" value="m"/><string name="id" value="9400568"/><int name="x" value="-673"/><int name="y" value="-149"/><int name="mobTime" value="0"/><int name="f" value="0"/><int name="hide" value="0"/><int name="fh" value="43"/><int name="cy" value="-115"/><int name="rx0" value="-1054"/><int name="rx1" value="-476"/></imgdir><imgdir name="15"><string name="type" value="m"/><string name="id" value="9400568"/><int name="x" value="-690"/><int name="y" value="-321"/><int name="mobTime" value="0"/><int name="f" value="0"/><int name="hide" value="0"/><int name="fh" value="48"/><int name="cy" value="-295"/><int name="rx0" value="-964"/><int name="rx1" value="-566"/></imgdir><imgdir name="16"><string name="type" value="m"/><string name="id" value="9400568"/><int name="x" value="-120"/><int name="y" value="5"/><int name="mobTime" value="0"/><int name="f" value="0"/><int name="hide" value="0"/><int name="fh" value="109"/><int name="cy" value="35"/><int name="rx0" value="-1189"/><int name="rx1" value="559"/></imgdir></imgdir><imgdir name="0"><imgdir name="info"><string name="tS" value="grassySoil"/></imgdir><imgdir name="tile"><imgdir name="0"><int name="x" value="-225"/><int name="y" value="-450"/><string name="u" value="edU"/><int name="no" value="0"/><int name="zM" value="29"/></imgdir><imgdir name="1"><int name="x" value="-225"/><int name="y" value="-450"/><string name="u" value="edD"/><int name="no" value="0"/><int name="zM" value="29"/></imgdir><imgdir name="4"><int name="x" value="-225"/><int name="y" value="-450"/><string name="u" value="enH0"/><int name="no" value="1"/><int name="zM" value="29"/></imgdir><imgdir name="5"><int name="x" value="-225"/><int name="y" value="-450"/><string name="u" value="enH1"/><int name="no" value="1"/><int name="zM" value="29"/></imgdir><imgdir name="2"><int name="x" value="-135"/><int name="y" value="-450"/><string name="u" value="enH1"/><int name="no" value="0"/><int name="zM" value="29"/></imgdir><imgdir name="3"><int name="x" value="-135"/><int name="y" value="-450"/><string name="u" value="enH0"/><int name="no" value="0"/><int name="zM" value="29"/></imgdir><imgdir name="6"><int name="x" value="-45"/><int name="y" value="-450"/><string name="u" value="enH1"/><int name="no" value="1"/><int name="zM" value="29"/></imgdir><imgdir name="7"><int name="x" value="-45"/><int name="y" value="-450"/><string name="u" value="enH0"/><int name="no" value="0"/><int name="zM" value="29"/></imgdir><imgdir name="8"><int name="x" value="45"/><int name="y" value="-450"/><string name="u" value="enH1"/><int name="no" value="1"/><int name="zM" value="29"/></imgdir><imgdir name="9"><int name="x" value="45"/><int name="y" value="-450"/><string name="u" value="enH0"/><int name="no" value="1"/><int name="zM" value="29"/></imgdir><imgdir name="10"><int name="x" value="135"/><int name="y" value="-450"/><string name="u" value="enH1"/><int name="no" value="0"/><int name="zM" value="29"/></imgdir><imgdir name="11"><int name="x" value="135"/><int name="y" value="-450"/><string name="u" value="enH0"/><int name="no" value="0"/><int name="zM" value="29"/></imgdir><imgdir name="12"><int name="x" value="225"/><int name="y" value="-450"/><string name="u" value="enH1"/><int name="no" value="1"/><int name="zM" value="29"/></imgdir><imgdir name="13"><int name="x" value="225"/><int name="y" value="-450"/><string name="u" value="enH0"/><int name="no" value="0"/><int name="zM" value="29"/></imgdir><imgdir name="14"><int name="x" value="315"/><int name="y" value="-450"/><string name="u" value="enH1"/><int name="no" value="1"/><int name="zM" value="29"/></imgdir><imgdir name="15"><int name="x" value="315"/><int name="y" value="-450"/><string name="u" value="enH0"/><int name="no" value="0"/><int name="zM" value="29"/></imgdir></imgdir><imgdir name="obj"><imgdir name="0"><string name="oS" value="houseGS"/><string name="l0" value="house18"/><string name="l1" value="basic"/><string name="l2" value="0"/><int name="x" value="-23"/><int name="y" value="-442"/><int name="z" value="3"/><int name="f" value="0"/><int name="zM" value="29"/></imgdir><imgdir name="1"><string name="oS" value="houseGS"/><string name="l0" value="house18"/><string name="l1" value="basic"/><string name="l2" value="1"/><int name="x" value="362"/><int name="y" value="-472"/><int name="z" value="1"/><int name="f" value="0"/><int name="zM" value="29"/></imgdir><imgdir name="2"><string name="oS" value="houseGS"/><string name="l0" value="house18"/><string name="l1" value="basic"/><string name="l2" value="2"/><int name="x" value="58"/><int name="y" value="-106"/><int name="z" value="4"/><int name="f" value="0"/><int name="zM" value="29"/></imgdir><imgdir name="3"><string name="oS" value="acc1"/><string name="l0" value="grassySoil"/><string name="l1" value="artificiality"/><string name="l2" value="33"/><int name="x" value="-861"/><int name="y" value="-366"/><int name="z" value="3"/><int name="f" value="0"/><int name="zM" value="23"/></imgdir></imgdir></imgdir><imgdir name="1"><imgdir name="info"></imgdir><imgdir name="tile"></imgdir><imgdir name="obj"><imgdir name="0"><string name="oS" value="houseGS"/><string name="l0" value="house18"/><string name="l1" value="basic"/><string name="l2" value="5"/><int name="x" value="74"/><int name="y" value="-222"/><int name="z" value="3"/><int name="f" value="0"/><int name="zM" value="10"/></imgdir><imgdir name="1"><string name="oS" value="houseGS"/><string name="l0" value="house18"/><string name="l1" value="basic"/><string name="l2" value="3"/><int name="x" value="-13"/><int name="y" value="-424"/><int name="z" value="4"/><int name="f" value="0"/><int name="zM" value="10"/></imgdir></imgdir></imgdir><imgdir name="2"><imgdir name="info"><string name="tS" value="grassySoil"/></imgdir><imgdir name="tile"><imgdir name="15"><int name="x" value="-675"/><int name="y" value="-90"/><string name="u" value="enH1"/><int name="no" value="1"/><int name="zM" value="12"/></imgdir><imgdir name="14"><int name="x" value="-675"/><int name="y" value="-90"/><string name="u" value="enH0"/><int name="no" value="1"/><int name="zM" value="12"/></imgdir><imgdir name="13"><int name="x" value="-585"/><int name="y" value="-90"/><string name="u" value="enH1"/><int name="no" value="1"/><int name="zM" value="12"/></imgdir><imgdir name="12"><int name="x" value="-585"/><int name="y" value="-90"/><string name="u" value="enH0"/><int name="no" value="0"/><int name="zM" value="12"/></imgdir><imgdir name="9"><int name="x" value="-495"/><int name="y" value="-90"/><string name="u" value="edD"/><int name="no" value="0"/><int name="zM" value="12"/></imgdir><imgdir name="8"><int name="x" value="-495"/><int name="y" value="-90"/><string name="u" value="edU"/><int name="no" value="1"/><int name="zM" value="12"/></imgdir><imgdir name="10"><int name="x" value="-1035"/><int name="y" value="-90"/><string name="u" value="edD"/><int name="no" value="0"/><int name="zM" value="12"/></imgdir><imgdir name="11"><int name="x" value="-1035"/><int name="y" value="-90"/><string name="u" value="edU"/><int name="no" value="1"/><int name="zM" value="12"/></imgdir><imgdir name="7"><int name="x" value="-765"/><int name="y" value="-90"/><string name="u" value="enH0"/><int name="no" value="0"/><int name="zM" value="12"/></imgdir><imgdir name="6"><int name="x" value="-765"/><int name="y" value="-90"/><string name="u" value="enH1"/><int name="no" value="1"/><int name="zM" value="12"/></imgdir><imgdir name="5"><int name="x" value="-855"/><int name="y" value="-90"/><string name="u" value="enH0"/><int name="no" value="1"/><int name="zM" value="12"/></imgdir><imgdir name="4"><int name="x" value="-855"/><int name="y" value="-90"/><string name="u" value="enH1"/><int name="no" value="1"/><int name="zM" value="12"/></imgdir><imgdir name="2"><int name="x" value="-945"/><int name="y" value="-90"/><string name="u" value="enH0"/><int name="no" value="1"/><int name="zM" value="12"/></imgdir><imgdir name="3"><int name="x" value="-945"/><int name="y" value="-90"/><string name="u" value="enH1"/><int name="no" value="0"/><int name="zM" value="12"/></imgdir><imgdir name="1"><int name="x" value="-1035"/><int name="y" value="-90"/><string name="u" value="enH0"/><int name="no" value="0"/><int name="zM" value="12"/></imgdir><imgdir name="0"><int name="x" value="-1035"/><int name="y" value="-90"/><string name="u" value="enH1"/><int name="no" value="1"/><int name="zM" value="12"/></imgdir><imgdir name="16"><int name="x" value="-945"/><int name="y" value="-270"/><string name="u" value="edU"/><int name="no" value="1"/><int name="zM" value="20"/></imgdir><imgdir name="17"><int name="x" value="-945"/><int name="y" value="-270"/><string name="u" value="edD"/><int name="no" value="0"/><int name="zM" value="20"/></imgdir><imgdir name="24"><int name="x" value="-585"/><int name="y" value="-270"/><string name="u" value="edU"/><int name="no" value="0"/><int name="zM" value="20"/></imgdir><imgdir name="25"><int name="x" value="-585"/><int name="y" value="-270"/><string name="u" value="edD"/><int name="no" value="0"/><int name="zM" value="20"/></imgdir><imgdir name="26"><int name="x" value="-675"/><int name="y" value="-270"/><string name="u" value="enH0"/><int name="no" value="1"/><int name="zM" value="20"/></imgdir><imgdir name="27"><int name="x" value="-675"/><int name="y" value="-270"/><string name="u" value="enH1"/><int name="no" value="0"/><int name="zM" value="20"/></imgdir><imgdir name="22"><int name="x" value="-765"/><int name="y" value="-270"/><string name="u" value="enH1"/><int name="no" value="1"/><int name="zM" value="20"/></imgdir><imgdir name="23"><int name="x" value="-765"/><int name="y" value="-270"/><string name="u" value="enH0"/><int name="no" value="1"/><int name="zM" value="20"/></imgdir><imgdir name="20"><int name="x" value="-855"/><int name="y" value="-270"/><string name="u" value="enH1"/><int name="no" value="1"/><int name="zM" value="20"/></imgdir><imgdir name="21"><int name="x" value="-855"/><int name="y" value="-270"/><string name="u" value="enH0"/><int name="no" value="0"/><int name="zM" value="20"/></imgdir><imgdir name="18"><int name="x" value="-945"/><int name="y" value="-270"/><string name="u" value="enH1"/><int name="no" value="0"/><int name="zM" value="20"/></imgdir><imgdir name="19"><int name="x" value="-945"/><int name="y" value="-270"/><string name="u" value="enH0"/><int name="no" value="0"/><int name="zM" value="20"/></imgdir><imgdir name="28"><int name="x" value="-585"/><int name="y" value="-450"/><string name="u" value="edU"/><int name="no" value="1"/><int name="zM" value="30"/></imgdir><imgdir name="29"><int name="x" value="-585"/><int name="y" value="-450"/><string name="u" value="edD"/><int name="no" value="0"/><int name="zM" value="30"/></imgdir><imgdir name="30"><int name="x" value="-495"/><int name="y" value="-450"/><string name="u" value="edU"/><int name="no" value="1"/><int name="zM" value="30"/></imgdir><imgdir name="31"><int name="x" value="-495"/><int name="y" value="-450"/><string name="u" value="edD"/><int name="no" value="0"/><int name="zM" value="30"/></imgdir><imgdir name="32"><int name="x" value="-585"/><int name="y" value="-450"/><string name="u" value="enH0"/><int name="no" value="1"/><int name="zM" value="30"/></imgdir><imgdir name="33"><int name="x" value="-585"/><int name="y" value="-450"/><string name="u" value="enH1"/><int name="no" value="1"/><int name="zM" value="30"/></imgdir><imgdir name="34"><int name="x" value="-405"/><int name="y" value="-390"/><string name="u" value="edU"/><int name="no" value="0"/><int name="zM" value="28"/></imgdir><imgdir name="35"><int name="x" value="-405"/><int name="y" value="-390"/><string name="u" value="edD"/><int name="no" value="0"/><int name="zM" value="28"/></imgdir><imgdir name="36"><int name="x" value="-315"/><int name="y" value="-390"/><string name="u" value="edU"/><int name="no" value="0"/><int name="zM" value="28"/></imgdir><imgdir name="37"><int name="x" value="-315"/><int name="y" value="-390"/><string name="u" value="edD"/><int name="no" value="0"/><int name="zM" value="28"/></imgdir><imgdir name="38"><int name="x" value="-405"/><int name="y" value="-390"/><string name="u" value="enH0"/><int name="no" value="0"/><int name="zM" value="28"/></imgdir><imgdir name="39"><int name="x" value="-405"/><int name="y" value="-390"/><string name="u" value="enH1"/><int name="no" value="1"/><int name="zM" value="28"/></imgdir><imgdir name="40"><int name="x" value="-315"/><int name="y" value="-330"/><string name="u" value="edU"/><int name="no" value="0"/><int name="zM" value="24"/></imgdir><imgdir name="41"><int name="x" value="-315"/><int name="y" value="-330"/><string name="u" value="edD"/><int name="no" value="0"/><int name="zM" value="24"/></imgdir><imgdir name="42"><int name="x" value="-225"/><int name="y" value="-330"/><string name="u" value="edU"/><int name="no" value="1"/><int name="zM" value="24"/></imgdir><imgdir name="43"><int name="x" value="-225"/><int name="y" value="-330"/><string name="u" value="edD"/><int name="no" value="0"/><int name="zM" value="24"/></imgdir><imgdir name="44"><int name="x" value="-315"/><int name="y" value="-330"/><string name="u" value="enH0"/><int name="no" value="0"/><int name="zM" value="24"/></imgdir><imgdir name="45"><int name="x" value="-315"/><int name="y" value="-330"/><string name="u" value="enH1"/><int name="no" value="1"/><int name="zM" value="24"/></imgdir></imgdir><imgdir name="obj"><imgdir name="0"><string name="oS" value="houseGS"/><string name="l0" value="house6"/><string name="l1" value="basic"/><string name="l2" value="0"/><int name="x" value="-602"/><int name="y" value="134"/><int name="z" value="1"/><int name="f" value="0"/><int name="zM" value="1"/></imgdir><imgdir name="1"><string name="oS" value="houseGS"/><string name="l0" value="house6"/><string name="l1" value="basic"/><string name="l2" value="1"/><int name="x" value="-592"/><int name="y" value="32"/><int name="z" value="2"/><int name="f" value="0"/><int name="zM" value="1"/></imgdir><imgdir name="2"><string name="oS" value="houseGS"/><string name="l0" value="house6"/><string name="l1" value="deco"/><string name="l2" value="0"/><int name="x" value="-586"/><int name="y" value="31"/><int name="z" value="4"/><int name="f" value="0"/><int name="zM" value="1"/></imgdir><imgdir name="3"><string name="oS" value="door"/><string name="l0" value="grassySoil"/><string name="l1" value="door"/><string name="l2" value="9"/><int name="x" value="-653"/><int name="y" value="149"/><int name="z" value="3"/><int name="f" value="0"/><int name="zM" value="1"/></imgdir><imgdir name="4"><string name="oS" value="door"/><string name="l0" value="grassySoil"/><string name="l1" value="door"/><string name="l2" value="12"/><int name="x" value="-652"/><int name="y" value="173"/><int name="z" value="2"/><int name="f" value="0"/><int name="zM" value="1"/></imgdir><imgdir name="5"><string name="oS" value="door"/><string name="l0" value="grassySoil"/><string name="l1" value="window"/><string name="l2" value="1"/><int name="x" value="-528"/><int name="y" value="140"/><int name="z" value="3"/><int name="f" value="0"/><int name="zM" value="1"/></imgdir><imgdir name="6"><string name="oS" value="house"/><string name="l0" value="grassySoil"/><string name="l1" value="accessory"/><string name="l2" value="0"/><int name="x" value="-540"/><int name="y" value="136"/><int name="z" value="4"/><int name="f" value="0"/><int name="zM" value="1"/></imgdir><imgdir name="7"><string name="oS" value="house"/><string name="l0" value="grassySoil"/><string name="l1" value="accessory"/><string name="l2" value="1"/><int name="x" value="-528"/><int name="y" value="11"/><int name="z" value="5"/><int name="f" value="0"/><int name="zM" value="1"/></imgdir><imgdir name="8"><string name="oS" value="acc1"/><string name="l0" value="grassySoil"/><string name="l1" value="nature"/><string name="l2" value="17"/><int name="x" value="-1103"/><int name="y" value="183"/><int name="z" value="3"/><int name="f" value="0"/><int name="zM" value="4"/></imgdir><imgdir name="9"><string name="oS" value="acc1"/><string name="l0" value="grassySoil"/><string name="l1" value="nature"/><string name="l2" value="13"/><int name="x" value="-410"/><int name="y" value="157"/><int name="z" value="0"/><int name="f" value="0"/><int name="zM" value="1"/></imgdir><imgdir name="10"><string name="oS" value="acc1"/><string name="l0" value="grassySoil"/><string name="l1" value="nature"/><string name="l2" value="13"/><int name="x" value="-777"/><int name="y" value="163"/><int name="z" value="0"/><int name="f" value="0"/><int name="zM" value="1"/></imgdir><imgdir name="11"><string name="oS" value="acc1"/><string name="l0" value="darkWood"/><string name="l1" value="nature"/><string name="l2" value="20"/><int name="x" value="-969"/><int name="y" value="206"/><int name="z" value="2"/><int name="f" value="0"/><int name="zM" value="1"/></imgdir><imgdir name="12"><string name="oS" value="acc1"/><string name="l0" value="darkWood"/><string name="l1" value="nature"/><string name="l2" value="20"/><int name="x" value="-1085"/><int name="y" value="204"/><int name="z" value="1"/><int name="f" value="0"/><int name="zM" value="1"/></imgdir><imgdir name="13"><string name="oS" value="acc1"/><string name="l0" value="grassySoil"/><string name="l1" value="nature"/><string name="l2" value="5"/><int name="x" value="-472"/><int name="y" value="182"/><int name="z" value="4"/><int name="f" value="0"/><int name="zM" value="1"/></imgdir><imgdir name="14"><string name="oS" value="acc1"/><string name="l0" value="grassySoil"/><string name="l1" value="nature"/><string name="l2" value="8"/><int name="x" value="-726"/><int name="y" value="206"/><int name="z" value="4"/><int name="f" value="0"/><int name="zM" value="1"/></imgdir><imgdir name="15"><string name="oS" value="acc1"/><string name="l0" value="grassySoil"/><string name="l1" value="nature"/><string name="l2" value="8"/><int name="x" value="-795"/><int name="y" value="206"/><int name="z" value="3"/><int name="f" value="0"/><int name="zM" value="1"/></imgdir><imgdir name="16"><string name="oS" value="acc1"/><string name="l0" value="grassySoil"/><string name="l1" value="nature"/><string name="l2" value="8"/><int name="x" value="-866"/><int name="y" value="208"/><int name="z" value="3"/><int name="f" value="0"/><int name="zM" value="1"/></imgdir><imgdir name="17"><string name="oS" value="acc1"/><string name="l0" value="grassySoil"/><string name="l1" value="nature"/><string name="l2" value="8"/><int name="x" value="-937"/><int name="y" value="207"/><int name="z" value="3"/><int name="f" value="0"/><int name="zM" value="1"/></imgdir><imgdir name="18"><string name="oS" value="acc1"/><string name="l0" value="darkWood"/><string name="l1" value="nature"/><string name="l2" value="20"/><int name="x" value="-1002"/><int name="y" value="-126"/><int name="z" value="1"/><int name="f" value="0"/><int name="zM" value="12"/></imgdir><imgdir name="19"><string name="oS" value="acc1"/><string name="l0" value="grassySoil"/><string name="l1" value="nature"/><string name="l2" value="5"/><int name="x" value="-889"/><int name="y" value="-151"/><int name="z" value="4"/><int name="f" value="0"/><int name="zM" value="12"/></imgdir><imgdir name="20"><string name="oS" value="acc1"/><string name="l0" value="grassySoil"/><string name="l1" value="nature"/><string name="l2" value="6"/><int name="x" value="-864"/><int name="y" value="-143"/><int name="z" value="3"/><int name="f" value="0"/><int name="zM" value="12"/></imgdir><imgdir name="21"><string name="oS" value="acc1"/><string name="l0" value="grassySoil"/><string name="l1" value="nature"/><string name="l2" value="6"/><int name="x" value="-841"/><int name="y" value="-141"/><int name="z" value="2"/><int name="f" value="0"/><int name="zM" value="12"/></imgdir><imgdir name="22"><string name="oS" value="acc1"/><string name="l0" value="grassySoil"/><string name="l1" value="nature"/><string name="l2" value="19"/><int name="x" value="-821"/><int name="y" value="-212"/><int name="z" value="5"/><int name="f" value="0"/><int name="zM" value="16"/></imgdir><imgdir name="23"><string name="oS" value="acc1"/><string name="l0" value="darkWood"/><string name="l1" value="nature"/><string name="l2" value="20"/><int name="x" value="-691"/><int name="y" value="-306"/><int name="z" value="2"/><int name="f" value="0"/><int name="zM" value="20"/></imgdir><imgdir name="24"><string name="oS" value="acc1"/><string name="l0" value="grassySoil"/><string name="l1" value="nature"/><string name="l2" value="4"/><int name="x" value="-782"/><int name="y" value="-317"/><int name="z" value="3"/><int name="f" value="0"/><int name="zM" value="20"/></imgdir><imgdir name="25"><string name="oS" value="acc1"/><string name="l0" value="grassySoil"/><string name="l1" value="nature"/><string name="l2" value="3"/><int name="x" value="-753"/><int name="y" value="-320"/><int name="z" value="4"/><int name="f" value="0"/><int name="zM" value="20"/></imgdir><imgdir name="26"><string name="oS" value="acc1"/><string name="l0" value="grassySoil"/><string name="l1" value="nature"/><string name="l2" value="4"/><int name="x" value="-734"/><int name="y" value="-320"/><int name="z" value="3"/><int name="f" value="0"/><int name="zM" value="20"/></imgdir><imgdir name="27"><string name="oS" value="acc1"/><string name="l0" value="grassySoil"/><string name="l1" value="nature"/><string name="l2" value="3"/><int name="x" value="-711"/><int name="y" value="-319"/><int name="z" value="5"/><int name="f" value="0"/><int name="zM" value="20"/></imgdir><imgdir name="28"><string name="oS" value="acc1"/><string name="l0" value="grassySoil"/><string name="l1" value="nature"/><string name="l2" value="21"/><int name="x" value="-776"/><int name="y" value="-371"/><int name="z" value="6"/><int name="f" value="0"/><int name="zM" value="27"/></imgdir></imgdir></imgdir><imgdir name="3"><imgdir name="info"><string name="tS" value="grassySoil"/></imgdir><imgdir name="tile"><imgdir name="4"><int name="x" value="-270"/><int name="y" value="180"/><string name="u" value="bsc"/><int name="no" value="2"/><int name="zM" value="0"/></imgdir><imgdir name="9"><int name="x" value="-180"/><int name="y" value="180"/><string name="u" value="bsc"/><int name="no" value="4"/><int name="zM" value="0"/></imgdir><imgdir name="10"><int name="x" value="90"/><int name="y" value="180"/><string name="u" value="bsc"/><int name="no" value="1"/><int name="zM" value="0"/></imgdir><imgdir name="17"><int name="x" value="-90"/><int name="y" value="180"/><string name="u" value="bsc"/><int name="no" value="1"/><int name="zM" value="0"/></imgdir><imgdir name="6"><int name="x" value="0"/><int name="y" value="180"/><string name="u" value="bsc"/><int name="no" value="4"/><int name="zM" value="0"/></imgdir><imgdir name="12"><int name="x" value="270"/><int name="y" value="180"/><string name="u" value="bsc"/><int name="no" value="3"/><int name="zM" value="0"/></imgdir><imgdir name="15"><int name="x" value="180"/><int name="y" value="180"/><string name="u" value="bsc"/><int name="no" value="3"/><int name="zM" value="0"/></imgdir><imgdir name="18"><int name="x" value="360"/><int name="y" value="180"/><string name="u" value="bsc"/><int name="no" value="1"/><int name="zM" value="0"/></imgdir><imgdir name="8"><int name="x" value="0"/><int name="y" value="120"/><string name="u" value="bsc"/><int name="no" value="1"/><int name="zM" value="0"/></imgdir><imgdir name="14"><int name="x" value="180"/><int name="y" value="60"/><string name="u" value="enH0"/><int name="no" value="0"/><int name="zM" value="0"/></imgdir><imgdir name="7"><int name="x" value="180"/><int name="y" value="60"/><string name="u" value="bsc"/><int name="no" value="1"/><int name="zM" value="0"/></imgdir><imgdir name="11"><int name="x" value="180"/><int name="y" value="120"/><string name="u" value="bsc"/><int name="no" value="2"/><int name="zM" value="0"/></imgdir><imgdir name="16"><int name="x" value="270"/><int name="y" value="60"/><string name="u" value="bsc"/><int name="no" value="3"/><int name="zM" value="0"/></imgdir><imgdir name="13"><int name="x" value="270"/><int name="y" value="120"/><string name="u" value="bsc"/><int name="no" value="3"/><int name="zM" value="0"/></imgdir><imgdir name="0"><int name="x" value="270"/><int name="y" value="60"/><string name="u" value="enH0"/><int name="no" value="1"/><int name="zM" value="0"/></imgdir><imgdir name="2"><int name="x" value="450"/><int name="y" value="60"/><string name="u" value="enH0"/><int name="no" value="0"/><int name="zM" value="0"/></imgdir><imgdir name="3"><int name="x" value="450"/><int name="y" value="60"/><string name="u" value="bsc"/><int name="no" value="3"/><int name="zM" value="0"/></imgdir><imgdir name="30"><int name="x" value="360"/><int name="y" value="60"/><string name="u" value="enH0"/><int name="no" value="0"/><int name="zM" value="0"/></imgdir><imgdir name="24"><int name="x" value="360"/><int name="y" value="60"/><string name="u" value="bsc"/><int name="no" value="3"/><int name="zM" value="0"/></imgdir><imgdir name="40"><int name="x" value="0"/><int name="y" value="60"/><string name="u" value="enH0"/><int name="no" value="0"/><int name="zM" value="0"/></imgdir><imgdir name="41"><int name="x" value="90"/><int name="y" value="60"/><string name="u" value="bsc"/><int name="no" value="4"/><int name="zM" value="0"/></imgdir><imgdir name="23"><int name="x" value="-180"/><int name="y" value="120"/><string name="u" value="bsc"/><int name="no" value="1"/><int name="zM" value="0"/></imgdir><imgdir name="21"><int name="x" value="360"/><int name="y" value="120"/><string name="u" value="bsc"/><int name="no" value="2"/><int name="zM" value="0"/></imgdir><imgdir name="27"><int name="x" value="-90"/><int name="y" value="120"/><string name="u" value="bsc"/><int name="no" value="2"/><int name="zM" value="0"/></imgdir><imgdir name="19"><int name="x" value="90"/><int name="y" value="120"/><string name="u" value="bsc"/><int name="no" value="1"/><int name="zM" value="0"/></imgdir><imgdir name="36"><int name="x" value="540"/><int name="y" value="60"/><string name="u" value="edU"/><int name="no" value="0"/><int name="zM" value="0"/></imgdir><imgdir name="32"><int name="x" value="-180"/><int name="y" value="60"/><string name="u" value="bsc"/><int name="no" value="2"/><int name="zM" value="0"/></imgdir><imgdir name="34"><int name="x" value="-180"/><int name="y" value="60"/><string name="u" value="enH0"/><int name="no" value="0"/><int name="zM" value="0"/></imgdir><imgdir name="35"><int name="x" value="540"/><int name="y" value="180"/><string name="u" value="enV1"/><int name="no" value="1"/><int name="zM" value="0"/></imgdir><imgdir name="28"><int name="x" value="-90"/><int name="y" value="60"/><string name="u" value="bsc"/><int name="no" value="4"/><int name="zM" value="0"/></imgdir><imgdir name="43"><int name="x" value="0"/><int name="y" value="60"/><string name="u" value="bsc"/><int name="no" value="0"/><int name="zM" value="0"/></imgdir><imgdir name="31"><int name="x" value="540"/><int name="y" value="60"/><string name="u" value="enV1"/><int name="no" value="1"/><int name="zM" value="0"/></imgdir><imgdir name="42"><int name="x" value="450"/><int name="y" value="120"/><string name="u" value="bsc"/><int name="no" value="3"/><int name="zM" value="0"/></imgdir><imgdir name="33"><int name="x" value="450"/><int name="y" value="180"/><string name="u" value="bsc"/><int name="no" value="3"/><int name="zM" value="0"/></imgdir><imgdir name="25"><int name="x" value="90"/><int name="y" value="60"/><string name="u" value="enH0"/><int name="no" value="0"/><int name="zM" value="0"/></imgdir><imgdir name="22"><int name="x" value="-90"/><int name="y" value="60"/><string name="u" value="enH0"/><int name="no" value="0"/><int name="zM" value="0"/></imgdir><imgdir name="37"><int name="x" value="540"/><int name="y" value="120"/><string name="u" value="enV1"/><int name="no" value="0"/><int name="zM" value="0"/></imgdir><imgdir name="59"><int name="x" value="-360"/><int name="y" value="180"/><string name="u" value="bsc"/><int name="no" value="4"/><int name="zM" value="0"/></imgdir><imgdir name="29"><int name="x" value="-360"/><int name="y" value="180"/><string name="u" value="enH0"/><int name="no" value="0"/><int name="zM" value="0"/></imgdir><imgdir name="79"><int name="x" value="-1080"/><int name="y" value="240"/><string name="u" value="bsc"/><int name="no" value="0"/><int name="zM" value="0"/></imgdir><imgdir name="77"><int name="x" value="-900"/><int name="y" value="240"/><string name="u" value="bsc"/><int name="no" value="2"/><int name="zM" value="0"/></imgdir><imgdir name="67"><int name="x" value="-990"/><int name="y" value="240"/><string name="u" value="bsc"/><int name="no" value="4"/><int name="zM" value="0"/></imgdir><imgdir name="60"><int name="x" value="-810"/><int name="y" value="240"/><string name="u" value="bsc"/><int name="no" value="2"/><int name="zM" value="0"/></imgdir><imgdir name="57"><int name="x" value="-720"/><int name="y" value="240"/><string name="u" value="bsc"/><int name="no" value="0"/><int name="zM" value="0"/></imgdir><imgdir name="56"><int name="x" value="-540"/><int name="y" value="240"/><string name="u" value="bsc"/><int name="no" value="0"/><int name="zM" value="0"/></imgdir><imgdir name="38"><int name="x" value="-450"/><int name="y" value="240"/><string name="u" value="bsc"/><int name="no" value="0"/><int name="zM" value="0"/></imgdir><imgdir name="61"><int name="x" value="-630"/><int name="y" value="240"/><string name="u" value="bsc"/><int name="no" value="3"/><int name="zM" value="0"/></imgdir><imgdir name="50"><int name="x" value="-180"/><int name="y" value="240"/><string name="u" value="bsc"/><int name="no" value="1"/><int name="zM" value="0"/></imgdir><imgdir name="51"><int name="x" value="-270"/><int name="y" value="240"/><string name="u" value="bsc"/><int name="no" value="3"/><int name="zM" value="0"/></imgdir><imgdir name="1"><int name="x" value="-360"/><int name="y" value="240"/><string name="u" value="bsc"/><int name="no" value="3"/><int name="zM" value="0"/></imgdir><imgdir name="48"><int name="x" value="90"/><int name="y" value="240"/><string name="u" value="bsc"/><int name="no" value="1"/><int name="zM" value="0"/></imgdir><imgdir name="52"><int name="x" value="0"/><int name="y" value="240"/><string name="u" value="bsc"/><int name="no" value="1"/><int name="zM" value="0"/></imgdir><imgdir name="53"><int name="x" value="-90"/><int name="y" value="240"/><string name="u" value="bsc"/><int name="no" value="0"/><int name="zM" value="0"/></imgdir><imgdir name="46"><int name="x" value="450"/><int name="y" value="240"/><string name="u" value="bsc"/><int name="no" value="3"/><int name="zM" value="0"/></imgdir><imgdir name="47"><int name="x" value="360"/><int name="y" value="240"/><string name="u" value="bsc"/><int name="no" value="3"/><int name="zM" value="0"/></imgdir><imgdir name="49"><int name="x" value="270"/><int name="y" value="240"/><string name="u" value="bsc"/><int name="no" value="1"/><int name="zM" value="0"/></imgdir><imgdir name="44"><int name="x" value="180"/><int name="y" value="240"/><string name="u" value="bsc"/><int name="no" value="2"/><int name="zM" value="0"/></imgdir><imgdir name="54"><int name="x" value="-270"/><int name="y" value="120"/><string name="u" value="enV0"/><int name="no" value="1"/><int name="zM" value="0"/></imgdir><imgdir name="58"><int name="x" value="-270"/><int name="y" value="120"/><string name="u" value="bsc"/><int name="no" value="0"/><int name="zM" value="0"/></imgdir><imgdir name="81"><int name="x" value="-1170"/><int name="y" value="240"/><string name="u" value="bsc"/><int name="no" value="2"/><int name="zM" value="0"/></imgdir><imgdir name="78"><int name="x" value="-1170"/><int name="y" value="240"/><string name="u" value="enV0"/><int name="no" value="0"/><int name="zM" value="0"/></imgdir><imgdir name="74"><int name="x" value="540"/><int name="y" value="240"/><string name="u" value="enV1"/><int name="no" value="1"/><int name="zM" value="0"/></imgdir><imgdir name="87"><int name="x" value="-360"/><int name="y" value="180"/><string name="u" value="enV0"/><int name="no" value="1"/><int name="zM" value="0"/></imgdir><imgdir name="88"><int name="x" value="-360"/><int name="y" value="180"/><string name="u" value="edU"/><int name="no" value="1"/><int name="zM" value="0"/></imgdir><imgdir name="89"><int name="x" value="-450"/><int name="y" value="240"/><string name="u" value="enH0"/><int name="no" value="0"/><int name="zM" value="0"/></imgdir><imgdir name="91"><int name="x" value="-540"/><int name="y" value="240"/><string name="u" value="enH0"/><int name="no" value="1"/><int name="zM" value="0"/></imgdir><imgdir name="92"><int name="x" value="-630"/><int name="y" value="240"/><string name="u" value="enH0"/><int name="no" value="1"/><int name="zM" value="0"/></imgdir><imgdir name="93"><int name="x" value="-720"/><int name="y" value="240"/><string name="u" value="enH0"/><int name="no" value="1"/><int name="zM" value="0"/></imgdir><imgdir name="94"><int name="x" value="-810"/><int name="y" value="240"/><string name="u" value="enH0"/><int name="no" value="1"/><int name="zM" value="0"/></imgdir><imgdir name="95"><int name="x" value="-900"/><int name="y" value="240"/><string name="u" value="enH0"/><int name="no" value="1"/><int name="zM" value="0"/></imgdir><imgdir name="96"><int name="x" value="-990"/><int name="y" value="240"/><string name="u" value="enH0"/><int name="no" value="0"/><int name="zM" value="0"/></imgdir><imgdir name="97"><int name="x" value="-1080"/><int name="y" value="240"/><string name="u" value="enH0"/><int name="no" value="0"/><int name="zM" value="0"/></imgdir><imgdir name="98"><int name="x" value="-1170"/><int name="y" value="240"/><string name="u" value="enH0"/><int name="no" value="1"/><int name="zM" value="0"/></imgdir><imgdir name="90"><int name="x" value="-1170"/><int name="y" value="240"/><string name="u" value="edU"/><int name="no" value="0"/><int name="zM" value="0"/></imgdir><imgdir name="100"><int name="x" value="-1170"/><int name="y" value="360"/><string name="u" value="edD"/><int name="no" value="0"/><int name="zM" value="0"/></imgdir><imgdir name="103"><int name="x" value="-1080"/><int name="y" value="360"/><string name="u" value="enH1"/><int name="no" value="1"/><int name="zM" value="0"/></imgdir><imgdir name="99"><int name="x" value="-1170"/><int name="y" value="300"/><string name="u" value="enV0"/><int name="no" value="1"/><int name="zM" value="0"/></imgdir><imgdir name="82"><int name="x" value="-1170"/><int name="y" value="300"/><string name="u" value="bsc"/><int name="no" value="2"/><int name="zM" value="0"/></imgdir><imgdir name="80"><int name="x" value="-1170"/><int name="y" value="360"/><string name="u" value="enH1"/><int name="no" value="1"/><int name="zM" value="0"/></imgdir><imgdir name="76"><int name="x" value="-1080"/><int name="y" value="300"/><string name="u" value="bsc"/><int name="no" value="4"/><int name="zM" value="0"/></imgdir><imgdir name="102"><int name="x" value="-990"/><int name="y" value="360"/><string name="u" value="enH1"/><int name="no" value="1"/><int name="zM" value="0"/></imgdir><imgdir name="106"><int name="x" value="-900"/><int name="y" value="360"/><string name="u" value="enH1"/><int name="no" value="0"/><int name="zM" value="0"/></imgdir><imgdir name="104"><int name="x" value="-810"/><int name="y" value="360"/><string name="u" value="enH1"/><int name="no" value="0"/><int name="zM" value="0"/></imgdir><imgdir name="86"><int name="x" value="-900"/><int name="y" value="300"/><string name="u" value="bsc"/><int name="no" value="1"/><int name="zM" value="0"/></imgdir><imgdir name="85"><int name="x" value="-810"/><int name="y" value="300"/><string name="u" value="bsc"/><int name="no" value="0"/><int name="zM" value="0"/></imgdir><imgdir name="84"><int name="x" value="-990"/><int name="y" value="300"/><string name="u" value="bsc"/><int name="no" value="4"/><int name="zM" value="0"/></imgdir><imgdir name="20"><int name="x" value="-630"/><int name="y" value="300"/><string name="u" value="bsc"/><int name="no" value="1"/><int name="zM" value="0"/></imgdir><imgdir name="62"><int name="x" value="-540"/><int name="y" value="300"/><string name="u" value="bsc"/><int name="no" value="4"/><int name="zM" value="0"/></imgdir><imgdir name="108"><int name="x" value="-540"/><int name="y" value="360"/><string name="u" value="enH1"/><int name="no" value="0"/><int name="zM" value="0"/></imgdir><imgdir name="83"><int name="x" value="-720"/><int name="y" value="300"/><string name="u" value="bsc"/><int name="no" value="0"/><int name="zM" value="0"/></imgdir><imgdir name="107"><int name="x" value="-630"/><int name="y" value="360"/><string name="u" value="enH1"/><int name="no" value="0"/><int name="zM" value="0"/></imgdir><imgdir name="105"><int name="x" value="-720"/><int name="y" value="360"/><string name="u" value="enH1"/><int name="no" value="1"/><int name="zM" value="0"/></imgdir><imgdir name="39"><int name="x" value="-450"/><int name="y" value="300"/><string name="u" value="bsc"/><int name="no" value="1"/><int name="zM" value="0"/></imgdir><imgdir name="101"><int name="x" value="-450"/><int name="y" value="360"/><string name="u" value="enH1"/><int name="no" value="0"/><int name="zM" value="0"/></imgdir><imgdir name="55"><int name="x" value="-270"/><int name="y" value="300"/><string name="u" value="bsc"/><int name="no" value="1"/><int name="zM" value="0"/></imgdir><imgdir name="110"><int name="x" value="-360"/><int name="y" value="360"/><string name="u" value="enH1"/><int name="no" value="0"/><int name="zM" value="0"/></imgdir><imgdir name="65"><int name="x" value="-360"/><int name="y" value="300"/><string name="u" value="bsc"/><int name="no" value="0"/><int name="zM" value="0"/></imgdir><imgdir name="109"><int name="x" value="-270"/><int name="y" value="360"/><string name="u" value="enH1"/><int name="no" value="1"/><int name="zM" value="0"/></imgdir><imgdir name="63"><int name="x" value="-180"/><int name="y" value="300"/><string name="u" value="bsc"/><int name="no" value="3"/><int name="zM" value="0"/></imgdir><imgdir name="112"><int name="x" value="-180"/><int name="y" value="360"/><string name="u" value="enH1"/><int name="no" value="0"/><int name="zM" value="0"/></imgdir><imgdir name="70"><int name="x" value="-90"/><int name="y" value="300"/><string name="u" value="bsc"/><int name="no" value="1"/><int name="zM" value="0"/></imgdir><imgdir name="111"><int name="x" value="-90"/><int name="y" value="360"/><string name="u" value="enH1"/><int name="no" value="1"/><int name="zM" value="0"/></imgdir><imgdir name="69"><int name="x" value="90"/><int name="y" value="300"/><string name="u" value="bsc"/><int name="no" value="2"/><int name="zM" value="0"/></imgdir><imgdir name="114"><int name="x" value="90"/><int name="y" value="360"/><string name="u" value="enH1"/><int name="no" value="0"/><int name="zM" value="0"/></imgdir><imgdir name="68"><int name="x" value="0"/><int name="y" value="300"/><string name="u" value="bsc"/><int name="no" value="4"/><int name="zM" value="0"/></imgdir><imgdir name="71"><int name="x" value="540"/><int name="y" value="300"/><string name="u" value="enV1"/><int name="no" value="1"/><int name="zM" value="0"/></imgdir><imgdir name="45"><int name="x" value="450"/><int name="y" value="300"/><string name="u" value="bsc"/><int name="no" value="2"/><int name="zM" value="0"/></imgdir><imgdir name="115"><int name="x" value="180"/><int name="y" value="360"/><string name="u" value="enH1"/><int name="no" value="1"/><int name="zM" value="0"/></imgdir><imgdir name="26"><int name="x" value="360"/><int name="y" value="300"/><string name="u" value="bsc"/><int name="no" value="0"/><int name="zM" value="0"/></imgdir><imgdir name="73"><int name="x" value="270"/><int name="y" value="300"/><string name="u" value="bsc"/><int name="no" value="3"/><int name="zM" value="0"/></imgdir><imgdir name="72"><int name="x" value="180"/><int name="y" value="300"/><string name="u" value="bsc"/><int name="no" value="1"/><int name="zM" value="0"/></imgdir><imgdir name="113"><int name="x" value="270"/><int name="y" value="360"/><string name="u" value="enH1"/><int name="no" value="0"/><int name="zM" value="0"/></imgdir><imgdir name="64"><int name="x" value="450"/><int name="y" value="360"/><string name="u" value="enH1"/><int name="no" value="0"/><int name="zM" value="0"/></imgdir><imgdir name="75"><int name="x" value="540"/><int name="y" value="360"/><string name="u" value="edD"/><int name="no" value="0"/><int name="zM" value="0"/></imgdir><imgdir name="5"><int name="x" value="360"/><int name="y" value="360"/><string name="u" value="enH1"/><int name="no" value="1"/><int name="zM" value="0"/></imgdir><imgdir name="66"><int name="x" value="0"/><int name="y" value="360"/><string name="u" value="enH1"/><int name="no" value="1"/><int name="zM" value="0"/></imgdir><imgdir name="116"><int name="x" value="-270"/><int name="y" value="120"/><string name="u" value="enH0"/><int name="no" value="0"/><int name="zM" value="0"/></imgdir><imgdir name="117"><int name="x" value="-270"/><int name="y" value="120"/><string name="u" value="edU"/><int name="no" value="0"/><int name="zM" value="0"/></imgdir><imgdir name="118"><int name="x" value="-180"/><int name="y" value="60"/><string name="u" value="enV0"/><int name="no" value="1"/><int name="zM" value="0"/></imgdir><imgdir name="119"><int name="x" value="-180"/><int name="y" value="60"/><string name="u" value="edU"/><int name="no" value="1"/><int name="zM" value="0"/></imgdir></imgdir><imgdir name="obj"><imgdir name="0"><string name="oS" value="connect"/><string name="l0" value="rope"/><string name="l1" value="3"/><string name="l2" value="0"/><int name="x" value="-992"/><int name="y" value="-93"/><int name="z" value="3"/><int name="f" value="0"/><int name="zM" value="13"/></imgdir><imgdir name="1"><string name="oS" value="connect"/><string name="l0" value="rope"/><string name="l1" value="3"/><string name="l2" value="3"/><int name="x" value="-994"/><int name="y" value="-52"/><int name="z" value="3"/><int name="f" value="0"/><int name="zM" value="9"/></imgdir><imgdir name="2"><string name="oS" value="connect"/><string name="l0" value="rope"/><string name="l1" value="3"/><string name="l2" value="1"/><int name="x" value="-991"/><int name="y" value="68"/><int name="z" value="3"/><int name="f" value="0"/><int name="zM" value="7"/></imgdir><imgdir name="3"><string name="oS" value="connect"/><string name="l0" value="rope"/><string name="l1" value="3"/><string name="l2" value="1"/><int name="x" value="-991"/><int name="y" value="98"/><int name="z" value="3"/><int name="f" value="0"/><int name="zM" value="6"/></imgdir><imgdir name="4"><string name="oS" value="connect"/><string name="l0" value="rope"/><string name="l1" value="3"/><string name="l2" value="2"/><int name="x" value="-991"/><int name="y" value="128"/><int name="z" value="3"/><int name="f" value="0"/><int name="zM" value="5"/></imgdir><imgdir name="5"><string name="oS" value="connect"/><string name="l0" value="rope"/><string name="l1" value="3"/><string name="l2" value="0"/><int name="x" value="-725"/><int name="y" value="-278"/><int name="z" value="3"/><int name="f" value="0"/><int name="zM" value="21"/></imgdir><imgdir name="6"><string name="oS" value="connect"/><string name="l0" value="rope"/><string name="l1" value="3"/><string name="l2" value="1"/><int name="x" value="-724"/><int name="y" value="-237"/><int name="z" value="3"/><int name="f" value="0"/><int name="zM" value="19"/></imgdir><imgdir name="7"><string name="oS" value="connect"/><string name="l0" value="rope"/><string name="l1" value="3"/><string name="l2" value="1"/><int name="x" value="-724"/><int name="y" value="-207"/><int name="z" value="3"/><int name="f" value="0"/><int name="zM" value="18"/></imgdir><imgdir name="8"><string name="oS" value="connect"/><string name="l0" value="rope"/><string name="l1" value="3"/><string name="l2" value="2"/><int name="x" value="-724"/><int name="y" value="-177"/><int name="z" value="3"/><int name="f" value="0"/><int name="zM" value="15"/></imgdir><imgdir name="9"><string name="oS" value="connect"/><string name="l0" value="rope"/><string name="l1" value="3"/><string name="l2" value="0"/><int name="x" value="-550"/><int name="y" value="-456"/><int name="z" value="3"/><int name="f" value="0"/><int name="zM" value="31"/></imgdir><imgdir name="10"><string name="oS" value="connect"/><string name="l0" value="rope"/><string name="l1" value="3"/><string name="l2" value="3"/><int name="x" value="-552"/><int name="y" value="-415"/><int name="z" value="3"/><int name="f" value="0"/><int name="zM" value="25"/></imgdir><imgdir name="11"><string name="oS" value="connect"/><string name="l0" value="rope"/><string name="l1" value="3"/><string name="l2" value="2"/><int name="x" value="-549"/><int name="y" value="-295"/><int name="z" value="3"/><int name="f" value="0"/><int name="zM" value="22"/></imgdir><imgdir name="12"><string name="oS" value="connect"/><string name="l0" value="rope"/><string name="l1" value="3"/><string name="l2" value="0"/><int name="x" value="-225"/><int name="y" value="-338"/><int name="z" value="3"/><int name="f" value="0"/><int name="zM" value="26"/></imgdir><imgdir name="13"><string name="oS" value="connect"/><string name="l0" value="rope"/><string name="l1" value="3"/><string name="l2" value="3"/><int name="x" value="-227"/><int name="y" value="-297"/><int name="z" value="3"/><int name="f" value="0"/><int name="zM" value="17"/></imgdir><imgdir name="14"><string name="oS" value="connect"/><string name="l0" value="rope"/><string name="l1" value="3"/><string name="l2" value="3"/><int name="x" value="-227"/><int name="y" value="-177"/><int name="z" value="3"/><int name="f" value="0"/><int name="zM" value="14"/></imgdir><imgdir name="15"><string name="oS" value="connect"/><string name="l0" value="rope"/><string name="l1" value="3"/><string name="l2" value="2"/><int name="x" value="-224"/><int name="y" value="-57"/><int name="z" value="3"/><int name="f" value="0"/><int name="zM" value="11"/></imgdir></imgdir></imgdir><imgdir name="4"><imgdir name="info"></imgdir><imgdir name="tile"></imgdir><imgdir name="obj"><imgdir name="0"><string name="oS" value="houseGS"/><string name="l0" value="house18"/><string name="l1" value="basic"/><string name="l2" value="6"/><int name="x" value="246"/><int name="y" value="-202"/><int name="z" value="3"/><int name="f" value="0"/><int name="zM" value="8"/></imgdir><imgdir name="1"><string name="oS" value="houseGS"/><string name="l0" value="house18"/><string name="l1" value="basic"/><string name="l2" value="4"/><int name="x" value="368"/><int name="y" value="-448"/><int name="z" value="3"/><int name="f" value="0"/><int name="zM" value="8"/></imgdir><imgdir name="2"><string name="oS" value="houseGS"/><string name="l0" value="house18"/><string name="l1" value="basic"/><string name="l2" value="7"/><int name="x" value="303"/><int name="y" value="-34"/><int name="z" value="4"/><int name="f" value="0"/><int name="zM" value="8"/></imgdir><imgdir name="3"><string name="oS" value="acc1"/><string name="l0" value="grassySoil"/><string name="l1" value="nature"/><string name="l2" value="17"/><int name="x" value="-1049"/><int name="y" value="189"/><int name="z" value="3"/><int name="f" value="0"/><int name="zM" value="2"/></imgdir><imgdir name="4"><string name="oS" value="acc1"/><string name="l0" value="grassySoil"/><string name="l1" value="nature"/><string name="l2" value="6"/><int name="x" value="-440"/><int name="y" value="192"/><int name="z" value="3"/><int name="f" value="0"/><int name="zM" value="3"/></imgdir><imgdir name="5"><string name="oS" value="acc1"/><string name="l0" value="grassySoil"/><string name="l1" value="nature"/><string name="l2" value="20"/><int name="x" value="-431"/><int name="y" value="165"/><int name="z" value="4"/><int name="f" value="0"/><int name="zM" value="3"/></imgdir></imgdir></imgdir><imgdir name="5"><imgdir name="info"></imgdir><imgdir name="tile"></imgdir><imgdir name="obj"></imgdir></imgdir><imgdir name="6"><imgdir name="info"></imgdir><imgdir name="tile"></imgdir><imgdir name="obj"></imgdir></imgdir><imgdir name="7"><imgdir name="info"></imgdir><imgdir name="tile"></imgdir><imgdir name="obj"></imgdir></imgdir><imgdir name="reactor"></imgdir><imgdir name="foothold"><imgdir name="0"><imgdir name="29"><imgdir name="1"><int name="x1" value="-264"/><int name="y1" value="-450"/><int name="x2" value="-264"/><int name="y2" value="-475"/><int name="prev" value="0"/><int name="next" value="2"/></imgdir><imgdir name="2"><int name="x1" value="-264"/><int name="y1" value="-475"/><int name="x2" value="-186"/><int name="y2" value="-475"/><int name="prev" value="1"/><int name="next" value="4"/></imgdir><imgdir name="3"><int name="x1" value="-135"/><int name="y1" value="-475"/><int name="x2" value="-45"/><int name="y2" value="-475"/><int name="prev" value="4"/><int name="next" value="5"/></imgdir><imgdir name="4"><int name="x1" value="-186"/><int name="y1" value="-475"/><int name="x2" value="-135"/><int name="y2" value="-475"/><int name="prev" value="2"/><int name="next" value="3"/></imgdir><imgdir name="5"><int name="x1" value="-45"/><int name="y1" value="-475"/><int name="x2" value="45"/><int name="y2" value="-475"/><int name="prev" value="3"/><int name="next" value="6"/></imgdir><imgdir name="6"><int name="x1" value="45"/><int name="y1" value="-475"/><int name="x2" value="135"/><int name="y2" value="-475"/><int name="prev" value="5"/><int name="next" value="7"/></imgdir><imgdir name="7"><int name="x1" value="135"/><int name="y1" value="-475"/><int name="x2" value="225"/><int name="y2" value="-475"/><int name="prev" value="6"/><int name="next" value="8"/></imgdir><imgdir name="8"><int name="x1" value="225"/><int name="y1" value="-475"/><int name="x2" value="315"/><int name="y2" value="-475"/><int name="prev" value="7"/><int name="next" value="9"/></imgdir><imgdir name="9"><int name="x1" value="315"/><int name="y1" value="-475"/><int name="x2" value="405"/><int name="y2" value="-475"/><int name="prev" value="8"/><int name="next" value="0"/></imgdir><imgdir name="10"><int name="x1" value="-150"/><int name="y1" value="-159"/><int name="x2" value="-15"/><int name="y2" value="-159"/><int name="prev" value="0"/><int name="next" value="11"/></imgdir><imgdir name="11"><int name="x1" value="-15"/><int name="y1" value="-159"/><int name="x2" value="-15"/><int name="y2" value="-134"/><int name="prev" value="10"/><int name="next" value="12"/></imgdir><imgdir name="12"><int name="x1" value="-15"/><int name="y1" value="-134"/><int name="x2" value="9"/><int name="y2" value="-134"/><int name="prev" value="11"/><int name="next" value="13"/></imgdir><imgdir name="13"><int name="x1" value="9"/><int name="y1" value="-134"/><int name="x2" value="9"/><int name="y2" value="-110"/><int name="prev" value="12"/><int name="next" value="14"/></imgdir><imgdir name="14"><int name="x1" value="9"/><int name="y1" value="-110"/><int name="x2" value="33"/><int name="y2" value="-110"/><int name="prev" value="13"/><int name="next" value="15"/></imgdir><imgdir name="15"><int name="x1" value="33"/><int name="y1" value="-110"/><int name="x2" value="33"/><int name="y2" value="-86"/><int name="prev" value="14"/><int name="next" value="16"/></imgdir><imgdir name="16"><int name="x1" value="33"/><int name="y1" value="-86"/><int name="x2" value="56"/><int name="y2" value="-86"/><int name="prev" value="15"/><int name="next" value="17"/></imgdir><imgdir name="17"><int name="x1" value="56"/><int name="y1" value="-86"/><int name="x2" value="56"/><int name="y2" value="-62"/><int name="prev" value="16"/><int name="next" value="18"/></imgdir><imgdir name="18"><int name="x1" value="56"/><int name="y1" value="-62"/><int name="x2" value="80"/><int name="y2" value="-62"/><int name="prev" value="17"/><int name="next" value="19"/></imgdir><imgdir name="19"><int name="x1" value="80"/><int name="y1" value="-62"/><int name="x2" value="80"/><int name="y2" value="-38"/><int name="prev" value="18"/><int name="next" value="20"/></imgdir><imgdir name="20"><int name="x1" value="80"/><int name="y1" value="-38"/><int name="x2" value="102"/><int name="y2" value="-38"/><int name="prev" value="19"/><int name="next" value="21"/></imgdir><imgdir name="21"><int name="x1" value="102"/><int name="y1" value="-38"/><int name="x2" value="102"/><int name="y2" value="-14"/><int name="prev" value="20"/><int name="next" value="22"/></imgdir><imgdir name="22"><int name="x1" value="102"/><int name="y1" value="-14"/><int name="x2" value="126"/><int name="y2" value="-14"/><int name="prev" value="21"/><int name="next" value="23"/></imgdir><imgdir name="23"><int name="x1" value="126"/><int name="y1" value="-14"/><int name="x2" value="126"/><int name="y2" value="10"/><int name="prev" value="22"/><int name="next" value="24"/></imgdir><imgdir name="24"><int name="x1" value="126"/><int name="y1" value="10"/><int name="x2" value="147"/><int name="y2" value="10"/><int name="prev" value="23"/><int name="next" value="25"/></imgdir><imgdir name="25"><int name="x1" value="147"/><int name="y1" value="10"/><int name="x2" value="147"/><int name="y2" value="28"/><int name="prev" value="24"/><int name="next" value="0"/></imgdir><imgdir name="26"><int name="x1" value="18"/><int name="y1" value="-236"/><int name="x2" value="266"/><int name="y2" value="-236"/><int name="prev" value="32"/><int name="next" value="27"/></imgdir><imgdir name="27"><int name="x1" value="266"/><int name="y1" value="-236"/><int name="x2" value="266"/><int name="y2" value="-433"/><int name="prev" value="26"/><int name="next" value="0"/></imgdir><imgdir name="28"><int name="x1" value="-70"/><int name="y1" value="-162"/><int name="x2" value="-70"/><int name="y2" value="-183"/><int name="prev" value="0"/><int name="next" value="29"/></imgdir><imgdir name="29"><int name="x1" value="-70"/><int name="y1" value="-183"/><int name="x2" value="-24"/><int name="y2" value="-183"/><int name="prev" value="28"/><int name="next" value="30"/></imgdir><imgdir name="30"><int name="x1" value="-24"/><int name="y1" value="-183"/><int name="x2" value="-24"/><int name="y2" value="-206"/><int name="prev" value="29"/><int name="next" value="31"/></imgdir><imgdir name="31"><int name="x1" value="-24"/><int name="y1" value="-206"/><int name="x2" value="18"/><int name="y2" value="-206"/><int name="prev" value="30"/><int name="next" value="32"/></imgdir><imgdir name="32"><int name="x1" value="18"/><int name="y1" value="-206"/><int name="x2" value="18"/><int name="y2" value="-236"/><int name="prev" value="31"/><int name="next" value="26"/></imgdir></imgdir></imgdir><imgdir name="2"><imgdir name="12"><imgdir name="33"><int name="x1" value="-1035"/><int name="y1" value="-115"/><int name="x2" value="-996"/><int name="y2" value="-115"/><int name="prev" value="40"/><int name="next" value="41"/></imgdir><imgdir name="34"><int name="x1" value="-945"/><int name="y1" value="-115"/><int name="x2" value="-855"/><int name="y2" value="-115"/><int name="prev" value="41"/><int name="next" value="35"/></imgdir><imgdir name="35"><int name="x1" value="-855"/><int name="y1" value="-115"/><int name="x2" value="-765"/><int name="y2" value="-115"/><int name="prev" value="34"/><int name="next" value="36"/></imgdir><imgdir name="36"><int name="x1" value="-765"/><int name="y1" value="-115"/><int name="x2" value="-675"/><int name="y2" value="-115"/><int name="prev" value="35"/><int name="next" value="43"/></imgdir><imgdir name="37"><int name="x1" value="-534"/><int name="y1" value="-115"/><int name="x2" value="-456"/><int name="y2" value="-115"/><int name="prev" value="42"/><int name="next" value="38"/></imgdir><imgdir name="38"><int name="x1" value="-456"/><int name="y1" value="-115"/><int name="x2" value="-456"/><int name="y2" value="-90"/><int name="prev" value="37"/><int name="next" value="0"/></imgdir><imgdir name="39"><int name="x1" value="-1074"/><int name="y1" value="-90"/><int name="x2" value="-1074"/><int name="y2" value="-115"/><int name="prev" value="0"/><int name="next" value="40"/></imgdir><imgdir name="40"><int name="x1" value="-1074"/><int name="y1" value="-115"/><int name="x2" value="-1035"/><int name="y2" value="-115"/><int name="prev" value="39"/><int name="next" value="33"/></imgdir><imgdir name="41"><int name="x1" value="-996"/><int name="y1" value="-115"/><int name="x2" value="-945"/><int name="y2" value="-115"/><int name="prev" value="33"/><int name="next" value="34"/></imgdir><imgdir name="42"><int name="x1" value="-585"/><int name="y1" value="-115"/><int name="x2" value="-534"/><int name="y2" value="-115"/><int name="prev" value="43"/><int name="next" value="37"/></imgdir><imgdir name="43"><int name="x1" value="-675"/><int name="y1" value="-115"/><int name="x2" value="-585"/><int name="y2" value="-115"/><int name="prev" value="36"/><int name="next" value="42"/></imgdir></imgdir><imgdir name="20"><imgdir name="44"><int name="x1" value="-984"/><int name="y1" value="-270"/><int name="x2" value="-984"/><int name="y2" value="-295"/><int name="prev" value="0"/><int name="next" value="45"/></imgdir><imgdir name="45"><int name="x1" value="-984"/><int name="y1" value="-295"/><int name="x2" value="-906"/><int name="y2" value="-295"/><int name="prev" value="44"/><int name="next" value="46"/></imgdir><imgdir name="46"><int name="x1" value="-906"/><int name="y1" value="-295"/><int name="x2" value="-855"/><int name="y2" value="-295"/><int name="prev" value="45"/><int name="next" value="47"/></imgdir><imgdir name="47"><int name="x1" value="-855"/><int name="y1" value="-295"/><int name="x2" value="-765"/><int name="y2" value="-295"/><int name="prev" value="46"/><int name="next" value="48"/></imgdir><imgdir name="48"><int name="x1" value="-765"/><int name="y1" value="-295"/><int name="x2" value="-675"/><int name="y2" value="-295"/><int name="prev" value="47"/><int name="next" value="51"/></imgdir><imgdir name="49"><int name="x1" value="-624"/><int name="y1" value="-295"/><int name="x2" value="-546"/><int name="y2" value="-295"/><int name="prev" value="51"/><int name="next" value="50"/></imgdir><imgdir name="50"><int name="x1" value="-546"/><int name="y1" value="-295"/><int name="x2" value="-546"/><int name="y2" value="-270"/><int name="prev" value="49"/><int name="next" value="0"/></imgdir><imgdir name="51"><int name="x1" value="-675"/><int name="y1" value="-295"/><int name="x2" value="-624"/><int name="y2" value="-295"/><int name="prev" value="48"/><int name="next" value="49"/></imgdir></imgdir><imgdir name="30"><imgdir name="52"><int name="x1" value="-624"/><int name="y1" value="-450"/><int name="x2" value="-624"/><int name="y2" value="-475"/><int name="prev" value="0"/><int name="next" value="53"/></imgdir><imgdir name="53"><int name="x1" value="-624"/><int name="y1" value="-475"/><int name="x2" value="-546"/><int name="y2" value="-475"/><int name="prev" value="52"/><int name="next" value="56"/></imgdir><imgdir name="54"><int name="x1" value="-534"/><int name="y1" value="-475"/><int name="x2" value="-456"/><int name="y2" value="-475"/><int name="prev" value="56"/><int name="next" value="55"/></imgdir><imgdir name="55"><int name="x1" value="-456"/><int name="y1" value="-475"/><int name="x2" value="-456"/><int name="y2" value="-450"/><int name="prev" value="54"/><int name="next" value="0"/></imgdir><imgdir name="56"><int name="x1" value="-546"/><int name="y1" value="-475"/><int name="x2" value="-534"/><int name="y2" value="-475"/><int name="prev" value="53"/><int name="next" value="54"/></imgdir></imgdir><imgdir name="28"><imgdir name="57"><int name="x1" value="-444"/><int name="y1" value="-390"/><int name="x2" value="-444"/><int name="y2" value="-415"/><int name="prev" value="0"/><int name="next" value="58"/></imgdir><imgdir name="58"><int name="x1" value="-444"/><int name="y1" value="-415"/><int name="x2" value="-366"/><int name="y2" value="-415"/><int name="prev" value="57"/><int name="next" value="61"/></imgdir><imgdir name="59"><int name="x1" value="-354"/><int name="y1" value="-415"/><int name="x2" value="-276"/><int name="y2" value="-415"/><int name="prev" value="61"/><int name="next" value="60"/></imgdir><imgdir name="60"><int name="x1" value="-276"/><int name="y1" value="-415"/><int name="x2" value="-276"/><int name="y2" value="-390"/><int name="prev" value="59"/><int name="next" value="0"/></imgdir><imgdir name="61"><int name="x1" value="-366"/><int name="y1" value="-415"/><int name="x2" value="-354"/><int name="y2" value="-415"/><int name="prev" value="58"/><int name="next" value="59"/></imgdir></imgdir><imgdir name="24"><imgdir name="62"><int name="x1" value="-354"/><int name="y1" value="-330"/><int name="x2" value="-354"/><int name="y2" value="-355"/><int name="prev" value="0"/><int name="next" value="63"/></imgdir><imgdir name="63"><int name="x1" value="-354"/><int name="y1" value="-355"/><int name="x2" value="-276"/><int name="y2" value="-355"/><int name="prev" value="62"/><int name="next" value="66"/></imgdir><imgdir name="64"><int name="x1" value="-264"/><int name="y1" value="-355"/><int name="x2" value="-186"/><int name="y2" value="-355"/><int name="prev" value="66"/><int name="next" value="65"/></imgdir><imgdir name="65"><int name="x1" value="-186"/><int name="y1" value="-355"/><int name="x2" value="-186"/><int name="y2" value="-330"/><int name="prev" value="64"/><int name="next" value="0"/></imgdir><imgdir name="66"><int name="x1" value="-276"/><int name="y1" value="-355"/><int name="x2" value="-264"/><int name="y2" value="-355"/><int name="prev" value="63"/><int name="next" value="64"/></imgdir></imgdir></imgdir><imgdir name="3"><imgdir name="0"><imgdir name="67"><int name="x1" value="270"/><int name="y1" value="35"/><int name="x2" value="360"/><int name="y2" value="35"/><int name="prev" value="69"/><int name="next" value="73"/></imgdir><imgdir name="68"><int name="x1" value="450"/><int name="y1" value="35"/><int name="x2" value="501"/><int name="y2" value="35"/><int name="prev" value="73"/><int name="next" value="77"/></imgdir><imgdir name="69"><int name="x1" value="180"/><int name="y1" value="35"/><int name="x2" value="270"/><int name="y2" value="35"/><int name="prev" value="71"/><int name="next" value="67"/></imgdir><imgdir name="70"><int name="x1" value="-90"/><int name="y1" value="35"/><int name="x2" value="0"/><int name="y2" value="35"/><int name="prev" value="109"/><int name="next" value="81"/></imgdir><imgdir name="71"><int name="x1" value="90"/><int name="y1" value="35"/><int name="x2" value="180"/><int name="y2" value="35"/><int name="prev" value="81"/><int name="next" value="69"/></imgdir><imgdir name="72"><int name="x1" value="-360"/><int name="y1" value="155"/><int name="x2" value="-321"/><int name="y2" value="155"/><int name="prev" value="87"/><int name="next" value="88"/></imgdir><imgdir name="73"><int name="x1" value="360"/><int name="y1" value="35"/><int name="x2" value="450"/><int name="y2" value="35"/><int name="prev" value="67"/><int name="next" value="68"/></imgdir><imgdir name="74"><int name="x1" value="579"/><int name="y1" value="60"/><int name="x2" value="579"/><int name="y2" value="120"/><int name="prev" value="79"/><int name="next" value="80"/></imgdir><imgdir name="75"><int name="x1" value="-180"/><int name="y1" value="35"/><int name="x2" value="-141"/><int name="y2" value="35"/><int name="prev" value="108"/><int name="next" value="109"/></imgdir><imgdir name="76"><int name="x1" value="579"/><int name="y1" value="180"/><int name="x2" value="579"/><int name="y2" value="240"/><int name="prev" value="80"/><int name="next" value="84"/></imgdir><imgdir name="77"><int name="x1" value="501"/><int name="y1" value="35"/><int name="x2" value="540"/><int name="y2" value="35"/><int name="prev" value="68"/><int name="next" value="78"/></imgdir><imgdir name="78"><int name="x1" value="540"/><int name="y1" value="35"/><int name="x2" value="579"/><int name="y2" value="35"/><int name="prev" value="77"/><int name="next" value="79"/></imgdir><imgdir name="79"><int name="x1" value="579"/><int name="y1" value="35"/><int name="x2" value="579"/><int name="y2" value="60"/><int name="prev" value="78"/><int name="next" value="74"/></imgdir><imgdir name="80"><int name="x1" value="579"/><int name="y1" value="120"/><int name="x2" value="579"/><int name="y2" value="180"/><int name="prev" value="74"/><int name="next" value="76"/></imgdir><imgdir name="81"><int name="x1" value="0"/><int name="y1" value="35"/><int name="x2" value="90"/><int name="y2" value="35"/><int name="prev" value="70"/><int name="next" value="71"/></imgdir><imgdir name="82"><int name="x1" value="-309"/><int name="y1" value="155"/><int name="x2" value="-309"/><int name="y2" value="120"/><int name="prev" value="88"/><int name="next" value="103"/></imgdir><imgdir name="83"><int name="x1" value="579"/><int name="y1" value="300"/><int name="x2" value="579"/><int name="y2" value="360"/><int name="prev" value="84"/><int name="next" value="0"/></imgdir><imgdir name="84"><int name="x1" value="579"/><int name="y1" value="240"/><int name="x2" value="579"/><int name="y2" value="300"/><int name="prev" value="76"/><int name="next" value="83"/></imgdir><imgdir name="85"><int name="x1" value="-1209"/><int name="y1" value="300"/><int name="x2" value="-1209"/><int name="y2" value="240"/><int name="prev" value="101"/><int name="next" value="91"/></imgdir><imgdir name="86"><int name="x1" value="-399"/><int name="y1" value="180"/><int name="x2" value="-399"/><int name="y2" value="155"/><int name="prev" value="90"/><int name="next" value="87"/></imgdir><imgdir name="87"><int name="x1" value="-399"/><int name="y1" value="155"/><int name="x2" value="-360"/><int name="y2" value="155"/><int name="prev" value="86"/><int name="next" value="72"/></imgdir><imgdir name="88"><int name="x1" value="-321"/><int name="y1" value="155"/><int name="x2" value="-309"/><int name="y2" value="155"/><int name="prev" value="72"/><int name="next" value="82"/></imgdir><imgdir name="89"><int name="x1" value="-450"/><int name="y1" value="215"/><int name="x2" value="-399"/><int name="y2" value="215"/><int name="prev" value="93"/><int name="next" value="90"/></imgdir><imgdir name="90"><int name="x1" value="-399"/><int name="y1" value="215"/><int name="x2" value="-399"/><int name="y2" value="180"/><int name="prev" value="89"/><int name="next" value="86"/></imgdir><imgdir name="91"><int name="x1" value="-1209"/><int name="y1" value="240"/><int name="x2" value="-1209"/><int name="y2" value="215"/><int name="prev" value="85"/><int name="next" value="92"/></imgdir><imgdir name="92"><int name="x1" value="-1209"/><int name="y1" value="215"/><int name="x2" value="-1131"/><int name="y2" value="215"/><int name="prev" value="91"/><int name="next" value="100"/></imgdir><imgdir name="93"><int name="x1" value="-540"/><int name="y1" value="215"/><int name="x2" value="-450"/><int name="y2" value="215"/><int name="prev" value="94"/><int name="next" value="89"/></imgdir><imgdir name="94"><int name="x1" value="-630"/><int name="y1" value="215"/><int name="x2" value="-540"/><int name="y2" value="215"/><int name="prev" value="95"/><int name="next" value="93"/></imgdir><imgdir name="95"><int name="x1" value="-720"/><int name="y1" value="215"/><int name="x2" value="-630"/><int name="y2" value="215"/><int name="prev" value="96"/><int name="next" value="94"/></imgdir><imgdir name="96"><int name="x1" value="-810"/><int name="y1" value="215"/><int name="x2" value="-720"/><int name="y2" value="215"/><int name="prev" value="97"/><int name="next" value="95"/></imgdir><imgdir name="97"><int name="x1" value="-900"/><int name="y1" value="215"/><int name="x2" value="-810"/><int name="y2" value="215"/><int name="prev" value="98"/><int name="next" value="96"/></imgdir><imgdir name="98"><int name="x1" value="-990"/><int name="y1" value="215"/><int name="x2" value="-900"/><int name="y2" value="215"/><int name="prev" value="99"/><int name="next" value="97"/></imgdir><imgdir name="99"><int name="x1" value="-1080"/><int name="y1" value="215"/><int name="x2" value="-990"/><int name="y2" value="215"/><int name="prev" value="100"/><int name="next" value="98"/></imgdir><imgdir name="100"><int name="x1" value="-1131"/><int name="y1" value="215"/><int name="x2" value="-1080"/><int name="y2" value="215"/><int name="prev" value="92"/><int name="next" value="99"/></imgdir><imgdir name="101"><int name="x1" value="-1209"/><int name="y1" value="360"/><int name="x2" value="-1209"/><int name="y2" value="300"/><int name="prev" value="0"/><int name="next" value="85"/></imgdir><imgdir name="102"><int name="x1" value="-270"/><int name="y1" value="95"/><int name="x2" value="-231"/><int name="y2" value="95"/><int name="prev" value="104"/><int name="next" value="105"/></imgdir><imgdir name="103"><int name="x1" value="-309"/><int name="y1" value="120"/><int name="x2" value="-309"/><int name="y2" value="95"/><int name="prev" value="82"/><int name="next" value="104"/></imgdir><imgdir name="104"><int name="x1" value="-309"/><int name="y1" value="95"/><int name="x2" value="-270"/><int name="y2" value="95"/><int name="prev" value="103"/><int name="next" value="102"/></imgdir><imgdir name="105"><int name="x1" value="-231"/><int name="y1" value="95"/><int name="x2" value="-219"/><int name="y2" value="95"/><int name="prev" value="102"/><int name="next" value="106"/></imgdir><imgdir name="106"><int name="x1" value="-219"/><int name="y1" value="95"/><int name="x2" value="-219"/><int name="y2" value="60"/><int name="prev" value="105"/><int name="next" value="107"/></imgdir><imgdir name="107"><int name="x1" value="-219"/><int name="y1" value="60"/><int name="x2" value="-219"/><int name="y2" value="35"/><int name="prev" value="106"/><int name="next" value="108"/></imgdir><imgdir name="108"><int name="x1" value="-219"/><int name="y1" value="35"/><int name="x2" value="-180"/><int name="y2" value="35"/><int name="prev" value="107"/><int name="next" value="75"/></imgdir><imgdir name="109"><int name="x1" value="-141"/><int name="y1" value="35"/><int name="x2" value="-90"/><int name="y2" value="35"/><int name="prev" value="75"/><int name="next" value="70"/></imgdir></imgdir></imgdir><imgdir name="1"><imgdir name="10"><imgdir name="110"><int name="x1" value="-78"/><int name="y1" value="-339"/><int name="x2" value="-16"/><int name="y2" value="-337"/><int name="prev" value="0"/><int name="next" value="111"/></imgdir><imgdir name="111"><int name="x1" value="-16"/><int name="y1" value="-337"/><int name="x2" value="35"/><int name="y2" value="-342"/><int name="prev" value="110"/><int name="next" value="112"/></imgdir><imgdir name="112"><int name="x1" value="35"/><int name="y1" value="-342"/><int name="x2" value="60"/><int name="y2" value="-341"/><int name="prev" value="111"/><int name="next" value="0"/></imgdir></imgdir></imgdir></imgdir><imgdir name="ladderRope"><imgdir name="1"><int name="l" value="0"/><int name="uf" value="1"/><int name="x" value="-981"/><int name="y1" value="-113"/><int name="y2" value="158"/><int name="page" value="3"/></imgdir><imgdir name="2"><int name="l" value="0"/><int name="uf" value="1"/><int name="x" value="-714"/><int name="y1" value="-293"/><int name="y2" value="-147"/><int name="page" value="3"/></imgdir><imgdir name="3"><int name="l" value="0"/><int name="uf" value="1"/><int name="x" value="-539"/><int name="y1" value="-473"/><int name="y2" value="-265"/><int name="page" value="3"/></imgdir><imgdir name="4"><int name="l" value="0"/><int name="uf" value="1"/><int name="x" value="-214"/><int name="y1" value="-353"/><int name="y2" value="-27"/><int name="page" value="3"/></imgdir></imgdir><imgdir name="miniMap"><canvas name="canvas" width="120" height="80"></canvas><int name="width" value="1920"/><int name="height" value="1285"/><int name="centerX" value="1250"/><int name="centerY" value="851"/><int name="mag" value="4"/></imgdir><imgdir name="portal"><imgdir name="0"><string name="pn" value="sp"/><int name="pt" value="0"/><int name="x" value="66"/><int name="y" value="-266"/><int name="tm" value="999999999"/><string name="tn" value=""/></imgdir><imgdir name="1"><string name="pn" value="sp"/><int name="pt" value="0"/><int name="x" value="134"/><int name="y" value="-269"/><int name="tm" value="999999999"/><string name="tn" value=""/></imgdir><imgdir name="2"><string name="pn" value="sp"/><int name="pt" value="0"/><int name="x" value="204"/><int name="y" value="-264"/><int name="tm" value="999999999"/><string name="tn" value=""/></imgdir><imgdir name="3"><string name="pn" value="up00"/><int name="pt" value="1"/><int name="x" value="-28"/><int name="y" value="-183"/><int name="tm" value="100000002"/><string name="tn" value="out00"/></imgdir><imgdir name="4"><string name="pn" value="in00"/><int name="pt" value="1"/><int name="x" value="-871"/><int name="y" value="-296"/><int name="tm" value="100000003"/><string name="tn" value="out00"/></imgdir><imgdir name="5"><string name="pn" value="out00"/><int name="pt" value="2"/><int name="x" value="-16"/><int name="y" value="-341"/><int name="tm" value="100000000"/><string name="tn" value="in03"/></imgdir></imgdir></imgdir>