<?xml version="1.0" encoding="UTF-8" standalone="yes"?><imgdir name="100000006.img"><imgdir name="info"><int name="version" value="10"/><int name="cloud" value="0"/><string name="mapDesc" value=""/><int name="town" value="0"/><int name="returnMap" value="100000000"/><float name="mobRate" value="1.0"/><string name="bgm" value="Bgm00/FloralLife"/><int name="hideMinimap" value="0"/><int name="forcedReturn" value="100000000"/><int name="moveLimit" value="0"/><string name="mapMark" value="Henesys"/><int name="fieldLimit" value="64"/></imgdir><imgdir name="back"><imgdir name="0"><string name="bS" value="grassySoil"/><int name="no" value="0"/><int name="x" value="0"/><int name="y" value="0"/><int name="rx" value="0"/><int name="ry" value="0"/><int name="type" value="3"/><int name="cx" value="0"/><int name="cy" value="0"/><int name="a" value="255"/><int name="front" value="0"/><int name="ani" value="0"/><int name="f" value="0"/></imgdir><imgdir name="1"><string name="bS" value="grassySoil"/><int name="no" value="1"/><int name="x" value="-57"/><int name="y" value="-167"/><int name="rx" value="-5"/><int name="ry" value="0"/><int name="type" value="4"/><int name="cx" value="0"/><int name="cy" value="0"/><int name="a" value="255"/><int name="front" value="0"/><int name="ani" value="0"/><int name="f" value="0"/></imgdir><imgdir name="2"><string name="bS" value="grassySoil"/><int name="no" value="2"/><int name="x" value="367"/><int name="y" value="119"/><int name="rx" value="-10"/><int name="ry" value="-10"/><int name="type" value="0"/><int name="cx" value="0"/><int name="cy" value="0"/><int name="a" value="255"/><int name="front" value="0"/><int name="ani" value="0"/><int name="f" value="0"/></imgdir><imgdir name="3"><string name="bS" value="grassySoil"/><int name="no" value="3"/><int name="x" value="246"/><int name="y" value="-185"/><int name="rx" value="-10"/><int name="ry" value="-10"/><int name="type" value="0"/><int name="cx" value="0"/><int name="cy" value="0"/><int name="a" value="255"/><int name="front" value="0"/><int name="ani" value="0"/><int name="f" value="0"/></imgdir><imgdir name="4"><string name="bS" value="grassySoil"/><int name="no" value="6"/><int name="x" value="-65"/><int name="y" value="161"/><int name="rx" value="-20"/><int name="ry" value="-15"/><int name="type" value="0"/><int name="cx" value="0"/><int name="cy" value="0"/><int name="a" value="255"/><int name="front" value="0"/><int name="ani" value="0"/><int name="f" value="0"/></imgdir><imgdir name="5"><string name="bS" value="grassySoil"/><int name="no" value="4"/><int name="x" value="958"/><int name="y" value="179"/><int name="rx" value="-20"/><int name="ry" value="-15"/><int name="type" value="0"/><int name="cx" value="0"/><int name="cy" value="0"/><int name="a" value="255"/><int name="front" value="0"/><int name="ani" value="0"/><int name="f" value="0"/></imgdir></imgdir><imgdir name="life"></imgdir><imgdir name="0"><imgdir name="info"></imgdir><imgdir name="tile"></imgdir><imgdir name="obj"><imgdir name="3"><string name="oS" value="acc1"/><string name="l0" value="grassySoil"/><string name="l1" value="nature"/><string name="l2" value="4"/><int name="x" value="-731"/><int name="y" value="-470"/><int name="z" value="3"/><int name="f" value="0"/><int name="zM" value="17"/></imgdir><imgdir name="1"><string name="oS" value="acc1"/><string name="l0" value="grassySoil"/><string name="l1" value="nature"/><string name="l2" value="4"/><int name="x" value="-666"/><int name="y" value="-470"/><int name="z" value="2"/><int name="f" value="0"/><int name="zM" value="17"/></imgdir><imgdir name="0"><string name="oS" value="acc1"/><string name="l0" value="grassySoil"/><string name="l1" value="nature"/><string name="l2" value="3"/><int name="x" value="-681"/><int name="y" value="-469"/><int name="z" value="3"/><int name="f" value="0"/><int name="zM" value="17"/></imgdir><imgdir name="2"><string name="oS" value="acc1"/><string name="l0" value="grassySoil"/><string name="l1" value="nature"/><string name="l2" value="3"/><int name="x" value="-705"/><int name="y" value="-469"/><int name="z" value="4"/><int name="f" value="0"/><int name="zM" value="17"/></imgdir></imgdir></imgdir><imgdir name="1"><imgdir name="info"><string name="tS" value="grassySoil"/></imgdir><imgdir name="tile"><imgdir name="0"><int name="x" value="-900"/><int name="y" value="-420"/><string name="u" value="edU"/><int name="no" value="0"/><int name="zM" value="16"/></imgdir><imgdir name="1"><int name="x" value="-900"/><int name="y" value="-420"/><string name="u" value="edD"/><int name="no" value="0"/><int name="zM" value="16"/></imgdir><imgdir name="6"><int name="x" value="-630"/><int name="y" value="-420"/><string name="u" value="edU"/><int name="no" value="0"/><int name="zM" value="16"/></imgdir><imgdir name="7"><int name="x" value="-630"/><int name="y" value="-420"/><string name="u" value="edD"/><int name="no" value="0"/><int name="zM" value="16"/></imgdir><imgdir name="8"><int name="x" value="-720"/><int name="y" value="-420"/><string name="u" value="enH0"/><int name="no" value="1"/><int name="zM" value="16"/></imgdir><imgdir name="3"><int name="x" value="-900"/><int name="y" value="-420"/><string name="u" value="enH0"/><int name="no" value="1"/><int name="zM" value="16"/></imgdir><imgdir name="9"><int name="x" value="-720"/><int name="y" value="-420"/><string name="u" value="slRD"/><int name="no" value="0"/><int name="zM" value="16"/></imgdir><imgdir name="4"><int name="x" value="-720"/><int name="y" value="-360"/><string name="u" value="edD"/><int name="no" value="0"/><int name="zM" value="16"/></imgdir><imgdir name="5"><int name="x" value="-810"/><int name="y" value="-360"/><string name="u" value="edD"/><int name="no" value="0"/><int name="zM" value="16"/></imgdir><imgdir name="2"><int name="x" value="-810"/><int name="y" value="-360"/><string name="u" value="enH1"/><int name="no" value="0"/><int name="zM" value="16"/></imgdir><imgdir name="12"><int name="x" value="-810"/><int name="y" value="-420"/><string name="u" value="bsc"/><int name="no" value="4"/><int name="zM" value="16"/></imgdir><imgdir name="10"><int name="x" value="-810"/><int name="y" value="-420"/><string name="u" value="enH0"/><int name="no" value="1"/><int name="zM" value="16"/></imgdir><imgdir name="11"><int name="x" value="-810"/><int name="y" value="-420"/><string name="u" value="slLD"/><int name="no" value="1"/><int name="zM" value="16"/></imgdir></imgdir><imgdir name="obj"><imgdir name="0"><string name="oS" value="acc1"/><string name="l0" value="grassySoil"/><string name="l1" value="nature"/><string name="l2" value="13"/><int name="x" value="-1066"/><int name="y" value="174"/><int name="z" value="3"/><int name="f" value="0"/><int name="zM" value="1"/></imgdir><imgdir name="1"><string name="oS" value="acc1"/><string name="l0" value="grassySoil"/><string name="l1" value="nature"/><string name="l2" value="13"/><int name="x" value="-958"/><int name="y" value="150"/><int name="z" value="4"/><int name="f" value="0"/><int name="zM" value="1"/></imgdir><imgdir name="2"><string name="oS" value="acc1"/><string name="l0" value="darkWood"/><string name="l1" value="nature"/><string name="l2" value="20"/><int name="x" value="-926"/><int name="y" value="204"/><int name="z" value="5"/><int name="f" value="0"/><int name="zM" value="1"/></imgdir><imgdir name="3"><string name="oS" value="acc1"/><string name="l0" value="grassySoil"/><string name="l1" value="nature"/><string name="l2" value="13"/><int name="x" value="-743"/><int name="y" value="163"/><int name="z" value="3"/><int name="f" value="0"/><int name="zM" value="1"/></imgdir><imgdir name="4"><string name="oS" value="acc1"/><string name="l0" value="grassySoil"/><string name="l1" value="nature"/><string name="l2" value="13"/><int name="x" value="-613"/><int name="y" value="158"/><int name="z" value="4"/><int name="f" value="0"/><int name="zM" value="1"/></imgdir><imgdir name="5"><string name="oS" value="acc1"/><string name="l0" value="grassySoil"/><string name="l1" value="nature"/><string name="l2" value="13"/><int name="x" value="-711"/><int name="y" value="106"/><int name="z" value="2"/><int name="f" value="0"/><int name="zM" value="1"/></imgdir><imgdir name="6"><string name="oS" value="acc1"/><string name="l0" value="darkWood"/><string name="l1" value="nature"/><string name="l2" value="20"/><int name="x" value="-561"/><int name="y" value="203"/><int name="z" value="5"/><int name="f" value="0"/><int name="zM" value="1"/></imgdir><imgdir name="7"><string name="oS" value="acc1"/><string name="l0" value="grassySoil"/><string name="l1" value="nature"/><string name="l2" value="3"/><int name="x" value="-900"/><int name="y" value="-48"/><int name="z" value="3"/><int name="f" value="0"/><int name="zM" value="11"/></imgdir><imgdir name="8"><string name="oS" value="acc1"/><string name="l0" value="grassySoil"/><string name="l1" value="nature"/><string name="l2" value="4"/><int name="x" value="-818"/><int name="y" value="-104"/><int name="z" value="3"/><int name="f" value="0"/><int name="zM" value="13"/></imgdir><imgdir name="9"><string name="oS" value="acc1"/><string name="l0" value="grassySoil"/><string name="l1" value="nature"/><string name="l2" value="1"/><int name="x" value="-812"/><int name="y" value="136"/><int name="z" value="3"/><int name="f" value="0"/><int name="zM" value="1"/></imgdir><imgdir name="10"><string name="oS" value="acc1"/><string name="l0" value="grassySoil"/><string name="l1" value="nature"/><string name="l2" value="13"/><int name="x" value="-845"/><int name="y" value="106"/><int name="z" value="1"/><int name="f" value="0"/><int name="zM" value="1"/></imgdir></imgdir></imgdir><imgdir name="2"><imgdir name="info"></imgdir><imgdir name="tile"></imgdir><imgdir name="obj"><imgdir name="0"><string name="oS" value="connect"/><string name="l0" value="ladder"/><string name="l1" value="0"/><string name="l2" value="4"/><int name="x" value="-710"/><int name="y" value="-333"/><int name="z" value="3"/><int name="f" value="0"/><int name="zM" value="15"/></imgdir></imgdir></imgdir><imgdir name="3"><imgdir name="info"><string name="tS" value="grassySoil"/></imgdir><imgdir name="tile"><imgdir name="20"><int name="x" value="-630"/><int name="y" value="300"/><string name="u" value="bsc"/><int name="no" value="1"/><int name="zM" value="0"/></imgdir><imgdir name="30"><int name="x" value="-1170"/><int name="y" value="300"/><string name="u" value="enV0"/><int name="no" value="1"/><int name="zM" value="0"/></imgdir><imgdir name="0"><int name="x" value="-1080"/><int name="y" value="240"/><string name="u" value="enH0"/><int name="no" value="0"/><int name="zM" value="0"/></imgdir><imgdir name="13"><int name="x" value="-990"/><int name="y" value="240"/><string name="u" value="enH0"/><int name="no" value="0"/><int name="zM" value="0"/></imgdir><imgdir name="12"><int name="x" value="-900"/><int name="y" value="240"/><string name="u" value="enH0"/><int name="no" value="1"/><int name="zM" value="0"/></imgdir><imgdir name="11"><int name="x" value="-810"/><int name="y" value="300"/><string name="u" value="bsc"/><int name="no" value="0"/><int name="zM" value="0"/></imgdir><imgdir name="25"><int name="x" value="-720"/><int name="y" value="300"/><string name="u" value="bsc"/><int name="no" value="0"/><int name="zM" value="0"/></imgdir><imgdir name="19"><int name="x" value="-1170"/><int name="y" value="300"/><string name="u" value="bsc"/><int name="no" value="2"/><int name="zM" value="0"/></imgdir><imgdir name="10"><int name="x" value="-1170"/><int name="y" value="240"/><string name="u" value="bsc"/><int name="no" value="2"/><int name="zM" value="0"/></imgdir><imgdir name="8"><int name="x" value="-720"/><int name="y" value="240"/><string name="u" value="enH0"/><int name="no" value="1"/><int name="zM" value="0"/></imgdir><imgdir name="22"><int name="x" value="-1080"/><int name="y" value="240"/><string name="u" value="bsc"/><int name="no" value="0"/><int name="zM" value="0"/></imgdir><imgdir name="17"><int name="x" value="-1170"/><int name="y" value="240"/><string name="u" value="enV0"/><int name="no" value="0"/><int name="zM" value="0"/></imgdir><imgdir name="28"><int name="x" value="-900"/><int name="y" value="240"/><string name="u" value="bsc"/><int name="no" value="2"/><int name="zM" value="0"/></imgdir><imgdir name="27"><int name="x" value="-630"/><int name="y" value="240"/><string name="u" value="enH0"/><int name="no" value="1"/><int name="zM" value="0"/></imgdir><imgdir name="34"><int name="x" value="-540"/><int name="y" value="300"/><string name="u" value="bsc"/><int name="no" value="4"/><int name="zM" value="0"/></imgdir><imgdir name="2"><int name="x" value="-630"/><int name="y" value="240"/><string name="u" value="bsc"/><int name="no" value="3"/><int name="zM" value="0"/></imgdir><imgdir name="3"><int name="x" value="-810"/><int name="y" value="240"/><string name="u" value="bsc"/><int name="no" value="2"/><int name="zM" value="0"/></imgdir><imgdir name="32"><int name="x" value="-720"/><int name="y" value="240"/><string name="u" value="bsc"/><int name="no" value="0"/><int name="zM" value="0"/></imgdir><imgdir name="33"><int name="x" value="-990"/><int name="y" value="240"/><string name="u" value="bsc"/><int name="no" value="4"/><int name="zM" value="0"/></imgdir><imgdir name="9"><int name="x" value="-810"/><int name="y" value="240"/><string name="u" value="enH0"/><int name="no" value="1"/><int name="zM" value="0"/></imgdir><imgdir name="1"><int name="x" value="-900"/><int name="y" value="300"/><string name="u" value="bsc"/><int name="no" value="1"/><int name="zM" value="0"/></imgdir><imgdir name="15"><int name="x" value="-990"/><int name="y" value="300"/><string name="u" value="bsc"/><int name="no" value="4"/><int name="zM" value="0"/></imgdir><imgdir name="21"><int name="x" value="-540"/><int name="y" value="240"/><string name="u" value="bsc"/><int name="no" value="0"/><int name="zM" value="0"/></imgdir><imgdir name="35"><int name="x" value="-1080"/><int name="y" value="300"/><string name="u" value="bsc"/><int name="no" value="4"/><int name="zM" value="0"/></imgdir><imgdir name="37"><int name="x" value="-450"/><int name="y" value="240"/><string name="u" value="enV1"/><int name="no" value="0"/><int name="zM" value="0"/></imgdir><imgdir name="14"><int name="x" value="-450"/><int name="y" value="240"/><string name="u" value="edU"/><int name="no" value="0"/><int name="zM" value="0"/></imgdir><imgdir name="16"><int name="x" value="-540"/><int name="y" value="240"/><string name="u" value="enH0"/><int name="no" value="0"/><int name="zM" value="0"/></imgdir><imgdir name="7"><int name="x" value="-450"/><int name="y" value="300"/><string name="u" value="enV1"/><int name="no" value="0"/><int name="zM" value="0"/></imgdir><imgdir name="38"><int name="x" value="-1170"/><int name="y" value="240"/><string name="u" value="enH0"/><int name="no" value="1"/><int name="zM" value="0"/></imgdir><imgdir name="39"><int name="x" value="-1170"/><int name="y" value="240"/><string name="u" value="edU"/><int name="no" value="0"/><int name="zM" value="0"/></imgdir><imgdir name="40"><int name="x" value="-810"/><int name="y" value="180"/><string name="u" value="edU"/><int name="no" value="1"/><int name="zM" value="7"/></imgdir><imgdir name="41"><int name="x" value="-810"/><int name="y" value="180"/><string name="u" value="edD"/><int name="no" value="0"/><int name="zM" value="7"/></imgdir><imgdir name="42"><int name="x" value="-900"/><int name="y" value="120"/><string name="u" value="edU"/><int name="no" value="1"/><int name="zM" value="8"/></imgdir><imgdir name="43"><int name="x" value="-900"/><int name="y" value="120"/><string name="u" value="edD"/><int name="no" value="0"/><int name="zM" value="8"/></imgdir><imgdir name="44"><int name="x" value="-810"/><int name="y" value="60"/><string name="u" value="edU"/><int name="no" value="0"/><int name="zM" value="9"/></imgdir><imgdir name="45"><int name="x" value="-810"/><int name="y" value="60"/><string name="u" value="edD"/><int name="no" value="0"/><int name="zM" value="9"/></imgdir><imgdir name="46"><int name="x" value="-900"/><int name="y" value="0"/><string name="u" value="edU"/><int name="no" value="0"/><int name="zM" value="10"/></imgdir><imgdir name="47"><int name="x" value="-900"/><int name="y" value="0"/><string name="u" value="edD"/><int name="no" value="0"/><int name="zM" value="10"/></imgdir><imgdir name="48"><int name="x" value="-810"/><int name="y" value="-60"/><string name="u" value="edU"/><int name="no" value="0"/><int name="zM" value="12"/></imgdir><imgdir name="49"><int name="x" value="-810"/><int name="y" value="-60"/><string name="u" value="edD"/><int name="no" value="0"/><int name="zM" value="12"/></imgdir><imgdir name="50"><int name="x" value="-720"/><int name="y" value="-120"/><string name="u" value="edU"/><int name="no" value="0"/><int name="zM" value="14"/></imgdir><imgdir name="51"><int name="x" value="-720"/><int name="y" value="-120"/><string name="u" value="edD"/><int name="no" value="0"/><int name="zM" value="14"/></imgdir><imgdir name="23"><int name="x" value="-1080"/><int name="y" value="360"/><string name="u" value="bsc"/><int name="no" value="3"/><int name="zM" value="0"/></imgdir><imgdir name="29"><int name="x" value="-1170"/><int name="y" value="360"/><string name="u" value="bsc"/><int name="no" value="3"/><int name="zM" value="0"/></imgdir><imgdir name="24"><int name="x" value="-1170"/><int name="y" value="360"/><string name="u" value="enV0"/><int name="no" value="0"/><int name="zM" value="0"/></imgdir><imgdir name="18"><int name="x" value="-990"/><int name="y" value="360"/><string name="u" value="bsc"/><int name="no" value="2"/><int name="zM" value="0"/></imgdir><imgdir name="4"><int name="x" value="-900"/><int name="y" value="360"/><string name="u" value="bsc"/><int name="no" value="1"/><int name="zM" value="0"/></imgdir><imgdir name="6"><int name="x" value="-630"/><int name="y" value="360"/><string name="u" value="bsc"/><int name="no" value="2"/><int name="zM" value="0"/></imgdir><imgdir name="5"><int name="x" value="-720"/><int name="y" value="360"/><string name="u" value="bsc"/><int name="no" value="3"/><int name="zM" value="0"/></imgdir><imgdir name="26"><int name="x" value="-810"/><int name="y" value="360"/><string name="u" value="bsc"/><int name="no" value="3"/><int name="zM" value="0"/></imgdir><imgdir name="36"><int name="x" value="-450"/><int name="y" value="360"/><string name="u" value="enV1"/><int name="no" value="0"/><int name="zM" value="0"/></imgdir><imgdir name="31"><int name="x" value="-540"/><int name="y" value="360"/><string name="u" value="bsc"/><int name="no" value="3"/><int name="zM" value="0"/></imgdir><imgdir name="63"><int name="x" value="-1170"/><int name="y" value="480"/><string name="u" value="edD"/><int name="no" value="0"/><int name="zM" value="0"/></imgdir><imgdir name="53"><int name="x" value="-1170"/><int name="y" value="420"/><string name="u" value="bsc"/><int name="no" value="3"/><int name="zM" value="0"/></imgdir><imgdir name="56"><int name="x" value="-1170"/><int name="y" value="480"/><string name="u" value="enH1"/><int name="no" value="0"/><int name="zM" value="0"/></imgdir><imgdir name="62"><int name="x" value="-1170"/><int name="y" value="420"/><string name="u" value="enV0"/><int name="no" value="0"/><int name="zM" value="0"/></imgdir><imgdir name="65"><int name="x" value="-1080"/><int name="y" value="480"/><string name="u" value="enH1"/><int name="no" value="0"/><int name="zM" value="0"/></imgdir><imgdir name="52"><int name="x" value="-1080"/><int name="y" value="420"/><string name="u" value="bsc"/><int name="no" value="2"/><int name="zM" value="0"/></imgdir><imgdir name="59"><int name="x" value="-810"/><int name="y" value="420"/><string name="u" value="bsc"/><int name="no" value="0"/><int name="zM" value="0"/></imgdir><imgdir name="54"><int name="x" value="-900"/><int name="y" value="420"/><string name="u" value="bsc"/><int name="no" value="1"/><int name="zM" value="0"/></imgdir><imgdir name="55"><int name="x" value="-990"/><int name="y" value="420"/><string name="u" value="bsc"/><int name="no" value="3"/><int name="zM" value="0"/></imgdir><imgdir name="66"><int name="x" value="-720"/><int name="y" value="480"/><string name="u" value="enH1"/><int name="no" value="1"/><int name="zM" value="0"/></imgdir><imgdir name="64"><int name="x" value="-990"/><int name="y" value="480"/><string name="u" value="enH1"/><int name="no" value="0"/><int name="zM" value="0"/></imgdir><imgdir name="68"><int name="x" value="-900"/><int name="y" value="480"/><string name="u" value="enH1"/><int name="no" value="1"/><int name="zM" value="0"/></imgdir><imgdir name="58"><int name="x" value="-450"/><int name="y" value="420"/><string name="u" value="enV1"/><int name="no" value="0"/><int name="zM" value="0"/></imgdir><imgdir name="60"><int name="x" value="-540"/><int name="y" value="420"/><string name="u" value="bsc"/><int name="no" value="4"/><int name="zM" value="0"/></imgdir><imgdir name="61"><int name="x" value="-630"/><int name="y" value="420"/><string name="u" value="bsc"/><int name="no" value="0"/><int name="zM" value="0"/></imgdir><imgdir name="69"><int name="x" value="-450"/><int name="y" value="480"/><string name="u" value="edD"/><int name="no" value="0"/><int name="zM" value="0"/></imgdir><imgdir name="70"><int name="x" value="-630"/><int name="y" value="480"/><string name="u" value="enH1"/><int name="no" value="0"/><int name="zM" value="0"/></imgdir><imgdir name="57"><int name="x" value="-720"/><int name="y" value="420"/><string name="u" value="bsc"/><int name="no" value="3"/><int name="zM" value="0"/></imgdir><imgdir name="71"><int name="x" value="-540"/><int name="y" value="480"/><string name="u" value="enH1"/><int name="no" value="0"/><int name="zM" value="0"/></imgdir><imgdir name="67"><int name="x" value="-810"/><int name="y" value="480"/><string name="u" value="enH1"/><int name="no" value="1"/><int name="zM" value="0"/></imgdir></imgdir><imgdir name="obj"></imgdir></imgdir><imgdir name="4"><imgdir name="info"></imgdir><imgdir name="tile"></imgdir><imgdir name="obj"><imgdir name="0"><string name="oS" value="trap"/><string name="l0" value="trap"/><string name="l1" value="nature"/><string name="l2" value="7"/><int name="x" value="-1164"/><int name="y" value="197"/><int name="z" value="3"/><int name="f" value="0"/><int name="zM" value="4"/></imgdir><imgdir name="2"><string name="oS" value="trap"/><string name="l0" value="trap"/><string name="l1" value="nature"/><string name="l2" value="7"/><int name="x" value="-1087"/><int name="y" value="199"/><int name="z" value="3"/><int name="f" value="0"/><int name="zM" value="2"/></imgdir><imgdir name="3"><string name="oS" value="trap"/><string name="l0" value="trap"/><string name="l1" value="nature"/><string name="l2" value="7"/><int name="x" value="-509"/><int name="y" value="197"/><int name="z" value="3"/><int name="f" value="0"/><int name="zM" value="5"/></imgdir><imgdir name="1"><string name="oS" value="trap"/><string name="l0" value="trap"/><string name="l1" value="nature"/><string name="l2" value="7"/><int name="x" value="-668"/><int name="y" value="197"/><int name="z" value="3"/><int name="f" value="0"/><int name="zM" value="3"/></imgdir><imgdir name="4"><string name="oS" value="trap"/><string name="l0" value="trap"/><string name="l1" value="nature"/><string name="l2" value="7"/><int name="x" value="-977"/><int name="y" value="196"/><int name="z" value="3"/><int name="f" value="0"/><int name="zM" value="6"/></imgdir></imgdir></imgdir><imgdir name="5"><imgdir name="info"></imgdir><imgdir name="tile"></imgdir><imgdir name="obj"></imgdir></imgdir><imgdir name="6"><imgdir name="info"></imgdir><imgdir name="tile"></imgdir><imgdir name="obj"></imgdir></imgdir><imgdir name="7"><imgdir name="info"></imgdir><imgdir name="tile"></imgdir><imgdir name="obj"></imgdir></imgdir><imgdir name="reactor"></imgdir><imgdir name="foothold"><imgdir name="1"><imgdir name="16"><imgdir name="1"><int name="x1" value="-939"/><int name="y1" value="-420"/><int name="x2" value="-939"/><int name="y2" value="-445"/><int name="prev" value="0"/><int name="next" value="2"/></imgdir><imgdir name="2"><int name="x1" value="-939"/><int name="y1" value="-445"/><int name="x2" value="-861"/><int name="y2" value="-445"/><int name="prev" value="1"/><int name="next" value="3"/></imgdir><imgdir name="3"><int name="x1" value="-861"/><int name="y1" value="-445"/><int name="x2" value="-810"/><int name="y2" value="-445"/><int name="prev" value="2"/><int name="next" value="7"/></imgdir><imgdir name="4"><int name="x1" value="-669"/><int name="y1" value="-445"/><int name="x2" value="-591"/><int name="y2" value="-445"/><int name="prev" value="6"/><int name="next" value="5"/></imgdir><imgdir name="5"><int name="x1" value="-591"/><int name="y1" value="-445"/><int name="x2" value="-591"/><int name="y2" value="-420"/><int name="prev" value="4"/><int name="next" value="0"/></imgdir><imgdir name="6"><int name="x1" value="-720"/><int name="y1" value="-445"/><int name="x2" value="-669"/><int name="y2" value="-445"/><int name="prev" value="7"/><int name="next" value="4"/></imgdir><imgdir name="7"><int name="x1" value="-810"/><int name="y1" value="-445"/><int name="x2" value="-720"/><int name="y2" value="-445"/><int name="prev" value="3"/><int name="next" value="6"/></imgdir></imgdir></imgdir><imgdir name="3"><imgdir name="0"><imgdir name="8"><int name="x1" value="-1080"/><int name="y1" value="215"/><int name="x2" value="-990"/><int name="y2" value="215"/><int name="prev" value="26"/><int name="next" value="13"/></imgdir><imgdir name="9"><int name="x1" value="-411"/><int name="y1" value="300"/><int name="x2" value="-411"/><int name="y2" value="360"/><int name="prev" value="22"/><int name="next" value="21"/></imgdir><imgdir name="10"><int name="x1" value="-720"/><int name="y1" value="215"/><int name="x2" value="-630"/><int name="y2" value="215"/><int name="prev" value="11"/><int name="next" value="19"/></imgdir><imgdir name="11"><int name="x1" value="-810"/><int name="y1" value="215"/><int name="x2" value="-720"/><int name="y2" value="215"/><int name="prev" value="12"/><int name="next" value="10"/></imgdir><imgdir name="12"><int name="x1" value="-900"/><int name="y1" value="215"/><int name="x2" value="-810"/><int name="y2" value="215"/><int name="prev" value="13"/><int name="next" value="11"/></imgdir><imgdir name="13"><int name="x1" value="-990"/><int name="y1" value="215"/><int name="x2" value="-900"/><int name="y2" value="215"/><int name="prev" value="8"/><int name="next" value="12"/></imgdir><imgdir name="14"><int name="x1" value="-489"/><int name="y1" value="215"/><int name="x2" value="-411"/><int name="y2" value="215"/><int name="prev" value="16"/><int name="next" value="15"/></imgdir><imgdir name="15"><int name="x1" value="-411"/><int name="y1" value="215"/><int name="x2" value="-411"/><int name="y2" value="240"/><int name="prev" value="14"/><int name="next" value="22"/></imgdir><imgdir name="16"><int name="x1" value="-540"/><int name="y1" value="215"/><int name="x2" value="-489"/><int name="y2" value="215"/><int name="prev" value="19"/><int name="next" value="14"/></imgdir><imgdir name="17"><int name="x1" value="-1209"/><int name="y1" value="300"/><int name="x2" value="-1209"/><int name="y2" value="240"/><int name="prev" value="20"/><int name="next" value="24"/></imgdir><imgdir name="18"><int name="x1" value="-1209"/><int name="y1" value="420"/><int name="x2" value="-1209"/><int name="y2" value="360"/><int name="prev" value="28"/><int name="next" value="20"/></imgdir><imgdir name="19"><int name="x1" value="-630"/><int name="y1" value="215"/><int name="x2" value="-540"/><int name="y2" value="215"/><int name="prev" value="10"/><int name="next" value="16"/></imgdir><imgdir name="20"><int name="x1" value="-1209"/><int name="y1" value="360"/><int name="x2" value="-1209"/><int name="y2" value="300"/><int name="prev" value="18"/><int name="next" value="17"/></imgdir><imgdir name="21"><int name="x1" value="-411"/><int name="y1" value="360"/><int name="x2" value="-411"/><int name="y2" value="420"/><int name="prev" value="9"/><int name="next" value="27"/></imgdir><imgdir name="22"><int name="x1" value="-411"/><int name="y1" value="240"/><int name="x2" value="-411"/><int name="y2" value="300"/><int name="prev" value="15"/><int name="next" value="9"/></imgdir><imgdir name="23"><int name="x1" value="-1170"/><int name="y1" value="215"/><int name="x2" value="-1131"/><int name="y2" value="215"/><int name="prev" value="25"/><int name="next" value="26"/></imgdir><imgdir name="24"><int name="x1" value="-1209"/><int name="y1" value="240"/><int name="x2" value="-1209"/><int name="y2" value="215"/><int name="prev" value="17"/><int name="next" value="25"/></imgdir><imgdir name="25"><int name="x1" value="-1209"/><int name="y1" value="215"/><int name="x2" value="-1170"/><int name="y2" value="215"/><int name="prev" value="24"/><int name="next" value="23"/></imgdir><imgdir name="26"><int name="x1" value="-1131"/><int name="y1" value="215"/><int name="x2" value="-1080"/><int name="y2" value="215"/><int name="prev" value="23"/><int name="next" value="8"/></imgdir><imgdir name="27"><int name="x1" value="-411"/><int name="y1" value="420"/><int name="x2" value="-411"/><int name="y2" value="480"/><int name="prev" value="21"/><int name="next" value="0"/></imgdir><imgdir name="28"><int name="x1" value="-1209"/><int name="y1" value="480"/><int name="x2" value="-1209"/><int name="y2" value="420"/><int name="prev" value="0"/><int name="next" value="18"/></imgdir></imgdir><imgdir name="7"><imgdir name="29"><int name="x1" value="-849"/><int name="y1" value="180"/><int name="x2" value="-849"/><int name="y2" value="155"/><int name="prev" value="0"/><int name="next" value="30"/></imgdir><imgdir name="30"><int name="x1" value="-849"/><int name="y1" value="155"/><int name="x2" value="-771"/><int name="y2" value="155"/><int name="prev" value="29"/><int name="next" value="31"/></imgdir><imgdir name="31"><int name="x1" value="-771"/><int name="y1" value="155"/><int name="x2" value="-771"/><int name="y2" value="180"/><int name="prev" value="30"/><int name="next" value="0"/></imgdir></imgdir><imgdir name="8"><imgdir name="32"><int name="x1" value="-939"/><int name="y1" value="120"/><int name="x2" value="-939"/><int name="y2" value="95"/><int name="prev" value="0"/><int name="next" value="33"/></imgdir><imgdir name="33"><int name="x1" value="-939"/><int name="y1" value="95"/><int name="x2" value="-861"/><int name="y2" value="95"/><int name="prev" value="32"/><int name="next" value="34"/></imgdir><imgdir name="34"><int name="x1" value="-861"/><int name="y1" value="95"/><int name="x2" value="-861"/><int name="y2" value="120"/><int name="prev" value="33"/><int name="next" value="0"/></imgdir></imgdir><imgdir name="9"><imgdir name="35"><int name="x1" value="-849"/><int name="y1" value="60"/><int name="x2" value="-849"/><int name="y2" value="35"/><int name="prev" value="0"/><int name="next" value="36"/></imgdir><imgdir name="36"><int name="x1" value="-849"/><int name="y1" value="35"/><int name="x2" value="-771"/><int name="y2" value="35"/><int name="prev" value="35"/><int name="next" value="37"/></imgdir><imgdir name="37"><int name="x1" value="-771"/><int name="y1" value="35"/><int name="x2" value="-771"/><int name="y2" value="60"/><int name="prev" value="36"/><int name="next" value="0"/></imgdir></imgdir><imgdir name="10"><imgdir name="38"><int name="x1" value="-939"/><int name="y1" value="0"/><int name="x2" value="-939"/><int name="y2" value="-25"/><int name="prev" value="0"/><int name="next" value="39"/></imgdir><imgdir name="39"><int name="x1" value="-939"/><int name="y1" value="-25"/><int name="x2" value="-861"/><int name="y2" value="-25"/><int name="prev" value="38"/><int name="next" value="40"/></imgdir><imgdir name="40"><int name="x1" value="-861"/><int name="y1" value="-25"/><int name="x2" value="-861"/><int name="y2" value="0"/><int name="prev" value="39"/><int name="next" value="0"/></imgdir></imgdir><imgdir name="12"><imgdir name="41"><int name="x1" value="-849"/><int name="y1" value="-60"/><int name="x2" value="-849"/><int name="y2" value="-85"/><int name="prev" value="0"/><int name="next" value="42"/></imgdir><imgdir name="42"><int name="x1" value="-849"/><int name="y1" value="-85"/><int name="x2" value="-771"/><int name="y2" value="-85"/><int name="prev" value="41"/><int name="next" value="43"/></imgdir><imgdir name="43"><int name="x1" value="-771"/><int name="y1" value="-85"/><int name="x2" value="-771"/><int name="y2" value="-60"/><int name="prev" value="42"/><int name="next" value="0"/></imgdir></imgdir><imgdir name="14"><imgdir name="44"><int name="x1" value="-759"/><int name="y1" value="-120"/><int name="x2" value="-759"/><int name="y2" value="-145"/><int name="prev" value="0"/><int name="next" value="45"/></imgdir><imgdir name="45"><int name="x1" value="-759"/><int name="y1" value="-145"/><int name="x2" value="-681"/><int name="y2" value="-145"/><int name="prev" value="44"/><int name="next" value="46"/></imgdir><imgdir name="46"><int name="x1" value="-681"/><int name="y1" value="-145"/><int name="x2" value="-681"/><int name="y2" value="-120"/><int name="prev" value="45"/><int name="next" value="0"/></imgdir></imgdir></imgdir></imgdir><imgdir name="ladderRope"><imgdir name="1"><int name="l" value="1"/><int name="uf" value="1"/><int name="x" value="-710"/><int name="y1" value="-443"/><int name="y2" value="-182"/><int name="page" value="2"/></imgdir></imgdir><imgdir name="miniMap"><canvas name="canvas" width="54" height="74"></canvas><int name="width" value="877"/><int name="height" value="1195"/><int name="centerX" value="1250"/><int name="centerY" value="641"/><int name="mag" value="4"/></imgdir><imgdir name="portal"><imgdir name="0"><string name="pn" value="sp"/><int name="pt" value="0"/><int name="x" value="-813"/><int name="y" value="132"/><int name="tm" value="999999999"/><string name="tn" value=""/></imgdir><imgdir name="1"><string name="pn" value="st00"/><int name="pt" value="1"/><int name="x" value="-744"/><int name="y" value="209"/><int name="tm" value="999999999"/><string name="tn" value=""/></imgdir><imgdir name="2"><string name="pn" value="out00"/><int name="pt" value="2"/><int name="x" value="-830"/><int name="y" value="-446"/><int name="tm" value="100000003"/><string name="tn" value="st00"/></imgdir></imgdir></imgdir>