<?xml version="1.0" encoding="UTF-8" standalone="yes"?><imgdir name="101030111.img"><imgdir name="info"><int name="version" value="10"/><int name="cloud" value="0"/><int name="town" value="0"/><int name="swim" value="0"/><int name="returnMap" value="102000000"/><int name="forcedReturn" value="999999999"/><float name="mobRate" value="1.1"/><string name="bgm" value="Bgm12/RuinCastle"/><string name="mapMark" value="Perion"/><int name="hideMinimap" value="0"/><int name="fieldLimit" value="0"/><int name="VRTop" value="-1374"/><int name="VRLeft" value="-384"/><int name="VRBottom" value="400"/><int name="VRRight" value="466"/></imgdir><imgdir name="back"><imgdir name="0"><string name="bS" value="syarenInside"/><int name="front" value="0"/><int name="ani" value="0"/><int name="no" value="22"/><int name="f" value="0"/><int name="x" value="-139"/><int name="y" value="116"/><int name="rx" value="-100"/><int name="ry" value="-100"/><int name="type" value="2"/><int name="cx" value="0"/><int name="cy" value="0"/><int name="a" value="255"/></imgdir><imgdir name="1"><string name="bS" value="syarenInside"/><int name="front" value="0"/><int name="ani" value="0"/><int name="no" value="22"/><int name="f" value="1"/><int name="x" value="223"/><int name="y" value="-436"/><int name="rx" value="-100"/><int name="ry" value="-100"/><int name="type" value="2"/><int name="cx" value="0"/><int name="cy" value="0"/><int name="a" value="255"/></imgdir><imgdir name="3"><string name="bS" value="syarenInside"/><int name="front" value="1"/><int name="ani" value="0"/><int name="no" value="26"/><int name="f" value="1"/><int name="x" value="433"/><int name="y" value="-58"/><int name="rx" value="-100"/><int name="ry" value="-100"/><int name="type" value="2"/><int name="cx" value="0"/><int name="cy" value="300"/><int name="a" value="255"/></imgdir><imgdir name="2"><string name="bS" value="syarenInside"/><int name="front" value="1"/><int name="ani" value="0"/><int name="no" value="26"/><int name="f" value="0"/><int name="x" value="-349"/><int name="y" value="-339"/><int name="rx" value="-100"/><int name="ry" value="-100"/><int name="type" value="2"/><int name="cx" value="0"/><int name="cy" value="300"/><int name="a" value="255"/></imgdir><imgdir name="4"><string name="bS" value="syarenInside"/><int name="front" value="0"/><int name="ani" value="0"/><int name="no" value="25"/><int name="f" value="0"/><int name="x" value="45"/><int name="y" value="11"/><int name="rx" value="-100"/><int name="ry" value="-100"/><int name="type" value="2"/><int name="cx" value="0"/><int name="cy" value="0"/><int name="a" value="255"/></imgdir></imgdir><imgdir name="life"><imgdir name="0"><string name="type" value="m"/><string name="id" value="5150001"/><int name="x" value="-222"/><int name="y" value="-1084"/><int name="mobTime" value="0"/><int name="f" value="0"/><int name="hide" value="0"/><int name="fh" value="153"/><int name="cy" value="-1054"/><int name="rx0" value="-309"/><int name="rx1" value="288"/></imgdir><imgdir name="1"><string name="type" value="m"/><string name="id" value="5150001"/><int name="x" value="7"/><int name="y" value="-1089"/><int name="mobTime" value="0"/><int name="f" value="0"/><int name="hide" value="0"/><int name="fh" value="151"/><int name="cy" value="-1054"/><int name="rx0" value="-309"/><int name="rx1" value="288"/></imgdir><imgdir name="2"><string name="type" value="m"/><string name="id" value="5150001"/><int name="x" value="241"/><int name="y" value="-1090"/><int name="mobTime" value="0"/><int name="f" value="0"/><int name="hide" value="0"/><int name="fh" value="147"/><int name="cy" value="-1054"/><int name="rx0" value="-309"/><int name="rx1" value="288"/></imgdir><imgdir name="3"><string name="type" value="m"/><string name="id" value="5150001"/><int name="x" value="-117"/><int name="y" value="-118"/><int name="mobTime" value="0"/><int name="f" value="0"/><int name="hide" value="0"/><int name="fh" value="155"/><int name="cy" value="-100"/><int name="rx0" value="-309"/><int name="rx1" value="6"/></imgdir><imgdir name="4"><string name="type" value="m"/><string name="id" value="5150001"/><int name="x" value="2"/><int name="y" value="-436"/><int name="mobTime" value="0"/><int name="f" value="0"/><int name="hide" value="0"/><int name="fh" value="170"/><int name="cy" value="-421"/><int name="rx0" value="-73"/><int name="rx1" value="28"/></imgdir><imgdir name="5"><string name="type" value="m"/><string name="id" value="5150001"/><int name="x" value="-251"/><int name="y" value="-446"/><int name="mobTime" value="0"/><int name="f" value="0"/><int name="hide" value="0"/><int name="fh" value="166"/><int name="cy" value="-421"/><int name="rx0" value="-309"/><int name="rx1" value="-169"/></imgdir><imgdir name="6"><string name="type" value="m"/><string name="id" value="5150001"/><int name="x" value="295"/><int name="y" value="-428"/><int name="mobTime" value="0"/><int name="f" value="0"/><int name="hide" value="0"/><int name="fh" value="160"/><int name="cy" value="-421"/><int name="rx0" value="143"/><int name="rx1" value="399"/></imgdir><imgdir name="7"><string name="type" value="m"/><string name="id" value="5150001"/><int name="x" value="-168"/><int name="y" value="-119"/><int name="mobTime" value="0"/><int name="f" value="0"/><int name="hide" value="0"/><int name="fh" value="155"/><int name="cy" value="-100"/><int name="rx0" value="-309"/><int name="rx1" value="6"/></imgdir><imgdir name="8"><string name="type" value="m"/><string name="id" value="5150001"/><int name="x" value="179"/><int name="y" value="-126"/><int name="mobTime" value="0"/><int name="f" value="0"/><int name="hide" value="0"/><int name="fh" value="144"/><int name="cy" value="-100"/><int name="rx0" value="121"/><int name="rx1" value="220"/></imgdir><imgdir name="9"><string name="type" value="m"/><string name="id" value="5150001"/><int name="x" value="265"/><int name="y" value="-122"/><int name="mobTime" value="0"/><int name="f" value="0"/><int name="hide" value="0"/><int name="fh" value="142"/><int name="cy" value="-100"/><int name="rx0" value="260"/><int name="rx1" value="399"/></imgdir><imgdir name="10"><string name="type" value="m"/><string name="id" value="5150001"/><int name="x" value="187"/><int name="y" value="199"/><int name="mobTime" value="0"/><int name="f" value="0"/><int name="hide" value="0"/><int name="fh" value="17"/><int name="cy" value="215"/><int name="rx0" value="-371"/><int name="rx1" value="461"/></imgdir><imgdir name="11"><string name="type" value="m"/><string name="id" value="5150001"/><int name="x" value="-66"/><int name="y" value="202"/><int name="mobTime" value="0"/><int name="f" value="0"/><int name="hide" value="0"/><int name="fh" value="4"/><int name="cy" value="215"/><int name="rx0" value="-371"/><int name="rx1" value="461"/></imgdir><imgdir name="12"><string name="type" value="m"/><string name="id" value="6230602"/><int name="x" value="68"/><int name="y" value="202"/><int name="mobTime" value="0"/><int name="f" value="0"/><int name="hide" value="0"/><int name="fh" value="5"/><int name="cy" value="215"/><int name="rx0" value="-371"/><int name="rx1" value="461"/></imgdir><imgdir name="13"><string name="type" value="m"/><string name="id" value="6230602"/><int name="x" value="-51"/><int name="y" value="-116"/><int name="mobTime" value="0"/><int name="f" value="0"/><int name="hide" value="0"/><int name="fh" value="155"/><int name="cy" value="-100"/><int name="rx0" value="-309"/><int name="rx1" value="6"/></imgdir><imgdir name="14"><string name="type" value="m"/><string name="id" value="6230602"/><int name="x" value="151"/><int name="y" value="-437"/><int name="mobTime" value="0"/><int name="f" value="0"/><int name="hide" value="0"/><int name="fh" value="162"/><int name="cy" value="-421"/><int name="rx0" value="143"/><int name="rx1" value="399"/></imgdir><imgdir name="15"><string name="type" value="m"/><string name="id" value="6230602"/><int name="x" value="-233"/><int name="y" value="203"/><int name="mobTime" value="0"/><int name="f" value="0"/><int name="hide" value="0"/><int name="fh" value="2"/><int name="cy" value="215"/><int name="rx0" value="-371"/><int name="rx1" value="461"/></imgdir><imgdir name="16"><string name="type" value="m"/><string name="id" value="6230602"/><int name="x" value="-110"/><int name="y" value="-1080"/><int name="mobTime" value="0"/><int name="f" value="0"/><int name="hide" value="0"/><int name="fh" value="151"/><int name="cy" value="-1054"/><int name="rx0" value="-309"/><int name="rx1" value="288"/></imgdir><imgdir name="17"><string name="type" value="m"/><string name="id" value="6230602"/><int name="x" value="127"/><int name="y" value="-1092"/><int name="mobTime" value="0"/><int name="f" value="0"/><int name="hide" value="0"/><int name="fh" value="149"/><int name="cy" value="-1054"/><int name="rx0" value="-309"/><int name="rx1" value="288"/></imgdir><imgdir name="18"><string name="type" value="m"/><string name="id" value="6230602"/><int name="x" value="-181"/><int name="y" value="-445"/><int name="mobTime" value="0"/><int name="f" value="0"/><int name="hide" value="0"/><int name="fh" value="167"/><int name="cy" value="-421"/><int name="rx0" value="-309"/><int name="rx1" value="-169"/></imgdir><imgdir name="19"><string name="type" value="m"/><string name="id" value="6230602"/><int name="x" value="-183"/><int name="y" value="115"/><int name="mobTime" value="8"/><int name="f" value="0"/><int name="hide" value="0"/><int name="fh" value="134"/><int name="cy" value="134"/><int name="rx0" value="-371"/><int name="rx1" value="461"/></imgdir></imgdir><imgdir name="reactor"></imgdir><imgdir name="0"><imgdir name="info"></imgdir><imgdir name="tile"></imgdir><imgdir name="obj"></imgdir></imgdir><imgdir name="1"><imgdir name="info"></imgdir><imgdir name="tile"></imgdir><imgdir name="obj"></imgdir></imgdir><imgdir name="2"><imgdir name="info"></imgdir><imgdir name="tile"></imgdir><imgdir name="obj"></imgdir></imgdir><imgdir name="3"><imgdir name="info"></imgdir><imgdir name="tile"></imgdir><imgdir name="obj"></imgdir></imgdir><imgdir name="4"><imgdir name="info"></imgdir><imgdir name="tile"></imgdir><imgdir name="obj"><imgdir name="0"><string name="oS" value="guild"/><string name="l0" value="syarenian"/><string name="l1" value="gate"/><string name="l2" value="7"/><int name="x" value="329"/><int name="y" value="135"/><int name="z" value="9"/><int name="f" value="0"/><int name="zM" value="1"/></imgdir><imgdir name="1"><string name="oS" value="guild"/><string name="l0" value="syarenian"/><string name="l1" value="gate"/><string name="l2" value="7"/><int name="x" value="-257"/><int name="y" value="-874"/><int name="z" value="9"/><int name="f" value="1"/><int name="zM" value="26"/></imgdir><imgdir name="2"><string name="oS" value="guild"/><string name="l0" value="syarenian"/><string name="l1" value="common"/><string name="l2" value="5"/><int name="x" value="-58"/><int name="y" value="-247"/><int name="z" value="9"/><int name="f" value="0"/><int name="zM" value="10"/></imgdir><imgdir name="3"><string name="oS" value="guild"/><string name="l0" value="syarenian"/><string name="l1" value="common"/><string name="l2" value="5"/><int name="x" value="146"/><int name="y" value="-248"/><int name="z" value="9"/><int name="f" value="1"/><int name="zM" value="11"/></imgdir><imgdir name="4"><string name="oS" value="guild"/><string name="l0" value="syarenian"/><string name="l1" value="common"/><string name="l2" value="6"/><int name="x" value="147"/><int name="y" value="-285"/><int name="z" value="10"/><int name="f" value="0"/><int name="zM" value="11"/></imgdir><imgdir name="5"><string name="oS" value="guild"/><string name="l0" value="syarenian"/><string name="l1" value="common"/><string name="l2" value="6"/><int name="x" value="-75"/><int name="y" value="-284"/><int name="z" value="10"/><int name="f" value="0"/><int name="zM" value="10"/></imgdir><imgdir name="6"><string name="oS" value="guild"/><string name="l0" value="syarenian"/><string name="l1" value="common"/><string name="l2" value="5"/><int name="x" value="-59"/><int name="y" value="-822"/><int name="z" value="9"/><int name="f" value="0"/><int name="zM" value="27"/></imgdir><imgdir name="7"><string name="oS" value="guild"/><string name="l0" value="syarenian"/><string name="l1" value="common"/><string name="l2" value="6"/><int name="x" value="-77"/><int name="y" value="-859"/><int name="z" value="10"/><int name="f" value="0"/><int name="zM" value="27"/></imgdir><imgdir name="8"><string name="oS" value="guild"/><string name="l0" value="syarenian"/><string name="l1" value="common"/><string name="l2" value="5"/><int name="x" value="144"/><int name="y" value="-656"/><int name="z" value="9"/><int name="f" value="1"/><int name="zM" value="24"/></imgdir><imgdir name="9"><string name="oS" value="guild"/><string name="l0" value="syarenian"/><string name="l1" value="common"/><string name="l2" value="6"/><int name="x" value="145"/><int name="y" value="-693"/><int name="z" value="10"/><int name="f" value="0"/><int name="zM" value="24"/></imgdir><imgdir name="10"><string name="oS" value="guild"/><string name="l0" value="syarenian"/><string name="l1" value="acc3"/><string name="l2" value="4"/><int name="x" value="-53"/><int name="y" value="-1137"/><int name="z" value="9"/><int name="f" value="0"/><int name="zM" value="31"/></imgdir><imgdir name="12"><string name="oS" value="guild"/><string name="l0" value="syarenian"/><string name="l1" value="acc3"/><string name="l2" value="6"/><int name="x" value="198"/><int name="y" value="-177"/><int name="z" value="9"/><int name="f" value="0"/><int name="zM" value="11"/></imgdir><imgdir name="11"><string name="oS" value="guild"/><string name="l0" value="syarenian"/><string name="l1" value="acc3"/><string name="l2" value="3"/><int name="x" value="-102"/><int name="y" value="-179"/><int name="z" value="9"/><int name="f" value="0"/><int name="zM" value="10"/></imgdir><imgdir name="13"><string name="oS" value="guild"/><string name="l0" value="syarenian"/><string name="l1" value="acc3"/><string name="l2" value="3"/><int name="x" value="194"/><int name="y" value="-1037"/><int name="z" value="7"/><int name="f" value="1"/><int name="zM" value="30"/></imgdir><imgdir name="14"><string name="oS" value="guild"/><string name="l0" value="syarenian"/><string name="l1" value="common"/><string name="l2" value="21"/><int name="x" value="131"/><int name="y" value="-1154"/><int name="z" value="9"/><int name="f" value="1"/><int name="zM" value="32"/></imgdir><imgdir name="15"><string name="oS" value="guild"/><string name="l0" value="syarenian"/><string name="l1" value="common"/><string name="l2" value="21"/><int name="x" value="127"/><int name="y" value="-778"/><int name="z" value="8"/><int name="f" value="1"/><int name="zM" value="24"/></imgdir><imgdir name="16"><string name="oS" value="guild"/><string name="l0" value="syarenian"/><string name="l1" value="common"/><string name="l2" value="21"/><int name="x" value="-42"/><int name="y" value="-524"/><int name="z" value="9"/><int name="f" value="0"/><int name="zM" value="18"/></imgdir><imgdir name="17"><string name="oS" value="guild"/><string name="l0" value="syarenian"/><string name="l1" value="acc3"/><string name="l2" value="16"/><int name="x" value="16"/><int name="y" value="185"/><int name="z" value="9"/><int name="f" value="0"/><int name="zM" value="4"/></imgdir><imgdir name="18"><string name="oS" value="guild"/><string name="l0" value="syarenian"/><string name="l1" value="acc3"/><string name="l2" value="17"/><int name="x" value="148"/><int name="y" value="188"/><int name="z" value="9"/><int name="f" value="1"/><int name="zM" value="5"/></imgdir><imgdir name="19"><string name="oS" value="guild"/><string name="l0" value="syarenian"/><string name="l1" value="acc3"/><string name="l2" value="24"/><int name="x" value="362"/><int name="y" value="-523"/><int name="z" value="8"/><int name="f" value="0"/><int name="zM" value="19"/></imgdir></imgdir></imgdir><imgdir name="5"><imgdir name="info"><string name="tS" value="syarenInside"/><int name="tSMag" value="1"/></imgdir><imgdir name="tile"><imgdir name="4"><int name="x" value="-360"/><int name="y" value="240"/><string name="u" value="enH0"/><int name="no" value="0"/><int name="zM" value="0"/></imgdir><imgdir name="3"><int name="x" value="-270"/><int name="y" value="240"/><string name="u" value="enH0"/><int name="no" value="0"/><int name="zM" value="0"/></imgdir><imgdir name="7"><int name="x" value="-180"/><int name="y" value="240"/><string name="u" value="enH0"/><int name="no" value="1"/><int name="zM" value="0"/></imgdir><imgdir name="9"><int name="x" value="-90"/><int name="y" value="240"/><string name="u" value="enH0"/><int name="no" value="0"/><int name="zM" value="0"/></imgdir><imgdir name="16"><int name="x" value="-360"/><int name="y" value="360"/><string name="u" value="enV0"/><int name="no" value="1"/><int name="zM" value="0"/></imgdir><imgdir name="14"><int name="x" value="-360"/><int name="y" value="300"/><string name="u" value="enV0"/><int name="no" value="1"/><int name="zM" value="0"/></imgdir><imgdir name="12"><int name="x" value="-360"/><int name="y" value="240"/><string name="u" value="enV0"/><int name="no" value="1"/><int name="zM" value="0"/></imgdir><imgdir name="19"><int name="x" value="-360"/><int name="y" value="480"/><string name="u" value="edD"/><int name="no" value="0"/><int name="zM" value="0"/></imgdir><imgdir name="27"><int name="x" value="-180"/><int name="y" value="480"/><string name="u" value="enH1"/><int name="no" value="1"/><int name="zM" value="0"/></imgdir><imgdir name="22"><int name="x" value="-270"/><int name="y" value="480"/><string name="u" value="enH1"/><int name="no" value="0"/><int name="zM" value="0"/></imgdir><imgdir name="20"><int name="x" value="-360"/><int name="y" value="480"/><string name="u" value="enH1"/><int name="no" value="0"/><int name="zM" value="0"/></imgdir><imgdir name="21"><int name="x" value="-360"/><int name="y" value="420"/><string name="u" value="bsc"/><int name="no" value="0"/><int name="zM" value="0"/></imgdir><imgdir name="18"><int name="x" value="-360"/><int name="y" value="420"/><string name="u" value="enV0"/><int name="no" value="1"/><int name="zM" value="0"/></imgdir><imgdir name="15"><int name="x" value="-360"/><int name="y" value="360"/><string name="u" value="bsc"/><int name="no" value="1"/><int name="zM" value="0"/></imgdir><imgdir name="13"><int name="x" value="-360"/><int name="y" value="300"/><string name="u" value="bsc"/><int name="no" value="2"/><int name="zM" value="0"/></imgdir><imgdir name="5"><int name="x" value="-360"/><int name="y" value="240"/><string name="u" value="bsc"/><int name="no" value="2"/><int name="zM" value="0"/></imgdir><imgdir name="17"><int name="x" value="-270"/><int name="y" value="300"/><string name="u" value="bsc"/><int name="no" value="1"/><int name="zM" value="0"/></imgdir><imgdir name="2"><int name="x" value="-270"/><int name="y" value="240"/><string name="u" value="bsc"/><int name="no" value="1"/><int name="zM" value="0"/></imgdir><imgdir name="1"><int name="x" value="-270"/><int name="y" value="360"/><string name="u" value="bsc"/><int name="no" value="1"/><int name="zM" value="0"/></imgdir><imgdir name="23"><int name="x" value="-270"/><int name="y" value="420"/><string name="u" value="bsc"/><int name="no" value="0"/><int name="zM" value="0"/></imgdir><imgdir name="28"><int name="x" value="-180"/><int name="y" value="420"/><string name="u" value="bsc"/><int name="no" value="2"/><int name="zM" value="0"/></imgdir><imgdir name="29"><int name="x" value="-180"/><int name="y" value="360"/><string name="u" value="bsc"/><int name="no" value="0"/><int name="zM" value="0"/></imgdir><imgdir name="31"><int name="x" value="-180"/><int name="y" value="300"/><string name="u" value="bsc"/><int name="no" value="0"/><int name="zM" value="0"/></imgdir><imgdir name="6"><int name="x" value="-180"/><int name="y" value="240"/><string name="u" value="bsc"/><int name="no" value="1"/><int name="zM" value="0"/></imgdir><imgdir name="37"><int name="x" value="90"/><int name="y" value="480"/><string name="u" value="enH1"/><int name="no" value="1"/><int name="zM" value="0"/></imgdir><imgdir name="35"><int name="x" value="0"/><int name="y" value="480"/><string name="u" value="enH1"/><int name="no" value="0"/><int name="zM" value="0"/></imgdir><imgdir name="25"><int name="x" value="-90"/><int name="y" value="480"/><string name="u" value="enH1"/><int name="no" value="1"/><int name="zM" value="0"/></imgdir><imgdir name="34"><int name="x" value="180"/><int name="y" value="480"/><string name="u" value="enH1"/><int name="no" value="0"/><int name="zM" value="0"/></imgdir><imgdir name="39"><int name="x" value="270"/><int name="y" value="480"/><string name="u" value="enH1"/><int name="no" value="1"/><int name="zM" value="0"/></imgdir><imgdir name="47"><int name="x" value="450"/><int name="y" value="240"/><string name="u" value="enV1"/><int name="no" value="0"/><int name="zM" value="0"/></imgdir><imgdir name="53"><int name="x" value="450"/><int name="y" value="480"/><string name="u" value="edD"/><int name="no" value="1"/><int name="zM" value="0"/></imgdir><imgdir name="42"><int name="x" value="360"/><int name="y" value="480"/><string name="u" value="enH1"/><int name="no" value="0"/><int name="zM" value="0"/></imgdir><imgdir name="45"><int name="x" value="450"/><int name="y" value="300"/><string name="u" value="enV1"/><int name="no" value="1"/><int name="zM" value="0"/></imgdir><imgdir name="11"><int name="x" value="0"/><int name="y" value="240"/><string name="u" value="enH0"/><int name="no" value="2"/><int name="zM" value="0"/></imgdir><imgdir name="61"><int name="x" value="90"/><int name="y" value="240"/><string name="u" value="enH0"/><int name="no" value="1"/><int name="zM" value="0"/></imgdir><imgdir name="59"><int name="x" value="180"/><int name="y" value="240"/><string name="u" value="enH0"/><int name="no" value="0"/><int name="zM" value="0"/></imgdir><imgdir name="57"><int name="x" value="270"/><int name="y" value="240"/><string name="u" value="enH0"/><int name="no" value="1"/><int name="zM" value="0"/></imgdir><imgdir name="55"><int name="x" value="360"/><int name="y" value="240"/><string name="u" value="enH0"/><int name="no" value="0"/><int name="zM" value="0"/></imgdir><imgdir name="54"><int name="x" value="360"/><int name="y" value="240"/><string name="u" value="bsc"/><int name="no" value="1"/><int name="zM" value="0"/></imgdir><imgdir name="48"><int name="x" value="360"/><int name="y" value="300"/><string name="u" value="bsc"/><int name="no" value="1"/><int name="zM" value="0"/></imgdir><imgdir name="44"><int name="x" value="360"/><int name="y" value="360"/><string name="u" value="bsc"/><int name="no" value="2"/><int name="zM" value="0"/></imgdir><imgdir name="50"><int name="x" value="450"/><int name="y" value="360"/><string name="u" value="enV1"/><int name="no" value="0"/><int name="zM" value="0"/></imgdir><imgdir name="49"><int name="x" value="360"/><int name="y" value="420"/><string name="u" value="bsc"/><int name="no" value="1"/><int name="zM" value="0"/></imgdir><imgdir name="51"><int name="x" value="450"/><int name="y" value="420"/><string name="u" value="enV1"/><int name="no" value="0"/><int name="zM" value="0"/></imgdir><imgdir name="52"><int name="x" value="270"/><int name="y" value="420"/><string name="u" value="bsc"/><int name="no" value="1"/><int name="zM" value="0"/></imgdir><imgdir name="65"><int name="x" value="270"/><int name="y" value="300"/><string name="u" value="bsc"/><int name="no" value="2"/><int name="zM" value="0"/></imgdir><imgdir name="56"><int name="x" value="270"/><int name="y" value="240"/><string name="u" value="bsc"/><int name="no" value="0"/><int name="zM" value="0"/></imgdir><imgdir name="63"><int name="x" value="270"/><int name="y" value="360"/><string name="u" value="bsc"/><int name="no" value="2"/><int name="zM" value="0"/></imgdir><imgdir name="62"><int name="x" value="180"/><int name="y" value="300"/><string name="u" value="bsc"/><int name="no" value="0"/><int name="zM" value="0"/></imgdir><imgdir name="58"><int name="x" value="180"/><int name="y" value="240"/><string name="u" value="bsc"/><int name="no" value="1"/><int name="zM" value="0"/></imgdir><imgdir name="40"><int name="x" value="180"/><int name="y" value="360"/><string name="u" value="bsc"/><int name="no" value="0"/><int name="zM" value="0"/></imgdir><imgdir name="8"><int name="x" value="-90"/><int name="y" value="240"/><string name="u" value="bsc"/><int name="no" value="0"/><int name="zM" value="0"/></imgdir><imgdir name="26"><int name="x" value="-90"/><int name="y" value="300"/><string name="u" value="bsc"/><int name="no" value="1"/><int name="zM" value="0"/></imgdir><imgdir name="32"><int name="x" value="-90"/><int name="y" value="360"/><string name="u" value="bsc"/><int name="no" value="0"/><int name="zM" value="0"/></imgdir><imgdir name="24"><int name="x" value="-90"/><int name="y" value="420"/><string name="u" value="bsc"/><int name="no" value="2"/><int name="zM" value="0"/></imgdir><imgdir name="33"><int name="x" value="0"/><int name="y" value="420"/><string name="u" value="bsc"/><int name="no" value="1"/><int name="zM" value="0"/></imgdir><imgdir name="10"><int name="x" value="0"/><int name="y" value="240"/><string name="u" value="bsc"/><int name="no" value="1"/><int name="zM" value="0"/></imgdir><imgdir name="60"><int name="x" value="90"/><int name="y" value="240"/><string name="u" value="bsc"/><int name="no" value="2"/><int name="zM" value="0"/></imgdir><imgdir name="41"><int name="x" value="90"/><int name="y" value="300"/><string name="u" value="bsc"/><int name="no" value="0"/><int name="zM" value="0"/></imgdir><imgdir name="64"><int name="x" value="0"/><int name="y" value="360"/><string name="u" value="bsc"/><int name="no" value="2"/><int name="zM" value="0"/></imgdir><imgdir name="36"><int name="x" value="90"/><int name="y" value="360"/><string name="u" value="bsc"/><int name="no" value="1"/><int name="zM" value="0"/></imgdir><imgdir name="30"><int name="x" value="90"/><int name="y" value="420"/><string name="u" value="bsc"/><int name="no" value="2"/><int name="zM" value="0"/></imgdir><imgdir name="43"><int name="x" value="180"/><int name="y" value="420"/><string name="u" value="bsc"/><int name="no" value="2"/><int name="zM" value="0"/></imgdir><imgdir name="38"><int name="x" value="0"/><int name="y" value="300"/><string name="u" value="bsc"/><int name="no" value="0"/><int name="zM" value="0"/></imgdir><imgdir name="75"><int name="x" value="-360"/><int name="y" value="-60"/><string name="u" value="enV1"/><int name="no" value="1"/><int name="zM" value="0"/></imgdir><imgdir name="72"><int name="x" value="-360"/><int name="y" value="-60"/><string name="u" value="enV0"/><int name="no" value="0"/><int name="zM" value="0"/></imgdir><imgdir name="73"><int name="x" value="-360"/><int name="y" value="0"/><string name="u" value="enV1"/><int name="no" value="1"/><int name="zM" value="0"/></imgdir><imgdir name="70"><int name="x" value="-360"/><int name="y" value="0"/><string name="u" value="enV0"/><int name="no" value="0"/><int name="zM" value="0"/></imgdir><imgdir name="71"><int name="x" value="-360"/><int name="y" value="60"/><string name="u" value="enV1"/><int name="no" value="0"/><int name="zM" value="0"/></imgdir><imgdir name="68"><int name="x" value="-360"/><int name="y" value="60"/><string name="u" value="enV0"/><int name="no" value="0"/><int name="zM" value="0"/></imgdir><imgdir name="69"><int name="x" value="-360"/><int name="y" value="120"/><string name="u" value="enV1"/><int name="no" value="1"/><int name="zM" value="0"/></imgdir><imgdir name="66"><int name="x" value="-360"/><int name="y" value="120"/><string name="u" value="enV0"/><int name="no" value="0"/><int name="zM" value="0"/></imgdir><imgdir name="67"><int name="x" value="-360"/><int name="y" value="180"/><string name="u" value="enV1"/><int name="no" value="0"/><int name="zM" value="0"/></imgdir><imgdir name="0"><int name="x" value="-360"/><int name="y" value="180"/><string name="u" value="enV0"/><int name="no" value="1"/><int name="zM" value="0"/></imgdir><imgdir name="81"><int name="x" value="-360"/><int name="y" value="-180"/><string name="u" value="enV1"/><int name="no" value="1"/><int name="zM" value="0"/></imgdir><imgdir name="76"><int name="x" value="-360"/><int name="y" value="-180"/><string name="u" value="enV0"/><int name="no" value="1"/><int name="zM" value="0"/></imgdir><imgdir name="77"><int name="x" value="-360"/><int name="y" value="-120"/><string name="u" value="enV1"/><int name="no" value="0"/><int name="zM" value="0"/></imgdir><imgdir name="74"><int name="x" value="-360"/><int name="y" value="-120"/><string name="u" value="enV0"/><int name="no" value="1"/><int name="zM" value="0"/></imgdir><imgdir name="79"><int name="x" value="-360"/><int name="y" value="-240"/><string name="u" value="enV1"/><int name="no" value="1"/><int name="zM" value="0"/></imgdir><imgdir name="80"><int name="x" value="-360"/><int name="y" value="-240"/><string name="u" value="enV0"/><int name="no" value="1"/><int name="zM" value="0"/></imgdir><imgdir name="83"><int name="x" value="-360"/><int name="y" value="-300"/><string name="u" value="enV1"/><int name="no" value="1"/><int name="zM" value="0"/></imgdir><imgdir name="78"><int name="x" value="-360"/><int name="y" value="-300"/><string name="u" value="enV0"/><int name="no" value="1"/><int name="zM" value="0"/></imgdir><imgdir name="89"><int name="x" value="-360"/><int name="y" value="-480"/><string name="u" value="enV1"/><int name="no" value="0"/><int name="zM" value="0"/></imgdir><imgdir name="86"><int name="x" value="-360"/><int name="y" value="-480"/><string name="u" value="enV0"/><int name="no" value="0"/><int name="zM" value="0"/></imgdir><imgdir name="87"><int name="x" value="-360"/><int name="y" value="-420"/><string name="u" value="enV1"/><int name="no" value="1"/><int name="zM" value="0"/></imgdir><imgdir name="84"><int name="x" value="-360"/><int name="y" value="-420"/><string name="u" value="enV0"/><int name="no" value="0"/><int name="zM" value="0"/></imgdir><imgdir name="85"><int name="x" value="-360"/><int name="y" value="-360"/><string name="u" value="enV1"/><int name="no" value="0"/><int name="zM" value="0"/></imgdir><imgdir name="82"><int name="x" value="-360"/><int name="y" value="-360"/><string name="u" value="enV0"/><int name="no" value="0"/><int name="zM" value="0"/></imgdir><imgdir name="91"><int name="x" value="-360"/><int name="y" value="-540"/><string name="u" value="enV1"/><int name="no" value="0"/><int name="zM" value="0"/></imgdir><imgdir name="88"><int name="x" value="-360"/><int name="y" value="-540"/><string name="u" value="enV0"/><int name="no" value="0"/><int name="zM" value="0"/></imgdir><imgdir name="99"><int name="x" value="-360"/><int name="y" value="-780"/><string name="u" value="enV1"/><int name="no" value="1"/><int name="zM" value="0"/></imgdir><imgdir name="96"><int name="x" value="-360"/><int name="y" value="-780"/><string name="u" value="enV0"/><int name="no" value="1"/><int name="zM" value="0"/></imgdir><imgdir name="97"><int name="x" value="-360"/><int name="y" value="-720"/><string name="u" value="enV1"/><int name="no" value="1"/><int name="zM" value="0"/></imgdir><imgdir name="94"><int name="x" value="-360"/><int name="y" value="-720"/><string name="u" value="enV0"/><int name="no" value="0"/><int name="zM" value="0"/></imgdir><imgdir name="95"><int name="x" value="-360"/><int name="y" value="-660"/><string name="u" value="enV1"/><int name="no" value="1"/><int name="zM" value="0"/></imgdir><imgdir name="92"><int name="x" value="-360"/><int name="y" value="-660"/><string name="u" value="enV0"/><int name="no" value="0"/><int name="zM" value="0"/></imgdir><imgdir name="93"><int name="x" value="-360"/><int name="y" value="-600"/><string name="u" value="enV1"/><int name="no" value="0"/><int name="zM" value="0"/></imgdir><imgdir name="90"><int name="x" value="-360"/><int name="y" value="-600"/><string name="u" value="enV0"/><int name="no" value="1"/><int name="zM" value="0"/></imgdir><imgdir name="105"><int name="x" value="-360"/><int name="y" value="-960"/><string name="u" value="enV1"/><int name="no" value="0"/><int name="zM" value="0"/></imgdir><imgdir name="102"><int name="x" value="-360"/><int name="y" value="-960"/><string name="u" value="enV0"/><int name="no" value="1"/><int name="zM" value="0"/></imgdir><imgdir name="103"><int name="x" value="-360"/><int name="y" value="-900"/><string name="u" value="enV1"/><int name="no" value="1"/><int name="zM" value="0"/></imgdir><imgdir name="100"><int name="x" value="-360"/><int name="y" value="-900"/><string name="u" value="enV0"/><int name="no" value="0"/><int name="zM" value="0"/></imgdir><imgdir name="101"><int name="x" value="-360"/><int name="y" value="-840"/><string name="u" value="enV1"/><int name="no" value="1"/><int name="zM" value="0"/></imgdir><imgdir name="98"><int name="x" value="-360"/><int name="y" value="-840"/><string name="u" value="enV0"/><int name="no" value="1"/><int name="zM" value="0"/></imgdir><imgdir name="107"><int name="x" value="-360"/><int name="y" value="-1020"/><string name="u" value="enV1"/><int name="no" value="0"/><int name="zM" value="0"/></imgdir><imgdir name="104"><int name="x" value="-360"/><int name="y" value="-1020"/><string name="u" value="enV0"/><int name="no" value="0"/><int name="zM" value="0"/></imgdir><imgdir name="115"><int name="x" value="-360"/><int name="y" value="-1260"/><string name="u" value="enV1"/><int name="no" value="0"/><int name="zM" value="0"/></imgdir><imgdir name="112"><int name="x" value="-360"/><int name="y" value="-1260"/><string name="u" value="enV0"/><int name="no" value="0"/><int name="zM" value="0"/></imgdir><imgdir name="111"><int name="x" value="-360"/><int name="y" value="-1140"/><string name="u" value="enV1"/><int name="no" value="1"/><int name="zM" value="0"/></imgdir><imgdir name="108"><int name="x" value="-360"/><int name="y" value="-1140"/><string name="u" value="enV0"/><int name="no" value="0"/><int name="zM" value="0"/></imgdir><imgdir name="109"><int name="x" value="-360"/><int name="y" value="-1080"/><string name="u" value="enV1"/><int name="no" value="0"/><int name="zM" value="0"/></imgdir><imgdir name="106"><int name="x" value="-360"/><int name="y" value="-1080"/><string name="u" value="enV0"/><int name="no" value="1"/><int name="zM" value="0"/></imgdir><imgdir name="113"><int name="x" value="-360"/><int name="y" value="-1200"/><string name="u" value="enV1"/><int name="no" value="0"/><int name="zM" value="0"/></imgdir><imgdir name="110"><int name="x" value="-360"/><int name="y" value="-1200"/><string name="u" value="enV0"/><int name="no" value="1"/><int name="zM" value="0"/></imgdir><imgdir name="117"><int name="x" value="-360"/><int name="y" value="-1320"/><string name="u" value="enV1"/><int name="no" value="1"/><int name="zM" value="0"/></imgdir><imgdir name="114"><int name="x" value="-360"/><int name="y" value="-1320"/><string name="u" value="enV0"/><int name="no" value="1"/><int name="zM" value="0"/></imgdir><imgdir name="141"><int name="x" value="450"/><int name="y" value="-1260"/><string name="u" value="enV1"/><int name="no" value="0"/><int name="zM" value="0"/></imgdir><imgdir name="142"><int name="x" value="450"/><int name="y" value="-1260"/><string name="u" value="enV0"/><int name="no" value="1"/><int name="zM" value="0"/></imgdir><imgdir name="139"><int name="x" value="450"/><int name="y" value="-1320"/><string name="u" value="enV1"/><int name="no" value="1"/><int name="zM" value="0"/></imgdir><imgdir name="140"><int name="x" value="450"/><int name="y" value="-1320"/><string name="u" value="enV0"/><int name="no" value="1"/><int name="zM" value="0"/></imgdir><imgdir name="137"><int name="x" value="450"/><int name="y" value="-1380"/><string name="u" value="enV1"/><int name="no" value="1"/><int name="zM" value="0"/></imgdir><imgdir name="138"><int name="x" value="450"/><int name="y" value="-1380"/><string name="u" value="enV0"/><int name="no" value="0"/><int name="zM" value="0"/></imgdir><imgdir name="149"><int name="x" value="450"/><int name="y" value="-1020"/><string name="u" value="enV1"/><int name="no" value="1"/><int name="zM" value="0"/></imgdir><imgdir name="150"><int name="x" value="450"/><int name="y" value="-1020"/><string name="u" value="enV0"/><int name="no" value="1"/><int name="zM" value="0"/></imgdir><imgdir name="147"><int name="x" value="450"/><int name="y" value="-1080"/><string name="u" value="enV1"/><int name="no" value="1"/><int name="zM" value="0"/></imgdir><imgdir name="148"><int name="x" value="450"/><int name="y" value="-1080"/><string name="u" value="enV0"/><int name="no" value="0"/><int name="zM" value="0"/></imgdir><imgdir name="145"><int name="x" value="450"/><int name="y" value="-1140"/><string name="u" value="enV1"/><int name="no" value="1"/><int name="zM" value="0"/></imgdir><imgdir name="146"><int name="x" value="450"/><int name="y" value="-1140"/><string name="u" value="enV0"/><int name="no" value="0"/><int name="zM" value="0"/></imgdir><imgdir name="143"><int name="x" value="450"/><int name="y" value="-1200"/><string name="u" value="enV1"/><int name="no" value="1"/><int name="zM" value="0"/></imgdir><imgdir name="144"><int name="x" value="450"/><int name="y" value="-1200"/><string name="u" value="enV0"/><int name="no" value="1"/><int name="zM" value="0"/></imgdir><imgdir name="155"><int name="x" value="450"/><int name="y" value="-840"/><string name="u" value="enV1"/><int name="no" value="0"/><int name="zM" value="0"/></imgdir><imgdir name="158"><int name="x" value="450"/><int name="y" value="-840"/><string name="u" value="enV0"/><int name="no" value="0"/><int name="zM" value="0"/></imgdir><imgdir name="153"><int name="x" value="450"/><int name="y" value="-900"/><string name="u" value="enV1"/><int name="no" value="0"/><int name="zM" value="0"/></imgdir><imgdir name="154"><int name="x" value="450"/><int name="y" value="-900"/><string name="u" value="enV0"/><int name="no" value="1"/><int name="zM" value="0"/></imgdir><imgdir name="151"><int name="x" value="450"/><int name="y" value="-960"/><string name="u" value="enV1"/><int name="no" value="0"/><int name="zM" value="0"/></imgdir><imgdir name="152"><int name="x" value="450"/><int name="y" value="-960"/><string name="u" value="enV0"/><int name="no" value="1"/><int name="zM" value="0"/></imgdir><imgdir name="159"><int name="x" value="450"/><int name="y" value="-780"/><string name="u" value="enV1"/><int name="no" value="1"/><int name="zM" value="0"/></imgdir><imgdir name="156"><int name="x" value="450"/><int name="y" value="-780"/><string name="u" value="enV0"/><int name="no" value="0"/><int name="zM" value="0"/></imgdir><imgdir name="163"><int name="x" value="450"/><int name="y" value="-540"/><string name="u" value="enV1"/><int name="no" value="0"/><int name="zM" value="0"/></imgdir><imgdir name="164"><int name="x" value="450"/><int name="y" value="-540"/><string name="u" value="enV0"/><int name="no" value="0"/><int name="zM" value="0"/></imgdir><imgdir name="161"><int name="x" value="450"/><int name="y" value="-600"/><string name="u" value="enV1"/><int name="no" value="0"/><int name="zM" value="0"/></imgdir><imgdir name="162"><int name="x" value="450"/><int name="y" value="-600"/><string name="u" value="enV0"/><int name="no" value="1"/><int name="zM" value="0"/></imgdir><imgdir name="157"><int name="x" value="450"/><int name="y" value="-720"/><string name="u" value="enV1"/><int name="no" value="1"/><int name="zM" value="0"/></imgdir><imgdir name="166"><int name="x" value="450"/><int name="y" value="-720"/><string name="u" value="enV0"/><int name="no" value="1"/><int name="zM" value="0"/></imgdir><imgdir name="167"><int name="x" value="450"/><int name="y" value="-660"/><string name="u" value="enV1"/><int name="no" value="1"/><int name="zM" value="0"/></imgdir><imgdir name="160"><int name="x" value="450"/><int name="y" value="-660"/><string name="u" value="enV0"/><int name="no" value="0"/><int name="zM" value="0"/></imgdir><imgdir name="165"><int name="x" value="450"/><int name="y" value="-480"/><string name="u" value="enV1"/><int name="no" value="0"/><int name="zM" value="0"/></imgdir><imgdir name="168"><int name="x" value="450"/><int name="y" value="-480"/><string name="u" value="enV0"/><int name="no" value="1"/><int name="zM" value="0"/></imgdir><imgdir name="170"><int name="x" value="450"/><int name="y" value="-360"/><string name="u" value="enV0"/><int name="no" value="0"/><int name="zM" value="0"/></imgdir><imgdir name="169"><int name="x" value="450"/><int name="y" value="-420"/><string name="u" value="enV1"/><int name="no" value="1"/><int name="zM" value="0"/></imgdir><imgdir name="171"><int name="x" value="450"/><int name="y" value="-300"/><string name="u" value="enV1"/><int name="no" value="1"/><int name="zM" value="0"/></imgdir><imgdir name="46"><int name="x" value="450"/><int name="y" value="180"/><string name="u" value="enV0"/><int name="no" value="1"/><int name="zM" value="0"/></imgdir><imgdir name="131"><int name="x" value="450"/><int name="y" value="180"/><string name="u" value="enV1"/><int name="no" value="1"/><int name="zM" value="0"/></imgdir><imgdir name="130"><int name="x" value="450"/><int name="y" value="120"/><string name="u" value="enV0"/><int name="no" value="0"/><int name="zM" value="0"/></imgdir><imgdir name="128"><int name="x" value="450"/><int name="y" value="120"/><string name="u" value="enV1"/><int name="no" value="1"/><int name="zM" value="0"/></imgdir><imgdir name="132"><int name="x" value="450"/><int name="y" value="60"/><string name="u" value="enV0"/><int name="no" value="0"/><int name="zM" value="0"/></imgdir><imgdir name="127"><int name="x" value="450"/><int name="y" value="60"/><string name="u" value="enV1"/><int name="no" value="1"/><int name="zM" value="0"/></imgdir><imgdir name="129"><int name="x" value="450"/><int name="y" value="0"/><string name="u" value="enV0"/><int name="no" value="0"/><int name="zM" value="0"/></imgdir><imgdir name="120"><int name="x" value="450"/><int name="y" value="-120"/><string name="u" value="enV1"/><int name="no" value="0"/><int name="zM" value="0"/></imgdir><imgdir name="123"><int name="x" value="450"/><int name="y" value="-180"/><string name="u" value="enV0"/><int name="no" value="0"/><int name="zM" value="0"/></imgdir><imgdir name="118"><int name="x" value="450"/><int name="y" value="0"/><string name="u" value="enV1"/><int name="no" value="0"/><int name="zM" value="0"/></imgdir><imgdir name="125"><int name="x" value="450"/><int name="y" value="-60"/><string name="u" value="enV0"/><int name="no" value="1"/><int name="zM" value="0"/></imgdir><imgdir name="126"><int name="x" value="450"/><int name="y" value="-60"/><string name="u" value="enV1"/><int name="no" value="0"/><int name="zM" value="0"/></imgdir><imgdir name="119"><int name="x" value="450"/><int name="y" value="-120"/><string name="u" value="enV0"/><int name="no" value="0"/><int name="zM" value="0"/></imgdir><imgdir name="116"><int name="x" value="450"/><int name="y" value="-180"/><string name="u" value="enV1"/><int name="no" value="0"/><int name="zM" value="0"/></imgdir><imgdir name="122"><int name="x" value="450"/><int name="y" value="-240"/><string name="u" value="enV0"/><int name="no" value="1"/><int name="zM" value="0"/></imgdir><imgdir name="121"><int name="x" value="-360"/><int name="y" value="-1380"/><string name="u" value="enV1"/><int name="no" value="0"/><int name="zM" value="0"/></imgdir><imgdir name="124"><int name="x" value="-360"/><int name="y" value="-1380"/><string name="u" value="enV0"/><int name="no" value="1"/><int name="zM" value="0"/></imgdir><imgdir name="134"><int name="x" value="450"/><int name="y" value="-240"/><string name="u" value="enV1"/><int name="no" value="0"/><int name="zM" value="0"/></imgdir><imgdir name="133"><int name="x" value="450"/><int name="y" value="-300"/><string name="u" value="enV0"/><int name="no" value="0"/><int name="zM" value="0"/></imgdir><imgdir name="136"><int name="x" value="450"/><int name="y" value="-360"/><string name="u" value="enV1"/><int name="no" value="1"/><int name="zM" value="0"/></imgdir><imgdir name="135"><int name="x" value="450"/><int name="y" value="-420"/><string name="u" value="enV0"/><int name="no" value="1"/><int name="zM" value="0"/></imgdir></imgdir><imgdir name="obj"><imgdir name="0"><string name="oS" value="guild"/><string name="l0" value="syarenian"/><string name="l1" value="foot2"/><string name="l2" value="34"/><int name="x" value="385"/><int name="y" value="-42"/><int name="z" value="9"/><int name="f" value="0"/><int name="zM" value="8"/></imgdir><imgdir name="4"><string name="oS" value="guild"/><string name="l0" value="syarenian"/><string name="l1" value="foot2"/><string name="l2" value="30"/><int name="x" value="-111"/><int name="y" value="-61"/><int name="z" value="9"/><int name="f" value="0"/><int name="zM" value="7"/></imgdir><imgdir name="5"><string name="oS" value="guild"/><string name="l0" value="syarenian"/><string name="l1" value="foot2"/><string name="l2" value="31"/><int name="x" value="-215"/><int name="y" value="-61"/><int name="z" value="9"/><int name="f" value="0"/><int name="zM" value="7"/></imgdir><imgdir name="6"><string name="oS" value="guild"/><string name="l0" value="syarenian"/><string name="l1" value="foot2"/><string name="l2" value="29"/><int name="x" value="-295"/><int name="y" value="-42"/><int name="z" value="9"/><int name="f" value="0"/><int name="zM" value="7"/></imgdir><imgdir name="7"><string name="oS" value="guild"/><string name="l0" value="syarenian"/><string name="l1" value="foot2"/><string name="l2" value="34"/><int name="x" value="374"/><int name="y" value="-363"/><int name="z" value="9"/><int name="f" value="0"/><int name="zM" value="15"/></imgdir><imgdir name="8"><string name="oS" value="guild"/><string name="l0" value="syarenian"/><string name="l1" value="foot2"/><string name="l2" value="30"/><int name="x" value="225"/><int name="y" value="-382"/><int name="z" value="9"/><int name="f" value="0"/><int name="zM" value="15"/></imgdir><imgdir name="10"><string name="oS" value="guild"/><string name="l0" value="syarenian"/><string name="l1" value="foot2"/><string name="l2" value="29"/><int name="x" value="-294"/><int name="y" value="-363"/><int name="z" value="9"/><int name="f" value="0"/><int name="zM" value="16"/></imgdir><imgdir name="12"><string name="oS" value="guild"/><string name="l0" value="syarenian"/><string name="l1" value="foot2"/><string name="l2" value="31"/><int name="x" value="85"/><int name="y" value="-382"/><int name="z" value="9"/><int name="f" value="0"/><int name="zM" value="17"/></imgdir><imgdir name="13"><string name="oS" value="guild"/><string name="l0" value="syarenian"/><string name="l1" value="foot2"/><string name="l2" value="31"/><int name="x" value="144"/><int name="y" value="-382"/><int name="z" value="9"/><int name="f" value="0"/><int name="zM" value="15"/></imgdir><imgdir name="14"><string name="oS" value="guild"/><string name="l0" value="syarenian"/><string name="l1" value="foot2"/><string name="l2" value="29"/><int name="x" value="-292"/><int name="y" value="-631"/><int name="z" value="9"/><int name="f" value="0"/><int name="zM" value="22"/></imgdir><imgdir name="15"><string name="oS" value="guild"/><string name="l0" value="syarenian"/><string name="l1" value="foot2"/><string name="l2" value="30"/><int name="x" value="-157"/><int name="y" value="-650"/><int name="z" value="9"/><int name="f" value="0"/><int name="zM" value="22"/></imgdir><imgdir name="16"><string name="oS" value="guild"/><string name="l0" value="syarenian"/><string name="l1" value="foot2"/><string name="l2" value="32"/><int name="x" value="-48"/><int name="y" value="-650"/><int name="z" value="9"/><int name="f" value="0"/><int name="zM" value="22"/></imgdir><imgdir name="17"><string name="oS" value="guild"/><string name="l0" value="syarenian"/><string name="l1" value="foot2"/><string name="l2" value="10"/><int name="x" value="-191"/><int name="y" value="-715"/><int name="z" value="8"/><int name="f" value="0"/><int name="zM" value="22"/></imgdir><imgdir name="18"><string name="oS" value="guild"/><string name="l0" value="syarenian"/><string name="l1" value="foot2"/><string name="l2" value="10"/><int name="x" value="-239"/><int name="y" value="-768"/><int name="z" value="9"/><int name="f" value="0"/><int name="zM" value="22"/></imgdir><imgdir name="26"><string name="oS" value="guild"/><string name="l0" value="syarenian"/><string name="l1" value="foot2"/><string name="l2" value="31"/><int name="x" value="128"/><int name="y" value="-1015"/><int name="z" value="9"/><int name="f" value="0"/><int name="zM" value="29"/></imgdir><imgdir name="27"><string name="oS" value="guild"/><string name="l0" value="syarenian"/><string name="l1" value="foot2"/><string name="l2" value="31"/><int name="x" value="59"/><int name="y" value="-1015"/><int name="z" value="9"/><int name="f" value="0"/><int name="zM" value="29"/></imgdir><imgdir name="28"><string name="oS" value="guild"/><string name="l0" value="syarenian"/><string name="l1" value="foot2"/><string name="l2" value="30"/><int name="x" value="-45"/><int name="y" value="-1015"/><int name="z" value="9"/><int name="f" value="0"/><int name="zM" value="29"/></imgdir><imgdir name="29"><string name="oS" value="guild"/><string name="l0" value="syarenian"/><string name="l1" value="foot2"/><string name="l2" value="31"/><int name="x" value="-149"/><int name="y" value="-1015"/><int name="z" value="9"/><int name="f" value="0"/><int name="zM" value="29"/></imgdir><imgdir name="30"><string name="oS" value="guild"/><string name="l0" value="syarenian"/><string name="l1" value="foot2"/><string name="l2" value="31"/><int name="x" value="-215"/><int name="y" value="-1015"/><int name="z" value="9"/><int name="f" value="0"/><int name="zM" value="29"/></imgdir><imgdir name="31"><string name="oS" value="guild"/><string name="l0" value="syarenian"/><string name="l1" value="foot2"/><string name="l2" value="29"/><int name="x" value="-293"/><int name="y" value="-996"/><int name="z" value="9"/><int name="f" value="0"/><int name="zM" value="29"/></imgdir><imgdir name="32"><string name="oS" value="guild"/><string name="l0" value="syarenian"/><string name="l1" value="foot2"/><string name="l2" value="10"/><int name="x" value="269"/><int name="y" value="-448"/><int name="z" value="8"/><int name="f" value="1"/><int name="zM" value="15"/></imgdir><imgdir name="33"><string name="oS" value="guild"/><string name="l0" value="syarenian"/><string name="l1" value="foot2"/><string name="l2" value="37"/><int name="x" value="51"/><int name="y" value="-619"/><int name="z" value="9"/><int name="f" value="0"/><int name="zM" value="23"/></imgdir><imgdir name="34"><string name="oS" value="guild"/><string name="l0" value="syarenian"/><string name="l1" value="foot2"/><string name="l2" value="36"/><int name="x" value="113"/><int name="y" value="-564"/><int name="z" value="9"/><int name="f" value="1"/><int name="zM" value="21"/></imgdir><imgdir name="35"><string name="oS" value="guild"/><string name="l0" value="syarenian"/><string name="l1" value="foot2"/><string name="l2" value="35"/><int name="x" value="179"/><int name="y" value="-508"/><int name="z" value="9"/><int name="f" value="1"/><int name="zM" value="20"/></imgdir><imgdir name="37"><string name="oS" value="guild"/><string name="l0" value="syarenian"/><string name="l1" value="foot2"/><string name="l2" value="10"/><int name="x" value="-184"/><int name="y" value="187"/><int name="z" value="9"/><int name="f" value="0"/><int name="zM" value="0"/></imgdir><imgdir name="38"><string name="oS" value="guild"/><string name="l0" value="syarenian"/><string name="l1" value="foot2"/><string name="l2" value="10"/><int name="x" value="-214"/><int name="y" value="160"/><int name="z" value="7"/><int name="f" value="0"/><int name="zM" value="0"/></imgdir><imgdir name="40"><string name="oS" value="guild"/><string name="l0" value="syarenian"/><string name="l1" value="foot2"/><string name="l2" value="26"/><int name="x" value="-300"/><int name="y" value="-782"/><int name="z" value="0"/><int name="f" value="0"/><int name="zM" value="22"/></imgdir><imgdir name="41"><string name="oS" value="guild"/><string name="l0" value="syarenian"/><string name="l1" value="foot2"/><string name="l2" value="27"/><int name="x" value="341"/><int name="y" value="-462"/><int name="z" value="0"/><int name="f" value="0"/><int name="zM" value="15"/></imgdir><imgdir name="42"><string name="oS" value="guild"/><string name="l0" value="syarenian"/><string name="l1" value="foot2"/><string name="l2" value="26"/><int name="x" value="-300"/><int name="y" value="146"/><int name="z" value="0"/><int name="f" value="0"/><int name="zM" value="0"/></imgdir><imgdir name="43"><string name="oS" value="connect"/><string name="l0" value="ladder"/><string name="l1" value="39"/><string name="l2" value="0"/><int name="x" value="-210"/><int name="y" value="-93"/><int name="z" value="11"/><int name="f" value="0"/><int name="zM" value="7"/></imgdir><imgdir name="44"><string name="oS" value="connect"/><string name="l0" value="ladder"/><string name="l1" value="39"/><string name="l2" value="3"/><int name="x" value="-210"/><int name="y" value="-27"/><int name="z" value="11"/><int name="f" value="0"/><int name="zM" value="7"/></imgdir><imgdir name="45"><string name="oS" value="connect"/><string name="l0" value="ladder"/><string name="l1" value="39"/><string name="l2" value="1"/><int name="x" value="-210"/><int name="y" value="41"/><int name="z" value="11"/><int name="f" value="0"/><int name="zM" value="6"/></imgdir><imgdir name="46"><string name="oS" value="connect"/><string name="l0" value="ladder"/><string name="l1" value="39"/><string name="l2" value="2"/><int name="x" value="-210"/><int name="y" value="70"/><int name="z" value="11"/><int name="f" value="0"/><int name="zM" value="6"/></imgdir><imgdir name="47"><string name="oS" value="connect"/><string name="l0" value="ladder"/><string name="l1" value="39"/><string name="l2" value="0"/><int name="x" value="68"/><int name="y" value="-414"/><int name="z" value="11"/><int name="f" value="0"/><int name="zM" value="14"/></imgdir><imgdir name="48"><string name="oS" value="connect"/><string name="l0" value="ladder"/><string name="l1" value="39"/><string name="l2" value="3"/><int name="x" value="68"/><int name="y" value="-348"/><int name="z" value="11"/><int name="f" value="0"/><int name="zM" value="14"/></imgdir><imgdir name="49"><string name="oS" value="connect"/><string name="l0" value="ladder"/><string name="l1" value="39"/><string name="l2" value="3"/><int name="x" value="68"/><int name="y" value="-246"/><int name="z" value="11"/><int name="f" value="0"/><int name="zM" value="13"/></imgdir><imgdir name="50"><string name="oS" value="connect"/><string name="l0" value="ladder"/><string name="l1" value="39"/><string name="l2" value="2"/><int name="x" value="68"/><int name="y" value="-182"/><int name="z" value="11"/><int name="f" value="0"/><int name="zM" value="12"/></imgdir><imgdir name="1"><string name="oS" value="guild"/><string name="l0" value="syarenian"/><string name="l1" value="foot2"/><string name="l2" value="33"/><int name="x" value="150"/><int name="y" value="-61"/><int name="z" value="9"/><int name="f" value="0"/><int name="zM" value="9"/></imgdir><imgdir name="9"><string name="oS" value="guild"/><string name="l0" value="syarenian"/><string name="l1" value="foot2"/><string name="l2" value="31"/><int name="x" value="202"/><int name="y" value="-61"/><int name="z" value="9"/><int name="f" value="0"/><int name="zM" value="9"/></imgdir><imgdir name="11"><string name="oS" value="guild"/><string name="l0" value="syarenian"/><string name="l1" value="foot2"/><string name="l2" value="33"/><int name="x" value="-44"/><int name="y" value="-382"/><int name="z" value="9"/><int name="f" value="0"/><int name="zM" value="14"/></imgdir><imgdir name="24"><string name="oS" value="guild"/><string name="l0" value="syarenian"/><string name="l1" value="foot2"/><string name="l2" value="31"/><int name="x" value="22"/><int name="y" value="-382"/><int name="z" value="9"/><int name="f" value="0"/><int name="zM" value="14"/></imgdir><imgdir name="25"><string name="oS" value="guild"/><string name="l0" value="syarenian"/><string name="l1" value="foot2"/><string name="l2" value="32"/><int name="x" value="-188"/><int name="y" value="-382"/><int name="z" value="9"/><int name="f" value="0"/><int name="zM" value="16"/></imgdir><imgdir name="39"><string name="oS" value="guild"/><string name="l0" value="syarenian"/><string name="l1" value="foot2"/><string name="l2" value="31"/><int name="x" value="271"/><int name="y" value="-61"/><int name="z" value="9"/><int name="f" value="0"/><int name="zM" value="8"/></imgdir><imgdir name="36"><string name="oS" value="guild"/><string name="l0" value="syarenian"/><string name="l1" value="foot2"/><string name="l2" value="32"/><int name="x" value="-13"/><int name="y" value="-61"/><int name="z" value="9"/><int name="f" value="0"/><int name="zM" value="7"/></imgdir><imgdir name="23"><string name="oS" value="connect"/><string name="l0" value="ladder"/><string name="l1" value="39"/><string name="l2" value="3"/><int name="x" value="46"/><int name="y" value="-982"/><int name="z" value="11"/><int name="f" value="0"/><int name="zM" value="28"/></imgdir><imgdir name="22"><string name="oS" value="connect"/><string name="l0" value="ladder"/><string name="l1" value="39"/><string name="l2" value="0"/><int name="x" value="46"/><int name="y" value="-1047"/><int name="z" value="11"/><int name="f" value="0"/><int name="zM" value="28"/></imgdir><imgdir name="21"><string name="oS" value="connect"/><string name="l0" value="ladder"/><string name="l1" value="39"/><string name="l2" value="2"/><int name="x" value="46"/><int name="y" value="-717"/><int name="z" value="11"/><int name="f" value="0"/><int name="zM" value="25"/></imgdir><imgdir name="20"><string name="oS" value="connect"/><string name="l0" value="ladder"/><string name="l1" value="39"/><string name="l2" value="3"/><int name="x" value="46"/><int name="y" value="-779"/><int name="z" value="11"/><int name="f" value="0"/><int name="zM" value="25"/></imgdir><imgdir name="19"><string name="oS" value="guild"/><string name="l0" value="syarenian"/><string name="l1" value="foot2"/><string name="l2" value="32"/><int name="x" value="269"/><int name="y" value="-1015"/><int name="z" value="9"/><int name="f" value="0"/><int name="zM" value="29"/></imgdir><imgdir name="2"><string name="oS" value="connect"/><string name="l0" value="ladder"/><string name="l1" value="39"/><string name="l2" value="3"/><int name="x" value="46"/><int name="y" value="-880"/><int name="z" value="11"/><int name="f" value="0"/><int name="zM" value="25"/></imgdir><imgdir name="3"><string name="oS" value="guild"/><string name="l0" value="syarenian"/><string name="l1" value="foot2"/><string name="l2" value="31"/><int name="x" value="195"/><int name="y" value="-1015"/><int name="z" value="9"/><int name="f" value="0"/><int name="zM" value="29"/></imgdir></imgdir></imgdir><imgdir name="6"><imgdir name="info"></imgdir><imgdir name="tile"></imgdir><imgdir name="obj"><imgdir name="0"><string name="oS" value="guild"/><string name="l0" value="syarenian"/><string name="l1" value="acc3"/><string name="l2" value="3"/><int name="x" value="363"/><int name="y" value="136"/><int name="z" value="9"/><int name="f" value="0"/><int name="zM" value="2"/></imgdir><imgdir name="1"><string name="oS" value="guild"/><string name="l0" value="syarenian"/><string name="l1" value="acc3"/><string name="l2" value="6"/><int name="x" value="-280"/><int name="y" value="138"/><int name="z" value="9"/><int name="f" value="0"/><int name="zM" value="3"/></imgdir></imgdir></imgdir><imgdir name="7"><imgdir name="info"></imgdir><imgdir name="tile"></imgdir><imgdir name="obj"></imgdir></imgdir><imgdir name="foothold"><imgdir name="5"><imgdir name="0"><imgdir name="1"><int name="x1" value="-391"/><int name="y1" value="240"/><int name="x2" value="-391"/><int name="y2" value="180"/><int name="prev" value="6"/><int name="next" value="19"/></imgdir><imgdir name="2"><int name="x1" value="-270"/><int name="y1" value="215"/><int name="x2" value="-180"/><int name="y2" value="215"/><int name="prev" value="21"/><int name="next" value="3"/></imgdir><imgdir name="3"><int name="x1" value="-180"/><int name="y1" value="215"/><int name="x2" value="-90"/><int name="y2" value="215"/><int name="prev" value="2"/><int name="next" value="4"/></imgdir><imgdir name="4"><int name="x1" value="-90"/><int name="y1" value="215"/><int name="x2" value="0"/><int name="y2" value="215"/><int name="prev" value="3"/><int name="next" value="5"/></imgdir><imgdir name="5"><int name="x1" value="0"/><int name="y1" value="215"/><int name="x2" value="90"/><int name="y2" value="215"/><int name="prev" value="4"/><int name="next" value="18"/></imgdir><imgdir name="6"><int name="x1" value="-391"/><int name="y1" value="300"/><int name="x2" value="-391"/><int name="y2" value="240"/><int name="prev" value="7"/><int name="next" value="1"/></imgdir><imgdir name="7"><int name="x1" value="-391"/><int name="y1" value="360"/><int name="x2" value="-391"/><int name="y2" value="300"/><int name="prev" value="8"/><int name="next" value="6"/></imgdir><imgdir name="8"><int name="x1" value="-391"/><int name="y1" value="420"/><int name="x2" value="-391"/><int name="y2" value="360"/><int name="prev" value="9"/><int name="next" value="7"/></imgdir><imgdir name="9"><int name="x1" value="-391"/><int name="y1" value="480"/><int name="x2" value="-391"/><int name="y2" value="420"/><int name="prev" value="0"/><int name="next" value="8"/></imgdir><imgdir name="10"><int name="x1" value="481"/><int name="y1" value="300"/><int name="x2" value="481"/><int name="y2" value="360"/><int name="prev" value="11"/><int name="next" value="12"/></imgdir><imgdir name="11"><int name="x1" value="481"/><int name="y1" value="240"/><int name="x2" value="481"/><int name="y2" value="300"/><int name="prev" value="85"/><int name="next" value="10"/></imgdir><imgdir name="12"><int name="x1" value="481"/><int name="y1" value="360"/><int name="x2" value="481"/><int name="y2" value="420"/><int name="prev" value="10"/><int name="next" value="13"/></imgdir><imgdir name="13"><int name="x1" value="481"/><int name="y1" value="420"/><int name="x2" value="481"/><int name="y2" value="480"/><int name="prev" value="12"/><int name="next" value="0"/></imgdir><imgdir name="14"><int name="x1" value="360"/><int name="y1" value="215"/><int name="x2" value="419"/><int name="y2" value="215"/><int name="prev" value="16"/><int name="next" value="15"/></imgdir><imgdir name="15"><int name="x1" value="419"/><int name="y1" value="215"/><int name="x2" value="419"/><int name="y2" value="180"/><int name="prev" value="14"/><int name="next" value="84"/></imgdir><imgdir name="16"><int name="x1" value="270"/><int name="y1" value="215"/><int name="x2" value="360"/><int name="y2" value="215"/><int name="prev" value="17"/><int name="next" value="14"/></imgdir><imgdir name="17"><int name="x1" value="180"/><int name="y1" value="215"/><int name="x2" value="270"/><int name="y2" value="215"/><int name="prev" value="18"/><int name="next" value="16"/></imgdir><imgdir name="18"><int name="x1" value="90"/><int name="y1" value="215"/><int name="x2" value="180"/><int name="y2" value="215"/><int name="prev" value="5"/><int name="next" value="17"/></imgdir><imgdir name="19"><int name="x1" value="-391"/><int name="y1" value="180"/><int name="x2" value="-391"/><int name="y2" value="120"/><int name="prev" value="1"/><int name="next" value="22"/></imgdir><imgdir name="20"><int name="x1" value="-329"/><int name="y1" value="180"/><int name="x2" value="-329"/><int name="y2" value="215"/><int name="prev" value="139"/><int name="next" value="21"/></imgdir><imgdir name="21"><int name="x1" value="-329"/><int name="y1" value="215"/><int name="x2" value="-270"/><int name="y2" value="215"/><int name="prev" value="20"/><int name="next" value="2"/></imgdir><imgdir name="22"><int name="x1" value="-391"/><int name="y1" value="120"/><int name="x2" value="-391"/><int name="y2" value="60"/><int name="prev" value="19"/><int name="next" value="24"/></imgdir><imgdir name="23"><int name="x1" value="-329"/><int name="y1" value="120"/><int name="x2" value="-329"/><int name="y2" value="134"/><int name="prev" value="25"/><int name="next" value="140"/></imgdir><imgdir name="24"><int name="x1" value="-391"/><int name="y1" value="60"/><int name="x2" value="-391"/><int name="y2" value="0"/><int name="prev" value="22"/><int name="next" value="26"/></imgdir><imgdir name="25"><int name="x1" value="-329"/><int name="y1" value="60"/><int name="x2" value="-329"/><int name="y2" value="120"/><int name="prev" value="27"/><int name="next" value="23"/></imgdir><imgdir name="26"><int name="x1" value="-391"/><int name="y1" value="0"/><int name="x2" value="-391"/><int name="y2" value="-60"/><int name="prev" value="24"/><int name="next" value="28"/></imgdir><imgdir name="27"><int name="x1" value="-329"/><int name="y1" value="0"/><int name="x2" value="-329"/><int name="y2" value="60"/><int name="prev" value="29"/><int name="next" value="25"/></imgdir><imgdir name="28"><int name="x1" value="-391"/><int name="y1" value="-60"/><int name="x2" value="-391"/><int name="y2" value="-120"/><int name="prev" value="26"/><int name="next" value="30"/></imgdir><imgdir name="29"><int name="x1" value="-329"/><int name="y1" value="-60"/><int name="x2" value="-329"/><int name="y2" value="0"/><int name="prev" value="127"/><int name="next" value="27"/></imgdir><imgdir name="30"><int name="x1" value="-391"/><int name="y1" value="-120"/><int name="x2" value="-391"/><int name="y2" value="-180"/><int name="prev" value="28"/><int name="next" value="34"/></imgdir><imgdir name="31"><int name="x1" value="-329"/><int name="y1" value="-120"/><int name="x2" value="-329"/><int name="y2" value="-100"/><int name="prev" value="35"/><int name="next" value="157"/></imgdir><imgdir name="32"><int name="x1" value="-391"/><int name="y1" value="-240"/><int name="x2" value="-391"/><int name="y2" value="-300"/><int name="prev" value="34"/><int name="next" value="36"/></imgdir><imgdir name="33"><int name="x1" value="-329"/><int name="y1" value="-240"/><int name="x2" value="-329"/><int name="y2" value="-180"/><int name="prev" value="37"/><int name="next" value="35"/></imgdir><imgdir name="34"><int name="x1" value="-391"/><int name="y1" value="-180"/><int name="x2" value="-391"/><int name="y2" value="-240"/><int name="prev" value="30"/><int name="next" value="32"/></imgdir><imgdir name="35"><int name="x1" value="-329"/><int name="y1" value="-180"/><int name="x2" value="-329"/><int name="y2" value="-120"/><int name="prev" value="33"/><int name="next" value="31"/></imgdir><imgdir name="36"><int name="x1" value="-391"/><int name="y1" value="-300"/><int name="x2" value="-391"/><int name="y2" value="-360"/><int name="prev" value="32"/><int name="next" value="38"/></imgdir><imgdir name="37"><int name="x1" value="-329"/><int name="y1" value="-300"/><int name="x2" value="-329"/><int name="y2" value="-240"/><int name="prev" value="39"/><int name="next" value="33"/></imgdir><imgdir name="38"><int name="x1" value="-391"/><int name="y1" value="-360"/><int name="x2" value="-391"/><int name="y2" value="-420"/><int name="prev" value="36"/><int name="next" value="40"/></imgdir><imgdir name="39"><int name="x1" value="-329"/><int name="y1" value="-360"/><int name="x2" value="-329"/><int name="y2" value="-300"/><int name="prev" value="41"/><int name="next" value="37"/></imgdir><imgdir name="40"><int name="x1" value="-391"/><int name="y1" value="-420"/><int name="x2" value="-391"/><int name="y2" value="-480"/><int name="prev" value="38"/><int name="next" value="42"/></imgdir><imgdir name="41"><int name="x1" value="-329"/><int name="y1" value="-420"/><int name="x2" value="-329"/><int name="y2" value="-360"/><int name="prev" value="129"/><int name="next" value="39"/></imgdir><imgdir name="42"><int name="x1" value="-391"/><int name="y1" value="-480"/><int name="x2" value="-391"/><int name="y2" value="-540"/><int name="prev" value="40"/><int name="next" value="44"/></imgdir><imgdir name="43"><int name="x1" value="-329"/><int name="y1" value="-480"/><int name="x2" value="-329"/><int name="y2" value="-421"/><int name="prev" value="45"/><int name="next" value="166"/></imgdir><imgdir name="44"><int name="x1" value="-391"/><int name="y1" value="-540"/><int name="x2" value="-391"/><int name="y2" value="-600"/><int name="prev" value="42"/><int name="next" value="46"/></imgdir><imgdir name="45"><int name="x1" value="-329"/><int name="y1" value="-540"/><int name="x2" value="-329"/><int name="y2" value="-480"/><int name="prev" value="47"/><int name="next" value="43"/></imgdir><imgdir name="46"><int name="x1" value="-391"/><int name="y1" value="-600"/><int name="x2" value="-391"/><int name="y2" value="-660"/><int name="prev" value="44"/><int name="next" value="48"/></imgdir><imgdir name="47"><int name="x1" value="-329"/><int name="y1" value="-600"/><int name="x2" value="-329"/><int name="y2" value="-540"/><int name="prev" value="49"/><int name="next" value="45"/></imgdir><imgdir name="48"><int name="x1" value="-391"/><int name="y1" value="-660"/><int name="x2" value="-391"/><int name="y2" value="-720"/><int name="prev" value="46"/><int name="next" value="50"/></imgdir><imgdir name="49"><int name="x1" value="-329"/><int name="y1" value="-660"/><int name="x2" value="-329"/><int name="y2" value="-600"/><int name="prev" value="130"/><int name="next" value="47"/></imgdir><imgdir name="50"><int name="x1" value="-391"/><int name="y1" value="-720"/><int name="x2" value="-391"/><int name="y2" value="-780"/><int name="prev" value="48"/><int name="next" value="52"/></imgdir><imgdir name="51"><int name="x1" value="-329"/><int name="y1" value="-720"/><int name="x2" value="-329"/><int name="y2" value="-689"/><int name="prev" value="53"/><int name="next" value="173"/></imgdir><imgdir name="52"><int name="x1" value="-391"/><int name="y1" value="-780"/><int name="x2" value="-391"/><int name="y2" value="-840"/><int name="prev" value="50"/><int name="next" value="54"/></imgdir><imgdir name="53"><int name="x1" value="-329"/><int name="y1" value="-780"/><int name="x2" value="-329"/><int name="y2" value="-720"/><int name="prev" value="137"/><int name="next" value="51"/></imgdir><imgdir name="54"><int name="x1" value="-391"/><int name="y1" value="-840"/><int name="x2" value="-391"/><int name="y2" value="-900"/><int name="prev" value="52"/><int name="next" value="56"/></imgdir><imgdir name="55"><int name="x1" value="-329"/><int name="y1" value="-840"/><int name="x2" value="-329"/><int name="y2" value="-794"/><int name="prev" value="57"/><int name="next" value="181"/></imgdir><imgdir name="56"><int name="x1" value="-391"/><int name="y1" value="-900"/><int name="x2" value="-391"/><int name="y2" value="-960"/><int name="prev" value="54"/><int name="next" value="58"/></imgdir><imgdir name="57"><int name="x1" value="-329"/><int name="y1" value="-900"/><int name="x2" value="-329"/><int name="y2" value="-840"/><int name="prev" value="59"/><int name="next" value="55"/></imgdir><imgdir name="58"><int name="x1" value="-391"/><int name="y1" value="-960"/><int name="x2" value="-391"/><int name="y2" value="-1020"/><int name="prev" value="56"/><int name="next" value="60"/></imgdir><imgdir name="59"><int name="x1" value="-329"/><int name="y1" value="-960"/><int name="x2" value="-329"/><int name="y2" value="-900"/><int name="prev" value="61"/><int name="next" value="57"/></imgdir><imgdir name="60"><int name="x1" value="-391"/><int name="y1" value="-1020"/><int name="x2" value="-391"/><int name="y2" value="-1080"/><int name="prev" value="58"/><int name="next" value="62"/></imgdir><imgdir name="61"><int name="x1" value="-329"/><int name="y1" value="-1020"/><int name="x2" value="-329"/><int name="y2" value="-960"/><int name="prev" value="131"/><int name="next" value="59"/></imgdir><imgdir name="62"><int name="x1" value="-391"/><int name="y1" value="-1080"/><int name="x2" value="-391"/><int name="y2" value="-1140"/><int name="prev" value="60"/><int name="next" value="64"/></imgdir><imgdir name="63"><int name="x1" value="-329"/><int name="y1" value="-1080"/><int name="x2" value="-329"/><int name="y2" value="-1054"/><int name="prev" value="65"/><int name="next" value="154"/></imgdir><imgdir name="64"><int name="x1" value="-391"/><int name="y1" value="-1140"/><int name="x2" value="-391"/><int name="y2" value="-1200"/><int name="prev" value="62"/><int name="next" value="66"/></imgdir><imgdir name="65"><int name="x1" value="-329"/><int name="y1" value="-1140"/><int name="x2" value="-329"/><int name="y2" value="-1080"/><int name="prev" value="67"/><int name="next" value="63"/></imgdir><imgdir name="66"><int name="x1" value="-391"/><int name="y1" value="-1200"/><int name="x2" value="-391"/><int name="y2" value="-1260"/><int name="prev" value="64"/><int name="next" value="68"/></imgdir><imgdir name="67"><int name="x1" value="-329"/><int name="y1" value="-1200"/><int name="x2" value="-329"/><int name="y2" value="-1140"/><int name="prev" value="69"/><int name="next" value="65"/></imgdir><imgdir name="68"><int name="x1" value="-391"/><int name="y1" value="-1260"/><int name="x2" value="-391"/><int name="y2" value="-1320"/><int name="prev" value="66"/><int name="next" value="78"/></imgdir><imgdir name="69"><int name="x1" value="-329"/><int name="y1" value="-1260"/><int name="x2" value="-329"/><int name="y2" value="-1200"/><int name="prev" value="71"/><int name="next" value="67"/></imgdir><imgdir name="70"><int name="x1" value="481"/><int name="y1" value="-180"/><int name="x2" value="481"/><int name="y2" value="-120"/><int name="prev" value="88"/><int name="next" value="74"/></imgdir><imgdir name="71"><int name="x1" value="-329"/><int name="y1" value="-1320"/><int name="x2" value="-329"/><int name="y2" value="-1260"/><int name="prev" value="75"/><int name="next" value="69"/></imgdir><imgdir name="72"><int name="x1" value="481"/><int name="y1" value="0"/><int name="x2" value="481"/><int name="y2" value="60"/><int name="prev" value="80"/><int name="next" value="81"/></imgdir><imgdir name="73"><int name="x1" value="419"/><int name="y1" value="-60"/><int name="x2" value="419"/><int name="y2" value="-100"/><int name="prev" value="79"/><int name="next" value="126"/></imgdir><imgdir name="74"><int name="x1" value="481"/><int name="y1" value="-120"/><int name="x2" value="481"/><int name="y2" value="-60"/><int name="prev" value="70"/><int name="next" value="80"/></imgdir><imgdir name="75"><int name="x1" value="-329"/><int name="y1" value="-1380"/><int name="x2" value="-329"/><int name="y2" value="-1320"/><int name="prev" value="0"/><int name="next" value="71"/></imgdir><imgdir name="76"><int name="x1" value="419"/><int name="y1" value="-180"/><int name="x2" value="419"/><int name="y2" value="-240"/><int name="prev" value="77"/><int name="next" value="87"/></imgdir><imgdir name="77"><int name="x1" value="419"/><int name="y1" value="-120"/><int name="x2" value="419"/><int name="y2" value="-180"/><int name="prev" value="126"/><int name="next" value="76"/></imgdir><imgdir name="78"><int name="x1" value="-391"/><int name="y1" value="-1320"/><int name="x2" value="-391"/><int name="y2" value="-1380"/><int name="prev" value="68"/><int name="next" value="0"/></imgdir><imgdir name="79"><int name="x1" value="419"/><int name="y1" value="0"/><int name="x2" value="419"/><int name="y2" value="-60"/><int name="prev" value="83"/><int name="next" value="73"/></imgdir><imgdir name="80"><int name="x1" value="481"/><int name="y1" value="-60"/><int name="x2" value="481"/><int name="y2" value="0"/><int name="prev" value="74"/><int name="next" value="72"/></imgdir><imgdir name="81"><int name="x1" value="481"/><int name="y1" value="60"/><int name="x2" value="481"/><int name="y2" value="120"/><int name="prev" value="72"/><int name="next" value="82"/></imgdir><imgdir name="82"><int name="x1" value="481"/><int name="y1" value="120"/><int name="x2" value="481"/><int name="y2" value="180"/><int name="prev" value="81"/><int name="next" value="85"/></imgdir><imgdir name="83"><int name="x1" value="419"/><int name="y1" value="60"/><int name="x2" value="419"/><int name="y2" value="0"/><int name="prev" value="86"/><int name="next" value="79"/></imgdir><imgdir name="84"><int name="x1" value="419"/><int name="y1" value="180"/><int name="x2" value="419"/><int name="y2" value="120"/><int name="prev" value="15"/><int name="next" value="86"/></imgdir><imgdir name="85"><int name="x1" value="481"/><int name="y1" value="180"/><int name="x2" value="481"/><int name="y2" value="240"/><int name="prev" value="82"/><int name="next" value="11"/></imgdir><imgdir name="86"><int name="x1" value="419"/><int name="y1" value="120"/><int name="x2" value="419"/><int name="y2" value="60"/><int name="prev" value="84"/><int name="next" value="83"/></imgdir><imgdir name="87"><int name="x1" value="419"/><int name="y1" value="-240"/><int name="x2" value="419"/><int name="y2" value="-300"/><int name="prev" value="76"/><int name="next" value="124"/></imgdir><imgdir name="88"><int name="x1" value="481"/><int name="y1" value="-240"/><int name="x2" value="481"/><int name="y2" value="-180"/><int name="prev" value="125"/><int name="next" value="70"/></imgdir><imgdir name="89"><int name="x1" value="419"/><int name="y1" value="-360"/><int name="x2" value="419"/><int name="y2" value="-420"/><int name="prev" value="124"/><int name="next" value="122"/></imgdir><imgdir name="90"><int name="x1" value="481"/><int name="y1" value="-360"/><int name="x2" value="481"/><int name="y2" value="-300"/><int name="prev" value="123"/><int name="next" value="125"/></imgdir><imgdir name="91"><int name="x1" value="481"/><int name="y1" value="-1380"/><int name="x2" value="481"/><int name="y2" value="-1320"/><int name="prev" value="0"/><int name="next" value="93"/></imgdir><imgdir name="92"><int name="x1" value="419"/><int name="y1" value="-1320"/><int name="x2" value="419"/><int name="y2" value="-1380"/><int name="prev" value="94"/><int name="next" value="0"/></imgdir><imgdir name="93"><int name="x1" value="481"/><int name="y1" value="-1320"/><int name="x2" value="481"/><int name="y2" value="-1260"/><int name="prev" value="91"/><int name="next" value="95"/></imgdir><imgdir name="94"><int name="x1" value="419"/><int name="y1" value="-1260"/><int name="x2" value="419"/><int name="y2" value="-1320"/><int name="prev" value="96"/><int name="next" value="92"/></imgdir><imgdir name="95"><int name="x1" value="481"/><int name="y1" value="-1260"/><int name="x2" value="481"/><int name="y2" value="-1200"/><int name="prev" value="93"/><int name="next" value="97"/></imgdir><imgdir name="96"><int name="x1" value="419"/><int name="y1" value="-1200"/><int name="x2" value="419"/><int name="y2" value="-1260"/><int name="prev" value="98"/><int name="next" value="94"/></imgdir><imgdir name="97"><int name="x1" value="481"/><int name="y1" value="-1200"/><int name="x2" value="481"/><int name="y2" value="-1140"/><int name="prev" value="95"/><int name="next" value="99"/></imgdir><imgdir name="98"><int name="x1" value="419"/><int name="y1" value="-1140"/><int name="x2" value="419"/><int name="y2" value="-1200"/><int name="prev" value="100"/><int name="next" value="96"/></imgdir><imgdir name="99"><int name="x1" value="481"/><int name="y1" value="-1140"/><int name="x2" value="481"/><int name="y2" value="-1080"/><int name="prev" value="97"/><int name="next" value="101"/></imgdir><imgdir name="100"><int name="x1" value="419"/><int name="y1" value="-1080"/><int name="x2" value="419"/><int name="y2" value="-1140"/><int name="prev" value="102"/><int name="next" value="98"/></imgdir><imgdir name="101"><int name="x1" value="481"/><int name="y1" value="-1080"/><int name="x2" value="481"/><int name="y2" value="-1020"/><int name="prev" value="99"/><int name="next" value="103"/></imgdir><imgdir name="102"><int name="x1" value="419"/><int name="y1" value="-1020"/><int name="x2" value="419"/><int name="y2" value="-1080"/><int name="prev" value="104"/><int name="next" value="100"/></imgdir><imgdir name="103"><int name="x1" value="481"/><int name="y1" value="-1020"/><int name="x2" value="481"/><int name="y2" value="-960"/><int name="prev" value="101"/><int name="next" value="105"/></imgdir><imgdir name="104"><int name="x1" value="419"/><int name="y1" value="-960"/><int name="x2" value="419"/><int name="y2" value="-1020"/><int name="prev" value="106"/><int name="next" value="102"/></imgdir><imgdir name="105"><int name="x1" value="481"/><int name="y1" value="-960"/><int name="x2" value="481"/><int name="y2" value="-900"/><int name="prev" value="103"/><int name="next" value="107"/></imgdir><imgdir name="106"><int name="x1" value="419"/><int name="y1" value="-900"/><int name="x2" value="419"/><int name="y2" value="-960"/><int name="prev" value="108"/><int name="next" value="104"/></imgdir><imgdir name="107"><int name="x1" value="481"/><int name="y1" value="-900"/><int name="x2" value="481"/><int name="y2" value="-840"/><int name="prev" value="105"/><int name="next" value="109"/></imgdir><imgdir name="108"><int name="x1" value="419"/><int name="y1" value="-840"/><int name="x2" value="419"/><int name="y2" value="-900"/><int name="prev" value="112"/><int name="next" value="106"/></imgdir><imgdir name="109"><int name="x1" value="481"/><int name="y1" value="-840"/><int name="x2" value="481"/><int name="y2" value="-780"/><int name="prev" value="107"/><int name="next" value="113"/></imgdir><imgdir name="110"><int name="x1" value="419"/><int name="y1" value="-720"/><int name="x2" value="419"/><int name="y2" value="-780"/><int name="prev" value="120"/><int name="next" value="112"/></imgdir><imgdir name="111"><int name="x1" value="481"/><int name="y1" value="-720"/><int name="x2" value="481"/><int name="y2" value="-660"/><int name="prev" value="113"/><int name="next" value="121"/></imgdir><imgdir name="112"><int name="x1" value="419"/><int name="y1" value="-780"/><int name="x2" value="419"/><int name="y2" value="-840"/><int name="prev" value="110"/><int name="next" value="108"/></imgdir><imgdir name="113"><int name="x1" value="481"/><int name="y1" value="-780"/><int name="x2" value="481"/><int name="y2" value="-720"/><int name="prev" value="109"/><int name="next" value="111"/></imgdir><imgdir name="114"><int name="x1" value="419"/><int name="y1" value="-600"/><int name="x2" value="419"/><int name="y2" value="-660"/><int name="prev" value="116"/><int name="next" value="120"/></imgdir><imgdir name="115"><int name="x1" value="481"/><int name="y1" value="-600"/><int name="x2" value="481"/><int name="y2" value="-540"/><int name="prev" value="121"/><int name="next" value="117"/></imgdir><imgdir name="116"><int name="x1" value="419"/><int name="y1" value="-540"/><int name="x2" value="419"/><int name="y2" value="-600"/><int name="prev" value="118"/><int name="next" value="114"/></imgdir><imgdir name="117"><int name="x1" value="481"/><int name="y1" value="-540"/><int name="x2" value="481"/><int name="y2" value="-480"/><int name="prev" value="115"/><int name="next" value="119"/></imgdir><imgdir name="118"><int name="x1" value="419"/><int name="y1" value="-480"/><int name="x2" value="419"/><int name="y2" value="-540"/><int name="prev" value="138"/><int name="next" value="116"/></imgdir><imgdir name="119"><int name="x1" value="481"/><int name="y1" value="-480"/><int name="x2" value="481"/><int name="y2" value="-420"/><int name="prev" value="117"/><int name="next" value="123"/></imgdir><imgdir name="120"><int name="x1" value="419"/><int name="y1" value="-660"/><int name="x2" value="419"/><int name="y2" value="-720"/><int name="prev" value="114"/><int name="next" value="110"/></imgdir><imgdir name="121"><int name="x1" value="481"/><int name="y1" value="-660"/><int name="x2" value="481"/><int name="y2" value="-600"/><int name="prev" value="111"/><int name="next" value="115"/></imgdir><imgdir name="122"><int name="x1" value="419"/><int name="y1" value="-420"/><int name="x2" value="419"/><int name="y2" value="-421"/><int name="prev" value="89"/><int name="next" value="128"/></imgdir><imgdir name="123"><int name="x1" value="481"/><int name="y1" value="-420"/><int name="x2" value="481"/><int name="y2" value="-360"/><int name="prev" value="119"/><int name="next" value="90"/></imgdir><imgdir name="124"><int name="x1" value="419"/><int name="y1" value="-300"/><int name="x2" value="419"/><int name="y2" value="-360"/><int name="prev" value="87"/><int name="next" value="89"/></imgdir><imgdir name="125"><int name="x1" value="481"/><int name="y1" value="-300"/><int name="x2" value="481"/><int name="y2" value="-240"/><int name="prev" value="90"/><int name="next" value="88"/></imgdir><imgdir name="126"><int name="x1" value="419"/><int name="y1" value="-100"/><int name="x2" value="419"/><int name="y2" value="-120"/><int name="prev" value="141"/><int name="next" value="77"/></imgdir><imgdir name="127"><int name="x1" value="-329"/><int name="y1" value="-100"/><int name="x2" value="-329"/><int name="y2" value="-60"/><int name="prev" value="31"/><int name="next" value="29"/></imgdir><imgdir name="128"><int name="x1" value="419"/><int name="y1" value="-421"/><int name="x2" value="419"/><int name="y2" value="-474"/><int name="prev" value="160"/><int name="next" value="138"/></imgdir><imgdir name="129"><int name="x1" value="-329"/><int name="y1" value="-421"/><int name="x2" value="-329"/><int name="y2" value="-420"/><int name="prev" value="43"/><int name="next" value="41"/></imgdir><imgdir name="130"><int name="x1" value="-329"/><int name="y1" value="-689"/><int name="x2" value="-329"/><int name="y2" value="-660"/><int name="prev" value="51"/><int name="next" value="49"/></imgdir><imgdir name="131"><int name="x1" value="-329"/><int name="y1" value="-1054"/><int name="x2" value="-329"/><int name="y2" value="-1020"/><int name="prev" value="63"/><int name="next" value="61"/></imgdir><imgdir name="132"><int name="x1" value="-235"/><int name="y1" value="161"/><int name="x2" value="-86"/><int name="y2" value="161"/><int name="prev" value="135"/><int name="next" value="136"/></imgdir><imgdir name="133"><int name="x1" value="-210"/><int name="y1" value="188"/><int name="x2" value="-55"/><int name="y2" value="188"/><int name="prev" value="0"/><int name="next" value="0"/></imgdir><imgdir name="134"><int name="x1" value="-265"/><int name="y1" value="134"/><int name="x2" value="-116"/><int name="y2" value="134"/><int name="prev" value="140"/><int name="next" value="0"/></imgdir><imgdir name="135"><int name="x1" value="-240"/><int name="y1" value="161"/><int name="x2" value="-235"/><int name="y2" value="161"/><int name="prev" value="0"/><int name="next" value="132"/></imgdir><imgdir name="136"><int name="x1" value="-86"/><int name="y1" value="161"/><int name="x2" value="-85"/><int name="y2" value="161"/><int name="prev" value="132"/><int name="next" value="0"/></imgdir><imgdir name="137"><int name="x1" value="-329"/><int name="y1" value="-794"/><int name="x2" value="-329"/><int name="y2" value="-780"/><int name="prev" value="55"/><int name="next" value="53"/></imgdir><imgdir name="138"><int name="x1" value="419"/><int name="y1" value="-474"/><int name="x2" value="419"/><int name="y2" value="-480"/><int name="prev" value="165"/><int name="next" value="118"/></imgdir><imgdir name="139"><int name="x1" value="-329"/><int name="y1" value="134"/><int name="x2" value="-329"/><int name="y2" value="180"/><int name="prev" value="23"/><int name="next" value="20"/></imgdir><imgdir name="140"><int name="x1" value="-329"/><int name="y1" value="134"/><int name="x2" value="-265"/><int name="y2" value="134"/><int name="prev" value="23"/><int name="next" value="134"/></imgdir></imgdir><imgdir name="8"><imgdir name="141"><int name="x1" value="304"/><int name="y1" value="-100"/><int name="x2" value="419"/><int name="y2" value="-100"/><int name="prev" value="142"/><int name="next" value="126"/></imgdir><imgdir name="142"><int name="x1" value="240"/><int name="y1" value="-100"/><int name="x2" value="304"/><int name="y2" value="-100"/><int name="prev" value="145"/><int name="next" value="141"/></imgdir></imgdir><imgdir name="9"><imgdir name="143"><int name="x1" value="101"/><int name="y1" value="-99"/><int name="x2" value="105"/><int name="y2" value="-100"/><int name="prev" value="0"/><int name="next" value="144"/></imgdir><imgdir name="144"><int name="x1" value="105"/><int name="y1" value="-100"/><int name="x2" value="203"/><int name="y2" value="-100"/><int name="prev" value="143"/><int name="next" value="145"/></imgdir><imgdir name="145"><int name="x1" value="203"/><int name="y1" value="-100"/><int name="x2" value="240"/><int name="y2" value="-100"/><int name="prev" value="144"/><int name="next" value="142"/></imgdir></imgdir><imgdir name="29"><imgdir name="146"><int name="x1" value="158"/><int name="y1" value="-1054"/><int name="x2" value="233"/><int name="y2" value="-1054"/><int name="prev" value="149"/><int name="next" value="147"/></imgdir><imgdir name="147"><int name="x1" value="233"/><int name="y1" value="-1054"/><int name="x2" value="305"/><int name="y2" value="-1054"/><int name="prev" value="146"/><int name="next" value="148"/></imgdir><imgdir name="148"><int name="x1" value="305"/><int name="y1" value="-1054"/><int name="x2" value="308"/><int name="y2" value="-1053"/><int name="prev" value="147"/><int name="next" value="0"/></imgdir><imgdir name="149"><int name="x1" value="91"/><int name="y1" value="-1054"/><int name="x2" value="158"/><int name="y2" value="-1054"/><int name="prev" value="150"/><int name="next" value="146"/></imgdir><imgdir name="150"><int name="x1" value="22"/><int name="y1" value="-1054"/><int name="x2" value="91"/><int name="y2" value="-1054"/><int name="prev" value="151"/><int name="next" value="149"/></imgdir><imgdir name="151"><int name="x1" value="-116"/><int name="y1" value="-1054"/><int name="x2" value="22"/><int name="y2" value="-1054"/><int name="prev" value="152"/><int name="next" value="150"/></imgdir><imgdir name="152"><int name="x1" value="-186"/><int name="y1" value="-1054"/><int name="x2" value="-116"/><int name="y2" value="-1054"/><int name="prev" value="153"/><int name="next" value="151"/></imgdir><imgdir name="153"><int name="x1" value="-252"/><int name="y1" value="-1054"/><int name="x2" value="-186"/><int name="y2" value="-1054"/><int name="prev" value="154"/><int name="next" value="152"/></imgdir><imgdir name="154"><int name="x1" value="-329"/><int name="y1" value="-1054"/><int name="x2" value="-252"/><int name="y2" value="-1054"/><int name="prev" value="63"/><int name="next" value="153"/></imgdir></imgdir><imgdir name="7"><imgdir name="155"><int name="x1" value="-182"/><int name="y1" value="-100"/><int name="x2" value="-40"/><int name="y2" value="-100"/><int name="prev" value="156"/><int name="next" value="158"/></imgdir><imgdir name="156"><int name="x1" value="-252"/><int name="y1" value="-100"/><int name="x2" value="-182"/><int name="y2" value="-100"/><int name="prev" value="157"/><int name="next" value="155"/></imgdir><imgdir name="157"><int name="x1" value="-329"/><int name="y1" value="-100"/><int name="x2" value="-252"/><int name="y2" value="-100"/><int name="prev" value="31"/><int name="next" value="156"/></imgdir><imgdir name="158"><int name="x1" value="-40"/><int name="y1" value="-100"/><int name="x2" value="23"/><int name="y2" value="-100"/><int name="prev" value="155"/><int name="next" value="159"/></imgdir><imgdir name="159"><int name="x1" value="23"/><int name="y1" value="-100"/><int name="x2" value="26"/><int name="y2" value="-99"/><int name="prev" value="158"/><int name="next" value="0"/></imgdir></imgdir><imgdir name="15"><imgdir name="160"><int name="x1" value="293"/><int name="y1" value="-421"/><int name="x2" value="419"/><int name="y2" value="-421"/><int name="prev" value="161"/><int name="next" value="128"/></imgdir><imgdir name="161"><int name="x1" value="154"/><int name="y1" value="-421"/><int name="x2" value="293"/><int name="y2" value="-421"/><int name="prev" value="162"/><int name="next" value="160"/></imgdir><imgdir name="162"><int name="x1" value="123"/><int name="y1" value="-421"/><int name="x2" value="154"/><int name="y2" value="-421"/><int name="prev" value="172"/><int name="next" value="161"/></imgdir><imgdir name="163"><int name="x1" value="171"/><int name="y1" value="-474"/><int name="x2" value="320"/><int name="y2" value="-474"/><int name="prev" value="0"/><int name="next" value="165"/></imgdir><imgdir name="164"><int name="x1" value="140"/><int name="y1" value="-447"/><int name="x2" value="295"/><int name="y2" value="-447"/><int name="prev" value="0"/><int name="next" value="0"/></imgdir><imgdir name="165"><int name="x1" value="320"/><int name="y1" value="-474"/><int name="x2" value="419"/><int name="y2" value="-474"/><int name="prev" value="163"/><int name="next" value="138"/></imgdir></imgdir><imgdir name="16"><imgdir name="166"><int name="x1" value="-329"/><int name="y1" value="-421"/><int name="x2" value="-226"/><int name="y2" value="-421"/><int name="prev" value="43"/><int name="next" value="167"/></imgdir><imgdir name="167"><int name="x1" value="-226"/><int name="y1" value="-421"/><int name="x2" value="-152"/><int name="y2" value="-421"/><int name="prev" value="166"/><int name="next" value="168"/></imgdir><imgdir name="168"><int name="x1" value="-152"/><int name="y1" value="-421"/><int name="x2" value="-149"/><int name="y2" value="-420"/><int name="prev" value="167"/><int name="next" value="0"/></imgdir></imgdir><imgdir name="14"><imgdir name="169"><int name="x1" value="-93"/><int name="y1" value="-420"/><int name="x2" value="-89"/><int name="y2" value="-421"/><int name="prev" value="0"/><int name="next" value="170"/></imgdir><imgdir name="170"><int name="x1" value="-89"/><int name="y1" value="-421"/><int name="x2" value="9"/><int name="y2" value="-421"/><int name="prev" value="169"/><int name="next" value="171"/></imgdir><imgdir name="171"><int name="x1" value="9"/><int name="y1" value="-421"/><int name="x2" value="48"/><int name="y2" value="-421"/><int name="prev" value="170"/><int name="next" value="172"/></imgdir></imgdir><imgdir name="17"><imgdir name="172"><int name="x1" value="48"/><int name="y1" value="-421"/><int name="x2" value="123"/><int name="y2" value="-421"/><int name="prev" value="171"/><int name="next" value="162"/></imgdir></imgdir><imgdir name="22"><imgdir name="173"><int name="x1" value="-329"/><int name="y1" value="-689"/><int name="x2" value="-224"/><int name="y2" value="-689"/><int name="prev" value="51"/><int name="next" value="174"/></imgdir><imgdir name="174"><int name="x1" value="-224"/><int name="y1" value="-689"/><int name="x2" value="-86"/><int name="y2" value="-689"/><int name="prev" value="173"/><int name="next" value="175"/></imgdir><imgdir name="175"><int name="x1" value="-86"/><int name="y1" value="-689"/><int name="x2" value="-12"/><int name="y2" value="-689"/><int name="prev" value="174"/><int name="next" value="176"/></imgdir><imgdir name="176"><int name="x1" value="-12"/><int name="y1" value="-689"/><int name="x2" value="-9"/><int name="y2" value="-688"/><int name="prev" value="175"/><int name="next" value="0"/></imgdir><imgdir name="177"><int name="x1" value="-242"/><int name="y1" value="-741"/><int name="x2" value="-93"/><int name="y2" value="-741"/><int name="prev" value="0"/><int name="next" value="0"/></imgdir><imgdir name="178"><int name="x1" value="-217"/><int name="y1" value="-714"/><int name="x2" value="-62"/><int name="y2" value="-714"/><int name="prev" value="0"/><int name="next" value="0"/></imgdir><imgdir name="179"><int name="x1" value="-290"/><int name="y1" value="-794"/><int name="x2" value="-141"/><int name="y2" value="-794"/><int name="prev" value="181"/><int name="next" value="0"/></imgdir><imgdir name="180"><int name="x1" value="-265"/><int name="y1" value="-767"/><int name="x2" value="-110"/><int name="y2" value="-767"/><int name="prev" value="0"/><int name="next" value="0"/></imgdir><imgdir name="181"><int name="x1" value="-329"/><int name="y1" value="-794"/><int name="x2" value="-290"/><int name="y2" value="-794"/><int name="prev" value="55"/><int name="next" value="179"/></imgdir></imgdir><imgdir name="23"><imgdir name="182"><int name="x1" value="16"/><int name="y1" value="-642"/><int name="x2" value="74"/><int name="y2" value="-642"/><int name="prev" value="0"/><int name="next" value="0"/></imgdir></imgdir><imgdir name="21"><imgdir name="183"><int name="x1" value="86"/><int name="y1" value="-587"/><int name="x2" value="147"/><int name="y2" value="-587"/><int name="prev" value="0"/><int name="next" value="0"/></imgdir></imgdir><imgdir name="20"><imgdir name="184"><int name="x1" value="146"/><int name="y1" value="-529"/><int name="x2" value="218"/><int name="y2" value="-529"/><int name="prev" value="0"/><int name="next" value="0"/></imgdir></imgdir></imgdir></imgdir><imgdir name="ladderRope"><imgdir name="1"><int name="l" value="1"/><int name="uf" value="1"/><int name="x" value="44"/><int name="y1" value="-1052"/><int name="y2" value="-684"/><int name="page" value="5"/></imgdir><imgdir name="2"><int name="l" value="1"/><int name="uf" value="1"/><int name="x" value="-212"/><int name="y1" value="-98"/><int name="y2" value="103"/><int name="page" value="5"/></imgdir><imgdir name="3"><int name="l" value="1"/><int name="uf" value="1"/><int name="x" value="66"/><int name="y1" value="-419"/><int name="y2" value="-149"/><int name="page" value="5"/></imgdir></imgdir><imgdir name="miniMap"><canvas name="canvas" width="59" height="129"></canvas><int name="width" value="954"/><int name="height" value="2079"/><int name="centerX" value="432"/><int name="centerY" value="1530"/><int name="mag" value="4"/></imgdir><imgdir name="portal"><imgdir name="0"><string name="pn" value="sp"/><int name="pt" value="0"/><int name="x" value="193"/><int name="y" value="159"/><int name="tm" value="999999999"/><string name="tn" value=""/></imgdir><imgdir name="1"><string name="pn" value="sp"/><int name="pt" value="0"/><int name="x" value="-236"/><int name="y" value="-180"/><int name="tm" value="999999999"/><string name="tn" value=""/></imgdir><imgdir name="2"><string name="pn" value="sp"/><int name="pt" value="0"/><int name="x" value="326"/><int name="y" value="-497"/><int name="tm" value="999999999"/><string name="tn" value=""/></imgdir><imgdir name="3"><string name="pn" value="sp"/><int name="pt" value="0"/><int name="x" value="-123"/><int name="y" value="-733"/><int name="tm" value="999999999"/><string name="tn" value=""/></imgdir><imgdir name="4"><string name="pn" value="out00"/><int name="pt" value="2"/><int name="x" value="297"/><int name="y" value="215"/><int name="tm" value="101030107"/><string name="tn" value="in00"/><string name="script" value=""/></imgdir><imgdir name="5"><string name="pn" value="out01"/><int name="pt" value="2"/><int name="x" value="-213"/><int name="y" value="-794"/><int name="tm" value="101030107"/><string name="tn" value="in01"/><string name="script" value=""/></imgdir></imgdir></imgdir>