<?xml version="1.0" encoding="UTF-8" standalone="yes"?><imgdir name="101010102.img"><imgdir name="info"><int name="version" value="10"/><int name="cloud" value="0"/><int name="town" value="0"/><int name="returnMap" value="101000000"/><float name="mobRate" value="1.199998"/><string name="bgm" value="Bgm01/MoonlightShadow"/><string name="mapDesc" value=""/><int name="forcedReturn" value="999999999"/><int name="hideMinimap" value="0"/><int name="moveLimit" value="0"/><string name="mapMark" value="Ellinia"/></imgdir><imgdir name="back"><imgdir name="0"><string name="bS" value="shineWood"/><int name="no" value="0"/><int name="x" value="-13"/><int name="y" value="3"/><int name="rx" value="-2"/><int name="ry" value="-10"/><int name="type" value="3"/><int name="cx" value="0"/><int name="cy" value="0"/><int name="a" value="255"/><int name="front" value="0"/><int name="ani" value="0"/><int name="f" value="0"/></imgdir><imgdir name="1"><string name="bS" value="shineWood"/><int name="no" value="1"/><int name="x" value="241"/><int name="y" value="-79"/><int name="rx" value="-3"/><int name="ry" value="-15"/><int name="type" value="2"/><int name="cx" value="0"/><int name="cy" value="0"/><int name="a" value="255"/><int name="front" value="0"/><int name="ani" value="0"/><int name="f" value="0"/></imgdir><imgdir name="2"><string name="bS" value="shineWood"/><int name="no" value="2"/><int name="x" value="-297"/><int name="y" value="-45"/><int name="rx" value="-3"/><int name="ry" value="-15"/><int name="type" value="2"/><int name="cx" value="0"/><int name="cy" value="0"/><int name="a" value="255"/><int name="front" value="0"/><int name="ani" value="0"/><int name="f" value="0"/></imgdir><imgdir name="5"><string name="bS" value="shineWood"/><int name="no" value="6"/><int name="x" value="-157"/><int name="y" value="367"/><int name="rx" value="-20"/><int name="ry" value="-25"/><int name="type" value="2"/><int name="cx" value="550"/><int name="cy" value="0"/><int name="a" value="255"/><int name="front" value="0"/><int name="ani" value="0"/><int name="f" value="0"/></imgdir><imgdir name="4"><string name="bS" value="shineWood"/><int name="no" value="5"/><int name="x" value="-431"/><int name="y" value="-6"/><int name="rx" value="-18"/><int name="ry" value="-25"/><int name="type" value="3"/><int name="cx" value="600"/><int name="cy" value="0"/><int name="a" value="255"/><int name="front" value="0"/><int name="ani" value="0"/><int name="f" value="0"/></imgdir><imgdir name="6"><string name="bS" value="shineWood"/><int name="no" value="10"/><int name="x" value="-229"/><int name="y" value="66"/><int name="rx" value="-25"/><int name="ry" value="-30"/><int name="type" value="3"/><int name="cx" value="500"/><int name="cy" value="0"/><int name="a" value="255"/><int name="front" value="0"/><int name="ani" value="0"/><int name="f" value="0"/></imgdir><imgdir name="7"><string name="bS" value="shineWood"/><int name="no" value="10"/><int name="x" value="-516"/><int name="y" value="-223"/><int name="rx" value="-23"/><int name="ry" value="-28"/><int name="type" value="3"/><int name="cx" value="450"/><int name="cy" value="0"/><int name="a" value="255"/><int name="front" value="0"/><int name="ani" value="0"/><int name="f" value="0"/></imgdir><imgdir name="3"><string name="bS" value="shineWood"/><int name="no" value="7"/><int name="x" value="128"/><int name="y" value="128"/><int name="rx" value="-15"/><int name="ry" value="-23"/><int name="type" value="3"/><int name="cx" value="400"/><int name="cy" value="0"/><int name="a" value="255"/><int name="front" value="0"/><int name="ani" value="0"/><int name="f" value="0"/></imgdir><imgdir name="10"><string name="bS" value="shineWood"/><int name="no" value="16"/><int name="x" value="-160"/><int name="y" value="-233"/><int name="rx" value="-31"/><int name="ry" value="-31"/><int name="type" value="3"/><int name="cx" value="548"/><int name="cy" value="548"/><int name="a" value="255"/><int name="front" value="0"/><int name="ani" value="0"/><int name="f" value="0"/></imgdir><imgdir name="9"><string name="bS" value="shineWood"/><int name="no" value="16"/><int name="x" value="-297"/><int name="y" value="-370"/><int name="rx" value="-31"/><int name="ry" value="-31"/><int name="type" value="3"/><int name="cx" value="548"/><int name="cy" value="548"/><int name="a" value="255"/><int name="front" value="0"/><int name="ani" value="0"/><int name="f" value="0"/></imgdir><imgdir name="8"><string name="bS" value="shineWood"/><int name="no" value="16"/><int name="x" value="-434"/><int name="y" value="-507"/><int name="rx" value="-31"/><int name="ry" value="-31"/><int name="type" value="3"/><int name="cx" value="548"/><int name="cy" value="548"/><int name="a" value="255"/><int name="front" value="0"/><int name="ani" value="0"/><int name="f" value="0"/></imgdir><imgdir name="11"><string name="bS" value="shineWood"/><int name="no" value="16"/><int name="x" value="-23"/><int name="y" value="-96"/><int name="rx" value="-31"/><int name="ry" value="-31"/><int name="type" value="3"/><int name="cx" value="548"/><int name="cy" value="548"/><int name="a" value="255"/><int name="front" value="0"/><int name="ani" value="0"/><int name="f" value="0"/></imgdir><imgdir name="12"><string name="bS" value="shineWood"/><int name="no" value="12"/><int name="x" value="-244"/><int name="y" value="-392"/><int name="rx" value="-35"/><int name="ry" value="-35"/><int name="type" value="2"/><int name="cx" value="0"/><int name="cy" value="0"/><int name="a" value="255"/><int name="front" value="0"/><int name="ani" value="0"/><int name="f" value="0"/></imgdir><imgdir name="13"><string name="bS" value="shineWood"/><int name="no" value="15"/><int name="x" value="-1382"/><int name="y" value="-14"/><int name="rx" value="-100"/><int name="ry" value="-100"/><int name="type" value="2"/><int name="cx" value="0"/><int name="cy" value="0"/><int name="a" value="255"/><int name="front" value="0"/><int name="ani" value="0"/><int name="f" value="0"/></imgdir><imgdir name="14"><string name="bS" value="shineWood"/><int name="no" value="15"/><int name="x" value="-335"/><int name="y" value="-35"/><int name="rx" value="-100"/><int name="ry" value="-100"/><int name="type" value="2"/><int name="cx" value="0"/><int name="cy" value="0"/><int name="a" value="255"/><int name="front" value="0"/><int name="ani" value="0"/><int name="f" value="0"/></imgdir></imgdir><imgdir name="life"><imgdir name="0"><string name="type" value="m"/><string name="id" value="0130100"/><int name="x" value="-1166"/><int name="y" value="2017"/><int name="mobTime" value="0"/><int name="f" value="0"/><int name="fh" value="16"/><int name="cy" value="2076"/><int name="rx0" value="-1653"/><int name="rx1" value="-970"/></imgdir><imgdir name="1"><string name="type" value="m"/><string name="id" value="0130100"/><int name="x" value="-947"/><int name="y" value="2103"/><int name="mobTime" value="0"/><int name="f" value="0"/><int name="fh" value="103"/><int name="cy" value="2142"/><int name="rx0" value="-947"/><int name="rx1" value="-460"/></imgdir><imgdir name="2"><string name="type" value="m"/><string name="id" value="0130100"/><int name="x" value="-766"/><int name="y" value="2093"/><int name="mobTime" value="0"/><int name="f" value="0"/><int name="fh" value="88"/><int name="cy" value="2137"/><int name="rx0" value="-930"/><int name="rx1" value="-460"/></imgdir><imgdir name="3"><string name="type" value="m"/><string name="id" value="0130100"/><int name="x" value="-575"/><int name="y" value="2029"/><int name="mobTime" value="0"/><int name="f" value="0"/><int name="fh" value="98"/><int name="cy" value="2102"/><int name="rx0" value="-930"/><int name="rx1" value="-460"/></imgdir><imgdir name="4"><string name="type" value="m"/><string name="id" value="0130100"/><int name="x" value="-1208"/><int name="y" value="1594"/><int name="mobTime" value="0"/><int name="f" value="0"/><int name="fh" value="170"/><int name="cy" value="1644"/><int name="rx0" value="-1403"/><int name="rx1" value="-759"/></imgdir><imgdir name="5"><string name="type" value="m"/><string name="id" value="0130100"/><int name="x" value="-1082"/><int name="y" value="1668"/><int name="mobTime" value="0"/><int name="f" value="0"/><int name="fh" value="174"/><int name="cy" value="1712"/><int name="rx0" value="-1403"/><int name="rx1" value="-759"/></imgdir><imgdir name="6"><string name="type" value="m"/><string name="id" value="0130100"/><int name="x" value="-920"/><int name="y" value="1703"/><int name="mobTime" value="0"/><int name="f" value="0"/><int name="fh" value="178"/><int name="cy" value="1741"/><int name="rx0" value="-1403"/><int name="rx1" value="-759"/></imgdir><imgdir name="7"><string name="type" value="m"/><string name="id" value="0130100"/><int name="x" value="-764"/><int name="y" value="1699"/><int name="mobTime" value="0"/><int name="f" value="0"/><int name="fh" value="186"/><int name="cy" value="1744"/><int name="rx0" value="-1403"/><int name="rx1" value="-759"/></imgdir><imgdir name="8"><string name="type" value="m"/><string name="id" value="0130100"/><int name="x" value="-579"/><int name="y" value="1635"/><int name="mobTime" value="0"/><int name="f" value="0"/><int name="fh" value="119"/><int name="cy" value="1707"/><int name="rx0" value="-761"/><int name="rx1" value="-86"/></imgdir><imgdir name="9"><string name="type" value="m"/><string name="id" value="0130100"/><int name="x" value="-1158"/><int name="y" value="1407"/><int name="mobTime" value="0"/><int name="f" value="0"/><int name="fh" value="156"/><int name="cy" value="1461"/><int name="rx0" value="-1403"/><int name="rx1" value="-759"/></imgdir><imgdir name="10"><string name="type" value="m"/><string name="id" value="0130100"/><int name="x" value="-1031"/><int name="y" value="1473"/><int name="mobTime" value="0"/><int name="f" value="0"/><int name="fh" value="159"/><int name="cy" value="1524"/><int name="rx0" value="-1403"/><int name="rx1" value="-759"/></imgdir><imgdir name="11"><string name="type" value="m"/><string name="id" value="0130100"/><int name="x" value="-895"/><int name="y" value="1520"/><int name="mobTime" value="0"/><int name="f" value="0"/><int name="fh" value="162"/><int name="cy" value="1551"/><int name="rx0" value="-1403"/><int name="rx1" value="-759"/></imgdir><imgdir name="12"><string name="type" value="m"/><string name="id" value="0130100"/><int name="x" value="-770"/><int name="y" value="1483"/><int name="mobTime" value="0"/><int name="f" value="0"/><int name="fh" value="129"/><int name="cy" value="1550"/><int name="rx0" value="-770"/><int name="rx1" value="-86"/></imgdir><imgdir name="13"><string name="type" value="m"/><string name="id" value="0130100"/><int name="x" value="-602"/><int name="y" value="1440"/><int name="mobTime" value="0"/><int name="f" value="0"/><int name="fh" value="132"/><int name="cy" value="1515"/><int name="rx0" value="-761"/><int name="rx1" value="-86"/></imgdir><imgdir name="14"><string name="type" value="m"/><string name="id" value="0130100"/><int name="x" value="-1183"/><int name="y" value="1220"/><int name="mobTime" value="0"/><int name="f" value="0"/><int name="fh" value="190"/><int name="cy" value="1262"/><int name="rx0" value="-1403"/><int name="rx1" value="-759"/></imgdir><imgdir name="15"><string name="type" value="m"/><string name="id" value="0130100"/><int name="x" value="-1051"/><int name="y" value="1265"/><int name="mobTime" value="0"/><int name="f" value="0"/><int name="fh" value="193"/><int name="cy" value="1317"/><int name="rx0" value="-1403"/><int name="rx1" value="-759"/></imgdir><imgdir name="16"><string name="type" value="m"/><string name="id" value="0130100"/><int name="x" value="-691"/><int name="y" value="1277"/><int name="mobTime" value="0"/><int name="f" value="0"/><int name="fh" value="141"/><int name="cy" value="1336"/><int name="rx0" value="-761"/><int name="rx1" value="-86"/></imgdir><imgdir name="17"><string name="type" value="m"/><string name="id" value="0130100"/><int name="x" value="-785"/><int name="y" value="1294"/><int name="mobTime" value="0"/><int name="f" value="0"/><int name="fh" value="203"/><int name="cy" value="1343"/><int name="rx0" value="-1403"/><int name="rx1" value="-759"/></imgdir><imgdir name="18"><string name="type" value="m"/><string name="id" value="0130100"/><int name="x" value="-1166"/><int name="y" value="804"/><int name="mobTime" value="0"/><int name="f" value="0"/><int name="fh" value="221"/><int name="cy" value="872"/><int name="rx0" value="-1403"/><int name="rx1" value="-927"/></imgdir><imgdir name="19"><string name="type" value="m"/><string name="id" value="0130100"/><int name="x" value="-915"/><int name="y" value="887"/><int name="mobTime" value="0"/><int name="f" value="0"/><int name="fh" value="39"/><int name="cy" value="933"/><int name="rx0" value="-1283"/><int name="rx1" value="-351"/></imgdir><imgdir name="20"><string name="type" value="m"/><string name="id" value="0130100"/><int name="x" value="-690"/><int name="y" value="872"/><int name="mobTime" value="0"/><int name="f" value="0"/><int name="fh" value="49"/><int name="cy" value="933"/><int name="rx0" value="-1283"/><int name="rx1" value="-351"/></imgdir><imgdir name="21"><string name="type" value="m"/><string name="id" value="0130100"/><int name="x" value="-565"/><int name="y" value="825"/><int name="mobTime" value="0"/><int name="f" value="0"/><int name="fh" value="51"/><int name="cy" value="903"/><int name="rx0" value="-1283"/><int name="rx1" value="-351"/></imgdir><imgdir name="22"><string name="type" value="m"/><string name="id" value="0130100"/><int name="x" value="-1055"/><int name="y" value="669"/><int name="mobTime" value="0"/><int name="f" value="0"/><int name="fh" value="212"/><int name="cy" value="713"/><int name="rx0" value="-1403"/><int name="rx1" value="-927"/></imgdir><imgdir name="23"><string name="type" value="m"/><string name="id" value="0130100"/><int name="x" value="-645"/><int name="y" value="679"/><int name="mobTime" value="0"/><int name="f" value="0"/><int name="fh" value="23"/><int name="cy" value="724"/><int name="rx0" value="-1283"/><int name="rx1" value="-351"/></imgdir><imgdir name="24"><string name="type" value="m"/><string name="id" value="0130100"/><int name="x" value="-834"/><int name="y" value="514"/><int name="mobTime" value="0"/><int name="f" value="0"/><int name="fh" value="72"/><int name="cy" value="540"/><int name="rx0" value="-1283"/><int name="rx1" value="-351"/></imgdir><imgdir name="25"><string name="type" value="m"/><string name="id" value="1110100"/><int name="x" value="-1072"/><int name="y" value="478"/><int name="mobTime" value="0"/><int name="f" value="0"/><int name="fh" value="64"/><int name="cy" value="513"/><int name="rx0" value="-1283"/><int name="rx1" value="-351"/></imgdir><imgdir name="26"><string name="type" value="m"/><string name="id" value="1110100"/><int name="x" value="-926"/><int name="y" value="508"/><int name="mobTime" value="0"/><int name="f" value="0"/><int name="fh" value="68"/><int name="cy" value="537"/><int name="rx0" value="-1283"/><int name="rx1" value="-351"/></imgdir><imgdir name="27"><string name="type" value="m"/><string name="id" value="1110100"/><int name="x" value="-712"/><int name="y" value="504"/><int name="mobTime" value="0"/><int name="f" value="0"/><int name="fh" value="78"/><int name="cy" value="538"/><int name="rx0" value="-1283"/><int name="rx1" value="-351"/></imgdir><imgdir name="28"><string name="type" value="m"/><string name="id" value="1110100"/><int name="x" value="-1173"/><int name="y" value="607"/><int name="mobTime" value="0"/><int name="f" value="0"/><int name="fh" value="208"/><int name="cy" value="645"/><int name="rx0" value="-1403"/><int name="rx1" value="-927"/></imgdir><imgdir name="29"><string name="type" value="m"/><string name="id" value="1110100"/><int name="x" value="-964"/><int name="y" value="698"/><int name="mobTime" value="0"/><int name="f" value="0"/><int name="fh" value="213"/><int name="cy" value="731"/><int name="rx0" value="-1403"/><int name="rx1" value="-927"/></imgdir><imgdir name="30"><string name="type" value="m"/><string name="id" value="1110100"/><int name="x" value="-847"/><int name="y" value="702"/><int name="mobTime" value="0"/><int name="f" value="0"/><int name="fh" value="32"/><int name="cy" value="743"/><int name="rx0" value="-1283"/><int name="rx1" value="-351"/></imgdir><imgdir name="31"><string name="type" value="m"/><string name="id" value="1110100"/><int name="x" value="-554"/><int name="y" value="625"/><int name="mobTime" value="0"/><int name="f" value="0"/><int name="fh" value="24"/><int name="cy" value="681"/><int name="rx0" value="-1283"/><int name="rx1" value="-351"/></imgdir><imgdir name="32"><string name="type" value="m"/><string name="id" value="1110100"/><int name="x" value="-1031"/><int name="y" value="867"/><int name="mobTime" value="0"/><int name="f" value="0"/><int name="fh" value="224"/><int name="cy" value="921"/><int name="rx0" value="-1403"/><int name="rx1" value="-927"/></imgdir><imgdir name="33"><string name="type" value="m"/><string name="id" value="0210100"/><int name="x" value="-1104"/><int name="y" value="851"/><int name="mobTime" value="0"/><int name="f" value="0"/><int name="fh" value="223"/><int name="cy" value="903"/><int name="rx0" value="-1403"/><int name="rx1" value="-927"/></imgdir><imgdir name="34"><string name="type" value="m"/><string name="id" value="0210100"/><int name="x" value="-764"/><int name="y" value="891"/><int name="mobTime" value="0"/><int name="f" value="0"/><int name="fh" value="46"/><int name="cy" value="933"/><int name="rx0" value="-1283"/><int name="rx1" value="-351"/></imgdir><imgdir name="35"><string name="type" value="m"/><string name="id" value="0210100"/><int name="x" value="-747"/><int name="y" value="701"/><int name="mobTime" value="0"/><int name="f" value="0"/><int name="fh" value="21"/><int name="cy" value="737"/><int name="rx0" value="-1283"/><int name="rx1" value="-351"/></imgdir><imgdir name="36"><string name="type" value="m"/><string name="id" value="0210100"/><int name="x" value="-638"/><int name="y" value="482"/><int name="mobTime" value="0"/><int name="f" value="0"/><int name="fh" value="79"/><int name="cy" value="531"/><int name="rx0" value="-1283"/><int name="rx1" value="-351"/></imgdir><imgdir name="37"><string name="type" value="m"/><string name="id" value="0210100"/><int name="x" value="-977"/><int name="y" value="1286"/><int name="mobTime" value="0"/><int name="f" value="0"/><int name="fh" value="195"/><int name="cy" value="1330"/><int name="rx0" value="-1403"/><int name="rx1" value="-759"/></imgdir><imgdir name="38"><string name="type" value="m"/><string name="id" value="0210100"/><int name="x" value="-885"/><int name="y" value="1297"/><int name="mobTime" value="0"/><int name="f" value="0"/><int name="fh" value="198"/><int name="cy" value="1341"/><int name="rx0" value="-1403"/><int name="rx1" value="-759"/></imgdir><imgdir name="39"><string name="type" value="m"/><string name="id" value="0210100"/><int name="x" value="-585"/><int name="y" value="1245"/><int name="mobTime" value="0"/><int name="f" value="0"/><int name="fh" value="143"/><int name="cy" value="1315"/><int name="rx0" value="-761"/><int name="rx1" value="-86"/></imgdir><imgdir name="40"><string name="type" value="m"/><string name="id" value="0210100"/><int name="x" value="-679"/><int name="y" value="1486"/><int name="mobTime" value="0"/><int name="f" value="0"/><int name="fh" value="131"/><int name="cy" value="1540"/><int name="rx0" value="-761"/><int name="rx1" value="-86"/></imgdir><imgdir name="41"><string name="type" value="m"/><string name="id" value="0210100"/><int name="x" value="-964"/><int name="y" value="1499"/><int name="mobTime" value="0"/><int name="f" value="0"/><int name="fh" value="160"/><int name="cy" value="1536"/><int name="rx0" value="-1403"/><int name="rx1" value="-759"/></imgdir><imgdir name="42"><string name="type" value="m"/><string name="id" value="0210100"/><int name="x" value="-1107"/><int name="y" value="1451"/><int name="mobTime" value="0"/><int name="f" value="0"/><int name="fh" value="158"/><int name="cy" value="1497"/><int name="rx0" value="-1403"/><int name="rx1" value="-759"/></imgdir><imgdir name="43"><string name="type" value="m"/><string name="id" value="0210100"/><int name="x" value="-1003"/><int name="y" value="1688"/><int name="mobTime" value="0"/><int name="f" value="0"/><int name="fh" value="175"/><int name="cy" value="1727"/><int name="rx0" value="-1403"/><int name="rx1" value="-759"/></imgdir><imgdir name="44"><string name="type" value="m"/><string name="id" value="0210100"/><int name="x" value="-851"/><int name="y" value="1700"/><int name="mobTime" value="0"/><int name="f" value="0"/><int name="fh" value="182"/><int name="cy" value="1744"/><int name="rx0" value="-1403"/><int name="rx1" value="-759"/></imgdir><imgdir name="45"><string name="type" value="m"/><string name="id" value="0210100"/><int name="x" value="-659"/><int name="y" value="1670"/><int name="mobTime" value="0"/><int name="f" value="0"/><int name="fh" value="118"/><int name="cy" value="1734"/><int name="rx0" value="-761"/><int name="rx1" value="-86"/></imgdir><imgdir name="46"><string name="type" value="m"/><string name="id" value="0210100"/><int name="x" value="-655"/><int name="y" value="2059"/><int name="mobTime" value="0"/><int name="f" value="0"/><int name="fh" value="96"/><int name="cy" value="2130"/><int name="rx0" value="-930"/><int name="rx1" value="-460"/></imgdir><imgdir name="47"><string name="type" value="m"/><string name="id" value="0210100"/><int name="x" value="-839"/><int name="y" value="2108"/><int name="mobTime" value="0"/><int name="f" value="0"/><int name="fh" value="85"/><int name="cy" value="2135"/><int name="rx0" value="-930"/><int name="rx1" value="-460"/></imgdir><imgdir name="48"><string name="type" value="m"/><string name="id" value="0210100"/><int name="x" value="-1016"/><int name="y" value="2085"/><int name="mobTime" value="0"/><int name="f" value="0"/><int name="fh" value="19"/><int name="cy" value="2125"/><int name="rx0" value="-1653"/><int name="rx1" value="-970"/></imgdir><imgdir name="49"><string name="type" value="m"/><string name="id" value="0210100"/><int name="x" value="-1107"/><int name="y" value="2071"/><int name="mobTime" value="0"/><int name="f" value="0"/><int name="fh" value="18"/><int name="cy" value="2106"/><int name="rx0" value="-1653"/><int name="rx1" value="-970"/></imgdir><imgdir name="50"><string name="type" value="n"/><string name="id" value="1032103"/><int name="x" value="-179"/><int name="y" value="1844"/><int name="mobTime" value="0"/><int name="f" value="0"/><int name="fh" value="149"/><int name="cy" value="1858"/><int name="rx0" value="-229"/><int name="rx1" value="-129"/></imgdir></imgdir><imgdir name="0"><imgdir name="info"></imgdir><imgdir name="tile"></imgdir><imgdir name="obj"></imgdir></imgdir><imgdir name="1"><imgdir name="info"></imgdir><imgdir name="tile"></imgdir><imgdir name="obj"><imgdir name="13"><string name="oS" value="acc2"/><string name="l0" value="shineWood"/><string name="l1" value="minidungeon"/><string name="l2" value="2"/><int name="x" value="-1382"/><int name="y" value="1989"/><int name="z" value="0"/><int name="f" value="0"/><int name="zM" value="0"/></imgdir><imgdir name="14"><string name="oS" value="acc2"/><string name="l0" value="shineWood"/><string name="l1" value="minidungeon"/><string name="l2" value="0"/><int name="x" value="-345"/><int name="y" value="1965"/><int name="z" value="0"/><int name="f" value="0"/><int name="zM" value="2"/></imgdir><imgdir name="15"><string name="oS" value="acc2"/><string name="l0" value="shineWood"/><string name="l1" value="minidungeon"/><string name="l2" value="2"/><int name="x" value="-1382"/><int name="y" value="1589"/><int name="z" value="0"/><int name="f" value="0"/><int name="zM" value="3"/></imgdir><imgdir name="16"><string name="oS" value="acc2"/><string name="l0" value="shineWood"/><string name="l1" value="foot"/><string name="l2" value="23"/><int name="x" value="-1143"/><int name="y" value="1696"/><int name="z" value="3"/><int name="f" value="0"/><int name="zM" value="3"/></imgdir><imgdir name="17"><string name="oS" value="acc2"/><string name="l0" value="shineWood"/><string name="l1" value="foot"/><string name="l2" value="2"/><int name="x" value="-916"/><int name="y" value="1748"/><int name="z" value="4"/><int name="f" value="0"/><int name="zM" value="3"/></imgdir><imgdir name="18"><string name="oS" value="acc2"/><string name="l0" value="shineWood"/><string name="l1" value="foot"/><string name="l2" value="2"/><int name="x" value="-818"/><int name="y" value="1751"/><int name="z" value="3"/><int name="f" value="0"/><int name="zM" value="3"/></imgdir><imgdir name="19"><string name="oS" value="acc2"/><string name="l0" value="shineWood"/><string name="l1" value="foot"/><string name="l2" value="24"/><int name="x" value="-598"/><int name="y" value="1692"/><int name="z" value="3"/><int name="f" value="0"/><int name="zM" value="2"/></imgdir><imgdir name="20"><string name="oS" value="acc2"/><string name="l0" value="shineWood"/><string name="l1" value="minidungeon"/><string name="l2" value="0"/><int name="x" value="-345"/><int name="y" value="1565"/><int name="z" value="0"/><int name="f" value="0"/><int name="zM" value="2"/></imgdir><imgdir name="21"><string name="oS" value="acc2"/><string name="l0" value="shineWood"/><string name="l1" value="minidungeon"/><string name="l2" value="0"/><int name="x" value="-345"/><int name="y" value="1166"/><int name="z" value="0"/><int name="f" value="0"/><int name="zM" value="7"/></imgdir><imgdir name="22"><string name="oS" value="acc2"/><string name="l0" value="shineWood"/><string name="l1" value="minidungeon"/><string name="l2" value="2"/><int name="x" value="-1382"/><int name="y" value="1189"/><int name="z" value="0"/><int name="f" value="0"/><int name="zM" value="7"/></imgdir><imgdir name="23"><string name="oS" value="acc2"/><string name="l0" value="shineWood"/><string name="l1" value="minidungeon"/><string name="l2" value="2"/><int name="x" value="-1382"/><int name="y" value="788"/><int name="z" value="0"/><int name="f" value="0"/><int name="zM" value="11"/></imgdir><imgdir name="24"><string name="oS" value="acc2"/><string name="l0" value="shineWood"/><string name="l1" value="minidungeon"/><string name="l2" value="0"/><int name="x" value="-345"/><int name="y" value="765"/><int name="z" value="0"/><int name="f" value="0"/><int name="zM" value="12"/></imgdir><imgdir name="25"><string name="oS" value="acc2"/><string name="l0" value="shineWood"/><string name="l1" value="minidungeon"/><string name="l2" value="2"/><int name="x" value="-1382"/><int name="y" value="389"/><int name="z" value="0"/><int name="f" value="0"/><int name="zM" value="15"/></imgdir><imgdir name="26"><string name="oS" value="acc2"/><string name="l0" value="shineWood"/><string name="l1" value="minidungeon"/><string name="l2" value="0"/><int name="x" value="-345"/><int name="y" value="365"/><int name="z" value="0"/><int name="f" value="0"/><int name="zM" value="16"/></imgdir><imgdir name="31"><string name="oS" value="acc2"/><string name="l0" value="shineWood"/><string name="l1" value="foot"/><string name="l2" value="23"/><int name="x" value="-1142"/><int name="y" value="1294"/><int name="z" value="3"/><int name="f" value="0"/><int name="zM" value="3"/></imgdir><imgdir name="32"><string name="oS" value="acc2"/><string name="l0" value="shineWood"/><string name="l1" value="foot"/><string name="l2" value="2"/><int name="x" value="-908"/><int name="y" value="1347"/><int name="z" value="4"/><int name="f" value="0"/><int name="zM" value="3"/></imgdir><imgdir name="33"><string name="oS" value="acc2"/><string name="l0" value="shineWood"/><string name="l1" value="foot"/><string name="l2" value="2"/><int name="x" value="-804"/><int name="y" value="1349"/><int name="z" value="3"/><int name="f" value="0"/><int name="zM" value="3"/></imgdir><imgdir name="34"><string name="oS" value="acc2"/><string name="l0" value="shineWood"/><string name="l1" value="foot"/><string name="l2" value="24"/><int name="x" value="-577"/><int name="y" value="1290"/><int name="z" value="4"/><int name="f" value="0"/><int name="zM" value="2"/></imgdir><imgdir name="35"><string name="oS" value="acc2"/><string name="l0" value="shineWood"/><string name="l1" value="foot"/><string name="l2" value="23"/><int name="x" value="-1141"/><int name="y" value="893"/><int name="z" value="3"/><int name="f" value="0"/><int name="zM" value="11"/></imgdir><imgdir name="36"><string name="oS" value="acc2"/><string name="l0" value="shineWood"/><string name="l1" value="foot"/><string name="l2" value="2"/><int name="x" value="-912"/><int name="y" value="940"/><int name="z" value="4"/><int name="f" value="0"/><int name="zM" value="12"/></imgdir><imgdir name="37"><string name="oS" value="acc2"/><string name="l0" value="shineWood"/><string name="l1" value="foot"/><string name="l2" value="2"/><int name="x" value="-802"/><int name="y" value="940"/><int name="z" value="3"/><int name="f" value="0"/><int name="zM" value="12"/></imgdir><imgdir name="38"><string name="oS" value="acc2"/><string name="l0" value="shineWood"/><string name="l1" value="foot"/><string name="l2" value="24"/><int name="x" value="-583"/><int name="y" value="887"/><int name="z" value="4"/><int name="f" value="0"/><int name="zM" value="12"/></imgdir><imgdir name="39"><string name="oS" value="acc2"/><string name="l0" value="shineWood"/><string name="l1" value="foot"/><string name="l2" value="23"/><int name="x" value="-1141"/><int name="y" value="495"/><int name="z" value="3"/><int name="f" value="0"/><int name="zM" value="12"/></imgdir><imgdir name="40"><string name="oS" value="acc2"/><string name="l0" value="shineWood"/><string name="l1" value="foot"/><string name="l2" value="2"/><int name="x" value="-911"/><int name="y" value="546"/><int name="z" value="4"/><int name="f" value="0"/><int name="zM" value="12"/></imgdir><imgdir name="41"><string name="oS" value="acc2"/><string name="l0" value="shineWood"/><string name="l1" value="foot"/><string name="l2" value="2"/><int name="x" value="-805"/><int name="y" value="549"/><int name="z" value="3"/><int name="f" value="0"/><int name="zM" value="12"/></imgdir><imgdir name="42"><string name="oS" value="acc2"/><string name="l0" value="shineWood"/><string name="l1" value="foot"/><string name="l2" value="24"/><int name="x" value="-585"/><int name="y" value="491"/><int name="z" value="4"/><int name="f" value="0"/><int name="zM" value="12"/></imgdir><imgdir name="7"><string name="oS" value="acc2"/><string name="l0" value="shineWood"/><string name="l1" value="foot"/><string name="l2" value="2"/><int name="x" value="-855"/><int name="y" value="749"/><int name="z" value="4"/><int name="f" value="0"/><int name="zM" value="12"/></imgdir><imgdir name="1"><string name="oS" value="acc2"/><string name="l0" value="shineWood"/><string name="l1" value="foot"/><string name="l2" value="24"/><int name="x" value="-614"/><int name="y" value="690"/><int name="z" value="3"/><int name="f" value="0"/><int name="zM" value="12"/></imgdir><imgdir name="5"><string name="oS" value="acc2"/><string name="l0" value="shineWood"/><string name="l1" value="foot"/><string name="l2" value="23"/><int name="x" value="-1102"/><int name="y" value="701"/><int name="z" value="3"/><int name="f" value="0"/><int name="zM" value="11"/></imgdir><imgdir name="8"><string name="oS" value="acc2"/><string name="l0" value="shineWood"/><string name="l1" value="foot"/><string name="l2" value="2"/><int name="x" value="-855"/><int name="y" value="1164"/><int name="z" value="4"/><int name="f" value="0"/><int name="zM" value="7"/></imgdir><imgdir name="9"><string name="oS" value="acc2"/><string name="l0" value="shineWood"/><string name="l1" value="foot"/><string name="l2" value="24"/><int name="x" value="-614"/><int name="y" value="1105"/><int name="z" value="3"/><int name="f" value="0"/><int name="zM" value="7"/></imgdir><imgdir name="6"><string name="oS" value="acc2"/><string name="l0" value="shineWood"/><string name="l1" value="foot"/><string name="l2" value="23"/><int name="x" value="-1102"/><int name="y" value="1118"/><int name="z" value="3"/><int name="f" value="0"/><int name="zM" value="7"/></imgdir><imgdir name="12"><string name="oS" value="acc2"/><string name="l0" value="shineWood"/><string name="l1" value="foot"/><string name="l2" value="2"/><int name="x" value="-856"/><int name="y" value="1556"/><int name="z" value="4"/><int name="f" value="0"/><int name="zM" value="3"/></imgdir><imgdir name="2"><string name="oS" value="acc2"/><string name="l0" value="shineWood"/><string name="l1" value="foot"/><string name="l2" value="2"/><int name="x" value="-812"/><int name="y" value="2145"/><int name="z" value="2"/><int name="f" value="0"/><int name="zM" value="1"/></imgdir><imgdir name="4"><string name="oS" value="acc2"/><string name="l0" value="shineWood"/><string name="l1" value="foot"/><string name="l2" value="23"/><int name="x" value="-1102"/><int name="y" value="1506"/><int name="z" value="3"/><int name="f" value="0"/><int name="zM" value="3"/></imgdir><imgdir name="0"><string name="oS" value="acc2"/><string name="l0" value="shineWood"/><string name="l1" value="foot"/><string name="l2" value="1"/><int name="x" value="-1599"/><int name="y" value="2019"/><int name="z" value="4"/><int name="f" value="1"/><int name="zM" value="0"/></imgdir><imgdir name="11"><string name="oS" value="acc2"/><string name="l0" value="shineWood"/><string name="l1" value="foot"/><string name="l2" value="0"/><int name="x" value="-1474"/><int name="y" value="2044"/><int name="z" value="3"/><int name="f" value="1"/><int name="zM" value="0"/></imgdir><imgdir name="3"><string name="oS" value="acc2"/><string name="l0" value="shineWood"/><string name="l1" value="foot"/><string name="l2" value="1"/><int name="x" value="-140"/><int name="y" value="2023"/><int name="z" value="4"/><int name="f" value="0"/><int name="zM" value="2"/></imgdir><imgdir name="10"><string name="oS" value="acc2"/><string name="l0" value="shineWood"/><string name="l1" value="foot"/><string name="l2" value="0"/><int name="x" value="-271"/><int name="y" value="2046"/><int name="z" value="3"/><int name="f" value="0"/><int name="zM" value="2"/></imgdir><imgdir name="27"><string name="oS" value="acc2"/><string name="l0" value="shineWood"/><string name="l1" value="foot"/><string name="l2" value="24"/><int name="x" value="-614"/><int name="y" value="1497"/><int name="z" value="3"/><int name="f" value="0"/><int name="zM" value="2"/></imgdir><imgdir name="30"><string name="oS" value="acc2"/><string name="l0" value="shineWood"/><string name="l1" value="foot"/><string name="l2" value="23"/><int name="x" value="-1143"/><int name="y" value="2096"/><int name="z" value="3"/><int name="f" value="0"/><int name="zM" value="0"/></imgdir><imgdir name="29"><string name="oS" value="acc2"/><string name="l0" value="shineWood"/><string name="l1" value="foot"/><string name="l2" value="24"/><int name="x" value="-598"/><int name="y" value="2089"/><int name="z" value="3"/><int name="f" value="0"/><int name="zM" value="1"/></imgdir><imgdir name="28"><string name="oS" value="acc2"/><string name="l0" value="shineWood"/><string name="l1" value="foot"/><string name="l2" value="2"/><int name="x" value="-911"/><int name="y" value="2148"/><int name="z" value="4"/><int name="f" value="0"/><int name="zM" value="1"/></imgdir><imgdir name="43"><string name="oS" value="acc2"/><string name="l0" value="shineWood"/><string name="l1" value="foot"/><string name="l2" value="2"/><int name="x" value="-175"/><int name="y" value="1865"/><int name="z" value="3"/><int name="f" value="0"/><int name="zM" value="2"/></imgdir></imgdir></imgdir><imgdir name="2"><imgdir name="info"></imgdir><imgdir name="tile"></imgdir><imgdir name="obj"><imgdir name="8"><string name="oS" value="connect"/><string name="l0" value="ladder"/><string name="l1" value="0"/><string name="l2" value="0"/><int name="x" value="-845"/><int name="y" value="738"/><int name="z" value="3"/><int name="f" value="0"/><int name="zM" value="14"/></imgdir><imgdir name="9"><string name="oS" value="connect"/><string name="l0" value="ladder"/><string name="l1" value="0"/><string name="l2" value="1"/><int name="x" value="-845"/><int name="y" value="773"/><int name="z" value="3"/><int name="f" value="0"/><int name="zM" value="14"/></imgdir><imgdir name="10"><string name="oS" value="connect"/><string name="l0" value="ladder"/><string name="l1" value="0"/><string name="l2" value="2"/><int name="x" value="-845"/><int name="y" value="825"/><int name="z" value="3"/><int name="f" value="0"/><int name="zM" value="13"/></imgdir><imgdir name="11"><string name="oS" value="connect"/><string name="l0" value="ladder"/><string name="l1" value="0"/><string name="l2" value="3"/><int name="x" value="-845"/><int name="y" value="859"/><int name="z" value="3"/><int name="f" value="0"/><int name="zM" value="13"/></imgdir><imgdir name="6"><string name="oS" value="connect"/><string name="l0" value="ladder"/><string name="l1" value="0"/><string name="l2" value="3"/><int name="x" value="-848"/><int name="y" value="1666"/><int name="z" value="3"/><int name="f" value="0"/><int name="zM" value="4"/></imgdir><imgdir name="7"><string name="oS" value="connect"/><string name="l0" value="ladder"/><string name="l1" value="0"/><string name="l2" value="2"/><int name="x" value="-848"/><int name="y" value="1631"/><int name="z" value="3"/><int name="f" value="0"/><int name="zM" value="5"/></imgdir><imgdir name="5"><string name="oS" value="connect"/><string name="l0" value="ladder"/><string name="l1" value="0"/><string name="l2" value="1"/><int name="x" value="-848"/><int name="y" value="1579"/><int name="z" value="3"/><int name="f" value="0"/><int name="zM" value="6"/></imgdir><imgdir name="4"><string name="oS" value="connect"/><string name="l0" value="ladder"/><string name="l1" value="0"/><string name="l2" value="0"/><int name="x" value="-848"/><int name="y" value="1544"/><int name="z" value="3"/><int name="f" value="0"/><int name="zM" value="6"/></imgdir><imgdir name="3"><string name="oS" value="connect"/><string name="l0" value="ladder"/><string name="l1" value="0"/><string name="l2" value="3"/><int name="x" value="-841"/><int name="y" value="1276"/><int name="z" value="3"/><int name="f" value="0"/><int name="zM" value="8"/></imgdir><imgdir name="2"><string name="oS" value="connect"/><string name="l0" value="ladder"/><string name="l1" value="0"/><string name="l2" value="2"/><int name="x" value="-841"/><int name="y" value="1241"/><int name="z" value="3"/><int name="f" value="0"/><int name="zM" value="9"/></imgdir><imgdir name="1"><string name="oS" value="connect"/><string name="l0" value="ladder"/><string name="l1" value="0"/><string name="l2" value="1"/><int name="x" value="-841"/><int name="y" value="1189"/><int name="z" value="3"/><int name="f" value="0"/><int name="zM" value="10"/></imgdir><imgdir name="0"><string name="oS" value="connect"/><string name="l0" value="ladder"/><string name="l1" value="0"/><string name="l2" value="0"/><int name="x" value="-841"/><int name="y" value="1154"/><int name="z" value="3"/><int name="f" value="0"/><int name="zM" value="10"/></imgdir></imgdir></imgdir><imgdir name="3"><imgdir name="info"></imgdir><imgdir name="tile"></imgdir><imgdir name="obj"></imgdir></imgdir><imgdir name="4"><imgdir name="info"></imgdir><imgdir name="tile"></imgdir><imgdir name="obj"></imgdir></imgdir><imgdir name="5"><imgdir name="info"></imgdir><imgdir name="tile"></imgdir><imgdir name="obj"></imgdir></imgdir><imgdir name="6"><imgdir name="info"></imgdir><imgdir name="tile"></imgdir><imgdir name="obj"></imgdir></imgdir><imgdir name="7"><imgdir name="info"></imgdir><imgdir name="tile"></imgdir><imgdir name="obj"></imgdir></imgdir><imgdir name="reactor"><imgdir name="0"><string name="id" value="1012000"/><int name="x" value="-1229"/><int name="y" value="1405"/><int name="reactorTime" value="300"/><int name="f" value="0"/><string name="name" value=""/></imgdir><imgdir name="1"><string name="id" value="1012000"/><int name="x" value="-436"/><int name="y" value="604"/><int name="reactorTime" value="300"/><int name="f" value="1"/><string name="name" value=""/></imgdir><imgdir name="2"><string name="id" value="1012000"/><int name="x" value="-1221"/><int name="y" value="1018"/><int name="reactorTime" value="250"/><int name="f" value="0"/><string name="name" value=""/></imgdir><imgdir name="3"><string name="id" value="1012000"/><int name="x" value="-952"/><int name="y" value="2113"/><int name="reactorTime" value="200"/><int name="f" value="0"/><string name="name" value=""/></imgdir><imgdir name="4"><string name="id" value="1012000"/><int name="x" value="-1559"/><int name="y" value="1985"/><int name="reactorTime" value="120"/><int name="f" value="0"/><string name="name" value=""/></imgdir></imgdir><imgdir name="foothold"><imgdir name="1"><imgdir name="0"><imgdir name="1"><int name="x1" value="-1569"/><int name="y1" value="2007"/><int name="x2" value="-1557"/><int name="y2" value="2012"/><int name="prev" value="2"/><int name="next" value="10"/></imgdir><imgdir name="2"><int name="x1" value="-1635"/><int name="y1" value="2004"/><int name="x2" value="-1569"/><int name="y2" value="2007"/><int name="prev" value="3"/><int name="next" value="1"/></imgdir><imgdir name="3"><int name="x1" value="-1673"/><int name="y1" value="2011"/><int name="x2" value="-1635"/><int name="y2" value="2004"/><int name="prev" value="0"/><int name="next" value="2"/></imgdir><imgdir name="4"><int name="x1" value="-1402"/><int name="y1" value="2018"/><int name="x2" value="-1396"/><int name="y2" value="2022"/><int name="prev" value="5"/><int name="next" value="11"/></imgdir><imgdir name="5"><int name="x1" value="-1457"/><int name="y1" value="2018"/><int name="x2" value="-1402"/><int name="y2" value="2018"/><int name="prev" value="6"/><int name="next" value="4"/></imgdir><imgdir name="6"><int name="x1" value="-1473"/><int name="y1" value="2014"/><int name="x2" value="-1457"/><int name="y2" value="2018"/><int name="prev" value="7"/><int name="next" value="5"/></imgdir><imgdir name="7"><int name="x1" value="-1525"/><int name="y1" value="2014"/><int name="x2" value="-1473"/><int name="y2" value="2014"/><int name="prev" value="8"/><int name="next" value="6"/></imgdir><imgdir name="8"><int name="x1" value="-1535"/><int name="y1" value="2009"/><int name="x2" value="-1525"/><int name="y2" value="2014"/><int name="prev" value="9"/><int name="next" value="7"/></imgdir><imgdir name="9"><int name="x1" value="-1555"/><int name="y1" value="2011"/><int name="x2" value="-1535"/><int name="y2" value="2009"/><int name="prev" value="10"/><int name="next" value="8"/></imgdir><imgdir name="10"><int name="x1" value="-1557"/><int name="y1" value="2012"/><int name="x2" value="-1555"/><int name="y2" value="2011"/><int name="prev" value="1"/><int name="next" value="9"/></imgdir><imgdir name="11"><int name="x1" value="-1396"/><int name="y1" value="2022"/><int name="x2" value="-1359"/><int name="y2" value="2024"/><int name="prev" value="4"/><int name="next" value="12"/></imgdir><imgdir name="12"><int name="x1" value="-1359"/><int name="y1" value="2024"/><int name="x2" value="-1303"/><int name="y2" value="2020"/><int name="prev" value="11"/><int name="next" value="13"/></imgdir><imgdir name="13"><int name="x1" value="-1303"/><int name="y1" value="2020"/><int name="x2" value="-1237"/><int name="y2" value="2023"/><int name="prev" value="12"/><int name="next" value="14"/></imgdir><imgdir name="14"><int name="x1" value="-1237"/><int name="y1" value="2023"/><int name="x2" value="-1201"/><int name="y2" value="2050"/><int name="prev" value="13"/><int name="next" value="15"/></imgdir><imgdir name="15"><int name="x1" value="-1201"/><int name="y1" value="2050"/><int name="x2" value="-1178"/><int name="y2" value="2069"/><int name="prev" value="14"/><int name="next" value="16"/></imgdir><imgdir name="16"><int name="x1" value="-1178"/><int name="y1" value="2069"/><int name="x2" value="-1152"/><int name="y2" value="2086"/><int name="prev" value="15"/><int name="next" value="17"/></imgdir><imgdir name="17"><int name="x1" value="-1152"/><int name="y1" value="2086"/><int name="x2" value="-1111"/><int name="y2" value="2105"/><int name="prev" value="16"/><int name="next" value="18"/></imgdir><imgdir name="18"><int name="x1" value="-1111"/><int name="y1" value="2105"/><int name="x2" value="-1036"/><int name="y2" value="2124"/><int name="prev" value="17"/><int name="next" value="19"/></imgdir><imgdir name="19"><int name="x1" value="-1036"/><int name="y1" value="2124"/><int name="x2" value="-993"/><int name="y2" value="2128"/><int name="prev" value="18"/><int name="next" value="20"/></imgdir><imgdir name="20"><int name="x1" value="-993"/><int name="y1" value="2128"/><int name="x2" value="-950"/><int name="y2" value="2143"/><int name="prev" value="19"/><int name="next" value="103"/></imgdir></imgdir><imgdir name="12"><imgdir name="21"><int name="x1" value="-757"/><int name="y1" value="737"/><int name="x2" value="-685"/><int name="y2" value="734"/><int name="prev" value="35"/><int name="next" value="22"/></imgdir><imgdir name="22"><int name="x1" value="-685"/><int name="y1" value="734"/><int name="x2" value="-649"/><int name="y2" value="725"/><int name="prev" value="21"/><int name="next" value="23"/></imgdir><imgdir name="23"><int name="x1" value="-649"/><int name="y1" value="725"/><int name="x2" value="-593"/><int name="y2" value="704"/><int name="prev" value="22"/><int name="next" value="24"/></imgdir><imgdir name="24"><int name="x1" value="-593"/><int name="y1" value="704"/><int name="x2" value="-549"/><int name="y2" value="677"/><int name="prev" value="23"/><int name="next" value="25"/></imgdir><imgdir name="25"><int name="x1" value="-549"/><int name="y1" value="677"/><int name="x2" value="-508"/><int name="y2" value="639"/><int name="prev" value="24"/><int name="next" value="26"/></imgdir><imgdir name="26"><int name="x1" value="-508"/><int name="y1" value="639"/><int name="x2" value="-491"/><int name="y2" value="629"/><int name="prev" value="25"/><int name="next" value="27"/></imgdir><imgdir name="27"><int name="x1" value="-491"/><int name="y1" value="629"/><int name="x2" value="-462"/><int name="y2" value="625"/><int name="prev" value="26"/><int name="next" value="28"/></imgdir><imgdir name="28"><int name="x1" value="-462"/><int name="y1" value="625"/><int name="x2" value="-431"/><int name="y2" value="631"/><int name="prev" value="27"/><int name="next" value="29"/></imgdir><imgdir name="29"><int name="x1" value="-431"/><int name="y1" value="631"/><int name="x2" value="-420"/><int name="y2" value="639"/><int name="prev" value="28"/><int name="next" value="0"/></imgdir><imgdir name="30"><int name="x1" value="-907"/><int name="y1" value="748"/><int name="x2" value="-882"/><int name="y2" value="739"/><int name="prev" value="214"/><int name="next" value="31"/></imgdir><imgdir name="31"><int name="x1" value="-882"/><int name="y1" value="739"/><int name="x2" value="-853"/><int name="y2" value="743"/><int name="prev" value="30"/><int name="next" value="32"/></imgdir><imgdir name="32"><int name="x1" value="-853"/><int name="y1" value="743"/><int name="x2" value="-823"/><int name="y2" value="743"/><int name="prev" value="31"/><int name="next" value="33"/></imgdir><imgdir name="33"><int name="x1" value="-823"/><int name="y1" value="743"/><int name="x2" value="-812"/><int name="y2" value="741"/><int name="prev" value="32"/><int name="next" value="34"/></imgdir><imgdir name="34"><int name="x1" value="-812"/><int name="y1" value="741"/><int name="x2" value="-780"/><int name="y2" value="748"/><int name="prev" value="33"/><int name="next" value="35"/></imgdir><imgdir name="35"><int name="x1" value="-780"/><int name="y1" value="748"/><int name="x2" value="-757"/><int name="y2" value="737"/><int name="prev" value="34"/><int name="next" value="21"/></imgdir><imgdir name="36"><int name="x1" value="-424"/><int name="y1" value="820"/><int name="x2" value="-396"/><int name="y2" value="827"/><int name="prev" value="57"/><int name="next" value="37"/></imgdir><imgdir name="37"><int name="x1" value="-396"/><int name="y1" value="827"/><int name="x2" value="-331"/><int name="y2" value="823"/><int name="prev" value="36"/><int name="next" value="0"/></imgdir><imgdir name="38"><int name="x1" value="-957"/><int name="y1" value="936"/><int name="x2" value="-939"/><int name="y2" value="930"/><int name="prev" value="225"/><int name="next" value="39"/></imgdir><imgdir name="39"><int name="x1" value="-939"/><int name="y1" value="930"/><int name="x2" value="-910"/><int name="y2" value="934"/><int name="prev" value="38"/><int name="next" value="40"/></imgdir><imgdir name="40"><int name="x1" value="-910"/><int name="y1" value="934"/><int name="x2" value="-880"/><int name="y2" value="934"/><int name="prev" value="39"/><int name="next" value="41"/></imgdir><imgdir name="41"><int name="x1" value="-880"/><int name="y1" value="934"/><int name="x2" value="-869"/><int name="y2" value="932"/><int name="prev" value="40"/><int name="next" value="42"/></imgdir><imgdir name="42"><int name="x1" value="-869"/><int name="y1" value="932"/><int name="x2" value="-847"/><int name="y2" value="936"/><int name="prev" value="41"/><int name="next" value="43"/></imgdir><imgdir name="43"><int name="x1" value="-847"/><int name="y1" value="936"/><int name="x2" value="-829"/><int name="y2" value="930"/><int name="prev" value="42"/><int name="next" value="44"/></imgdir><imgdir name="44"><int name="x1" value="-829"/><int name="y1" value="930"/><int name="x2" value="-800"/><int name="y2" value="934"/><int name="prev" value="43"/><int name="next" value="45"/></imgdir><imgdir name="45"><int name="x1" value="-800"/><int name="y1" value="934"/><int name="x2" value="-770"/><int name="y2" value="934"/><int name="prev" value="44"/><int name="next" value="46"/></imgdir><imgdir name="46"><int name="x1" value="-770"/><int name="y1" value="934"/><int name="x2" value="-759"/><int name="y2" value="932"/><int name="prev" value="45"/><int name="next" value="47"/></imgdir><imgdir name="47"><int name="x1" value="-759"/><int name="y1" value="932"/><int name="x2" value="-733"/><int name="y2" value="937"/><int name="prev" value="46"/><int name="next" value="48"/></imgdir><imgdir name="48"><int name="x1" value="-733"/><int name="y1" value="937"/><int name="x2" value="-726"/><int name="y2" value="934"/><int name="prev" value="47"/><int name="next" value="49"/></imgdir><imgdir name="49"><int name="x1" value="-726"/><int name="y1" value="934"/><int name="x2" value="-654"/><int name="y2" value="931"/><int name="prev" value="48"/><int name="next" value="50"/></imgdir><imgdir name="50"><int name="x1" value="-654"/><int name="y1" value="931"/><int name="x2" value="-618"/><int name="y2" value="922"/><int name="prev" value="49"/><int name="next" value="51"/></imgdir><imgdir name="51"><int name="x1" value="-618"/><int name="y1" value="922"/><int name="x2" value="-562"/><int name="y2" value="901"/><int name="prev" value="50"/><int name="next" value="52"/></imgdir><imgdir name="52"><int name="x1" value="-562"/><int name="y1" value="901"/><int name="x2" value="-518"/><int name="y2" value="874"/><int name="prev" value="51"/><int name="next" value="53"/></imgdir><imgdir name="53"><int name="x1" value="-518"/><int name="y1" value="874"/><int name="x2" value="-477"/><int name="y2" value="836"/><int name="prev" value="52"/><int name="next" value="54"/></imgdir><imgdir name="54"><int name="x1" value="-477"/><int name="y1" value="836"/><int name="x2" value="-460"/><int name="y2" value="826"/><int name="prev" value="53"/><int name="next" value="55"/></imgdir><imgdir name="55"><int name="x1" value="-460"/><int name="y1" value="826"/><int name="x2" value="-431"/><int name="y2" value="822"/><int name="prev" value="54"/><int name="next" value="56"/></imgdir><imgdir name="56"><int name="x1" value="-431"/><int name="y1" value="822"/><int name="x2" value="-430"/><int name="y2" value="822"/><int name="prev" value="55"/><int name="next" value="57"/></imgdir><imgdir name="57"><int name="x1" value="-430"/><int name="y1" value="822"/><int name="x2" value="-424"/><int name="y2" value="820"/><int name="prev" value="56"/><int name="next" value="36"/></imgdir><imgdir name="58"><int name="x1" value="-1303"/><int name="y1" value="420"/><int name="x2" value="-1301"/><int name="y2" value="419"/><int name="prev" value="256"/><int name="next" value="59"/></imgdir><imgdir name="59"><int name="x1" value="-1301"/><int name="y1" value="419"/><int name="x2" value="-1235"/><int name="y2" value="422"/><int name="prev" value="58"/><int name="next" value="60"/></imgdir><imgdir name="60"><int name="x1" value="-1235"/><int name="y1" value="422"/><int name="x2" value="-1199"/><int name="y2" value="449"/><int name="prev" value="59"/><int name="next" value="61"/></imgdir><imgdir name="61"><int name="x1" value="-1199"/><int name="y1" value="449"/><int name="x2" value="-1176"/><int name="y2" value="468"/><int name="prev" value="60"/><int name="next" value="62"/></imgdir><imgdir name="62"><int name="x1" value="-1176"/><int name="y1" value="468"/><int name="x2" value="-1150"/><int name="y2" value="485"/><int name="prev" value="61"/><int name="next" value="63"/></imgdir><imgdir name="63"><int name="x1" value="-1150"/><int name="y1" value="485"/><int name="x2" value="-1109"/><int name="y2" value="504"/><int name="prev" value="62"/><int name="next" value="64"/></imgdir><imgdir name="64"><int name="x1" value="-1109"/><int name="y1" value="504"/><int name="x2" value="-1034"/><int name="y2" value="523"/><int name="prev" value="63"/><int name="next" value="65"/></imgdir><imgdir name="65"><int name="x1" value="-1034"/><int name="y1" value="523"/><int name="x2" value="-991"/><int name="y2" value="527"/><int name="prev" value="64"/><int name="next" value="66"/></imgdir><imgdir name="66"><int name="x1" value="-991"/><int name="y1" value="527"/><int name="x2" value="-950"/><int name="y2" value="540"/><int name="prev" value="65"/><int name="next" value="67"/></imgdir><imgdir name="67"><int name="x1" value="-950"/><int name="y1" value="540"/><int name="x2" value="-938"/><int name="y2" value="536"/><int name="prev" value="66"/><int name="next" value="68"/></imgdir><imgdir name="68"><int name="x1" value="-938"/><int name="y1" value="536"/><int name="x2" value="-909"/><int name="y2" value="540"/><int name="prev" value="67"/><int name="next" value="69"/></imgdir><imgdir name="69"><int name="x1" value="-909"/><int name="y1" value="540"/><int name="x2" value="-879"/><int name="y2" value="540"/><int name="prev" value="68"/><int name="next" value="70"/></imgdir><imgdir name="70"><int name="x1" value="-879"/><int name="y1" value="540"/><int name="x2" value="-868"/><int name="y2" value="538"/><int name="prev" value="69"/><int name="next" value="71"/></imgdir><imgdir name="71"><int name="x1" value="-868"/><int name="y1" value="538"/><int name="x2" value="-843"/><int name="y2" value="543"/><int name="prev" value="70"/><int name="next" value="72"/></imgdir><imgdir name="72"><int name="x1" value="-843"/><int name="y1" value="543"/><int name="x2" value="-832"/><int name="y2" value="539"/><int name="prev" value="71"/><int name="next" value="73"/></imgdir><imgdir name="73"><int name="x1" value="-832"/><int name="y1" value="539"/><int name="x2" value="-803"/><int name="y2" value="543"/><int name="prev" value="72"/><int name="next" value="74"/></imgdir><imgdir name="74"><int name="x1" value="-803"/><int name="y1" value="543"/><int name="x2" value="-773"/><int name="y2" value="543"/><int name="prev" value="73"/><int name="next" value="75"/></imgdir><imgdir name="75"><int name="x1" value="-773"/><int name="y1" value="543"/><int name="x2" value="-762"/><int name="y2" value="541"/><int name="prev" value="74"/><int name="next" value="76"/></imgdir><imgdir name="76"><int name="x1" value="-762"/><int name="y1" value="541"/><int name="x2" value="-743"/><int name="y2" value="545"/><int name="prev" value="75"/><int name="next" value="77"/></imgdir><imgdir name="77"><int name="x1" value="-743"/><int name="y1" value="545"/><int name="x2" value="-728"/><int name="y2" value="538"/><int name="prev" value="76"/><int name="next" value="78"/></imgdir><imgdir name="78"><int name="x1" value="-728"/><int name="y1" value="538"/><int name="x2" value="-656"/><int name="y2" value="535"/><int name="prev" value="77"/><int name="next" value="79"/></imgdir><imgdir name="79"><int name="x1" value="-656"/><int name="y1" value="535"/><int name="x2" value="-620"/><int name="y2" value="526"/><int name="prev" value="78"/><int name="next" value="80"/></imgdir><imgdir name="80"><int name="x1" value="-620"/><int name="y1" value="526"/><int name="x2" value="-564"/><int name="y2" value="505"/><int name="prev" value="79"/><int name="next" value="81"/></imgdir><imgdir name="81"><int name="x1" value="-564"/><int name="y1" value="505"/><int name="x2" value="-520"/><int name="y2" value="478"/><int name="prev" value="80"/><int name="next" value="82"/></imgdir><imgdir name="82"><int name="x1" value="-520"/><int name="y1" value="478"/><int name="x2" value="-479"/><int name="y2" value="440"/><int name="prev" value="81"/><int name="next" value="83"/></imgdir><imgdir name="83"><int name="x1" value="-479"/><int name="y1" value="440"/><int name="x2" value="-462"/><int name="y2" value="430"/><int name="prev" value="82"/><int name="next" value="84"/></imgdir><imgdir name="84"><int name="x1" value="-462"/><int name="y1" value="430"/><int name="x2" value="-452"/><int name="y2" value="429"/><int name="prev" value="83"/><int name="next" value="259"/></imgdir></imgdir><imgdir name="1"><imgdir name="85"><int name="x1" value="-839"/><int name="y1" value="2135"/><int name="x2" value="-810"/><int name="y2" value="2139"/><int name="prev" value="93"/><int name="next" value="86"/></imgdir><imgdir name="86"><int name="x1" value="-810"/><int name="y1" value="2139"/><int name="x2" value="-780"/><int name="y2" value="2139"/><int name="prev" value="85"/><int name="next" value="87"/></imgdir><imgdir name="87"><int name="x1" value="-780"/><int name="y1" value="2139"/><int name="x2" value="-769"/><int name="y2" value="2137"/><int name="prev" value="86"/><int name="next" value="88"/></imgdir><imgdir name="88"><int name="x1" value="-769"/><int name="y1" value="2137"/><int name="x2" value="-751"/><int name="y2" value="2140"/><int name="prev" value="87"/><int name="next" value="94"/></imgdir><imgdir name="89"><int name="x1" value="-938"/><int name="y1" value="2138"/><int name="x2" value="-909"/><int name="y2" value="2142"/><int name="prev" value="103"/><int name="next" value="90"/></imgdir><imgdir name="90"><int name="x1" value="-909"/><int name="y1" value="2142"/><int name="x2" value="-879"/><int name="y2" value="2142"/><int name="prev" value="89"/><int name="next" value="91"/></imgdir><imgdir name="91"><int name="x1" value="-879"/><int name="y1" value="2142"/><int name="x2" value="-868"/><int name="y2" value="2140"/><int name="prev" value="90"/><int name="next" value="92"/></imgdir><imgdir name="92"><int name="x1" value="-868"/><int name="y1" value="2140"/><int name="x2" value="-858"/><int name="y2" value="2142"/><int name="prev" value="91"/><int name="next" value="93"/></imgdir><imgdir name="93"><int name="x1" value="-858"/><int name="y1" value="2142"/><int name="x2" value="-839"/><int name="y2" value="2135"/><int name="prev" value="92"/><int name="next" value="85"/></imgdir><imgdir name="94"><int name="x1" value="-751"/><int name="y1" value="2140"/><int name="x2" value="-741"/><int name="y2" value="2136"/><int name="prev" value="88"/><int name="next" value="95"/></imgdir><imgdir name="95"><int name="x1" value="-741"/><int name="y1" value="2136"/><int name="x2" value="-669"/><int name="y2" value="2133"/><int name="prev" value="94"/><int name="next" value="96"/></imgdir><imgdir name="96"><int name="x1" value="-669"/><int name="y1" value="2133"/><int name="x2" value="-633"/><int name="y2" value="2124"/><int name="prev" value="95"/><int name="next" value="97"/></imgdir><imgdir name="97"><int name="x1" value="-633"/><int name="y1" value="2124"/><int name="x2" value="-577"/><int name="y2" value="2103"/><int name="prev" value="96"/><int name="next" value="98"/></imgdir><imgdir name="98"><int name="x1" value="-577"/><int name="y1" value="2103"/><int name="x2" value="-533"/><int name="y2" value="2076"/><int name="prev" value="97"/><int name="next" value="99"/></imgdir><imgdir name="99"><int name="x1" value="-533"/><int name="y1" value="2076"/><int name="x2" value="-492"/><int name="y2" value="2038"/><int name="prev" value="98"/><int name="next" value="100"/></imgdir><imgdir name="100"><int name="x1" value="-492"/><int name="y1" value="2038"/><int name="x2" value="-475"/><int name="y2" value="2028"/><int name="prev" value="99"/><int name="next" value="101"/></imgdir><imgdir name="101"><int name="x1" value="-475"/><int name="y1" value="2028"/><int name="x2" value="-446"/><int name="y2" value="2024"/><int name="prev" value="100"/><int name="next" value="102"/></imgdir><imgdir name="102"><int name="x1" value="-446"/><int name="y1" value="2024"/><int name="x2" value="-440"/><int name="y2" value="2025"/><int name="prev" value="101"/><int name="next" value="139"/></imgdir><imgdir name="103"><int name="x1" value="-950"/><int name="y1" value="2143"/><int name="x2" value="-938"/><int name="y2" value="2138"/><int name="prev" value="20"/><int name="next" value="89"/></imgdir></imgdir><imgdir name="2"><imgdir name="104"><int name="x1" value="-170"/><int name="y1" value="2011"/><int name="x2" value="-104"/><int name="y2" value="2008"/><int name="prev" value="112"/><int name="next" value="105"/></imgdir><imgdir name="105"><int name="x1" value="-104"/><int name="y1" value="2008"/><int name="x2" value="-66"/><int name="y2" value="2015"/><int name="prev" value="104"/><int name="next" value="0"/></imgdir><imgdir name="106"><int name="x1" value="-343"/><int name="y1" value="2020"/><int name="x2" value="-288"/><int name="y2" value="2020"/><int name="prev" value="115"/><int name="next" value="107"/></imgdir><imgdir name="107"><int name="x1" value="-288"/><int name="y1" value="2020"/><int name="x2" value="-272"/><int name="y2" value="2016"/><int name="prev" value="106"/><int name="next" value="108"/></imgdir><imgdir name="108"><int name="x1" value="-272"/><int name="y1" value="2016"/><int name="x2" value="-220"/><int name="y2" value="2016"/><int name="prev" value="107"/><int name="next" value="109"/></imgdir><imgdir name="109"><int name="x1" value="-220"/><int name="y1" value="2016"/><int name="x2" value="-210"/><int name="y2" value="2011"/><int name="prev" value="108"/><int name="next" value="110"/></imgdir><imgdir name="110"><int name="x1" value="-210"/><int name="y1" value="2011"/><int name="x2" value="-190"/><int name="y2" value="2013"/><int name="prev" value="109"/><int name="next" value="111"/></imgdir><imgdir name="111"><int name="x1" value="-190"/><int name="y1" value="2013"/><int name="x2" value="-181"/><int name="y2" value="2016"/><int name="prev" value="110"/><int name="next" value="112"/></imgdir><imgdir name="112"><int name="x1" value="-181"/><int name="y1" value="2016"/><int name="x2" value="-170"/><int name="y2" value="2011"/><int name="prev" value="111"/><int name="next" value="104"/></imgdir><imgdir name="113"><int name="x1" value="-424"/><int name="y1" value="2020"/><int name="x2" value="-396"/><int name="y2" value="2027"/><int name="prev" value="139"/><int name="next" value="114"/></imgdir><imgdir name="114"><int name="x1" value="-396"/><int name="y1" value="2027"/><int name="x2" value="-349"/><int name="y2" value="2025"/><int name="prev" value="113"/><int name="next" value="115"/></imgdir><imgdir name="115"><int name="x1" value="-349"/><int name="y1" value="2025"/><int name="x2" value="-343"/><int name="y2" value="2020"/><int name="prev" value="114"/><int name="next" value="106"/></imgdir><imgdir name="116"><int name="x1" value="-757"/><int name="y1" value="1746"/><int name="x2" value="-741"/><int name="y2" value="1739"/><int name="prev" value="186"/><int name="next" value="117"/></imgdir><imgdir name="117"><int name="x1" value="-741"/><int name="y1" value="1739"/><int name="x2" value="-669"/><int name="y2" value="1736"/><int name="prev" value="116"/><int name="next" value="118"/></imgdir><imgdir name="118"><int name="x1" value="-669"/><int name="y1" value="1736"/><int name="x2" value="-633"/><int name="y2" value="1727"/><int name="prev" value="117"/><int name="next" value="119"/></imgdir><imgdir name="119"><int name="x1" value="-633"/><int name="y1" value="1727"/><int name="x2" value="-577"/><int name="y2" value="1706"/><int name="prev" value="118"/><int name="next" value="120"/></imgdir><imgdir name="120"><int name="x1" value="-577"/><int name="y1" value="1706"/><int name="x2" value="-533"/><int name="y2" value="1679"/><int name="prev" value="119"/><int name="next" value="121"/></imgdir><imgdir name="121"><int name="x1" value="-533"/><int name="y1" value="1679"/><int name="x2" value="-492"/><int name="y2" value="1641"/><int name="prev" value="120"/><int name="next" value="122"/></imgdir><imgdir name="122"><int name="x1" value="-492"/><int name="y1" value="1641"/><int name="x2" value="-475"/><int name="y2" value="1631"/><int name="prev" value="121"/><int name="next" value="123"/></imgdir><imgdir name="123"><int name="x1" value="-475"/><int name="y1" value="1631"/><int name="x2" value="-448"/><int name="y2" value="1628"/><int name="prev" value="122"/><int name="next" value="125"/></imgdir><imgdir name="124"><int name="x1" value="-446"/><int name="y1" value="1627"/><int name="x2" value="-445"/><int name="y2" value="1627"/><int name="prev" value="125"/><int name="next" value="126"/></imgdir><imgdir name="125"><int name="x1" value="-448"/><int name="y1" value="1628"/><int name="x2" value="-446"/><int name="y2" value="1627"/><int name="prev" value="123"/><int name="next" value="124"/></imgdir><imgdir name="126"><int name="x1" value="-445"/><int name="y1" value="1627"/><int name="x2" value="-424"/><int name="y2" value="1620"/><int name="prev" value="124"/><int name="next" value="127"/></imgdir><imgdir name="127"><int name="x1" value="-424"/><int name="y1" value="1620"/><int name="x2" value="-396"/><int name="y2" value="1627"/><int name="prev" value="126"/><int name="next" value="128"/></imgdir><imgdir name="128"><int name="x1" value="-396"/><int name="y1" value="1627"/><int name="x2" value="-331"/><int name="y2" value="1623"/><int name="prev" value="127"/><int name="next" value="0"/></imgdir><imgdir name="129"><int name="x1" value="-781"/><int name="y1" value="1555"/><int name="x2" value="-757"/><int name="y2" value="1544"/><int name="prev" value="166"/><int name="next" value="130"/></imgdir><imgdir name="130"><int name="x1" value="-757"/><int name="y1" value="1544"/><int name="x2" value="-685"/><int name="y2" value="1541"/><int name="prev" value="129"/><int name="next" value="131"/></imgdir><imgdir name="131"><int name="x1" value="-685"/><int name="y1" value="1541"/><int name="x2" value="-649"/><int name="y2" value="1532"/><int name="prev" value="130"/><int name="next" value="132"/></imgdir><imgdir name="132"><int name="x1" value="-649"/><int name="y1" value="1532"/><int name="x2" value="-593"/><int name="y2" value="1511"/><int name="prev" value="131"/><int name="next" value="133"/></imgdir><imgdir name="133"><int name="x1" value="-593"/><int name="y1" value="1511"/><int name="x2" value="-549"/><int name="y2" value="1484"/><int name="prev" value="132"/><int name="next" value="134"/></imgdir><imgdir name="134"><int name="x1" value="-549"/><int name="y1" value="1484"/><int name="x2" value="-508"/><int name="y2" value="1446"/><int name="prev" value="133"/><int name="next" value="135"/></imgdir><imgdir name="135"><int name="x1" value="-508"/><int name="y1" value="1446"/><int name="x2" value="-491"/><int name="y2" value="1436"/><int name="prev" value="134"/><int name="next" value="136"/></imgdir><imgdir name="136"><int name="x1" value="-491"/><int name="y1" value="1436"/><int name="x2" value="-462"/><int name="y2" value="1432"/><int name="prev" value="135"/><int name="next" value="137"/></imgdir><imgdir name="137"><int name="x1" value="-462"/><int name="y1" value="1432"/><int name="x2" value="-431"/><int name="y2" value="1438"/><int name="prev" value="136"/><int name="next" value="138"/></imgdir><imgdir name="138"><int name="x1" value="-431"/><int name="y1" value="1438"/><int name="x2" value="-420"/><int name="y2" value="1446"/><int name="prev" value="137"/><int name="next" value="0"/></imgdir><imgdir name="139"><int name="x1" value="-440"/><int name="y1" value="2025"/><int name="x2" value="-424"/><int name="y2" value="2020"/><int name="prev" value="102"/><int name="next" value="113"/></imgdir><imgdir name="140"><int name="x1" value="-739"/><int name="y1" value="1345"/><int name="x2" value="-720"/><int name="y2" value="1337"/><int name="prev" value="205"/><int name="next" value="141"/></imgdir><imgdir name="141"><int name="x1" value="-720"/><int name="y1" value="1337"/><int name="x2" value="-648"/><int name="y2" value="1334"/><int name="prev" value="140"/><int name="next" value="142"/></imgdir><imgdir name="142"><int name="x1" value="-648"/><int name="y1" value="1334"/><int name="x2" value="-612"/><int name="y2" value="1325"/><int name="prev" value="141"/><int name="next" value="143"/></imgdir><imgdir name="143"><int name="x1" value="-612"/><int name="y1" value="1325"/><int name="x2" value="-556"/><int name="y2" value="1304"/><int name="prev" value="142"/><int name="next" value="144"/></imgdir><imgdir name="144"><int name="x1" value="-556"/><int name="y1" value="1304"/><int name="x2" value="-512"/><int name="y2" value="1277"/><int name="prev" value="143"/><int name="next" value="145"/></imgdir><imgdir name="145"><int name="x1" value="-512"/><int name="y1" value="1277"/><int name="x2" value="-471"/><int name="y2" value="1239"/><int name="prev" value="144"/><int name="next" value="146"/></imgdir><imgdir name="146"><int name="x1" value="-471"/><int name="y1" value="1239"/><int name="x2" value="-454"/><int name="y2" value="1229"/><int name="prev" value="145"/><int name="next" value="147"/></imgdir><imgdir name="147"><int name="x1" value="-454"/><int name="y1" value="1229"/><int name="x2" value="-447"/><int name="y2" value="1228"/><int name="prev" value="146"/><int name="next" value="254"/></imgdir><imgdir name="148"><int name="x1" value="-238"/><int name="y1" value="1868"/><int name="x2" value="-202"/><int name="y2" value="1855"/><int name="prev" value="0"/><int name="next" value="149"/></imgdir><imgdir name="149"><int name="x1" value="-202"/><int name="y1" value="1855"/><int name="x2" value="-173"/><int name="y2" value="1859"/><int name="prev" value="148"/><int name="next" value="150"/></imgdir><imgdir name="150"><int name="x1" value="-173"/><int name="y1" value="1859"/><int name="x2" value="-143"/><int name="y2" value="1859"/><int name="prev" value="149"/><int name="next" value="151"/></imgdir><imgdir name="151"><int name="x1" value="-143"/><int name="y1" value="1859"/><int name="x2" value="-132"/><int name="y2" value="1857"/><int name="prev" value="150"/><int name="next" value="152"/></imgdir><imgdir name="152"><int name="x1" value="-132"/><int name="y1" value="1857"/><int name="x2" value="-100"/><int name="y2" value="1864"/><int name="prev" value="151"/><int name="next" value="0"/></imgdir></imgdir><imgdir name="3"><imgdir name="153"><int name="x1" value="-1287"/><int name="y1" value="1442"/><int name="x2" value="-1262"/><int name="y2" value="1430"/><int name="prev" value="0"/><int name="next" value="154"/></imgdir><imgdir name="154"><int name="x1" value="-1262"/><int name="y1" value="1430"/><int name="x2" value="-1196"/><int name="y2" value="1433"/><int name="prev" value="153"/><int name="next" value="155"/></imgdir><imgdir name="155"><int name="x1" value="-1196"/><int name="y1" value="1433"/><int name="x2" value="-1160"/><int name="y2" value="1460"/><int name="prev" value="154"/><int name="next" value="156"/></imgdir><imgdir name="156"><int name="x1" value="-1160"/><int name="y1" value="1460"/><int name="x2" value="-1137"/><int name="y2" value="1479"/><int name="prev" value="155"/><int name="next" value="157"/></imgdir><imgdir name="157"><int name="x1" value="-1137"/><int name="y1" value="1479"/><int name="x2" value="-1111"/><int name="y2" value="1496"/><int name="prev" value="156"/><int name="next" value="158"/></imgdir><imgdir name="158"><int name="x1" value="-1111"/><int name="y1" value="1496"/><int name="x2" value="-1070"/><int name="y2" value="1515"/><int name="prev" value="157"/><int name="next" value="159"/></imgdir><imgdir name="159"><int name="x1" value="-1070"/><int name="y1" value="1515"/><int name="x2" value="-995"/><int name="y2" value="1534"/><int name="prev" value="158"/><int name="next" value="160"/></imgdir><imgdir name="160"><int name="x1" value="-995"/><int name="y1" value="1534"/><int name="x2" value="-952"/><int name="y2" value="1538"/><int name="prev" value="159"/><int name="next" value="161"/></imgdir><imgdir name="161"><int name="x1" value="-952"/><int name="y1" value="1538"/><int name="x2" value="-905"/><int name="y2" value="1554"/><int name="prev" value="160"/><int name="next" value="162"/></imgdir><imgdir name="162"><int name="x1" value="-905"/><int name="y1" value="1554"/><int name="x2" value="-883"/><int name="y2" value="1546"/><int name="prev" value="161"/><int name="next" value="163"/></imgdir><imgdir name="163"><int name="x1" value="-883"/><int name="y1" value="1546"/><int name="x2" value="-854"/><int name="y2" value="1550"/><int name="prev" value="162"/><int name="next" value="164"/></imgdir><imgdir name="164"><int name="x1" value="-854"/><int name="y1" value="1550"/><int name="x2" value="-824"/><int name="y2" value="1550"/><int name="prev" value="163"/><int name="next" value="165"/></imgdir><imgdir name="165"><int name="x1" value="-824"/><int name="y1" value="1550"/><int name="x2" value="-813"/><int name="y2" value="1548"/><int name="prev" value="164"/><int name="next" value="166"/></imgdir><imgdir name="166"><int name="x1" value="-813"/><int name="y1" value="1548"/><int name="x2" value="-781"/><int name="y2" value="1555"/><int name="prev" value="165"/><int name="next" value="129"/></imgdir><imgdir name="167"><int name="x1" value="-1423"/><int name="y1" value="1620"/><int name="x2" value="-1359"/><int name="y2" value="1624"/><int name="prev" value="0"/><int name="next" value="168"/></imgdir><imgdir name="168"><int name="x1" value="-1359"/><int name="y1" value="1624"/><int name="x2" value="-1303"/><int name="y2" value="1620"/><int name="prev" value="167"/><int name="next" value="169"/></imgdir><imgdir name="169"><int name="x1" value="-1303"/><int name="y1" value="1620"/><int name="x2" value="-1237"/><int name="y2" value="1623"/><int name="prev" value="168"/><int name="next" value="170"/></imgdir><imgdir name="170"><int name="x1" value="-1237"/><int name="y1" value="1623"/><int name="x2" value="-1201"/><int name="y2" value="1650"/><int name="prev" value="169"/><int name="next" value="171"/></imgdir><imgdir name="171"><int name="x1" value="-1201"/><int name="y1" value="1650"/><int name="x2" value="-1178"/><int name="y2" value="1669"/><int name="prev" value="170"/><int name="next" value="172"/></imgdir><imgdir name="172"><int name="x1" value="-1178"/><int name="y1" value="1669"/><int name="x2" value="-1152"/><int name="y2" value="1686"/><int name="prev" value="171"/><int name="next" value="173"/></imgdir><imgdir name="173"><int name="x1" value="-1152"/><int name="y1" value="1686"/><int name="x2" value="-1111"/><int name="y2" value="1705"/><int name="prev" value="172"/><int name="next" value="174"/></imgdir><imgdir name="174"><int name="x1" value="-1111"/><int name="y1" value="1705"/><int name="x2" value="-1036"/><int name="y2" value="1724"/><int name="prev" value="173"/><int name="next" value="175"/></imgdir><imgdir name="175"><int name="x1" value="-1036"/><int name="y1" value="1724"/><int name="x2" value="-993"/><int name="y2" value="1728"/><int name="prev" value="174"/><int name="next" value="176"/></imgdir><imgdir name="176"><int name="x1" value="-993"/><int name="y1" value="1728"/><int name="x2" value="-953"/><int name="y2" value="1741"/><int name="prev" value="175"/><int name="next" value="177"/></imgdir><imgdir name="177"><int name="x1" value="-953"/><int name="y1" value="1741"/><int name="x2" value="-943"/><int name="y2" value="1738"/><int name="prev" value="176"/><int name="next" value="178"/></imgdir><imgdir name="178"><int name="x1" value="-943"/><int name="y1" value="1738"/><int name="x2" value="-914"/><int name="y2" value="1742"/><int name="prev" value="177"/><int name="next" value="179"/></imgdir><imgdir name="179"><int name="x1" value="-914"/><int name="y1" value="1742"/><int name="x2" value="-884"/><int name="y2" value="1742"/><int name="prev" value="178"/><int name="next" value="180"/></imgdir><imgdir name="180"><int name="x1" value="-884"/><int name="y1" value="1742"/><int name="x2" value="-873"/><int name="y2" value="1740"/><int name="prev" value="179"/><int name="next" value="181"/></imgdir><imgdir name="181"><int name="x1" value="-873"/><int name="y1" value="1740"/><int name="x2" value="-853"/><int name="y2" value="1744"/><int name="prev" value="180"/><int name="next" value="182"/></imgdir><imgdir name="182"><int name="x1" value="-853"/><int name="y1" value="1744"/><int name="x2" value="-845"/><int name="y2" value="1741"/><int name="prev" value="181"/><int name="next" value="183"/></imgdir><imgdir name="183"><int name="x1" value="-845"/><int name="y1" value="1741"/><int name="x2" value="-816"/><int name="y2" value="1745"/><int name="prev" value="182"/><int name="next" value="184"/></imgdir><imgdir name="184"><int name="x1" value="-816"/><int name="y1" value="1745"/><int name="x2" value="-786"/><int name="y2" value="1745"/><int name="prev" value="183"/><int name="next" value="185"/></imgdir><imgdir name="185"><int name="x1" value="-786"/><int name="y1" value="1745"/><int name="x2" value="-775"/><int name="y2" value="1743"/><int name="prev" value="184"/><int name="next" value="186"/></imgdir><imgdir name="186"><int name="x1" value="-775"/><int name="y1" value="1743"/><int name="x2" value="-757"/><int name="y2" value="1746"/><int name="prev" value="185"/><int name="next" value="116"/></imgdir><imgdir name="187"><int name="x1" value="-1306"/><int name="y1" value="1221"/><int name="x2" value="-1302"/><int name="y2" value="1218"/><int name="prev" value="253"/><int name="next" value="188"/></imgdir><imgdir name="188"><int name="x1" value="-1302"/><int name="y1" value="1218"/><int name="x2" value="-1236"/><int name="y2" value="1221"/><int name="prev" value="187"/><int name="next" value="189"/></imgdir><imgdir name="189"><int name="x1" value="-1236"/><int name="y1" value="1221"/><int name="x2" value="-1200"/><int name="y2" value="1248"/><int name="prev" value="188"/><int name="next" value="190"/></imgdir><imgdir name="190"><int name="x1" value="-1200"/><int name="y1" value="1248"/><int name="x2" value="-1177"/><int name="y2" value="1267"/><int name="prev" value="189"/><int name="next" value="191"/></imgdir><imgdir name="191"><int name="x1" value="-1177"/><int name="y1" value="1267"/><int name="x2" value="-1151"/><int name="y2" value="1284"/><int name="prev" value="190"/><int name="next" value="192"/></imgdir><imgdir name="192"><int name="x1" value="-1151"/><int name="y1" value="1284"/><int name="x2" value="-1110"/><int name="y2" value="1303"/><int name="prev" value="191"/><int name="next" value="193"/></imgdir><imgdir name="193"><int name="x1" value="-1110"/><int name="y1" value="1303"/><int name="x2" value="-1035"/><int name="y2" value="1322"/><int name="prev" value="192"/><int name="next" value="194"/></imgdir><imgdir name="194"><int name="x1" value="-1035"/><int name="y1" value="1322"/><int name="x2" value="-992"/><int name="y2" value="1326"/><int name="prev" value="193"/><int name="next" value="195"/></imgdir><imgdir name="195"><int name="x1" value="-992"/><int name="y1" value="1326"/><int name="x2" value="-946"/><int name="y2" value="1341"/><int name="prev" value="194"/><int name="next" value="196"/></imgdir><imgdir name="196"><int name="x1" value="-946"/><int name="y1" value="1341"/><int name="x2" value="-935"/><int name="y2" value="1337"/><int name="prev" value="195"/><int name="next" value="197"/></imgdir><imgdir name="197"><int name="x1" value="-935"/><int name="y1" value="1337"/><int name="x2" value="-906"/><int name="y2" value="1341"/><int name="prev" value="196"/><int name="next" value="198"/></imgdir><imgdir name="198"><int name="x1" value="-906"/><int name="y1" value="1341"/><int name="x2" value="-876"/><int name="y2" value="1341"/><int name="prev" value="197"/><int name="next" value="199"/></imgdir><imgdir name="199"><int name="x1" value="-876"/><int name="y1" value="1341"/><int name="x2" value="-865"/><int name="y2" value="1339"/><int name="prev" value="198"/><int name="next" value="200"/></imgdir><imgdir name="200"><int name="x1" value="-865"/><int name="y1" value="1339"/><int name="x2" value="-843"/><int name="y2" value="1343"/><int name="prev" value="199"/><int name="next" value="201"/></imgdir><imgdir name="201"><int name="x1" value="-843"/><int name="y1" value="1343"/><int name="x2" value="-831"/><int name="y2" value="1339"/><int name="prev" value="200"/><int name="next" value="202"/></imgdir><imgdir name="202"><int name="x1" value="-831"/><int name="y1" value="1339"/><int name="x2" value="-802"/><int name="y2" value="1343"/><int name="prev" value="201"/><int name="next" value="203"/></imgdir><imgdir name="203"><int name="x1" value="-802"/><int name="y1" value="1343"/><int name="x2" value="-772"/><int name="y2" value="1343"/><int name="prev" value="202"/><int name="next" value="204"/></imgdir><imgdir name="204"><int name="x1" value="-772"/><int name="y1" value="1343"/><int name="x2" value="-761"/><int name="y2" value="1341"/><int name="prev" value="203"/><int name="next" value="205"/></imgdir><imgdir name="205"><int name="x1" value="-761"/><int name="y1" value="1341"/><int name="x2" value="-739"/><int name="y2" value="1345"/><int name="prev" value="204"/><int name="next" value="140"/></imgdir></imgdir><imgdir name="11"><imgdir name="206"><int name="x1" value="-1287"/><int name="y1" value="637"/><int name="x2" value="-1262"/><int name="y2" value="625"/><int name="prev" value="0"/><int name="next" value="207"/></imgdir><imgdir name="207"><int name="x1" value="-1262"/><int name="y1" value="625"/><int name="x2" value="-1196"/><int name="y2" value="628"/><int name="prev" value="206"/><int name="next" value="208"/></imgdir><imgdir name="208"><int name="x1" value="-1196"/><int name="y1" value="628"/><int name="x2" value="-1160"/><int name="y2" value="655"/><int name="prev" value="207"/><int name="next" value="209"/></imgdir><imgdir name="209"><int name="x1" value="-1160"/><int name="y1" value="655"/><int name="x2" value="-1137"/><int name="y2" value="674"/><int name="prev" value="208"/><int name="next" value="210"/></imgdir><imgdir name="210"><int name="x1" value="-1137"/><int name="y1" value="674"/><int name="x2" value="-1111"/><int name="y2" value="691"/><int name="prev" value="209"/><int name="next" value="211"/></imgdir><imgdir name="211"><int name="x1" value="-1111"/><int name="y1" value="691"/><int name="x2" value="-1070"/><int name="y2" value="710"/><int name="prev" value="210"/><int name="next" value="212"/></imgdir><imgdir name="212"><int name="x1" value="-1070"/><int name="y1" value="710"/><int name="x2" value="-995"/><int name="y2" value="729"/><int name="prev" value="211"/><int name="next" value="213"/></imgdir><imgdir name="213"><int name="x1" value="-995"/><int name="y1" value="729"/><int name="x2" value="-952"/><int name="y2" value="733"/><int name="prev" value="212"/><int name="next" value="214"/></imgdir><imgdir name="214"><int name="x1" value="-952"/><int name="y1" value="733"/><int name="x2" value="-907"/><int name="y2" value="748"/><int name="prev" value="213"/><int name="next" value="30"/></imgdir><imgdir name="215"><int name="x1" value="-1423"/><int name="y1" value="819"/><int name="x2" value="-1359"/><int name="y2" value="823"/><int name="prev" value="0"/><int name="next" value="216"/></imgdir><imgdir name="216"><int name="x1" value="-1359"/><int name="y1" value="823"/><int name="x2" value="-1305"/><int name="y2" value="820"/><int name="prev" value="215"/><int name="next" value="217"/></imgdir><imgdir name="217"><int name="x1" value="-1305"/><int name="y1" value="820"/><int name="x2" value="-1301"/><int name="y2" value="817"/><int name="prev" value="216"/><int name="next" value="218"/></imgdir><imgdir name="218"><int name="x1" value="-1301"/><int name="y1" value="817"/><int name="x2" value="-1235"/><int name="y2" value="820"/><int name="prev" value="217"/><int name="next" value="219"/></imgdir><imgdir name="219"><int name="x1" value="-1235"/><int name="y1" value="820"/><int name="x2" value="-1199"/><int name="y2" value="847"/><int name="prev" value="218"/><int name="next" value="220"/></imgdir><imgdir name="220"><int name="x1" value="-1199"/><int name="y1" value="847"/><int name="x2" value="-1176"/><int name="y2" value="866"/><int name="prev" value="219"/><int name="next" value="221"/></imgdir><imgdir name="221"><int name="x1" value="-1176"/><int name="y1" value="866"/><int name="x2" value="-1150"/><int name="y2" value="883"/><int name="prev" value="220"/><int name="next" value="222"/></imgdir><imgdir name="222"><int name="x1" value="-1150"/><int name="y1" value="883"/><int name="x2" value="-1109"/><int name="y2" value="902"/><int name="prev" value="221"/><int name="next" value="223"/></imgdir><imgdir name="223"><int name="x1" value="-1109"/><int name="y1" value="902"/><int name="x2" value="-1034"/><int name="y2" value="921"/><int name="prev" value="222"/><int name="next" value="224"/></imgdir><imgdir name="224"><int name="x1" value="-1034"/><int name="y1" value="921"/><int name="x2" value="-991"/><int name="y2" value="925"/><int name="prev" value="223"/><int name="next" value="225"/></imgdir><imgdir name="225"><int name="x1" value="-991"/><int name="y1" value="925"/><int name="x2" value="-957"/><int name="y2" value="936"/><int name="prev" value="224"/><int name="next" value="38"/></imgdir></imgdir><imgdir name="7"><imgdir name="226"><int name="x1" value="-1287"/><int name="y1" value="1054"/><int name="x2" value="-1262"/><int name="y2" value="1042"/><int name="prev" value="0"/><int name="next" value="227"/></imgdir><imgdir name="227"><int name="x1" value="-1262"/><int name="y1" value="1042"/><int name="x2" value="-1196"/><int name="y2" value="1045"/><int name="prev" value="226"/><int name="next" value="228"/></imgdir><imgdir name="228"><int name="x1" value="-1196"/><int name="y1" value="1045"/><int name="x2" value="-1160"/><int name="y2" value="1072"/><int name="prev" value="227"/><int name="next" value="229"/></imgdir><imgdir name="229"><int name="x1" value="-1160"/><int name="y1" value="1072"/><int name="x2" value="-1137"/><int name="y2" value="1091"/><int name="prev" value="228"/><int name="next" value="230"/></imgdir><imgdir name="230"><int name="x1" value="-1137"/><int name="y1" value="1091"/><int name="x2" value="-1111"/><int name="y2" value="1108"/><int name="prev" value="229"/><int name="next" value="231"/></imgdir><imgdir name="231"><int name="x1" value="-1111"/><int name="y1" value="1108"/><int name="x2" value="-1070"/><int name="y2" value="1127"/><int name="prev" value="230"/><int name="next" value="232"/></imgdir><imgdir name="232"><int name="x1" value="-1070"/><int name="y1" value="1127"/><int name="x2" value="-995"/><int name="y2" value="1146"/><int name="prev" value="231"/><int name="next" value="233"/></imgdir><imgdir name="233"><int name="x1" value="-995"/><int name="y1" value="1146"/><int name="x2" value="-952"/><int name="y2" value="1150"/><int name="prev" value="232"/><int name="next" value="234"/></imgdir><imgdir name="234"><int name="x1" value="-952"/><int name="y1" value="1150"/><int name="x2" value="-910"/><int name="y2" value="1164"/><int name="prev" value="233"/><int name="next" value="235"/></imgdir><imgdir name="235"><int name="x1" value="-910"/><int name="y1" value="1164"/><int name="x2" value="-882"/><int name="y2" value="1154"/><int name="prev" value="234"/><int name="next" value="236"/></imgdir><imgdir name="236"><int name="x1" value="-882"/><int name="y1" value="1154"/><int name="x2" value="-853"/><int name="y2" value="1158"/><int name="prev" value="235"/><int name="next" value="237"/></imgdir><imgdir name="237"><int name="x1" value="-853"/><int name="y1" value="1158"/><int name="x2" value="-823"/><int name="y2" value="1158"/><int name="prev" value="236"/><int name="next" value="238"/></imgdir><imgdir name="238"><int name="x1" value="-823"/><int name="y1" value="1158"/><int name="x2" value="-812"/><int name="y2" value="1156"/><int name="prev" value="237"/><int name="next" value="239"/></imgdir><imgdir name="239"><int name="x1" value="-812"/><int name="y1" value="1156"/><int name="x2" value="-780"/><int name="y2" value="1163"/><int name="prev" value="238"/><int name="next" value="240"/></imgdir><imgdir name="240"><int name="x1" value="-780"/><int name="y1" value="1163"/><int name="x2" value="-757"/><int name="y2" value="1152"/><int name="prev" value="239"/><int name="next" value="241"/></imgdir><imgdir name="241"><int name="x1" value="-757"/><int name="y1" value="1152"/><int name="x2" value="-685"/><int name="y2" value="1149"/><int name="prev" value="240"/><int name="next" value="242"/></imgdir><imgdir name="242"><int name="x1" value="-685"/><int name="y1" value="1149"/><int name="x2" value="-649"/><int name="y2" value="1140"/><int name="prev" value="241"/><int name="next" value="243"/></imgdir><imgdir name="243"><int name="x1" value="-649"/><int name="y1" value="1140"/><int name="x2" value="-593"/><int name="y2" value="1119"/><int name="prev" value="242"/><int name="next" value="244"/></imgdir><imgdir name="244"><int name="x1" value="-593"/><int name="y1" value="1119"/><int name="x2" value="-549"/><int name="y2" value="1092"/><int name="prev" value="243"/><int name="next" value="245"/></imgdir><imgdir name="245"><int name="x1" value="-549"/><int name="y1" value="1092"/><int name="x2" value="-508"/><int name="y2" value="1054"/><int name="prev" value="244"/><int name="next" value="246"/></imgdir><imgdir name="246"><int name="x1" value="-508"/><int name="y1" value="1054"/><int name="x2" value="-491"/><int name="y2" value="1044"/><int name="prev" value="245"/><int name="next" value="247"/></imgdir><imgdir name="247"><int name="x1" value="-491"/><int name="y1" value="1044"/><int name="x2" value="-462"/><int name="y2" value="1040"/><int name="prev" value="246"/><int name="next" value="248"/></imgdir><imgdir name="248"><int name="x1" value="-462"/><int name="y1" value="1040"/><int name="x2" value="-431"/><int name="y2" value="1046"/><int name="prev" value="247"/><int name="next" value="249"/></imgdir><imgdir name="249"><int name="x1" value="-431"/><int name="y1" value="1046"/><int name="x2" value="-420"/><int name="y2" value="1054"/><int name="prev" value="248"/><int name="next" value="0"/></imgdir><imgdir name="250"><int name="x1" value="-424"/><int name="y1" value="1221"/><int name="x2" value="-396"/><int name="y2" value="1228"/><int name="prev" value="254"/><int name="next" value="251"/></imgdir><imgdir name="251"><int name="x1" value="-396"/><int name="y1" value="1228"/><int name="x2" value="-331"/><int name="y2" value="1224"/><int name="prev" value="250"/><int name="next" value="0"/></imgdir><imgdir name="252"><int name="x1" value="-1423"/><int name="y1" value="1220"/><int name="x2" value="-1359"/><int name="y2" value="1224"/><int name="prev" value="0"/><int name="next" value="253"/></imgdir><imgdir name="253"><int name="x1" value="-1359"/><int name="y1" value="1224"/><int name="x2" value="-1306"/><int name="y2" value="1221"/><int name="prev" value="252"/><int name="next" value="187"/></imgdir><imgdir name="254"><int name="x1" value="-447"/><int name="y1" value="1228"/><int name="x2" value="-424"/><int name="y2" value="1221"/><int name="prev" value="147"/><int name="next" value="250"/></imgdir></imgdir><imgdir name="15"><imgdir name="255"><int name="x1" value="-1423"/><int name="y1" value="420"/><int name="x2" value="-1359"/><int name="y2" value="424"/><int name="prev" value="0"/><int name="next" value="256"/></imgdir><imgdir name="256"><int name="x1" value="-1359"/><int name="y1" value="424"/><int name="x2" value="-1303"/><int name="y2" value="420"/><int name="prev" value="255"/><int name="next" value="58"/></imgdir></imgdir><imgdir name="16"><imgdir name="257"><int name="x1" value="-424"/><int name="y1" value="420"/><int name="x2" value="-396"/><int name="y2" value="427"/><int name="prev" value="259"/><int name="next" value="258"/></imgdir><imgdir name="258"><int name="x1" value="-396"/><int name="y1" value="427"/><int name="x2" value="-331"/><int name="y2" value="423"/><int name="prev" value="257"/><int name="next" value="0"/></imgdir><imgdir name="259"><int name="x1" value="-452"/><int name="y1" value="429"/><int name="x2" value="-424"/><int name="y2" value="420"/><int name="prev" value="84"/><int name="next" value="257"/></imgdir></imgdir></imgdir></imgdir><imgdir name="ladderRope"><imgdir name="1"><int name="l" value="1"/><int name="uf" value="1"/><int name="x" value="-841"/><int name="y1" value="1160"/><int name="y2" value="1305"/><int name="page" value="2"/></imgdir><imgdir name="2"><int name="l" value="1"/><int name="uf" value="1"/><int name="x" value="-848"/><int name="y1" value="1552"/><int name="y2" value="1695"/><int name="page" value="2"/></imgdir><imgdir name="3"><int name="l" value="1"/><int name="uf" value="1"/><int name="x" value="-845"/><int name="y1" value="745"/><int name="y2" value="888"/><int name="page" value="2"/></imgdir></imgdir><imgdir name="miniMap"><canvas name="canvas" width="106" height="139"></canvas><int name="width" value="1704"/><int name="height" value="2225"/><int name="centerX" value="1721"/><int name="centerY" value="-33"/><int name="mag" value="4"/></imgdir><imgdir name="portal"><imgdir name="0"><string name="pn" value="sp"/><int name="pt" value="0"/><int name="x" value="-1158"/><int name="y" value="2022"/><int name="tm" value="999999999"/><string name="tn" value=""/></imgdir><imgdir name="1"><string name="pn" value="sp"/><int name="pt" value="0"/><int name="x" value="-1093"/><int name="y" value="2015"/><int name="tm" value="999999999"/><string name="tn" value=""/></imgdir><imgdir name="2"><string name="pn" value="sp"/><int name="pt" value="0"/><int name="x" value="-1027"/><int name="y" value="2024"/><int name="tm" value="999999999"/><string name="tn" value=""/></imgdir><imgdir name="3"><string name="pn" value="sp"/><int name="pt" value="0"/><int name="x" value="-955"/><int name="y" value="2017"/><int name="tm" value="999999999"/><string name="tn" value=""/></imgdir><imgdir name="4"><string name="pn" value="sp"/><int name="pt" value="0"/><int name="x" value="-879"/><int name="y" value="2015"/><int name="tm" value="999999999"/><string name="tn" value=""/></imgdir><imgdir name="5"><string name="pn" value="sp"/><int name="pt" value="0"/><int name="x" value="-819"/><int name="y" value="2020"/><int name="tm" value="999999999"/><string name="tn" value=""/></imgdir><imgdir name="6"><string name="pn" value="sp"/><int name="pt" value="0"/><int name="x" value="-741"/><int name="y" value="2011"/><int name="tm" value="999999999"/><string name="tn" value=""/></imgdir><imgdir name="7"><string name="pn" value="sp"/><int name="pt" value="0"/><int name="x" value="-662"/><int name="y" value="2008"/><int name="tm" value="999999999"/><string name="tn" value=""/></imgdir><imgdir name="8"><string name="pn" value="sp"/><int name="pt" value="0"/><int name="x" value="-584"/><int name="y" value="2001"/><int name="tm" value="999999999"/><string name="tn" value=""/></imgdir><imgdir name="9"><string name="pn" value="sp"/><int name="pt" value="0"/><int name="x" value="-506"/><int name="y" value="1994"/><int name="tm" value="999999999"/><string name="tn" value=""/></imgdir><imgdir name="10"><string name="pn" value="up00"/><int name="pt" value="1"/><int name="x" value="-1355"/><int name="y" value="2021"/><int name="tm" value="101010102"/><string name="tn" value="up01"/></imgdir><imgdir name="11"><string name="pn" value="up01"/><int name="pt" value="1"/><int name="x" value="-1338"/><int name="y" value="1622"/><int name="tm" value="101010102"/><string name="tn" value="up02"/></imgdir><imgdir name="12"><string name="pn" value="up02"/><int name="pt" value="1"/><int name="x" value="-1336"/><int name="y" value="1223"/><int name="tm" value="101010102"/><string name="tn" value="up03"/></imgdir><imgdir name="13"><string name="pn" value="up03"/><int name="pt" value="1"/><int name="x" value="-1334"/><int name="y" value="821"/><int name="tm" value="101010102"/><string name="tn" value="up04"/></imgdir><imgdir name="14"><string name="pn" value="up04"/><int name="pt" value="1"/><int name="x" value="-1336"/><int name="y" value="423"/><int name="tm" value="999999999"/><string name="tn" value=""/></imgdir><imgdir name="15"><string name="pn" value="dw00"/><int name="pt" value="1"/><int name="x" value="-357"/><int name="y" value="429"/><int name="tm" value="101010102"/><string name="tn" value="dw01"/></imgdir><imgdir name="16"><string name="pn" value="dw01"/><int name="pt" value="1"/><int name="x" value="-357"/><int name="y" value="828"/><int name="tm" value="101010102"/><string name="tn" value="dw02"/></imgdir><imgdir name="17"><string name="pn" value="dw02"/><int name="pt" value="1"/><int name="x" value="-358"/><int name="y" value="1228"/><int name="tm" value="101010102"/><string name="tn" value="dw03"/></imgdir><imgdir name="18"><string name="pn" value="dw03"/><int name="pt" value="1"/><int name="x" value="-351"/><int name="y" value="1629"/><int name="tm" value="101010102"/><string name="tn" value="dw04"/></imgdir><imgdir name="19"><string name="pn" value="dw04"/><int name="pt" value="1"/><int name="x" value="-351"/><int name="y" value="2028"/><int name="tm" value="101010101"/><string name="tn" value="dw00"/></imgdir></imgdir></imgdir>