<?xml version="1.0" encoding="UTF-8" standalone="yes"?><imgdir name="101000200.img"><imgdir name="info"><int name="version" value="10"/><int name="cloud" value="0"/><string name="streetName" value="히든스트리트"/><string name="mapName" value="인내의숲&lt;1단계&gt;"/><int name="town" value="1"/><int name="returnMap" value="101000000"/><float name="mobRate" value="1.199998"/><string name="bgm" value="Bgm02/WhenTheMorningComes"/><string name="mapMark" value="None"/><string name="mapDesc" value=""/><int name="hideMinimap" value="0"/><int name="forcedReturn" value="999999999"/><string name="help" value="#e[보물찾기]#n\n\n깜짝 이벤트 게임에 참여해 주신 여러분께 감사 드립니다. 게임에 대한 간단한 설명을 드리겠습니다.\n\n[보물찾기]게임은 각 필드에 숨겨진 #b보물지도를 찾는 게임#k입니다. 위에 보시면 4개의 포탈이 있는데 각각 독립된 방입니다.\n각 방에는 #b10장의 보물지도#k가 숨겨져 있습니다. 보물지도를 획득하는 방법은 일반 아이템을 획득하는 방법과 동일 합니다. Z 혹은 0을 누르시면 아이템을 획득할 수 있습니다.\n이 게임에는 #r숨겨진 포탈#k, #r숨겨진 텔레포트 장소#k가 존재 합니다. 숨겨진 포탈, 텔레포트 장소를 이용하시려면 특정 장소에서 #b↑#k를 누르시면 됩니다. #r숨겨진 계단#k이나 #r밧줄#k도 존재하니 안보이는 곳에서 점프도 해 보세요.\n게임 시간이 다 되거나 지도가 필드에서 모두 사라지면 이벤트는 종료 됩니다.\n[보물찾기]게임에서는 #b텔레포트#k, #b헤이스트#k 사용이 #r불가능#k 합니다.\n\n더 궁금하신 사항은 게임내에서 질문하시기 바랍니다.\n"/><int name="fieldLimit" value="0"/></imgdir><imgdir name="back"><imgdir name="0"><string name="bS" value="shineWood"/><int name="no" value="0"/><int name="x" value="-13"/><int name="y" value="3"/><int name="rx" value="-2"/><int name="ry" value="-10"/><int name="type" value="3"/><int name="cx" value="0"/><int name="cy" value="0"/><int name="a" value="255"/><int name="front" value="0"/><int name="ani" value="0"/></imgdir><imgdir name="1"><string name="bS" value="shineWood"/><int name="no" value="1"/><int name="x" value="155"/><int name="y" value="-118"/><int name="rx" value="-3"/><int name="ry" value="-15"/><int name="type" value="2"/><int name="cx" value="0"/><int name="cy" value="0"/><int name="a" value="255"/><int name="front" value="0"/><int name="ani" value="0"/></imgdir><imgdir name="2"><string name="bS" value="shineWood"/><int name="no" value="2"/><int name="x" value="-184"/><int name="y" value="-71"/><int name="rx" value="-3"/><int name="ry" value="-15"/><int name="type" value="2"/><int name="cx" value="0"/><int name="cy" value="0"/><int name="a" value="255"/><int name="front" value="0"/><int name="ani" value="0"/></imgdir><imgdir name="5"><string name="bS" value="shineWood"/><int name="no" value="6"/><int name="x" value="130"/><int name="y" value="349"/><int name="rx" value="-20"/><int name="ry" value="-25"/><int name="type" value="2"/><int name="cx" value="550"/><int name="cy" value="0"/><int name="a" value="255"/><int name="front" value="0"/><int name="ani" value="0"/></imgdir><imgdir name="4"><string name="bS" value="shineWood"/><int name="no" value="5"/><int name="x" value="-542"/><int name="y" value="-27"/><int name="rx" value="-18"/><int name="ry" value="-25"/><int name="type" value="3"/><int name="cx" value="300"/><int name="cy" value="0"/><int name="a" value="255"/><int name="front" value="0"/><int name="ani" value="0"/></imgdir><imgdir name="7"><string name="bS" value="shineWood"/><int name="no" value="16"/><int name="x" value="-297"/><int name="y" value="-370"/><int name="rx" value="-31"/><int name="ry" value="-31"/><int name="type" value="3"/><int name="cx" value="548"/><int name="cy" value="548"/><int name="a" value="255"/><int name="front" value="0"/><int name="ani" value="0"/></imgdir><imgdir name="3"><string name="bS" value="shineWood"/><int name="no" value="7"/><int name="x" value="-61"/><int name="y" value="50"/><int name="rx" value="-15"/><int name="ry" value="-23"/><int name="type" value="3"/><int name="cx" value="300"/><int name="cy" value="0"/><int name="a" value="255"/><int name="front" value="0"/><int name="ani" value="0"/></imgdir><imgdir name="10"><string name="bS" value="shineWood"/><int name="no" value="12"/><int name="x" value="-274"/><int name="y" value="-452"/><int name="rx" value="-35"/><int name="ry" value="-35"/><int name="type" value="2"/><int name="cx" value="0"/><int name="cy" value="0"/><int name="a" value="255"/><int name="front" value="0"/><int name="ani" value="0"/></imgdir><imgdir name="9"><string name="bS" value="shineWood"/><int name="no" value="16"/><int name="x" value="-23"/><int name="y" value="-96"/><int name="rx" value="-31"/><int name="ry" value="-31"/><int name="type" value="3"/><int name="cx" value="548"/><int name="cy" value="548"/><int name="a" value="255"/><int name="front" value="0"/><int name="ani" value="0"/></imgdir><imgdir name="8"><string name="bS" value="shineWood"/><int name="no" value="16"/><int name="x" value="-160"/><int name="y" value="-233"/><int name="rx" value="-31"/><int name="ry" value="-31"/><int name="type" value="3"/><int name="cx" value="548"/><int name="cy" value="548"/><int name="a" value="255"/><int name="front" value="0"/><int name="ani" value="0"/></imgdir><imgdir name="11"><string name="bS" value="shineWood"/><int name="no" value="14"/><int name="x" value="-316"/><int name="y" value="-725"/><int name="rx" value="-100"/><int name="ry" value="-100"/><int name="type" value="2"/><int name="cx" value="0"/><int name="cy" value="0"/><int name="a" value="255"/><int name="front" value="0"/><int name="ani" value="0"/></imgdir><imgdir name="12"><string name="bS" value="shineWood"/><int name="no" value="15"/><int name="x" value="269"/><int name="y" value="-536"/><int name="rx" value="-100"/><int name="ry" value="-100"/><int name="type" value="2"/><int name="cx" value="0"/><int name="cy" value="0"/><int name="a" value="255"/><int name="front" value="0"/><int name="ani" value="0"/></imgdir><imgdir name="6"><string name="bS" value="shineWood"/><int name="no" value="16"/><int name="x" value="-434"/><int name="y" value="-507"/><int name="rx" value="-31"/><int name="ry" value="-31"/><int name="type" value="3"/><int name="cx" value="548"/><int name="cy" value="548"/><int name="a" value="255"/><int name="front" value="0"/><int name="ani" value="0"/></imgdir></imgdir><imgdir name="portal"><imgdir name="0"><string name="pn" value="sp"/><int name="pt" value="0"/><int name="x" value="-224"/><int name="y" value="-484"/><int name="tm" value="999999999"/><string name="tn" value=""/></imgdir><imgdir name="1"><string name="pn" value="sp"/><int name="pt" value="0"/><int name="x" value="271"/><int name="y" value="-501"/><int name="tm" value="999999999"/><string name="tn" value=""/></imgdir><imgdir name="2"><string name="pn" value="h001"/><int name="pt" value="1"/><int name="x" value="-268"/><int name="y" value="323"/><int name="tm" value="101000200"/><string name="tn" value="h002"/></imgdir><imgdir name="3"><string name="pn" value="h002"/><int name="pt" value="1"/><int name="x" value="-261"/><int name="y" value="152"/><int name="tm" value="101000200"/><string name="tn" value="h001"/></imgdir><imgdir name="4"><string name="pn" value="h003"/><int name="pt" value="1"/><int name="x" value="275"/><int name="y" value="151"/><int name="tm" value="101000200"/><string name="tn" value="h004"/></imgdir><imgdir name="5"><string name="pn" value="h004"/><int name="pt" value="1"/><int name="x" value="236"/><int name="y" value="322"/><int name="tm" value="101000200"/><string name="tn" value="h003"/></imgdir><imgdir name="6"><string name="pn" value="h005"/><int name="pt" value="1"/><int name="x" value="476"/><int name="y" value="105"/><int name="tm" value="101000200"/><string name="tn" value="h006"/></imgdir><imgdir name="7"><string name="pn" value="h006"/><int name="pt" value="1"/><int name="x" value="-217"/><int name="y" value="-306"/><int name="tm" value="101000200"/><string name="tn" value="h005"/></imgdir><imgdir name="8"><string name="pn" value="out00"/><int name="pt" value="2"/><int name="x" value="490"/><int name="y" value="-538"/><int name="tm" value="101000000"/><string name="tn" value="in02"/></imgdir></imgdir><imgdir name="life"><imgdir name="0"><string name="type" value="n"/><string name="id" value="1032102"/><int name="x" value="3"/><int name="y" value="40"/><int name="mobTime" value="0"/><int name="f" value="0"/><int name="fh" value="10"/><int name="cy" value="46"/><int name="rx0" value="-16"/><int name="rx1" value="22"/></imgdir></imgdir><imgdir name="0"><imgdir name="info"><string name="tS" value="woodBridge"/></imgdir><imgdir name="tile"></imgdir><imgdir name="obj"><imgdir name="0"><string name="oS" value="acc2"/><string name="l0" value="shineWood"/><string name="l1" value="minidungeon"/><string name="l2" value="3"/><int name="x" value="-316"/><int name="y" value="280"/><int name="z" value="3"/><int name="f" value="0"/><int name="zM" value="1"/></imgdir><imgdir name="1"><string name="oS" value="acc2"/><string name="l0" value="shineWood"/><string name="l1" value="minidungeon"/><string name="l2" value="0"/><int name="x" value="260"/><int name="y" value="264"/><int name="z" value="3"/><int name="f" value="0"/><int name="zM" value="3"/></imgdir></imgdir></imgdir><imgdir name="1"><imgdir name="info"><string name="tS" value="woodBridge"/></imgdir><imgdir name="tile"></imgdir><imgdir name="obj"><imgdir name="1"><string name="oS" value="acc2"/><string name="l0" value="shineWood"/><string name="l1" value="flower"/><string name="l2" value="2"/><int name="x" value="-18"/><int name="y" value="150"/><int name="z" value="4"/><int name="f" value="0"/><int name="zM" value="4"/></imgdir><imgdir name="2"><string name="oS" value="acc2"/><string name="l0" value="shineWood"/><string name="l1" value="flower"/><string name="l2" value="3"/><int name="x" value="-203"/><int name="y" value="2"/><int name="z" value="3"/><int name="f" value="0"/><int name="zM" value="4"/></imgdir><imgdir name="3"><string name="oS" value="acc2"/><string name="l0" value="shineWood"/><string name="l1" value="flower"/><string name="l2" value="4"/><int name="x" value="-166"/><int name="y" value="-138"/><int name="z" value="3"/><int name="f" value="0"/><int name="zM" value="4"/></imgdir><imgdir name="4"><string name="oS" value="acc2"/><string name="l0" value="shineWood"/><string name="l1" value="flower"/><string name="l2" value="5"/><int name="x" value="-93"/><int name="y" value="-154"/><int name="z" value="3"/><int name="f" value="0"/><int name="zM" value="4"/></imgdir><imgdir name="5"><string name="oS" value="acc2"/><string name="l0" value="shineWood"/><string name="l1" value="flower"/><string name="l2" value="6"/><int name="x" value="154"/><int name="y" value="-106"/><int name="z" value="3"/><int name="f" value="0"/><int name="zM" value="4"/></imgdir><imgdir name="6"><string name="oS" value="acc2"/><string name="l0" value="shineWood"/><string name="l1" value="flower"/><string name="l2" value="7"/><int name="x" value="215"/><int name="y" value="-6"/><int name="z" value="3"/><int name="f" value="0"/><int name="zM" value="4"/></imgdir><imgdir name="7"><string name="oS" value="acc2"/><string name="l0" value="shineWood"/><string name="l1" value="flower"/><string name="l2" value="0"/><int name="x" value="2"/><int name="y" value="-3"/><int name="z" value="5"/><int name="f" value="0"/><int name="zM" value="4"/></imgdir><imgdir name="8"><string name="oS" value="acc2"/><string name="l0" value="shineWood"/><string name="l1" value="flower"/><string name="l2" value="1"/><int name="x" value="-23"/><int name="y" value="395"/><int name="z" value="3"/><int name="f" value="0"/><int name="zM" value="0"/></imgdir><imgdir name="9"><string name="oS" value="acc2"/><string name="l0" value="shineWood"/><string name="l1" value="flower"/><string name="l2" value="8"/><int name="x" value="-1"/><int name="y" value="-35"/><int name="z" value="6"/><int name="f" value="0"/><int name="zM" value="4"/></imgdir><imgdir name="10"><string name="oS" value="acc1"/><string name="l0" value="darkWood"/><string name="l1" value="nature"/><string name="l2" value="26"/><int name="x" value="498"/><int name="y" value="-43"/><int name="z" value="4"/><int name="f" value="0"/><int name="zM" value="0"/></imgdir><imgdir name="11"><string name="oS" value="acc1"/><string name="l0" value="darkWood"/><string name="l1" value="nature"/><string name="l2" value="30"/><int name="x" value="524"/><int name="y" value="22"/><int name="z" value="2"/><int name="f" value="0"/><int name="zM" value="0"/></imgdir><imgdir name="12"><string name="oS" value="acc1"/><string name="l0" value="darkWood"/><string name="l1" value="nature"/><string name="l2" value="31"/><int name="x" value="524"/><int name="y" value="-14"/><int name="z" value="3"/><int name="f" value="0"/><int name="zM" value="0"/></imgdir><imgdir name="0"><string name="oS" value="acc1"/><string name="l0" value="darkWood"/><string name="l1" value="nature"/><string name="l2" value="27"/><int name="x" value="493"/><int name="y" value="-41"/><int name="z" value="5"/><int name="f" value="0"/><int name="zM" value="0"/></imgdir></imgdir></imgdir><imgdir name="2"><imgdir name="info"><string name="tS" value="woodBridge"/></imgdir><imgdir name="tile"></imgdir><imgdir name="obj"><imgdir name="0"><string name="oS" value="acc2"/><string name="l0" value="shineWood"/><string name="l1" value="flower"/><string name="l2" value="10"/><int name="x" value="-1"/><int name="y" value="-329"/><int name="z" value="3"/><int name="f" value="0"/><int name="zM" value="8"/></imgdir><imgdir name="1"><string name="oS" value="acc2"/><string name="l0" value="shineWood"/><string name="l1" value="flower"/><string name="l2" value="15"/><int name="x" value="-42"/><int name="y" value="-185"/><int name="z" value="4"/><int name="f" value="0"/><int name="zM" value="8"/></imgdir><imgdir name="2"><string name="oS" value="acc2"/><string name="l0" value="shineWood"/><string name="l1" value="flower"/><string name="l2" value="16"/><int name="x" value="40"/><int name="y" value="-168"/><int name="z" value="3"/><int name="f" value="0"/><int name="zM" value="8"/></imgdir><imgdir name="3"><string name="oS" value="acc2"/><string name="l0" value="shineWood"/><string name="l1" value="flower"/><string name="l2" value="17"/><int name="x" value="-71"/><int name="y" value="-173"/><int name="z" value="3"/><int name="f" value="0"/><int name="zM" value="8"/></imgdir></imgdir></imgdir><imgdir name="3"><imgdir name="info"><string name="tS" value="woodBridge"/></imgdir><imgdir name="tile"></imgdir><imgdir name="obj"><imgdir name="0"><string name="oS" value="acc2"/><string name="l0" value="shineWood"/><string name="l1" value="foot"/><string name="l2" value="19"/><int name="x" value="-394"/><int name="y" value="399"/><int name="z" value="3"/><int name="f" value="0"/><int name="zM" value="2"/></imgdir><imgdir name="1"><string name="oS" value="acc2"/><string name="l0" value="shineWood"/><string name="l1" value="foot"/><string name="l2" value="21"/><int name="x" value="-221"/><int name="y" value="375"/><int name="z" value="4"/><int name="f" value="0"/><int name="zM" value="2"/></imgdir><imgdir name="2"><string name="oS" value="acc2"/><string name="l0" value="shineWood"/><string name="l1" value="foot"/><string name="l2" value="2"/><int name="x" value="-124"/><int name="y" value="379"/><int name="z" value="3"/><int name="f" value="0"/><int name="zM" value="2"/></imgdir><imgdir name="3"><string name="oS" value="acc2"/><string name="l0" value="shineWood"/><string name="l1" value="foot"/><string name="l2" value="0"/><int name="x" value="31"/><int name="y" value="392"/><int name="z" value="4"/><int name="f" value="0"/><int name="zM" value="2"/></imgdir><imgdir name="4"><string name="oS" value="acc2"/><string name="l0" value="shineWood"/><string name="l1" value="foot"/><string name="l2" value="2"/><int name="x" value="168"/><int name="y" value="367"/><int name="z" value="5"/><int name="f" value="0"/><int name="zM" value="2"/></imgdir><imgdir name="5"><string name="oS" value="acc2"/><string name="l0" value="shineWood"/><string name="l1" value="foot"/><string name="l2" value="4"/><int name="x" value="295"/><int name="y" value="390"/><int name="z" value="3"/><int name="f" value="0"/><int name="zM" value="2"/></imgdir><imgdir name="6"><string name="oS" value="acc2"/><string name="l0" value="shineWood"/><string name="l1" value="foot"/><string name="l2" value="5"/><int name="x" value="391"/><int name="y" value="394"/><int name="z" value="4"/><int name="f" value="0"/><int name="zM" value="2"/></imgdir><imgdir name="7"><string name="oS" value="acc2"/><string name="l0" value="shineWood"/><string name="l1" value="foot"/><string name="l2" value="2"/><int name="x" value="495"/><int name="y" value="374"/><int name="z" value="3"/><int name="f" value="0"/><int name="zM" value="2"/></imgdir><imgdir name="8"><string name="oS" value="acc2"/><string name="l0" value="shineWood"/><string name="l1" value="foot"/><string name="l2" value="25"/><int name="x" value="-377"/><int name="y" value="148"/><int name="z" value="3"/><int name="f" value="0"/><int name="zM" value="5"/></imgdir><imgdir name="9"><string name="oS" value="acc2"/><string name="l0" value="shineWood"/><string name="l1" value="foot"/><string name="l2" value="26"/><int name="x" value="376"/><int name="y" value="139"/><int name="z" value="3"/><int name="f" value="0"/><int name="zM" value="6"/></imgdir><imgdir name="10"><string name="oS" value="acc2"/><string name="l0" value="shineWood"/><string name="l1" value="flower"/><string name="l2" value="9"/><int name="x" value="-2"/><int name="y" value="-4"/><int name="z" value="3"/><int name="f" value="0"/><int name="zM" value="7"/></imgdir><imgdir name="12"><string name="oS" value="acc2"/><string name="l0" value="shineWood"/><string name="l1" value="flower"/><string name="l2" value="11"/><int name="x" value="-69"/><int name="y" value="-218"/><int name="z" value="1"/><int name="f" value="0"/><int name="zM" value="7"/></imgdir><imgdir name="13"><string name="oS" value="acc2"/><string name="l0" value="shineWood"/><string name="l1" value="flower"/><string name="l2" value="12"/><int name="x" value="-21"/><int name="y" value="-211"/><int name="z" value="2"/><int name="f" value="0"/><int name="zM" value="7"/></imgdir><imgdir name="14"><string name="oS" value="acc2"/><string name="l0" value="shineWood"/><string name="l1" value="flower"/><string name="l2" value="13"/><int name="x" value="31"/><int name="y" value="-206"/><int name="z" value="3"/><int name="f" value="0"/><int name="zM" value="7"/></imgdir><imgdir name="11"><string name="oS" value="acc2"/><string name="l0" value="shineWood"/><string name="l1" value="flower"/><string name="l2" value="14"/><int name="x" value="64"/><int name="y" value="-210"/><int name="z" value="4"/><int name="f" value="0"/><int name="zM" value="7"/></imgdir><imgdir name="15"><string name="oS" value="acc2"/><string name="l0" value="shineWood"/><string name="l1" value="foot"/><string name="l2" value="24"/><int name="x" value="-100"/><int name="y" value="-350"/><int name="z" value="7"/><int name="f" value="0"/><int name="zM" value="7"/></imgdir><imgdir name="16"><string name="oS" value="acc2"/><string name="l0" value="shineWood"/><string name="l1" value="foot"/><string name="l2" value="24"/><int name="x" value="246"/><int name="y" value="-468"/><int name="z" value="3"/><int name="f" value="0"/><int name="zM" value="7"/></imgdir><imgdir name="17"><string name="oS" value="acc2"/><string name="l0" value="shineWood"/><string name="l1" value="foot"/><string name="l2" value="2"/><int name="x" value="474"/><int name="y" value="-529"/><int name="z" value="2"/><int name="f" value="0"/><int name="zM" value="7"/></imgdir></imgdir></imgdir><imgdir name="4"><imgdir name="info"><string name="tS" value="woodBridge"/></imgdir><imgdir name="tile"></imgdir><imgdir name="obj"></imgdir></imgdir><imgdir name="5"><imgdir name="info"><string name="tS" value="woodBridge"/></imgdir><imgdir name="tile"></imgdir><imgdir name="obj"></imgdir></imgdir><imgdir name="6"><imgdir name="info"><string name="tS" value="brownBrick"/></imgdir><imgdir name="tile"></imgdir><imgdir name="obj"></imgdir></imgdir><imgdir name="7"><imgdir name="info"><string name="tS" value="brownBrick"/></imgdir><imgdir name="tile"></imgdir><imgdir name="obj"></imgdir></imgdir><imgdir name="seat"></imgdir><imgdir name="foothold"><imgdir name="0"><imgdir name="1"><imgdir name="1"><int name="x1" value="-344"/><int name="y1" value="324"/><int name="x2" value="-273"/><int name="y2" value="327"/><int name="prev" value="0"/><int name="next" value="2"/></imgdir><imgdir name="2"><int name="x1" value="-273"/><int name="y1" value="327"/><int name="x2" value="-214"/><int name="y2" value="319"/><int name="prev" value="1"/><int name="next" value="0"/></imgdir></imgdir><imgdir name="3"><imgdir name="3"><int name="x1" value="148"/><int name="y1" value="329"/><int name="x2" value="181"/><int name="y2" value="319"/><int name="prev" value="0"/><int name="next" value="4"/></imgdir><imgdir name="4"><int name="x1" value="181"/><int name="y1" value="319"/><int name="x2" value="209"/><int name="y2" value="326"/><int name="prev" value="3"/><int name="next" value="5"/></imgdir><imgdir name="5"><int name="x1" value="209"/><int name="y1" value="326"/><int name="x2" value="274"/><int name="y2" value="322"/><int name="prev" value="4"/><int name="next" value="0"/></imgdir></imgdir></imgdir><imgdir name="1"><imgdir name="9"><imgdir name="6"><int name="x1" value="4"/><int name="y1" value="-3015"/><int name="x2" value="37"/><int name="y2" value="-3025"/><int name="prev" value="0"/><int name="next" value="7"/></imgdir><imgdir name="7"><int name="x1" value="37"/><int name="y1" value="-3025"/><int name="x2" value="65"/><int name="y2" value="-3018"/><int name="prev" value="6"/><int name="next" value="8"/></imgdir><imgdir name="8"><int name="x1" value="65"/><int name="y1" value="-3018"/><int name="x2" value="130"/><int name="y2" value="-3022"/><int name="prev" value="7"/><int name="next" value="0"/></imgdir></imgdir><imgdir name="4"><imgdir name="9"><int name="x1" value="-36"/><int name="y1" value="41"/><int name="x2" value="-12"/><int name="y2" value="46"/><int name="prev" value="0"/><int name="next" value="10"/></imgdir><imgdir name="10"><int name="x1" value="-12"/><int name="y1" value="46"/><int name="x2" value="13"/><int name="y2" value="46"/><int name="prev" value="9"/><int name="next" value="11"/></imgdir><imgdir name="11"><int name="x1" value="13"/><int name="y1" value="46"/><int name="x2" value="42"/><int name="y2" value="39"/><int name="prev" value="10"/><int name="next" value="0"/></imgdir></imgdir></imgdir><imgdir name="3"><imgdir name="2"><imgdir name="12"><int name="x1" value="-546"/><int name="y1" value="389"/><int name="x2" value="-521"/><int name="y2" value="373"/><int name="prev" value="0"/><int name="next" value="13"/></imgdir><imgdir name="13"><int name="x1" value="-521"/><int name="y1" value="373"/><int name="x2" value="-468"/><int name="y2" value="374"/><int name="prev" value="12"/><int name="next" value="14"/></imgdir><imgdir name="14"><int name="x1" value="-468"/><int name="y1" value="374"/><int name="x2" value="-431"/><int name="y2" value="367"/><int name="prev" value="13"/><int name="next" value="15"/></imgdir><imgdir name="15"><int name="x1" value="-431"/><int name="y1" value="367"/><int name="x2" value="-398"/><int name="y2" value="369"/><int name="prev" value="14"/><int name="next" value="16"/></imgdir><imgdir name="16"><int name="x1" value="-398"/><int name="y1" value="369"/><int name="x2" value="-386"/><int name="y2" value="366"/><int name="prev" value="15"/><int name="next" value="17"/></imgdir><imgdir name="17"><int name="x1" value="-386"/><int name="y1" value="366"/><int name="x2" value="-371"/><int name="y2" value="366"/><int name="prev" value="16"/><int name="next" value="18"/></imgdir><imgdir name="18"><int name="x1" value="-371"/><int name="y1" value="366"/><int name="x2" value="-350"/><int name="y2" value="361"/><int name="prev" value="17"/><int name="next" value="19"/></imgdir><imgdir name="19"><int name="x1" value="-350"/><int name="y1" value="361"/><int name="x2" value="-292"/><int name="y2" value="365"/><int name="prev" value="18"/><int name="next" value="20"/></imgdir><imgdir name="20"><int name="x1" value="-292"/><int name="y1" value="365"/><int name="x2" value="-283"/><int name="y2" value="365"/><int name="prev" value="19"/><int name="next" value="21"/></imgdir><imgdir name="21"><int name="x1" value="-283"/><int name="y1" value="365"/><int name="x2" value="-250"/><int name="y2" value="356"/><int name="prev" value="20"/><int name="next" value="22"/></imgdir><imgdir name="22"><int name="x1" value="-250"/><int name="y1" value="356"/><int name="x2" value="-196"/><int name="y2" value="365"/><int name="prev" value="21"/><int name="next" value="23"/></imgdir><imgdir name="23"><int name="x1" value="-196"/><int name="y1" value="365"/><int name="x2" value="-169"/><int name="y2" value="375"/><int name="prev" value="22"/><int name="next" value="24"/></imgdir><imgdir name="24"><int name="x1" value="-169"/><int name="y1" value="375"/><int name="x2" value="-151"/><int name="y2" value="369"/><int name="prev" value="23"/><int name="next" value="25"/></imgdir><imgdir name="25"><int name="x1" value="-151"/><int name="y1" value="369"/><int name="x2" value="-122"/><int name="y2" value="373"/><int name="prev" value="24"/><int name="next" value="26"/></imgdir><imgdir name="26"><int name="x1" value="-122"/><int name="y1" value="373"/><int name="x2" value="-92"/><int name="y2" value="373"/><int name="prev" value="25"/><int name="next" value="27"/></imgdir><imgdir name="27"><int name="x1" value="-92"/><int name="y1" value="373"/><int name="x2" value="-81"/><int name="y2" value="371"/><int name="prev" value="26"/><int name="next" value="28"/></imgdir><imgdir name="28"><int name="x1" value="-81"/><int name="y1" value="371"/><int name="x2" value="-56"/><int name="y2" value="376"/><int name="prev" value="27"/><int name="next" value="29"/></imgdir><imgdir name="29"><int name="x1" value="-56"/><int name="y1" value="376"/><int name="x2" value="-41"/><int name="y2" value="366"/><int name="prev" value="28"/><int name="next" value="30"/></imgdir><imgdir name="30"><int name="x1" value="-41"/><int name="y1" value="366"/><int name="x2" value="14"/><int name="y2" value="366"/><int name="prev" value="29"/><int name="next" value="31"/></imgdir><imgdir name="31"><int name="x1" value="14"/><int name="y1" value="366"/><int name="x2" value="30"/><int name="y2" value="362"/><int name="prev" value="30"/><int name="next" value="32"/></imgdir><imgdir name="32"><int name="x1" value="30"/><int name="y1" value="362"/><int name="x2" value="82"/><int name="y2" value="362"/><int name="prev" value="31"/><int name="next" value="33"/></imgdir><imgdir name="33"><int name="x1" value="82"/><int name="y1" value="362"/><int name="x2" value="92"/><int name="y2" value="357"/><int name="prev" value="32"/><int name="next" value="34"/></imgdir><imgdir name="34"><int name="x1" value="92"/><int name="y1" value="357"/><int name="x2" value="112"/><int name="y2" value="359"/><int name="prev" value="33"/><int name="next" value="35"/></imgdir><imgdir name="35"><int name="x1" value="112"/><int name="y1" value="359"/><int name="x2" value="123"/><int name="y2" value="363"/><int name="prev" value="34"/><int name="next" value="36"/></imgdir><imgdir name="36"><int name="x1" value="123"/><int name="y1" value="363"/><int name="x2" value="141"/><int name="y2" value="357"/><int name="prev" value="35"/><int name="next" value="37"/></imgdir><imgdir name="37"><int name="x1" value="141"/><int name="y1" value="357"/><int name="x2" value="170"/><int name="y2" value="361"/><int name="prev" value="36"/><int name="next" value="38"/></imgdir><imgdir name="38"><int name="x1" value="170"/><int name="y1" value="361"/><int name="x2" value="200"/><int name="y2" value="361"/><int name="prev" value="37"/><int name="next" value="39"/></imgdir><imgdir name="39"><int name="x1" value="200"/><int name="y1" value="361"/><int name="x2" value="211"/><int name="y2" value="359"/><int name="prev" value="38"/><int name="next" value="40"/></imgdir><imgdir name="40"><int name="x1" value="211"/><int name="y1" value="359"/><int name="x2" value="243"/><int name="y2" value="366"/><int name="prev" value="39"/><int name="next" value="41"/></imgdir><imgdir name="41"><int name="x1" value="243"/><int name="y1" value="366"/><int name="x2" value="251"/><int name="y2" value="366"/><int name="prev" value="40"/><int name="next" value="42"/></imgdir><imgdir name="42"><int name="x1" value="251"/><int name="y1" value="366"/><int name="x2" value="258"/><int name="y2" value="361"/><int name="prev" value="41"/><int name="next" value="43"/></imgdir><imgdir name="43"><int name="x1" value="258"/><int name="y1" value="361"/><int name="x2" value="281"/><int name="y2" value="362"/><int name="prev" value="42"/><int name="next" value="44"/></imgdir><imgdir name="44"><int name="x1" value="281"/><int name="y1" value="362"/><int name="x2" value="290"/><int name="y2" value="359"/><int name="prev" value="43"/><int name="next" value="45"/></imgdir><imgdir name="45"><int name="x1" value="290"/><int name="y1" value="359"/><int name="x2" value="332"/><int name="y2" value="361"/><int name="prev" value="44"/><int name="next" value="46"/></imgdir><imgdir name="46"><int name="x1" value="332"/><int name="y1" value="361"/><int name="x2" value="340"/><int name="y2" value="358"/><int name="prev" value="45"/><int name="next" value="47"/></imgdir><imgdir name="47"><int name="x1" value="340"/><int name="y1" value="358"/><int name="x2" value="360"/><int name="y2" value="361"/><int name="prev" value="46"/><int name="next" value="48"/></imgdir><imgdir name="48"><int name="x1" value="360"/><int name="y1" value="361"/><int name="x2" value="366"/><int name="y2" value="360"/><int name="prev" value="47"/><int name="next" value="49"/></imgdir><imgdir name="49"><int name="x1" value="366"/><int name="y1" value="360"/><int name="x2" value="410"/><int name="y2" value="359"/><int name="prev" value="48"/><int name="next" value="50"/></imgdir><imgdir name="50"><int name="x1" value="410"/><int name="y1" value="359"/><int name="x2" value="454"/><int name="y2" value="368"/><int name="prev" value="49"/><int name="next" value="51"/></imgdir><imgdir name="51"><int name="x1" value="454"/><int name="y1" value="368"/><int name="x2" value="468"/><int name="y2" value="364"/><int name="prev" value="50"/><int name="next" value="52"/></imgdir><imgdir name="52"><int name="x1" value="468"/><int name="y1" value="364"/><int name="x2" value="497"/><int name="y2" value="368"/><int name="prev" value="51"/><int name="next" value="53"/></imgdir><imgdir name="53"><int name="x1" value="497"/><int name="y1" value="368"/><int name="x2" value="527"/><int name="y2" value="368"/><int name="prev" value="52"/><int name="next" value="54"/></imgdir><imgdir name="54"><int name="x1" value="527"/><int name="y1" value="368"/><int name="x2" value="538"/><int name="y2" value="366"/><int name="prev" value="53"/><int name="next" value="55"/></imgdir><imgdir name="55"><int name="x1" value="538"/><int name="y1" value="366"/><int name="x2" value="570"/><int name="y2" value="373"/><int name="prev" value="54"/><int name="next" value="0"/></imgdir></imgdir><imgdir name="5"><imgdir name="56"><int name="x1" value="-540"/><int name="y1" value="119"/><int name="x2" value="-516"/><int name="y2" value="98"/><int name="prev" value="0"/><int name="next" value="57"/></imgdir><imgdir name="57"><int name="x1" value="-516"/><int name="y1" value="98"/><int name="x2" value="-414"/><int name="y2" value="125"/><int name="prev" value="56"/><int name="next" value="58"/></imgdir><imgdir name="58"><int name="x1" value="-414"/><int name="y1" value="125"/><int name="x2" value="-363"/><int name="y2" value="127"/><int name="prev" value="57"/><int name="next" value="59"/></imgdir><imgdir name="59"><int name="x1" value="-363"/><int name="y1" value="127"/><int name="x2" value="-329"/><int name="y2" value="146"/><int name="prev" value="58"/><int name="next" value="60"/></imgdir><imgdir name="60"><int name="x1" value="-329"/><int name="y1" value="146"/><int name="x2" value="-297"/><int name="y2" value="154"/><int name="prev" value="59"/><int name="next" value="61"/></imgdir><imgdir name="61"><int name="x1" value="-297"/><int name="y1" value="154"/><int name="x2" value="-249"/><int name="y2" value="150"/><int name="prev" value="60"/><int name="next" value="62"/></imgdir><imgdir name="62"><int name="x1" value="-249"/><int name="y1" value="150"/><int name="x2" value="-205"/><int name="y2" value="164"/><int name="prev" value="61"/><int name="next" value="0"/></imgdir></imgdir><imgdir name="6"><imgdir name="63"><int name="x1" value="210"/><int name="y1" value="170"/><int name="x2" value="241"/><int name="y2" value="150"/><int name="prev" value="0"/><int name="next" value="64"/></imgdir><imgdir name="64"><int name="x1" value="241"/><int name="y1" value="150"/><int name="x2" value="321"/><int name="y2" value="153"/><int name="prev" value="63"/><int name="next" value="65"/></imgdir><imgdir name="65"><int name="x1" value="321"/><int name="y1" value="153"/><int name="x2" value="363"/><int name="y2" value="141"/><int name="prev" value="64"/><int name="next" value="66"/></imgdir><imgdir name="66"><int name="x1" value="363"/><int name="y1" value="141"/><int name="x2" value="375"/><int name="y2" value="131"/><int name="prev" value="65"/><int name="next" value="67"/></imgdir><imgdir name="67"><int name="x1" value="375"/><int name="y1" value="131"/><int name="x2" value="408"/><int name="y2" value="126"/><int name="prev" value="66"/><int name="next" value="68"/></imgdir><imgdir name="68"><int name="x1" value="408"/><int name="y1" value="126"/><int name="x2" value="440"/><int name="y2" value="126"/><int name="prev" value="67"/><int name="next" value="69"/></imgdir><imgdir name="69"><int name="x1" value="440"/><int name="y1" value="126"/><int name="x2" value="466"/><int name="y2" value="106"/><int name="prev" value="68"/><int name="next" value="70"/></imgdir><imgdir name="70"><int name="x1" value="466"/><int name="y1" value="106"/><int name="x2" value="508"/><int name="y2" value="112"/><int name="prev" value="69"/><int name="next" value="71"/></imgdir><imgdir name="71"><int name="x1" value="508"/><int name="y1" value="112"/><int name="x2" value="540"/><int name="y2" value="100"/><int name="prev" value="70"/><int name="next" value="72"/></imgdir><imgdir name="72"><int name="x1" value="540"/><int name="y1" value="100"/><int name="x2" value="559"/><int name="y2" value="108"/><int name="prev" value="71"/><int name="next" value="0"/></imgdir></imgdir><imgdir name="7"><imgdir name="73"><int name="x1" value="-276"/><int name="y1" value="-288"/><int name="x2" value="-243"/><int name="y2" value="-303"/><int name="prev" value="0"/><int name="next" value="74"/></imgdir><imgdir name="74"><int name="x1" value="-243"/><int name="y1" value="-303"/><int name="x2" value="-171"/><int name="y2" value="-306"/><int name="prev" value="73"/><int name="next" value="75"/></imgdir><imgdir name="75"><int name="x1" value="-171"/><int name="y1" value="-306"/><int name="x2" value="-135"/><int name="y2" value="-315"/><int name="prev" value="74"/><int name="next" value="76"/></imgdir><imgdir name="76"><int name="x1" value="-135"/><int name="y1" value="-315"/><int name="x2" value="-79"/><int name="y2" value="-336"/><int name="prev" value="75"/><int name="next" value="77"/></imgdir><imgdir name="77"><int name="x1" value="-79"/><int name="y1" value="-336"/><int name="x2" value="-35"/><int name="y2" value="-363"/><int name="prev" value="76"/><int name="next" value="78"/></imgdir><imgdir name="78"><int name="x1" value="-35"/><int name="y1" value="-363"/><int name="x2" value="6"/><int name="y2" value="-401"/><int name="prev" value="77"/><int name="next" value="79"/></imgdir><imgdir name="79"><int name="x1" value="6"/><int name="y1" value="-401"/><int name="x2" value="23"/><int name="y2" value="-411"/><int name="prev" value="78"/><int name="next" value="80"/></imgdir><imgdir name="80"><int name="x1" value="23"/><int name="y1" value="-411"/><int name="x2" value="52"/><int name="y2" value="-415"/><int name="prev" value="79"/><int name="next" value="81"/></imgdir><imgdir name="81"><int name="x1" value="52"/><int name="y1" value="-415"/><int name="x2" value="78"/><int name="y2" value="-410"/><int name="prev" value="80"/><int name="next" value="82"/></imgdir><imgdir name="82"><int name="x1" value="78"/><int name="y1" value="-410"/><int name="x2" value="103"/><int name="y2" value="-421"/><int name="prev" value="81"/><int name="next" value="83"/></imgdir><imgdir name="83"><int name="x1" value="103"/><int name="y1" value="-421"/><int name="x2" value="175"/><int name="y2" value="-424"/><int name="prev" value="82"/><int name="next" value="84"/></imgdir><imgdir name="84"><int name="x1" value="175"/><int name="y1" value="-424"/><int name="x2" value="211"/><int name="y2" value="-433"/><int name="prev" value="83"/><int name="next" value="85"/></imgdir><imgdir name="85"><int name="x1" value="211"/><int name="y1" value="-433"/><int name="x2" value="267"/><int name="y2" value="-454"/><int name="prev" value="84"/><int name="next" value="86"/></imgdir><imgdir name="86"><int name="x1" value="267"/><int name="y1" value="-454"/><int name="x2" value="311"/><int name="y2" value="-481"/><int name="prev" value="85"/><int name="next" value="87"/></imgdir><imgdir name="87"><int name="x1" value="311"/><int name="y1" value="-481"/><int name="x2" value="352"/><int name="y2" value="-519"/><int name="prev" value="86"/><int name="next" value="88"/></imgdir><imgdir name="88"><int name="x1" value="352"/><int name="y1" value="-519"/><int name="x2" value="369"/><int name="y2" value="-529"/><int name="prev" value="87"/><int name="next" value="89"/></imgdir><imgdir name="89"><int name="x1" value="369"/><int name="y1" value="-529"/><int name="x2" value="398"/><int name="y2" value="-533"/><int name="prev" value="88"/><int name="next" value="90"/></imgdir><imgdir name="90"><int name="x1" value="398"/><int name="y1" value="-533"/><int name="x2" value="419"/><int name="y2" value="-529"/><int name="prev" value="89"/><int name="next" value="91"/></imgdir><imgdir name="91"><int name="x1" value="419"/><int name="y1" value="-529"/><int name="x2" value="447"/><int name="y2" value="-539"/><int name="prev" value="90"/><int name="next" value="92"/></imgdir><imgdir name="92"><int name="x1" value="447"/><int name="y1" value="-539"/><int name="x2" value="476"/><int name="y2" value="-535"/><int name="prev" value="91"/><int name="next" value="93"/></imgdir><imgdir name="93"><int name="x1" value="476"/><int name="y1" value="-535"/><int name="x2" value="506"/><int name="y2" value="-535"/><int name="prev" value="92"/><int name="next" value="94"/></imgdir><imgdir name="94"><int name="x1" value="506"/><int name="y1" value="-535"/><int name="x2" value="517"/><int name="y2" value="-537"/><int name="prev" value="93"/><int name="next" value="95"/></imgdir><imgdir name="95"><int name="x1" value="517"/><int name="y1" value="-537"/><int name="x2" value="549"/><int name="y2" value="-530"/><int name="prev" value="94"/><int name="next" value="0"/></imgdir></imgdir></imgdir></imgdir><imgdir name="ladderRope"></imgdir><imgdir name="miniMap"><canvas name="canvas" width="76" height="80"></canvas><int name="width" value="1220"/><int name="height" value="1284"/><int name="centerX" value="602"/><int name="centerY" value="717"/><int name="mag" value="4"/></imgdir></imgdir>