<?xml version="1.0" encoding="UTF-8" standalone="yes"?><imgdir name="101030107.img"><imgdir name="info"><int name="version" value="10"/><int name="cloud" value="1"/><int name="town" value="0"/><int name="swim" value="0"/><int name="returnMap" value="102000000"/><int name="forcedReturn" value="999999999"/><float name="mobRate" value="1.7"/><string name="bgm" value="Bgm12/AcientRemain"/><string name="mapMark" value="Perion"/><int name="hideMinimap" value="0"/><int name="fieldLimit" value="0"/><int name="VRTop" value="-490"/><int name="VRLeft" value="-809"/><int name="VRBottom" value="603"/><int name="VRRight" value="809"/></imgdir><imgdir name="back"><imgdir name="0"><string name="bS" value="dryRock2"/><int name="front" value="0"/><int name="ani" value="0"/><int name="no" value="0"/><int name="f" value="0"/><int name="x" value="606"/><int name="y" value="-173"/><int name="rx" value="-6"/><int name="ry" value="-3"/><int name="type" value="1"/><int name="cx" value="0"/><int name="cy" value="0"/><int name="a" value="255"/></imgdir><imgdir name="1"><string name="bS" value="dryRock2"/><int name="front" value="0"/><int name="ani" value="0"/><int name="no" value="1"/><int name="f" value="0"/><int name="x" value="-20"/><int name="y" value="93"/><int name="rx" value="5"/><int name="ry" value="-10"/><int name="type" value="4"/><int name="cx" value="0"/><int name="cy" value="0"/><int name="a" value="255"/></imgdir><imgdir name="2"><string name="bS" value="syarenOutside"/><int name="front" value="0"/><int name="ani" value="0"/><int name="no" value="0"/><int name="f" value="0"/><int name="x" value="115"/><int name="y" value="0"/><int name="rx" value="-15"/><int name="ry" value="-40"/><int name="type" value="0"/><int name="cx" value="0"/><int name="cy" value="0"/><int name="a" value="255"/></imgdir><imgdir name="3"><string name="bS" value="syarenOutside"/><int name="front" value="0"/><int name="ani" value="0"/><int name="no" value="1"/><int name="f" value="0"/><int name="x" value="166"/><int name="y" value="-399"/><int name="rx" value="-15"/><int name="ry" value="-40"/><int name="type" value="0"/><int name="cx" value="0"/><int name="cy" value="0"/><int name="a" value="255"/></imgdir><imgdir name="4"><string name="bS" value="dryRock2"/><int name="front" value="0"/><int name="ani" value="0"/><int name="no" value="6"/><int name="f" value="0"/><int name="x" value="-51"/><int name="y" value="169"/><int name="rx" value="10"/><int name="ry" value="-15"/><int name="type" value="4"/><int name="cx" value="0"/><int name="cy" value="0"/><int name="a" value="255"/></imgdir></imgdir><imgdir name="life"><imgdir name="0"><string name="type" value="m"/><string name="id" value="4230126"/><int name="x" value="-547"/><int name="y" value="116"/><int name="mobTime" value="0"/><int name="f" value="0"/><int name="hide" value="0"/><int name="fh" value="67"/><int name="cy" value="120"/><int name="rx0" value="-754"/><int name="rx1" value="-515"/></imgdir><imgdir name="1"><string name="type" value="m"/><string name="id" value="4230126"/><int name="x" value="686"/><int name="y" value="380"/><int name="mobTime" value="0"/><int name="f" value="0"/><int name="hide" value="0"/><int name="fh" value="14"/><int name="cy" value="405"/><int name="rx0" value="-790"/><int name="rx1" value="790"/></imgdir><imgdir name="2"><string name="type" value="m"/><string name="id" value="4230126"/><int name="x" value="-188"/><int name="y" value="101"/><int name="mobTime" value="0"/><int name="f" value="0"/><int name="hide" value="0"/><int name="fh" value="73"/><int name="cy" value="109"/><int name="rx0" value="-790"/><int name="rx1" value="790"/></imgdir><imgdir name="3"><string name="type" value="m"/><string name="id" value="4230126"/><int name="x" value="-33"/><int name="y" value="103"/><int name="mobTime" value="0"/><int name="f" value="0"/><int name="hide" value="0"/><int name="fh" value="61"/><int name="cy" value="116"/><int name="rx0" value="-790"/><int name="rx1" value="790"/></imgdir><imgdir name="4"><string name="type" value="m"/><string name="id" value="4230126"/><int name="x" value="357"/><int name="y" value="2"/><int name="mobTime" value="0"/><int name="f" value="0"/><int name="hide" value="0"/><int name="fh" value="34"/><int name="cy" value="19"/><int name="rx0" value="242"/><int name="rx1" value="779"/></imgdir><imgdir name="5"><string name="type" value="m"/><string name="id" value="4230126"/><int name="x" value="453"/><int name="y" value="104"/><int name="mobTime" value="0"/><int name="f" value="0"/><int name="hide" value="0"/><int name="fh" value="33"/><int name="cy" value="113"/><int name="rx0" value="242"/><int name="rx1" value="779"/></imgdir><imgdir name="6"><string name="type" value="m"/><string name="id" value="4230126"/><int name="x" value="759"/><int name="y" value="47"/><int name="mobTime" value="0"/><int name="f" value="0"/><int name="hide" value="0"/><int name="fh" value="35"/><int name="cy" value="69"/><int name="rx0" value="242"/><int name="rx1" value="779"/></imgdir><imgdir name="7"><string name="type" value="m"/><string name="id" value="4230126"/><int name="x" value="454"/><int name="y" value="3"/><int name="mobTime" value="0"/><int name="f" value="0"/><int name="hide" value="0"/><int name="fh" value="34"/><int name="cy" value="19"/><int name="rx0" value="242"/><int name="rx1" value="779"/></imgdir><imgdir name="8"><string name="type" value="m"/><string name="id" value="4230126"/><int name="x" value="-462"/><int name="y" value="383"/><int name="mobTime" value="0"/><int name="f" value="0"/><int name="hide" value="0"/><int name="fh" value="15"/><int name="cy" value="405"/><int name="rx0" value="-790"/><int name="rx1" value="790"/></imgdir><imgdir name="10"><string name="type" value="m"/><string name="id" value="4230126"/><int name="x" value="585"/><int name="y" value="383"/><int name="mobTime" value="0"/><int name="f" value="0"/><int name="hide" value="0"/><int name="fh" value="13"/><int name="cy" value="405"/><int name="rx0" value="-790"/><int name="rx1" value="790"/></imgdir><imgdir name="12"><string name="type" value="m"/><string name="id" value="5150001"/><int name="x" value="-385"/><int name="y" value="94"/><int name="mobTime" value="0"/><int name="f" value="0"/><int name="hide" value="0"/><int name="fh" value="70"/><int name="cy" value="114"/><int name="rx0" value="-790"/><int name="rx1" value="790"/></imgdir><imgdir name="14"><string name="type" value="m"/><string name="id" value="4230125"/><int name="x" value="557"/><int name="y" value="105"/><int name="mobTime" value="0"/><int name="f" value="0"/><int name="hide" value="0"/><int name="fh" value="33"/><int name="cy" value="113"/><int name="rx0" value="242"/><int name="rx1" value="779"/></imgdir><imgdir name="15"><string name="type" value="m"/><string name="id" value="4230125"/><int name="x" value="225"/><int name="y" value="62"/><int name="mobTime" value="0"/><int name="f" value="0"/><int name="hide" value="0"/><int name="fh" value="58"/><int name="cy" value="71"/><int name="rx0" value="225"/><int name="rx1" value="779"/></imgdir><imgdir name="16"><string name="type" value="m"/><string name="id" value="4230125"/><int name="x" value="-690"/><int name="y" value="124"/><int name="mobTime" value="0"/><int name="f" value="0"/><int name="hide" value="0"/><int name="fh" value="64"/><int name="cy" value="132"/><int name="rx0" value="-754"/><int name="rx1" value="-515"/></imgdir><imgdir name="17"><string name="type" value="m"/><string name="id" value="4230125"/><int name="x" value="349"/><int name="y" value="101"/><int name="mobTime" value="0"/><int name="f" value="0"/><int name="hide" value="0"/><int name="fh" value="33"/><int name="cy" value="113"/><int name="rx0" value="242"/><int name="rx1" value="779"/></imgdir><imgdir name="11"><string name="type" value="m"/><string name="id" value="4230126"/><int name="x" value="-290"/><int name="y" value="373"/><int name="mobTime" value="0"/><int name="f" value="0"/><int name="hide" value="0"/><int name="fh" value="6"/><int name="cy" value="405"/><int name="rx0" value="-790"/><int name="rx1" value="790"/></imgdir><imgdir name="9"><string name="type" value="m"/><string name="id" value="4230126"/><int name="x" value="122"/><int name="y" value="386"/><int name="mobTime" value="0"/><int name="f" value="0"/><int name="hide" value="0"/><int name="fh" value="1"/><int name="cy" value="405"/><int name="rx0" value="-790"/><int name="rx1" value="790"/></imgdir><imgdir name="18"><string name="type" value="m"/><string name="id" value="4230126"/><int name="x" value="661"/><int name="y" value="47"/><int name="mobTime" value="0"/><int name="f" value="0"/><int name="hide" value="0"/><int name="fh" value="35"/><int name="cy" value="69"/><int name="rx0" value="242"/><int name="rx1" value="779"/></imgdir><imgdir name="13"><string name="type" value="m"/><string name="id" value="5150001"/><int name="x" value="249"/><int name="y" value="376"/><int name="mobTime" value="0"/><int name="f" value="0"/><int name="hide" value="0"/><int name="fh" value="8"/><int name="cy" value="405"/><int name="rx0" value="-790"/><int name="rx1" value="790"/></imgdir><imgdir name="19"><string name="type" value="m"/><string name="id" value="4230126"/><int name="x" value="-106"/><int name="y" value="374"/><int name="mobTime" value="0"/><int name="f" value="0"/><int name="hide" value="0"/><int name="fh" value="4"/><int name="cy" value="405"/><int name="rx0" value="-790"/><int name="rx1" value="790"/></imgdir><imgdir name="20"><string name="type" value="m"/><string name="id" value="4230126"/><int name="x" value="81"/><int name="y" value="62"/><int name="mobTime" value="0"/><int name="f" value="0"/><int name="hide" value="0"/><int name="fh" value="54"/><int name="cy" value="74"/><int name="rx0" value="-790"/><int name="rx1" value="790"/></imgdir></imgdir><imgdir name="reactor"></imgdir><imgdir name="0"><imgdir name="info"></imgdir><imgdir name="tile"></imgdir><imgdir name="obj"></imgdir></imgdir><imgdir name="1"><imgdir name="info"></imgdir><imgdir name="tile"></imgdir><imgdir name="obj"></imgdir></imgdir><imgdir name="2"><imgdir name="info"></imgdir><imgdir name="tile"></imgdir><imgdir name="obj"></imgdir></imgdir><imgdir name="3"><imgdir name="info"><string name="tS" value="dryRock"/><int name="tSMag" value="1"/></imgdir><imgdir name="tile"><imgdir name="12"><int name="x" value="0"/><int name="y" value="420"/><string name="u" value="enH0"/><int name="no" value="1"/><int name="zM" value="0"/></imgdir><imgdir name="1"><int name="x" value="90"/><int name="y" value="420"/><string name="u" value="enH0"/><int name="no" value="1"/><int name="zM" value="0"/></imgdir><imgdir name="15"><int name="x" value="180"/><int name="y" value="420"/><string name="u" value="enH0"/><int name="no" value="1"/><int name="zM" value="0"/></imgdir><imgdir name="5"><int name="x" value="-270"/><int name="y" value="420"/><string name="u" value="enH0"/><int name="no" value="0"/><int name="zM" value="0"/></imgdir><imgdir name="7"><int name="x" value="-180"/><int name="y" value="420"/><string name="u" value="enH0"/><int name="no" value="1"/><int name="zM" value="0"/></imgdir><imgdir name="9"><int name="x" value="-90"/><int name="y" value="420"/><string name="u" value="enH0"/><int name="no" value="0"/><int name="zM" value="0"/></imgdir><imgdir name="11"><int name="x" value="-360"/><int name="y" value="420"/><string name="u" value="enH0"/><int name="no" value="0"/><int name="zM" value="0"/></imgdir><imgdir name="27"><int name="x" value="630"/><int name="y" value="420"/><string name="u" value="enH0"/><int name="no" value="1"/><int name="zM" value="0"/></imgdir><imgdir name="25"><int name="x" value="540"/><int name="y" value="420"/><string name="u" value="enH0"/><int name="no" value="1"/><int name="zM" value="0"/></imgdir><imgdir name="23"><int name="x" value="450"/><int name="y" value="420"/><string name="u" value="enH0"/><int name="no" value="1"/><int name="zM" value="0"/></imgdir><imgdir name="21"><int name="x" value="360"/><int name="y" value="420"/><string name="u" value="enH0"/><int name="no" value="1"/><int name="zM" value="0"/></imgdir><imgdir name="17"><int name="x" value="270"/><int name="y" value="420"/><string name="u" value="enH0"/><int name="no" value="0"/><int name="zM" value="0"/></imgdir><imgdir name="19"><int name="x" value="720"/><int name="y" value="420"/><string name="u" value="enH0"/><int name="no" value="0"/><int name="zM" value="0"/></imgdir><imgdir name="33"><int name="x" value="-810"/><int name="y" value="420"/><string name="u" value="enH0"/><int name="no" value="1"/><int name="zM" value="0"/></imgdir><imgdir name="3"><int name="x" value="-450"/><int name="y" value="420"/><string name="u" value="enH0"/><int name="no" value="0"/><int name="zM" value="0"/></imgdir><imgdir name="31"><int name="x" value="-720"/><int name="y" value="420"/><string name="u" value="enH0"/><int name="no" value="0"/><int name="zM" value="0"/></imgdir><imgdir name="39"><int name="x" value="-630"/><int name="y" value="420"/><string name="u" value="enH0"/><int name="no" value="1"/><int name="zM" value="0"/></imgdir><imgdir name="28"><int name="x" value="-540"/><int name="y" value="420"/><string name="u" value="enH0"/><int name="no" value="0"/><int name="zM" value="0"/></imgdir><imgdir name="16"><int name="x" value="270"/><int name="y" value="420"/><string name="u" value="bsc"/><int name="no" value="1"/><int name="zM" value="0"/></imgdir><imgdir name="20"><int name="x" value="360"/><int name="y" value="420"/><string name="u" value="bsc"/><int name="no" value="2"/><int name="zM" value="0"/></imgdir><imgdir name="22"><int name="x" value="450"/><int name="y" value="420"/><string name="u" value="bsc"/><int name="no" value="0"/><int name="zM" value="0"/></imgdir><imgdir name="24"><int name="x" value="540"/><int name="y" value="420"/><string name="u" value="bsc"/><int name="no" value="1"/><int name="zM" value="0"/></imgdir><imgdir name="26"><int name="x" value="630"/><int name="y" value="420"/><string name="u" value="bsc"/><int name="no" value="1"/><int name="zM" value="0"/></imgdir><imgdir name="18"><int name="x" value="720"/><int name="y" value="420"/><string name="u" value="bsc"/><int name="no" value="2"/><int name="zM" value="0"/></imgdir><imgdir name="57"><int name="x" value="360"/><int name="y" value="480"/><string name="u" value="bsc"/><int name="no" value="2"/><int name="zM" value="0"/></imgdir><imgdir name="60"><int name="x" value="450"/><int name="y" value="480"/><string name="u" value="bsc"/><int name="no" value="0"/><int name="zM" value="0"/></imgdir><imgdir name="54"><int name="x" value="720"/><int name="y" value="480"/><string name="u" value="bsc"/><int name="no" value="0"/><int name="zM" value="0"/></imgdir><imgdir name="58"><int name="x" value="540"/><int name="y" value="480"/><string name="u" value="bsc"/><int name="no" value="1"/><int name="zM" value="0"/></imgdir><imgdir name="56"><int name="x" value="630"/><int name="y" value="480"/><string name="u" value="bsc"/><int name="no" value="0"/><int name="zM" value="0"/></imgdir><imgdir name="69"><int name="x" value="450"/><int name="y" value="600"/><string name="u" value="enH1"/><int name="no" value="0"/><int name="zM" value="0"/></imgdir><imgdir name="61"><int name="x" value="540"/><int name="y" value="540"/><string name="u" value="bsc"/><int name="no" value="2"/><int name="zM" value="0"/></imgdir><imgdir name="67"><int name="x" value="540"/><int name="y" value="600"/><string name="u" value="enH1"/><int name="no" value="0"/><int name="zM" value="0"/></imgdir><imgdir name="66"><int name="x" value="450"/><int name="y" value="540"/><string name="u" value="bsc"/><int name="no" value="0"/><int name="zM" value="0"/></imgdir><imgdir name="65"><int name="x" value="360"/><int name="y" value="540"/><string name="u" value="bsc"/><int name="no" value="1"/><int name="zM" value="0"/></imgdir><imgdir name="71"><int name="x" value="720"/><int name="y" value="600"/><string name="u" value="enH1"/><int name="no" value="1"/><int name="zM" value="0"/></imgdir><imgdir name="62"><int name="x" value="630"/><int name="y" value="540"/><string name="u" value="bsc"/><int name="no" value="2"/><int name="zM" value="0"/></imgdir><imgdir name="70"><int name="x" value="360"/><int name="y" value="600"/><string name="u" value="enH1"/><int name="no" value="1"/><int name="zM" value="0"/></imgdir><imgdir name="48"><int name="x" value="720"/><int name="y" value="540"/><string name="u" value="bsc"/><int name="no" value="2"/><int name="zM" value="0"/></imgdir><imgdir name="50"><int name="x" value="630"/><int name="y" value="600"/><string name="u" value="enH1"/><int name="no" value="0"/><int name="zM" value="0"/></imgdir><imgdir name="68"><int name="x" value="270"/><int name="y" value="600"/><string name="u" value="enH1"/><int name="no" value="1"/><int name="zM" value="0"/></imgdir><imgdir name="64"><int name="x" value="270"/><int name="y" value="540"/><string name="u" value="bsc"/><int name="no" value="2"/><int name="zM" value="0"/></imgdir><imgdir name="46"><int name="x" value="270"/><int name="y" value="480"/><string name="u" value="bsc"/><int name="no" value="0"/><int name="zM" value="0"/></imgdir><imgdir name="6"><int name="x" value="-180"/><int name="y" value="420"/><string name="u" value="bsc"/><int name="no" value="0"/><int name="zM" value="0"/></imgdir><imgdir name="13"><int name="x" value="0"/><int name="y" value="420"/><string name="u" value="bsc"/><int name="no" value="2"/><int name="zM" value="0"/></imgdir><imgdir name="14"><int name="x" value="180"/><int name="y" value="420"/><string name="u" value="bsc"/><int name="no" value="2"/><int name="zM" value="0"/></imgdir><imgdir name="0"><int name="x" value="90"/><int name="y" value="420"/><string name="u" value="bsc"/><int name="no" value="2"/><int name="zM" value="0"/></imgdir><imgdir name="8"><int name="x" value="-90"/><int name="y" value="420"/><string name="u" value="bsc"/><int name="no" value="1"/><int name="zM" value="0"/></imgdir><imgdir name="4"><int name="x" value="-270"/><int name="y" value="420"/><string name="u" value="bsc"/><int name="no" value="0"/><int name="zM" value="0"/></imgdir><imgdir name="74"><int name="x" value="-90"/><int name="y" value="480"/><string name="u" value="bsc"/><int name="no" value="0"/><int name="zM" value="0"/></imgdir><imgdir name="75"><int name="x" value="-180"/><int name="y" value="480"/><string name="u" value="bsc"/><int name="no" value="1"/><int name="zM" value="0"/></imgdir><imgdir name="79"><int name="x" value="-270"/><int name="y" value="480"/><string name="u" value="bsc"/><int name="no" value="1"/><int name="zM" value="0"/></imgdir><imgdir name="73"><int name="x" value="0"/><int name="y" value="480"/><string name="u" value="bsc"/><int name="no" value="0"/><int name="zM" value="0"/></imgdir><imgdir name="76"><int name="x" value="90"/><int name="y" value="480"/><string name="u" value="bsc"/><int name="no" value="1"/><int name="zM" value="0"/></imgdir><imgdir name="59"><int name="x" value="180"/><int name="y" value="480"/><string name="u" value="bsc"/><int name="no" value="2"/><int name="zM" value="0"/></imgdir><imgdir name="82"><int name="x" value="-180"/><int name="y" value="540"/><string name="u" value="bsc"/><int name="no" value="2"/><int name="zM" value="0"/></imgdir><imgdir name="84"><int name="x" value="-90"/><int name="y" value="540"/><string name="u" value="bsc"/><int name="no" value="1"/><int name="zM" value="0"/></imgdir><imgdir name="88"><int name="x" value="90"/><int name="y" value="600"/><string name="u" value="enH1"/><int name="no" value="1"/><int name="zM" value="0"/></imgdir><imgdir name="86"><int name="x" value="180"/><int name="y" value="600"/><string name="u" value="enH1"/><int name="no" value="1"/><int name="zM" value="0"/></imgdir><imgdir name="55"><int name="x" value="180"/><int name="y" value="540"/><string name="u" value="bsc"/><int name="no" value="1"/><int name="zM" value="0"/></imgdir><imgdir name="85"><int name="x" value="90"/><int name="y" value="540"/><string name="u" value="bsc"/><int name="no" value="1"/><int name="zM" value="0"/></imgdir><imgdir name="89"><int name="x" value="-90"/><int name="y" value="600"/><string name="u" value="enH1"/><int name="no" value="1"/><int name="zM" value="0"/></imgdir><imgdir name="83"><int name="x" value="0"/><int name="y" value="540"/><string name="u" value="bsc"/><int name="no" value="2"/><int name="zM" value="0"/></imgdir><imgdir name="63"><int name="x" value="0"/><int name="y" value="600"/><string name="u" value="enH1"/><int name="no" value="1"/><int name="zM" value="0"/></imgdir><imgdir name="72"><int name="x" value="-270"/><int name="y" value="600"/><string name="u" value="enH1"/><int name="no" value="1"/><int name="zM" value="0"/></imgdir><imgdir name="78"><int name="x" value="-270"/><int name="y" value="540"/><string name="u" value="bsc"/><int name="no" value="2"/><int name="zM" value="0"/></imgdir><imgdir name="32"><int name="x" value="-810"/><int name="y" value="420"/><string name="u" value="bsc"/><int name="no" value="2"/><int name="zM" value="0"/></imgdir><imgdir name="30"><int name="x" value="-720"/><int name="y" value="420"/><string name="u" value="bsc"/><int name="no" value="2"/><int name="zM" value="0"/></imgdir><imgdir name="38"><int name="x" value="-630"/><int name="y" value="420"/><string name="u" value="bsc"/><int name="no" value="0"/><int name="zM" value="0"/></imgdir><imgdir name="29"><int name="x" value="-540"/><int name="y" value="420"/><string name="u" value="bsc"/><int name="no" value="2"/><int name="zM" value="0"/></imgdir><imgdir name="2"><int name="x" value="-450"/><int name="y" value="420"/><string name="u" value="bsc"/><int name="no" value="2"/><int name="zM" value="0"/></imgdir><imgdir name="10"><int name="x" value="-360"/><int name="y" value="420"/><string name="u" value="bsc"/><int name="no" value="0"/><int name="zM" value="0"/></imgdir><imgdir name="87"><int name="x" value="-360"/><int name="y" value="600"/><string name="u" value="enH1"/><int name="no" value="1"/><int name="zM" value="0"/></imgdir><imgdir name="80"><int name="x" value="-360"/><int name="y" value="540"/><string name="u" value="bsc"/><int name="no" value="2"/><int name="zM" value="0"/></imgdir><imgdir name="81"><int name="x" value="-630"/><int name="y" value="600"/><string name="u" value="enH1"/><int name="no" value="0"/><int name="zM" value="0"/></imgdir><imgdir name="43"><int name="x" value="-540"/><int name="y" value="600"/><string name="u" value="enH1"/><int name="no" value="0"/><int name="zM" value="0"/></imgdir><imgdir name="42"><int name="x" value="-720"/><int name="y" value="600"/><string name="u" value="enH1"/><int name="no" value="0"/><int name="zM" value="0"/></imgdir><imgdir name="44"><int name="x" value="-450"/><int name="y" value="600"/><string name="u" value="enH1"/><int name="no" value="0"/><int name="zM" value="0"/></imgdir><imgdir name="45"><int name="x" value="-810"/><int name="y" value="600"/><string name="u" value="enH1"/><int name="no" value="0"/><int name="zM" value="0"/></imgdir><imgdir name="35"><int name="x" value="-810"/><int name="y" value="540"/><string name="u" value="bsc"/><int name="no" value="1"/><int name="zM" value="0"/></imgdir><imgdir name="34"><int name="x" value="-450"/><int name="y" value="540"/><string name="u" value="bsc"/><int name="no" value="2"/><int name="zM" value="0"/></imgdir><imgdir name="41"><int name="x" value="-630"/><int name="y" value="540"/><string name="u" value="bsc"/><int name="no" value="0"/><int name="zM" value="0"/></imgdir><imgdir name="37"><int name="x" value="-540"/><int name="y" value="540"/><string name="u" value="bsc"/><int name="no" value="1"/><int name="zM" value="0"/></imgdir><imgdir name="36"><int name="x" value="-720"/><int name="y" value="540"/><string name="u" value="bsc"/><int name="no" value="2"/><int name="zM" value="0"/></imgdir><imgdir name="77"><int name="x" value="-630"/><int name="y" value="480"/><string name="u" value="bsc"/><int name="no" value="0"/><int name="zM" value="0"/></imgdir><imgdir name="40"><int name="x" value="-540"/><int name="y" value="480"/><string name="u" value="bsc"/><int name="no" value="1"/><int name="zM" value="0"/></imgdir><imgdir name="53"><int name="x" value="-810"/><int name="y" value="480"/><string name="u" value="bsc"/><int name="no" value="2"/><int name="zM" value="0"/></imgdir><imgdir name="52"><int name="x" value="-450"/><int name="y" value="480"/><string name="u" value="bsc"/><int name="no" value="1"/><int name="zM" value="0"/></imgdir><imgdir name="47"><int name="x" value="-720"/><int name="y" value="480"/><string name="u" value="bsc"/><int name="no" value="1"/><int name="zM" value="0"/></imgdir><imgdir name="49"><int name="x" value="-360"/><int name="y" value="480"/><string name="u" value="bsc"/><int name="no" value="0"/><int name="zM" value="0"/></imgdir><imgdir name="51"><int name="x" value="-180"/><int name="y" value="600"/><string name="u" value="enH1"/><int name="no" value="0"/><int name="zM" value="0"/></imgdir><imgdir name="92"><int name="x" value="720"/><int name="y" value="240"/><string name="u" value="edU"/><int name="no" value="1"/><int name="zM" value="5"/></imgdir><imgdir name="93"><int name="x" value="720"/><int name="y" value="240"/><string name="u" value="edD"/><int name="no" value="0"/><int name="zM" value="5"/></imgdir><imgdir name="90"><int name="x" value="720"/><int name="y" value="240"/><string name="u" value="enH1"/><int name="no" value="1"/><int name="zM" value="5"/></imgdir><imgdir name="91"><int name="x" value="720"/><int name="y" value="240"/><string name="u" value="enH0"/><int name="no" value="1"/><int name="zM" value="5"/></imgdir><imgdir name="94"><int name="x" value="90"/><int name="y" value="240"/><string name="u" value="edU"/><int name="no" value="1"/><int name="zM" value="6"/></imgdir><imgdir name="95"><int name="x" value="90"/><int name="y" value="240"/><string name="u" value="edD"/><int name="no" value="1"/><int name="zM" value="6"/></imgdir><imgdir name="96"><int name="x" value="180"/><int name="y" value="240"/><string name="u" value="edU"/><int name="no" value="0"/><int name="zM" value="6"/></imgdir><imgdir name="97"><int name="x" value="180"/><int name="y" value="240"/><string name="u" value="edD"/><int name="no" value="0"/><int name="zM" value="6"/></imgdir><imgdir name="98"><int name="x" value="90"/><int name="y" value="240"/><string name="u" value="enH0"/><int name="no" value="1"/><int name="zM" value="6"/></imgdir><imgdir name="99"><int name="x" value="90"/><int name="y" value="240"/><string name="u" value="enH1"/><int name="no" value="0"/><int name="zM" value="6"/></imgdir><imgdir name="100"><int name="x" value="-180"/><int name="y" value="-60"/><string name="u" value="edU"/><int name="no" value="0"/><int name="zM" value="10"/></imgdir><imgdir name="101"><int name="x" value="-180"/><int name="y" value="-60"/><string name="u" value="edD"/><int name="no" value="0"/><int name="zM" value="10"/></imgdir><imgdir name="102"><int name="x" value="-90"/><int name="y" value="-60"/><string name="u" value="edU"/><int name="no" value="0"/><int name="zM" value="10"/></imgdir><imgdir name="103"><int name="x" value="-90"/><int name="y" value="-60"/><string name="u" value="edD"/><int name="no" value="0"/><int name="zM" value="10"/></imgdir><imgdir name="104"><int name="x" value="-180"/><int name="y" value="-60"/><string name="u" value="enH0"/><int name="no" value="1"/><int name="zM" value="10"/></imgdir><imgdir name="105"><int name="x" value="-180"/><int name="y" value="-60"/><string name="u" value="enH1"/><int name="no" value="1"/><int name="zM" value="10"/></imgdir></imgdir><imgdir name="obj"><imgdir name="0"><string name="oS" value="acc1"/><string name="l0" value="dryRock"/><string name="l1" value="castle"/><string name="l2" value="0"/><int name="x" value="523"/><int name="y" value="333"/><int name="z" value="8"/><int name="f" value="0"/><int name="zM" value="0"/></imgdir><imgdir name="1"><string name="oS" value="acc1"/><string name="l0" value="dryRock"/><string name="l1" value="castle"/><string name="l2" value="1"/><int name="x" value="530"/><int name="y" value="138"/><int name="z" value="8"/><int name="f" value="0"/><int name="zM" value="7"/></imgdir><imgdir name="2"><string name="oS" value="acc1"/><string name="l0" value="dryRock"/><string name="l1" value="castle"/><string name="l2" value="2"/><int name="x" value="564"/><int name="y" value="-102"/><int name="z" value="9"/><int name="f" value="0"/><int name="zM" value="9"/></imgdir><imgdir name="3"><string name="oS" value="acc1"/><string name="l0" value="dryRock"/><string name="l1" value="castle"/><string name="l2" value="5"/><int name="x" value="48"/><int name="y" value="242"/><int name="z" value="2"/><int name="f" value="0"/><int name="zM" value="0"/></imgdir><imgdir name="4"><string name="oS" value="guild"/><string name="l0" value="syarenian"/><string name="l1" value="rock"/><string name="l2" value="8"/><int name="x" value="130"/><int name="y" value="288"/><int name="z" value="6"/><int name="f" value="0"/><int name="zM" value="0"/></imgdir><imgdir name="5"><string name="oS" value="guild"/><string name="l0" value="syarenian"/><string name="l1" value="rock"/><string name="l2" value="9"/><int name="x" value="101"/><int name="y" value="45"/><int name="z" value="4"/><int name="f" value="0"/><int name="zM" value="0"/></imgdir><imgdir name="6"><string name="oS" value="guild"/><string name="l0" value="syarenian"/><string name="l1" value="rock"/><string name="l2" value="0"/><int name="x" value="122"/><int name="y" value="-174"/><int name="z" value="6"/><int name="f" value="0"/><int name="zM" value="13"/></imgdir><imgdir name="7"><string name="oS" value="guild"/><string name="l0" value="syarenian"/><string name="l1" value="rock"/><string name="l2" value="2"/><int name="x" value="387"/><int name="y" value="-178"/><int name="z" value="6"/><int name="f" value="0"/><int name="zM" value="0"/></imgdir><imgdir name="8"><string name="oS" value="guild"/><string name="l0" value="syarenian"/><string name="l1" value="rock"/><string name="l2" value="5"/><int name="x" value="-70"/><int name="y" value="-160"/><int name="z" value="2"/><int name="f" value="0"/><int name="zM" value="0"/></imgdir><imgdir name="9"><string name="oS" value="guild"/><string name="l0" value="syarenian"/><string name="l1" value="rock"/><string name="l2" value="7"/><int name="x" value="151"/><int name="y" value="189"/><int name="z" value="9"/><int name="f" value="0"/><int name="zM" value="0"/></imgdir><imgdir name="10"><string name="oS" value="guild"/><string name="l0" value="syarenian"/><string name="l1" value="rock"/><string name="l2" value="8"/><int name="x" value="175"/><int name="y" value="434"/><int name="z" value="8"/><int name="f" value="0"/><int name="zM" value="0"/></imgdir><imgdir name="11"><string name="oS" value="guild"/><string name="l0" value="syarenian"/><string name="l1" value="rock"/><string name="l2" value="5"/><int name="x" value="-84"/><int name="y" value="208"/><int name="z" value="9"/><int name="f" value="0"/><int name="zM" value="0"/></imgdir><imgdir name="12"><string name="oS" value="guild"/><string name="l0" value="syarenian"/><string name="l1" value="rock"/><string name="l2" value="4"/><int name="x" value="-222"/><int name="y" value="134"/><int name="z" value="10"/><int name="f" value="0"/><int name="zM" value="0"/></imgdir><imgdir name="14"><string name="oS" value="guild"/><string name="l0" value="syarenian"/><string name="l1" value="rock"/><string name="l2" value="2"/><int name="x" value="-379"/><int name="y" value="208"/><int name="z" value="7"/><int name="f" value="0"/><int name="zM" value="0"/></imgdir><imgdir name="13"><string name="oS" value="guild"/><string name="l0" value="syarenian"/><string name="l1" value="rock"/><string name="l2" value="0"/><int name="x" value="-645"/><int name="y" value="212"/><int name="z" value="9"/><int name="f" value="0"/><int name="zM" value="4"/></imgdir><imgdir name="15"><string name="oS" value="guild"/><string name="l0" value="syarenian"/><string name="l1" value="rock"/><string name="l2" value="9"/><int name="x" value="-666"/><int name="y" value="431"/><int name="z" value="8"/><int name="f" value="0"/><int name="zM" value="0"/></imgdir><imgdir name="16"><string name="oS" value="acc1"/><string name="l0" value="dryRock"/><string name="l1" value="castle"/><string name="l2" value="5"/><int name="x" value="-386"/><int name="y" value="242"/><int name="z" value="3"/><int name="f" value="0"/><int name="zM" value="0"/></imgdir><imgdir name="17"><string name="oS" value="guild"/><string name="l0" value="syarenian"/><string name="l1" value="acc1"/><string name="l2" value="22"/><int name="x" value="-597"/><int name="y" value="64"/><int name="z" value="8"/><int name="f" value="0"/><int name="zM" value="0"/></imgdir><imgdir name="18"><string name="oS" value="guild"/><string name="l0" value="syarenian"/><string name="l1" value="acc1"/><string name="l2" value="22"/><int name="x" value="-597"/><int name="y" value="-90"/><int name="z" value="9"/><int name="f" value="0"/><int name="zM" value="0"/></imgdir><imgdir name="19"><string name="oS" value="guild"/><string name="l0" value="syarenian"/><string name="l1" value="acc1"/><string name="l2" value="23"/><int name="x" value="-598"/><int name="y" value="-211"/><int name="z" value="9"/><int name="f" value="0"/><int name="zM" value="0"/></imgdir><imgdir name="20"><string name="oS" value="guild"/><string name="l0" value="syarenian"/><string name="l1" value="acc1"/><string name="l2" value="30"/><int name="x" value="-531"/><int name="y" value="-203"/><int name="z" value="10"/><int name="f" value="0"/><int name="zM" value="0"/></imgdir><imgdir name="21"><string name="oS" value="guild"/><string name="l0" value="syarenian"/><string name="l1" value="acc1"/><string name="l2" value="31"/><int name="x" value="-438"/><int name="y" value="-203"/><int name="z" value="9"/><int name="f" value="0"/><int name="zM" value="0"/></imgdir><imgdir name="22"><string name="oS" value="guild"/><string name="l0" value="syarenian"/><string name="l1" value="acc1"/><string name="l2" value="31"/><int name="x" value="-348"/><int name="y" value="-203"/><int name="z" value="9"/><int name="f" value="0"/><int name="zM" value="0"/></imgdir><imgdir name="23"><string name="oS" value="guild"/><string name="l0" value="syarenian"/><string name="l1" value="acc1"/><string name="l2" value="32"/><int name="x" value="-256"/><int name="y" value="-198"/><int name="z" value="9"/><int name="f" value="0"/><int name="zM" value="0"/></imgdir><imgdir name="24"><string name="oS" value="guild"/><string name="l0" value="syarenian"/><string name="l1" value="acc1"/><string name="l2" value="34"/><int name="x" value="-233"/><int name="y" value="-111"/><int name="z" value="9"/><int name="f" value="0"/><int name="zM" value="0"/></imgdir><imgdir name="25"><string name="oS" value="guild"/><string name="l0" value="syarenian"/><string name="l1" value="acc1"/><string name="l2" value="35"/><int name="x" value="-233"/><int name="y" value="21"/><int name="z" value="9"/><int name="f" value="0"/><int name="zM" value="0"/></imgdir><imgdir name="26"><string name="oS" value="guild"/><string name="l0" value="syarenian"/><string name="l1" value="acc1"/><string name="l2" value="33"/><int name="x" value="-233"/><int name="y" value="-41"/><int name="z" value="9"/><int name="f" value="0"/><int name="zM" value="0"/></imgdir><imgdir name="27"><string name="oS" value="acc1"/><string name="l0" value="dryRock"/><string name="l1" value="castle"/><string name="l2" value="7"/><int name="x" value="76"/><int name="y" value="-379"/><int name="z" value="0"/><int name="f" value="0"/><int name="zM" value="0"/></imgdir><imgdir name="28"><string name="oS" value="acc1"/><string name="l0" value="dryRock"/><string name="l1" value="castle"/><string name="l2" value="8"/><int name="x" value="252"/><int name="y" value="-380"/><int name="z" value="3"/><int name="f" value="0"/><int name="zM" value="0"/></imgdir><imgdir name="29"><string name="oS" value="acc1"/><string name="l0" value="dryRock"/><string name="l1" value="nature"/><string name="l2" value="13"/><int name="x" value="140"/><int name="y" value="48"/><int name="z" value="7"/><int name="f" value="0"/><int name="zM" value="0"/></imgdir><imgdir name="30"><string name="oS" value="guild"/><string name="l0" value="syarenian"/><string name="l1" value="acc1"/><string name="l2" value="42"/><int name="x" value="694"/><int name="y" value="354"/><int name="z" value="9"/><int name="f" value="0"/><int name="zM" value="0"/></imgdir><imgdir name="31"><string name="oS" value="guild"/><string name="l0" value="syarenian"/><string name="l1" value="acc1"/><string name="l2" value="41"/><int name="x" value="581"/><int name="y" value="383"/><int name="z" value="11"/><int name="f" value="0"/><int name="zM" value="0"/></imgdir><imgdir name="32"><string name="oS" value="guild"/><string name="l0" value="syarenian"/><string name="l1" value="acc1"/><string name="l2" value="42"/><int name="x" value="-553"/><int name="y" value="358"/><int name="z" value="10"/><int name="f" value="0"/><int name="zM" value="0"/></imgdir><imgdir name="33"><string name="oS" value="acc1"/><string name="l0" value="dryRock"/><string name="l1" value="artificiality"/><string name="l2" value="5"/><int name="x" value="-522"/><int name="y" value="92"/><int name="z" value="8"/><int name="f" value="0"/><int name="zM" value="0"/></imgdir><imgdir name="34"><string name="oS" value="acc1"/><string name="l0" value="dryRock"/><string name="l1" value="artificiality"/><string name="l2" value="4"/><int name="x" value="-525"/><int name="y" value="32"/><int name="z" value="9"/><int name="f" value="0"/><int name="zM" value="0"/></imgdir><imgdir name="35"><string name="oS" value="acc1"/><string name="l0" value="dryRock"/><string name="l1" value="artificiality"/><string name="l2" value="0"/><int name="x" value="-557"/><int name="y" value="110"/><int name="z" value="8"/><int name="f" value="0"/><int name="zM" value="0"/></imgdir><imgdir name="36"><string name="oS" value="acc1"/><string name="l0" value="dryRock"/><string name="l1" value="artificiality"/><string name="l2" value="6"/><int name="x" value="-564"/><int name="y" value="61"/><int name="z" value="9"/><int name="f" value="0"/><int name="zM" value="0"/></imgdir><imgdir name="37"><string name="oS" value="acc1"/><string name="l0" value="dryRock"/><string name="l1" value="nature"/><string name="l2" value="13"/><int name="x" value="-721"/><int name="y" value="372"/><int name="z" value="9"/><int name="f" value="0"/><int name="zM" value="0"/></imgdir><imgdir name="38"><string name="oS" value="acc1"/><string name="l0" value="dryRock"/><string name="l1" value="nature"/><string name="l2" value="12"/><int name="x" value="-624"/><int name="y" value="385"/><int name="z" value="11"/><int name="f" value="0"/><int name="zM" value="0"/></imgdir><imgdir name="39"><string name="oS" value="guild"/><string name="l0" value="syarenian"/><string name="l1" value="acc1"/><string name="l2" value="15"/><int name="x" value="-627"/><int name="y" value="-275"/><int name="z" value="9"/><int name="f" value="0"/><int name="zM" value="0"/></imgdir><imgdir name="40"><string name="oS" value="guild"/><string name="l0" value="syarenian"/><string name="l1" value="acc1"/><string name="l2" value="7"/><int name="x" value="-5"/><int name="y" value="357"/><int name="z" value="9"/><int name="f" value="0"/><int name="zM" value="0"/></imgdir><imgdir name="41"><string name="oS" value="guild"/><string name="l0" value="syarenian"/><string name="l1" value="acc1"/><string name="l2" value="9"/><int name="x" value="122"/><int name="y" value="357"/><int name="z" value="10"/><int name="f" value="0"/><int name="zM" value="0"/></imgdir><imgdir name="42"><string name="oS" value="guild"/><string name="l0" value="syarenian"/><string name="l1" value="acc1"/><string name="l2" value="11"/><int name="x" value="-70"/><int name="y" value="-271"/><int name="z" value="1"/><int name="f" value="0"/><int name="zM" value="0"/></imgdir><imgdir name="43"><string name="oS" value="acc1"/><string name="l0" value="dryRock"/><string name="l1" value="nature"/><string name="l2" value="3"/><int name="x" value="129"/><int name="y" value="381"/><int name="z" value="9"/><int name="f" value="0"/><int name="zM" value="0"/></imgdir><imgdir name="44"><string name="oS" value="acc1"/><string name="l0" value="dryRock"/><string name="l1" value="nature"/><string name="l2" value="5"/><int name="x" value="-32"/><int name="y" value="106"/><int name="z" value="7"/><int name="f" value="0"/><int name="zM" value="0"/></imgdir><imgdir name="45"><string name="oS" value="acc1"/><string name="l0" value="dryRock"/><string name="l1" value="nature"/><string name="l2" value="5"/><int name="x" value="-46"/><int name="y" value="111"/><int name="z" value="8"/><int name="f" value="0"/><int name="zM" value="0"/></imgdir><imgdir name="46"><string name="oS" value="acc1"/><string name="l0" value="dryRock"/><string name="l1" value="nature"/><string name="l2" value="5"/><int name="x" value="-20"/><int name="y" value="127"/><int name="z" value="8"/><int name="f" value="0"/><int name="zM" value="0"/></imgdir><imgdir name="47"><string name="oS" value="acc1"/><string name="l0" value="dryRock"/><string name="l1" value="nature"/><string name="l2" value="5"/><int name="x" value="-12"/><int name="y" value="116"/><int name="z" value="8"/><int name="f" value="0"/><int name="zM" value="0"/></imgdir><imgdir name="48"><string name="oS" value="acc1"/><string name="l0" value="dryRock"/><string name="l1" value="nature"/><string name="l2" value="12"/><int name="x" value="-623"/><int name="y" value="108"/><int name="z" value="8"/><int name="f" value="0"/><int name="zM" value="0"/></imgdir><imgdir name="49"><string name="oS" value="acc1"/><string name="l0" value="dryRock"/><string name="l1" value="nature"/><string name="l2" value="13"/><int name="x" value="261"/><int name="y" value="378"/><int name="z" value="11"/><int name="f" value="0"/><int name="zM" value="0"/></imgdir><imgdir name="50"><string name="oS" value="acc1"/><string name="l0" value="dryRock"/><string name="l1" value="nature"/><string name="l2" value="8"/><int name="x" value="-524"/><int name="y" value="28"/><int name="z" value="10"/><int name="f" value="0"/><int name="zM" value="0"/></imgdir><imgdir name="51"><string name="oS" value="acc1"/><string name="l0" value="dryRock"/><string name="l1" value="nature"/><string name="l2" value="14"/><int name="x" value="-691"/><int name="y" value="106"/><int name="z" value="9"/><int name="f" value="0"/><int name="zM" value="0"/></imgdir><imgdir name="52"><string name="oS" value="acc1"/><string name="l0" value="dryRock"/><string name="l1" value="nature"/><string name="l2" value="13"/><int name="x" value="354"/><int name="y" value="-301"/><int name="z" value="5"/><int name="f" value="0"/><int name="zM" value="0"/></imgdir><imgdir name="53"><string name="oS" value="acc1"/><string name="l0" value="dryRock"/><string name="l1" value="nature"/><string name="l2" value="2"/><int name="x" value="647"/><int name="y" value="394"/><int name="z" value="12"/><int name="f" value="0"/><int name="zM" value="0"/></imgdir><imgdir name="54"><string name="oS" value="connect"/><string name="l0" value="ladder"/><string name="l1" value="39"/><string name="l2" value="4"/><int name="x" value="669"/><int name="y" value="-205"/><int name="z" value="10"/><int name="f" value="0"/><int name="zM" value="0"/></imgdir><imgdir name="55"><string name="oS" value="connect"/><string name="l0" value="ladder"/><string name="l1" value="39"/><string name="l2" value="5"/><int name="x" value="669"/><int name="y" value="-173"/><int name="z" value="9"/><int name="f" value="0"/><int name="zM" value="0"/></imgdir><imgdir name="56"><string name="oS" value="connect"/><string name="l0" value="ladder"/><string name="l1" value="39"/><string name="l2" value="6"/><int name="x" value="669"/><int name="y" value="-143"/><int name="z" value="9"/><int name="f" value="0"/><int name="zM" value="0"/></imgdir><imgdir name="57"><string name="oS" value="connect"/><string name="l0" value="rope"/><string name="l1" value="19"/><string name="l2" value="0"/><int name="x" value="-459"/><int name="y" value="118"/><int name="z" value="10"/><int name="f" value="0"/><int name="zM" value="0"/></imgdir><imgdir name="58"><string name="oS" value="connect"/><string name="l0" value="rope"/><string name="l1" value="19"/><string name="l2" value="3"/><int name="x" value="-459"/><int name="y" value="192"/><int name="z" value="10"/><int name="f" value="0"/><int name="zM" value="0"/></imgdir><imgdir name="59"><string name="oS" value="connect"/><string name="l0" value="rope"/><string name="l1" value="19"/><string name="l2" value="1"/><int name="x" value="-459"/><int name="y" value="268"/><int name="z" value="9"/><int name="f" value="0"/><int name="zM" value="0"/></imgdir><imgdir name="60"><string name="oS" value="connect"/><string name="l0" value="rope"/><string name="l1" value="19"/><string name="l2" value="1"/><int name="x" value="-459"/><int name="y" value="306"/><int name="z" value="10"/><int name="f" value="0"/><int name="zM" value="0"/></imgdir><imgdir name="61"><string name="oS" value="connect"/><string name="l0" value="rope"/><string name="l1" value="19"/><string name="l2" value="2"/><int name="x" value="-459"/><int name="y" value="333"/><int name="z" value="10"/><int name="f" value="0"/><int name="zM" value="0"/></imgdir><imgdir name="62"><string name="oS" value="guild"/><string name="l0" value="syarenian"/><string name="l1" value="acc1"/><string name="l2" value="29"/><int name="x" value="-717"/><int name="y" value="-227"/><int name="z" value="9"/><int name="f" value="0"/><int name="zM" value="0"/></imgdir></imgdir></imgdir><imgdir name="4"><imgdir name="info"></imgdir><imgdir name="tile"></imgdir><imgdir name="obj"><imgdir name="0"><string name="oS" value="connect"/><string name="l0" value="rope"/><string name="l1" value="19"/><string name="l2" value="0"/><int name="x" value="24"/><int name="y" value="123"/><int name="z" value="9"/><int name="f" value="0"/><int name="zM" value="8"/></imgdir><imgdir name="1"><string name="oS" value="connect"/><string name="l0" value="rope"/><string name="l1" value="19"/><string name="l2" value="3"/><int name="x" value="24"/><int name="y" value="197"/><int name="z" value="9"/><int name="f" value="0"/><int name="zM" value="3"/></imgdir><imgdir name="2"><string name="oS" value="connect"/><string name="l0" value="rope"/><string name="l1" value="19"/><string name="l2" value="1"/><int name="x" value="24"/><int name="y" value="272"/><int name="z" value="9"/><int name="f" value="0"/><int name="zM" value="3"/></imgdir><imgdir name="3"><string name="oS" value="connect"/><string name="l0" value="rope"/><string name="l1" value="19"/><string name="l2" value="1"/><int name="x" value="24"/><int name="y" value="309"/><int name="z" value="9"/><int name="f" value="0"/><int name="zM" value="3"/></imgdir><imgdir name="4"><string name="oS" value="connect"/><string name="l0" value="rope"/><string name="l1" value="19"/><string name="l2" value="2"/><int name="x" value="24"/><int name="y" value="337"/><int name="z" value="9"/><int name="f" value="0"/><int name="zM" value="1"/></imgdir><imgdir name="5"><string name="oS" value="connect"/><string name="l0" value="rope"/><string name="l1" value="19"/><string name="l2" value="0"/><int name="x" value="665"/><int name="y" value="73"/><int name="z" value="9"/><int name="f" value="0"/><int name="zM" value="2"/></imgdir><imgdir name="6"><string name="oS" value="connect"/><string name="l0" value="rope"/><string name="l1" value="19"/><string name="l2" value="3"/><int name="x" value="665"/><int name="y" value="145"/><int name="z" value="9"/><int name="f" value="0"/><int name="zM" value="2"/></imgdir><imgdir name="7"><string name="oS" value="connect"/><string name="l0" value="rope"/><string name="l1" value="19"/><string name="l2" value="3"/><int name="x" value="665"/><int name="y" value="256"/><int name="z" value="9"/><int name="f" value="0"/><int name="zM" value="2"/></imgdir><imgdir name="8"><string name="oS" value="connect"/><string name="l0" value="rope"/><string name="l1" value="19"/><string name="l2" value="2"/><int name="x" value="665"/><int name="y" value="319"/><int name="z" value="9"/><int name="f" value="0"/><int name="zM" value="2"/></imgdir><imgdir name="9"><string name="oS" value="connect"/><string name="l0" value="rope"/><string name="l1" value="19"/><string name="l2" value="0"/><int name="x" value="333"/><int name="y" value="-265"/><int name="z" value="9"/><int name="f" value="0"/><int name="zM" value="15"/></imgdir><imgdir name="10"><string name="oS" value="connect"/><string name="l0" value="rope"/><string name="l1" value="19"/><string name="l2" value="3"/><int name="x" value="333"/><int name="y" value="-191"/><int name="z" value="9"/><int name="f" value="0"/><int name="zM" value="14"/></imgdir><imgdir name="11"><string name="oS" value="connect"/><string name="l0" value="rope"/><string name="l1" value="19"/><string name="l2" value="1"/><int name="x" value="333"/><int name="y" value="-115"/><int name="z" value="9"/><int name="f" value="0"/><int name="zM" value="12"/></imgdir><imgdir name="12"><string name="oS" value="connect"/><string name="l0" value="rope"/><string name="l1" value="19"/><string name="l2" value="1"/><int name="x" value="333"/><int name="y" value="-95"/><int name="z" value="9"/><int name="f" value="0"/><int name="zM" value="12"/></imgdir><imgdir name="13"><string name="oS" value="connect"/><string name="l0" value="rope"/><string name="l1" value="19"/><string name="l2" value="2"/><int name="x" value="333"/><int name="y" value="-67"/><int name="z" value="9"/><int name="f" value="0"/><int name="zM" value="11"/></imgdir></imgdir></imgdir><imgdir name="5"><imgdir name="info"></imgdir><imgdir name="tile"></imgdir><imgdir name="obj"></imgdir></imgdir><imgdir name="6"><imgdir name="info"></imgdir><imgdir name="tile"></imgdir><imgdir name="obj"></imgdir></imgdir><imgdir name="7"><imgdir name="info"></imgdir><imgdir name="tile"></imgdir><imgdir name="obj"></imgdir></imgdir><imgdir name="foothold"><imgdir name="3"><imgdir name="0"><imgdir name="1"><int name="x1" value="90"/><int name="y1" value="405"/><int name="x2" value="180"/><int name="y2" value="405"/><int name="prev" value="7"/><int name="next" value="8"/></imgdir><imgdir name="2"><int name="x1" value="-450"/><int name="y1" value="405"/><int name="x2" value="-360"/><int name="y2" value="405"/><int name="prev" value="15"/><int name="next" value="6"/></imgdir><imgdir name="3"><int name="x1" value="-270"/><int name="y1" value="405"/><int name="x2" value="-180"/><int name="y2" value="405"/><int name="prev" value="6"/><int name="next" value="4"/></imgdir><imgdir name="4"><int name="x1" value="-180"/><int name="y1" value="405"/><int name="x2" value="-90"/><int name="y2" value="405"/><int name="prev" value="3"/><int name="next" value="5"/></imgdir><imgdir name="5"><int name="x1" value="-90"/><int name="y1" value="405"/><int name="x2" value="0"/><int name="y2" value="405"/><int name="prev" value="4"/><int name="next" value="7"/></imgdir><imgdir name="6"><int name="x1" value="-360"/><int name="y1" value="405"/><int name="x2" value="-270"/><int name="y2" value="405"/><int name="prev" value="2"/><int name="next" value="3"/></imgdir><imgdir name="7"><int name="x1" value="0"/><int name="y1" value="405"/><int name="x2" value="90"/><int name="y2" value="405"/><int name="prev" value="5"/><int name="next" value="1"/></imgdir><imgdir name="8"><int name="x1" value="180"/><int name="y1" value="405"/><int name="x2" value="270"/><int name="y2" value="405"/><int name="prev" value="1"/><int name="next" value="9"/></imgdir><imgdir name="9"><int name="x1" value="270"/><int name="y1" value="405"/><int name="x2" value="360"/><int name="y2" value="405"/><int name="prev" value="8"/><int name="next" value="11"/></imgdir><imgdir name="10"><int name="x1" value="720"/><int name="y1" value="405"/><int name="x2" value="810"/><int name="y2" value="405"/><int name="prev" value="14"/><int name="next" value="0"/></imgdir><imgdir name="11"><int name="x1" value="360"/><int name="y1" value="405"/><int name="x2" value="450"/><int name="y2" value="405"/><int name="prev" value="9"/><int name="next" value="12"/></imgdir><imgdir name="12"><int name="x1" value="450"/><int name="y1" value="405"/><int name="x2" value="540"/><int name="y2" value="405"/><int name="prev" value="11"/><int name="next" value="13"/></imgdir><imgdir name="13"><int name="x1" value="540"/><int name="y1" value="405"/><int name="x2" value="630"/><int name="y2" value="405"/><int name="prev" value="12"/><int name="next" value="14"/></imgdir><imgdir name="14"><int name="x1" value="630"/><int name="y1" value="405"/><int name="x2" value="720"/><int name="y2" value="405"/><int name="prev" value="13"/><int name="next" value="10"/></imgdir><imgdir name="15"><int name="x1" value="-540"/><int name="y1" value="405"/><int name="x2" value="-450"/><int name="y2" value="405"/><int name="prev" value="18"/><int name="next" value="2"/></imgdir><imgdir name="16"><int name="x1" value="-720"/><int name="y1" value="405"/><int name="x2" value="-630"/><int name="y2" value="405"/><int name="prev" value="17"/><int name="next" value="18"/></imgdir><imgdir name="17"><int name="x1" value="-810"/><int name="y1" value="405"/><int name="x2" value="-720"/><int name="y2" value="405"/><int name="prev" value="0"/><int name="next" value="16"/></imgdir><imgdir name="18"><int name="x1" value="-630"/><int name="y1" value="405"/><int name="x2" value="-540"/><int name="y2" value="405"/><int name="prev" value="16"/><int name="next" value="15"/></imgdir><imgdir name="43"><int name="x1" value="272"/><int name="y1" value="-267"/><int name="x2" value="308"/><int name="y2" value="-267"/><int name="prev" value="42"/><int name="next" value="44"/></imgdir><imgdir name="44"><int name="x1" value="308"/><int name="y1" value="-267"/><int name="x2" value="396"/><int name="y2" value="-274"/><int name="prev" value="43"/><int name="next" value="45"/></imgdir><imgdir name="45"><int name="x1" value="396"/><int name="y1" value="-274"/><int name="x2" value="455"/><int name="y2" value="-275"/><int name="prev" value="44"/><int name="next" value="46"/></imgdir><imgdir name="46"><int name="x1" value="455"/><int name="y1" value="-275"/><int name="x2" value="502"/><int name="y2" value="-278"/><int name="prev" value="45"/><int name="next" value="0"/></imgdir><imgdir name="47"><int name="x1" value="-164"/><int name="y1" value="-259"/><int name="x2" value="-132"/><int name="y2" value="-260"/><int name="prev" value="0"/><int name="next" value="48"/></imgdir><imgdir name="48"><int name="x1" value="-132"/><int name="y1" value="-260"/><int name="x2" value="-68"/><int name="y2" value="-254"/><int name="prev" value="47"/><int name="next" value="49"/></imgdir><imgdir name="49"><int name="x1" value="-68"/><int name="y1" value="-254"/><int name="x2" value="0"/><int name="y2" value="-250"/><int name="prev" value="48"/><int name="next" value="50"/></imgdir><imgdir name="50"><int name="x1" value="0"/><int name="y1" value="-250"/><int name="x2" value="19"/><int name="y2" value="-250"/><int name="prev" value="49"/><int name="next" value="51"/></imgdir><imgdir name="52"><int name="x1" value="15"/><int name="y1" value="118"/><int name="x2" value="75"/><int name="y2" value="119"/><int name="prev" value="62"/><int name="next" value="0"/></imgdir><imgdir name="53"><int name="x1" value="33"/><int name="y1" value="100"/><int name="x2" value="57"/><int name="y2" value="74"/><int name="prev" value="0"/><int name="next" value="54"/></imgdir><imgdir name="54"><int name="x1" value="57"/><int name="y1" value="74"/><int name="x2" value="127"/><int name="y2" value="73"/><int name="prev" value="53"/><int name="next" value="55"/></imgdir><imgdir name="55"><int name="x1" value="127"/><int name="y1" value="73"/><int name="x2" value="148"/><int name="y2" value="68"/><int name="prev" value="54"/><int name="next" value="56"/></imgdir><imgdir name="56"><int name="x1" value="148"/><int name="y1" value="68"/><int name="x2" value="217"/><int name="y2" value="67"/><int name="prev" value="55"/><int name="next" value="57"/></imgdir><imgdir name="57"><int name="x1" value="217"/><int name="y1" value="67"/><int name="x2" value="222"/><int name="y2" value="71"/><int name="prev" value="56"/><int name="next" value="58"/></imgdir><imgdir name="59"><int name="x1" value="-178"/><int name="y1" value="109"/><int name="x2" value="-146"/><int name="y2" value="108"/><int name="prev" value="73"/><int name="next" value="60"/></imgdir><imgdir name="60"><int name="x1" value="-146"/><int name="y1" value="108"/><int name="x2" value="-82"/><int name="y2" value="114"/><int name="prev" value="59"/><int name="next" value="61"/></imgdir><imgdir name="61"><int name="x1" value="-82"/><int name="y1" value="114"/><int name="x2" value="-14"/><int name="y2" value="118"/><int name="prev" value="60"/><int name="next" value="62"/></imgdir><imgdir name="62"><int name="x1" value="-14"/><int name="y1" value="118"/><int name="x2" value="15"/><int name="y2" value="118"/><int name="prev" value="61"/><int name="next" value="52"/></imgdir><imgdir name="69"><int name="x1" value="-495"/><int name="y1" value="119"/><int name="x2" value="-458"/><int name="y2" value="119"/><int name="prev" value="68"/><int name="next" value="70"/></imgdir><imgdir name="70"><int name="x1" value="-458"/><int name="y1" value="119"/><int name="x2" value="-370"/><int name="y2" value="112"/><int name="prev" value="69"/><int name="next" value="71"/></imgdir><imgdir name="71"><int name="x1" value="-370"/><int name="y1" value="112"/><int name="x2" value="-311"/><int name="y2" value="111"/><int name="prev" value="70"/><int name="next" value="72"/></imgdir><imgdir name="72"><int name="x1" value="-311"/><int name="y1" value="111"/><int name="x2" value="-279"/><int name="y2" value="109"/><int name="prev" value="71"/><int name="next" value="73"/></imgdir><imgdir name="73"><int name="x1" value="-279"/><int name="y1" value="109"/><int name="x2" value="-178"/><int name="y2" value="109"/><int name="prev" value="72"/><int name="next" value="59"/></imgdir><imgdir name="74"><int name="x1" value="-685"/><int name="y1" value="-254"/><int name="x2" value="-508"/><int name="y2" value="-254"/><int name="prev" value="0"/><int name="next" value="0"/></imgdir><imgdir name="75"><int name="x1" value="-531"/><int name="y1" value="-225"/><int name="x2" value="-483"/><int name="y2" value="-225"/><int name="prev" value="0"/><int name="next" value="76"/></imgdir><imgdir name="76"><int name="x1" value="-483"/><int name="y1" value="-225"/><int name="x2" value="-393"/><int name="y2" value="-225"/><int name="prev" value="75"/><int name="next" value="77"/></imgdir><imgdir name="77"><int name="x1" value="-393"/><int name="y1" value="-225"/><int name="x2" value="-303"/><int name="y2" value="-225"/><int name="prev" value="76"/><int name="next" value="79"/></imgdir><imgdir name="78"><int name="x1" value="-246"/><int name="y1" value="-209"/><int name="x2" value="-219"/><int name="y2" value="-209"/><int name="prev" value="0"/><int name="next" value="0"/></imgdir><imgdir name="79"><int name="x1" value="-303"/><int name="y1" value="-225"/><int name="x2" value="-292"/><int name="y2" value="-225"/><int name="prev" value="77"/><int name="next" value="80"/></imgdir><imgdir name="80"><int name="x1" value="-292"/><int name="y1" value="-225"/><int name="x2" value="-290"/><int name="y2" value="-227"/><int name="prev" value="79"/><int name="next" value="81"/></imgdir><imgdir name="81"><int name="x1" value="-290"/><int name="y1" value="-227"/><int name="x2" value="-212"/><int name="y2" value="-227"/><int name="prev" value="80"/><int name="next" value="82"/></imgdir><imgdir name="82"><int name="x1" value="-212"/><int name="y1" value="-227"/><int name="x2" value="-210"/><int name="y2" value="-225"/><int name="prev" value="81"/><int name="next" value="0"/></imgdir><imgdir name="83"><int name="x1" value="-726"/><int name="y1" value="-284"/><int name="x2" value="-726"/><int name="y2" value="-253"/><int name="prev" value="0"/><int name="next" value="84"/></imgdir><imgdir name="84"><int name="x1" value="-726"/><int name="y1" value="-253"/><int name="x2" value="-706"/><int name="y2" value="-226"/><int name="prev" value="83"/><int name="next" value="85"/></imgdir><imgdir name="85"><int name="x1" value="-706"/><int name="y1" value="-226"/><int name="x2" value="-672"/><int name="y2" value="-226"/><int name="prev" value="84"/><int name="next" value="0"/></imgdir></imgdir><imgdir name="5"><imgdir name="19"><int name="x1" value="720"/><int name="y1" value="225"/><int name="x2" value="743"/><int name="y2" value="225"/><int name="prev" value="21"/><int name="next" value="22"/></imgdir><imgdir name="20"><int name="x1" value="697"/><int name="y1" value="240"/><int name="x2" value="697"/><int name="y2" value="225"/><int name="prev" value="0"/><int name="next" value="21"/></imgdir><imgdir name="21"><int name="x1" value="697"/><int name="y1" value="225"/><int name="x2" value="720"/><int name="y2" value="225"/><int name="prev" value="20"/><int name="next" value="19"/></imgdir><imgdir name="22"><int name="x1" value="743"/><int name="y1" value="225"/><int name="x2" value="810"/><int name="y2" value="225"/><int name="prev" value="19"/><int name="next" value="0"/></imgdir></imgdir><imgdir name="6"><imgdir name="23"><int name="x1" value="67"/><int name="y1" value="240"/><int name="x2" value="67"/><int name="y2" value="225"/><int name="prev" value="0"/><int name="next" value="24"/></imgdir><imgdir name="24"><int name="x1" value="67"/><int name="y1" value="225"/><int name="x2" value="113"/><int name="y2" value="225"/><int name="prev" value="23"/><int name="next" value="27"/></imgdir><imgdir name="25"><int name="x1" value="157"/><int name="y1" value="225"/><int name="x2" value="203"/><int name="y2" value="225"/><int name="prev" value="27"/><int name="next" value="26"/></imgdir><imgdir name="26"><int name="x1" value="203"/><int name="y1" value="225"/><int name="x2" value="203"/><int name="y2" value="240"/><int name="prev" value="25"/><int name="next" value="0"/></imgdir><imgdir name="27"><int name="x1" value="113"/><int name="y1" value="225"/><int name="x2" value="157"/><int name="y2" value="225"/><int name="prev" value="24"/><int name="next" value="25"/></imgdir></imgdir><imgdir name="10"><imgdir name="28"><int name="x1" value="-203"/><int name="y1" value="-60"/><int name="x2" value="-203"/><int name="y2" value="-75"/><int name="prev" value="0"/><int name="next" value="29"/></imgdir><imgdir name="29"><int name="x1" value="-203"/><int name="y1" value="-75"/><int name="x2" value="-157"/><int name="y2" value="-75"/><int name="prev" value="28"/><int name="next" value="32"/></imgdir><imgdir name="30"><int name="x1" value="-113"/><int name="y1" value="-75"/><int name="x2" value="-67"/><int name="y2" value="-75"/><int name="prev" value="32"/><int name="next" value="31"/></imgdir><imgdir name="31"><int name="x1" value="-67"/><int name="y1" value="-75"/><int name="x2" value="-67"/><int name="y2" value="-60"/><int name="prev" value="30"/><int name="next" value="0"/></imgdir><imgdir name="32"><int name="x1" value="-157"/><int name="y1" value="-75"/><int name="x2" value="-113"/><int name="y2" value="-75"/><int name="prev" value="29"/><int name="next" value="30"/></imgdir></imgdir><imgdir name="7"><imgdir name="33"><int name="x1" value="267"/><int name="y1" value="113"/><int name="x2" value="625"/><int name="y2" value="113"/><int name="prev" value="0"/><int name="next" value="0"/></imgdir><imgdir name="34"><int name="x1" value="311"/><int name="y1" value="19"/><int name="x2" value="540"/><int name="y2" value="19"/><int name="prev" value="0"/><int name="next" value="0"/></imgdir><imgdir name="35"><int name="x1" value="614"/><int name="y1" value="69"/><int name="x2" value="799"/><int name="y2" value="69"/><int name="prev" value="0"/><int name="next" value="0"/></imgdir><imgdir name="58"><int name="x1" value="222"/><int name="y1" value="71"/><int name="x2" value="378"/><int name="y2" value="71"/><int name="prev" value="57"/><int name="next" value="0"/></imgdir></imgdir><imgdir name="9"><imgdir name="36"><int name="x1" value="556"/><int name="y1" value="-78"/><int name="x2" value="763"/><int name="y2" value="-78"/><int name="prev" value="0"/><int name="next" value="0"/></imgdir><imgdir name="37"><int name="x1" value="365"/><int name="y1" value="-215"/><int name="x2" value="714"/><int name="y2" value="-215"/><int name="prev" value="0"/><int name="next" value="0"/></imgdir></imgdir><imgdir name="13"><imgdir name="38"><int name="x1" value="20"/><int name="y1" value="-251"/><int name="x2" value="96"/><int name="y2" value="-255"/><int name="prev" value="51"/><int name="next" value="39"/></imgdir><imgdir name="39"><int name="x1" value="96"/><int name="y1" value="-255"/><int name="x2" value="113"/><int name="y2" value="-262"/><int name="prev" value="38"/><int name="next" value="40"/></imgdir><imgdir name="40"><int name="x1" value="113"/><int name="y1" value="-262"/><int name="x2" value="194"/><int name="y2" value="-266"/><int name="prev" value="39"/><int name="next" value="41"/></imgdir><imgdir name="41"><int name="x1" value="194"/><int name="y1" value="-266"/><int name="x2" value="235"/><int name="y2" value="-267"/><int name="prev" value="40"/><int name="next" value="42"/></imgdir><imgdir name="42"><int name="x1" value="235"/><int name="y1" value="-267"/><int name="x2" value="272"/><int name="y2" value="-267"/><int name="prev" value="41"/><int name="next" value="43"/></imgdir><imgdir name="51"><int name="x1" value="19"/><int name="y1" value="-250"/><int name="x2" value="20"/><int name="y2" value="-251"/><int name="prev" value="50"/><int name="next" value="38"/></imgdir></imgdir><imgdir name="4"><imgdir name="63"><int name="x1" value="-774"/><int name="y1" value="162"/><int name="x2" value="-747"/><int name="y2" value="135"/><int name="prev" value="0"/><int name="next" value="64"/></imgdir><imgdir name="64"><int name="x1" value="-747"/><int name="y1" value="135"/><int name="x2" value="-671"/><int name="y2" value="131"/><int name="prev" value="63"/><int name="next" value="65"/></imgdir><imgdir name="65"><int name="x1" value="-671"/><int name="y1" value="131"/><int name="x2" value="-654"/><int name="y2" value="124"/><int name="prev" value="64"/><int name="next" value="66"/></imgdir><imgdir name="66"><int name="x1" value="-654"/><int name="y1" value="124"/><int name="x2" value="-573"/><int name="y2" value="120"/><int name="prev" value="65"/><int name="next" value="67"/></imgdir><imgdir name="67"><int name="x1" value="-573"/><int name="y1" value="120"/><int name="x2" value="-532"/><int name="y2" value="119"/><int name="prev" value="66"/><int name="next" value="68"/></imgdir><imgdir name="68"><int name="x1" value="-532"/><int name="y1" value="119"/><int name="x2" value="-495"/><int name="y2" value="119"/><int name="prev" value="67"/><int name="next" value="69"/></imgdir></imgdir></imgdir></imgdir><imgdir name="ladderRope"><imgdir name="1"><int name="l" value="0"/><int name="uf" value="1"/><int name="x" value="-233"/><int name="y1" value="-207"/><int name="y2" value="69"/><int name="page" value="3"/></imgdir><imgdir name="2"><int name="l" value="1"/><int name="uf" value="1"/><int name="x" value="671"/><int name="y1" value="-213"/><int name="y2" value="-110"/><int name="page" value="3"/></imgdir><imgdir name="3"><int name="l" value="0"/><int name="uf" value="1"/><int name="x" value="-459"/><int name="y1" value="121"/><int name="y2" value="368"/><int name="page" value="3"/></imgdir><imgdir name="4"><int name="l" value="0"/><int name="uf" value="1"/><int name="x" value="24"/><int name="y1" value="120"/><int name="y2" value="372"/><int name="page" value="4"/></imgdir><imgdir name="5"><int name="l" value="0"/><int name="uf" value="1"/><int name="x" value="665"/><int name="y1" value="71"/><int name="y2" value="354"/><int name="page" value="4"/></imgdir><imgdir name="6"><int name="l" value="0"/><int name="uf" value="1"/><int name="x" value="333"/><int name="y1" value="-266"/><int name="y2" value="-32"/><int name="page" value="4"/></imgdir></imgdir><imgdir name="miniMap"><canvas name="canvas" width="109" height="83"></canvas><int name="width" value="1747"/><int name="height" value="1341"/><int name="centerX" value="859"/><int name="centerY" value="659"/><int name="mag" value="4"/></imgdir><imgdir name="portal"><imgdir name="0"><string name="pn" value="sp"/><int name="pt" value="0"/><int name="x" value="-604"/><int name="y" value="-283"/><int name="tm" value="999999999"/><string name="tn" value=""/></imgdir><imgdir name="1"><string name="pn" value="sp"/><int name="pt" value="0"/><int name="x" value="720"/><int name="y" value="-102"/><int name="tm" value="999999999"/><string name="tn" value=""/></imgdir><imgdir name="2"><string name="pn" value="in01"/><int name="pt" value="1"/><int name="x" value="455"/><int name="y" value="112"/><int name="tm" value="101030111"/><string name="tn" value="out01"/></imgdir><imgdir name="3"><string name="pn" value="st00"/><int name="pt" value="1"/><int name="x" value="504"/><int name="y" value="18"/><int name="tm" value="101030107"/><string name="tn" value="st01"/><string name="script" value=""/></imgdir><imgdir name="4"><string name="pn" value="st01"/><int name="pt" value="1"/><int name="x" value="629"/><int name="y" value="-79"/><int name="tm" value="101030107"/><string name="tn" value="st00"/><string name="script" value=""/></imgdir><imgdir name="5"><string name="pn" value="in00"/><int name="pt" value="1"/><int name="x" value="417"/><int name="y" value="402"/><int name="tm" value="101030111"/><string name="tn" value="out00"/></imgdir><imgdir name="6"><string name="pn" value="west00"/><int name="pt" value="2"/><int name="x" value="-668"/><int name="y" value="401"/><int name="tm" value="101030106"/><string name="tn" value="east00"/><string name="script" value=""/></imgdir><imgdir name="7"><string name="pn" value="east00"/><int name="pt" value="2"/><int name="x" value="157"/><int name="y" value="-262"/><int name="tm" value="101030108"/><string name="tn" value="west00"/><string name="script" value=""/></imgdir></imgdir></imgdir>