<?xml version="1.0" encoding="UTF-8" standalone="yes"?><imgdir name="101040002.img"><imgdir name="info"><int name="version" value="10"/><int name="cloud" value="1"/><int name="town" value="0"/><float name="mobRate" value="0.9999982"/><string name="bgm" value="Bgm00/Nightmare"/><int name="returnMap" value="102000000"/><int name="forcedReturn" value="999999999"/><string name="mapMark" value="Perion"/></imgdir><imgdir name="back"><imgdir name="0"><int name="no" value="0"/><int name="x" value="0"/><int name="y" value="0"/><int name="rx" value="0"/><int name="ry" value="0"/><int name="type" value="3"/><int name="cx" value="0"/><int name="cy" value="0"/><string name="bS" value="dryRock"/><int name="a" value="255"/></imgdir><imgdir name="1"><string name="bS" value="dryRock"/><int name="no" value="1"/><int name="x" value="7"/><int name="y" value="-438"/><int name="rx" value="-2"/><int name="ry" value="-5"/><int name="type" value="0"/><int name="cx" value="0"/><int name="cy" value="0"/><int name="a" value="255"/></imgdir><imgdir name="2"><string name="bS" value="dryRock"/><int name="no" value="2"/><int name="x" value="19"/><int name="y" value="18"/><int name="rx" value="5"/><int name="ry" value="-5"/><int name="type" value="4"/><int name="cx" value="0"/><int name="cy" value="0"/><int name="a" value="255"/></imgdir><imgdir name="3"><string name="bS" value="dryRock"/><int name="no" value="14"/><int name="x" value="-290"/><int name="y" value="15"/><int name="rx" value="-2"/><int name="ry" value="-5"/><int name="type" value="0"/><int name="cx" value="0"/><int name="cy" value="0"/><int name="a" value="255"/></imgdir><imgdir name="4"><string name="bS" value="dryRock"/><int name="no" value="3"/><int name="x" value="-85"/><int name="y" value="78"/><int name="rx" value="10"/><int name="ry" value="-6"/><int name="type" value="4"/><int name="cx" value="0"/><int name="cy" value="0"/><int name="a" value="255"/></imgdir><imgdir name="5"><string name="bS" value="dryRock"/><int name="no" value="15"/><int name="x" value="381"/><int name="y" value="63"/><int name="rx" value="-4"/><int name="ry" value="-7"/><int name="type" value="0"/><int name="cx" value="0"/><int name="cy" value="0"/><int name="a" value="255"/></imgdir><imgdir name="6"><string name="bS" value="dryRock"/><int name="no" value="12"/><int name="x" value="268"/><int name="y" value="39"/><int name="rx" value="-10"/><int name="ry" value="-10"/><int name="type" value="0"/><int name="cx" value="0"/><int name="cy" value="0"/><int name="a" value="255"/></imgdir><imgdir name="7"><string name="bS" value="dryRock"/><int name="no" value="4"/><int name="x" value="0"/><int name="y" value="124"/><int name="rx" value="15"/><int name="ry" value="-12"/><int name="type" value="4"/><int name="cx" value="0"/><int name="cy" value="0"/><int name="a" value="255"/></imgdir><imgdir name="8"><string name="bS" value="dryRock"/><int name="no" value="18"/><int name="x" value="-208"/><int name="y" value="35"/><int name="rx" value="-20"/><int name="ry" value="-14"/><int name="type" value="0"/><int name="cx" value="0"/><int name="cy" value="0"/><int name="a" value="255"/></imgdir><imgdir name="9"><string name="bS" value="dryRock"/><int name="no" value="5"/><int name="x" value="95"/><int name="y" value="190"/><int name="rx" value="20"/><int name="ry" value="-13"/><int name="type" value="4"/><int name="cx" value="0"/><int name="cy" value="0"/><int name="a" value="255"/></imgdir><imgdir name="10"><string name="bS" value="dryRock"/><int name="no" value="17"/><int name="x" value="676"/><int name="y" value="79"/><int name="rx" value="-30"/><int name="ry" value="-15"/><int name="type" value="0"/><int name="cx" value="0"/><int name="cy" value="0"/><int name="a" value="255"/></imgdir><imgdir name="11"><string name="bS" value="dryRock"/><int name="no" value="6"/><int name="x" value="26"/><int name="y" value="291"/><int name="rx" value="25"/><int name="ry" value="-15"/><int name="type" value="4"/><int name="cx" value="0"/><int name="cy" value="0"/><int name="a" value="255"/></imgdir><imgdir name="12"><string name="bS" value="dryRock"/><int name="no" value="24"/><int name="x" value="113"/><int name="y" value="246"/><int name="rx" value="-45"/><int name="ry" value="-18"/><int name="type" value="0"/><int name="cx" value="0"/><int name="cy" value="0"/><int name="a" value="255"/></imgdir><imgdir name="14"><string name="bS" value="dryRock"/><int name="no" value="23"/><int name="x" value="514"/><int name="y" value="402"/><int name="rx" value="-50"/><int name="ry" value="-20"/><int name="type" value="0"/><int name="cx" value="0"/><int name="cy" value="0"/><int name="a" value="255"/></imgdir><imgdir name="16"><string name="bS" value="dryRock"/><int name="no" value="27"/><int name="x" value="-339"/><int name="y" value="331"/><int name="rx" value="-53"/><int name="ry" value="-20"/><int name="type" value="0"/><int name="cx" value="0"/><int name="cy" value="0"/><int name="a" value="255"/></imgdir><imgdir name="15"><string name="bS" value="dryRock"/><int name="no" value="26"/><int name="x" value="-497"/><int name="y" value="331"/><int name="rx" value="-22"/><int name="ry" value="-21"/><int name="type" value="0"/><int name="cx" value="0"/><int name="cy" value="0"/><int name="a" value="255"/></imgdir><imgdir name="13"><string name="bS" value="dryRock"/><int name="no" value="7"/><int name="x" value="63"/><int name="y" value="448"/><int name="rx" value="30"/><int name="ry" value="-16"/><int name="type" value="4"/><int name="cx" value="0"/><int name="cy" value="0"/><int name="a" value="255"/></imgdir><imgdir name="17"><string name="bS" value="dryRock"/><int name="no" value="8"/><int name="x" value="-63"/><int name="y" value="569"/><int name="rx" value="35"/><int name="ry" value="-16"/><int name="type" value="4"/><int name="cx" value="0"/><int name="cy" value="0"/><int name="a" value="255"/></imgdir><imgdir name="18"><string name="bS" value="dryRock"/><int name="no" value="27"/><int name="x" value="1070"/><int name="y" value="484"/><int name="rx" value="-55"/><int name="ry" value="-22"/><int name="type" value="0"/><int name="cx" value="0"/><int name="cy" value="0"/><int name="a" value="255"/></imgdir></imgdir><imgdir name="portal"><imgdir name="0"><string name="pn" value="sp"/><int name="pt" value="0"/><int name="x" value="898"/><int name="y" value="1945"/><int name="tm" value="999999999"/><string name="tn" value=""/></imgdir><imgdir name="1"><string name="pn" value="sp"/><int name="pt" value="0"/><int name="x" value="996"/><int name="y" value="1956"/><int name="tm" value="999999999"/><string name="tn" value=""/></imgdir><imgdir name="2"><string name="pn" value="sp"/><int name="pt" value="0"/><int name="x" value="1078"/><int name="y" value="1960"/><int name="tm" value="999999999"/><string name="tn" value=""/></imgdir><imgdir name="3"><string name="pn" value="sp"/><int name="pt" value="0"/><int name="x" value="1168"/><int name="y" value="1954"/><int name="tm" value="999999999"/><string name="tn" value=""/></imgdir><imgdir name="4"><string name="pn" value="sp"/><int name="pt" value="0"/><int name="x" value="1454"/><int name="y" value="1927"/><int name="tm" value="999999999"/><string name="tn" value=""/></imgdir><imgdir name="5"><string name="pn" value="sp"/><int name="pt" value="0"/><int name="x" value="1652"/><int name="y" value="1611"/><int name="tm" value="999999999"/><string name="tn" value=""/></imgdir><imgdir name="6"><string name="pn" value="sp"/><int name="pt" value="0"/><int name="x" value="1769"/><int name="y" value="1611"/><int name="tm" value="999999999"/><string name="tn" value=""/></imgdir><imgdir name="7"><string name="pn" value="sp"/><int name="pt" value="0"/><int name="x" value="577"/><int name="y" value="2006"/><int name="tm" value="999999999"/><string name="tn" value=""/></imgdir><imgdir name="8"><string name="pn" value="sp"/><int name="pt" value="0"/><int name="x" value="24"/><int name="y" value="1950"/><int name="tm" value="999999999"/><string name="tn" value=""/></imgdir><imgdir name="9"><string name="pn" value="sp"/><int name="pt" value="0"/><int name="x" value="155"/><int name="y" value="1889"/><int name="tm" value="999999999"/><string name="tn" value=""/></imgdir><imgdir name="10"><string name="pn" value="sp"/><int name="pt" value="0"/><int name="x" value="27"/><int name="y" value="1819"/><int name="tm" value="999999999"/><string name="tn" value=""/></imgdir><imgdir name="11"><string name="pn" value="out00"/><int name="pt" value="2"/><int name="x" value="944"/><int name="y" value="2203"/><int name="tm" value="101040001"/><string name="tn" value="in00"/></imgdir></imgdir><imgdir name="life"><imgdir name="0"><string name="type" value="m"/><string name="id" value="2130100"/><int name="x" value="87"/><int name="y" value="2141"/><int name="f" value="0"/><int name="fh" value="20"/><int name="cy" value="2205"/><int name="rx0" value="-93"/><int name="rx1" value="1983"/></imgdir><imgdir name="1"><string name="type" value="m"/><string name="id" value="2130100"/><int name="x" value="242"/><int name="y" value="1748"/><int name="f" value="0"/><int name="fh" value="113"/><int name="cy" value="1780"/><int name="rx0" value="152"/><int name="rx1" value="1363"/></imgdir><imgdir name="2"><string name="type" value="m"/><string name="id" value="2130100"/><int name="x" value="615"/><int name="y" value="1708"/><int name="f" value="0"/><int name="fh" value="119"/><int name="cy" value="1756"/><int name="rx0" value="152"/><int name="rx1" value="1363"/></imgdir><imgdir name="3"><string name="type" value="m"/><string name="id" value="2130100"/><int name="x" value="1223"/><int name="y" value="1727"/><int name="f" value="0"/><int name="fh" value="125"/><int name="cy" value="1759"/><int name="rx0" value="152"/><int name="rx1" value="1363"/></imgdir><imgdir name="4"><string name="type" value="m"/><string name="id" value="2130100"/><int name="x" value="1075"/><int name="y" value="1955"/><int name="f" value="0"/><int name="fh" value="131"/><int name="cy" value="1987"/><int name="rx0" value="152"/><int name="rx1" value="1363"/></imgdir><imgdir name="5"><string name="type" value="m"/><string name="id" value="1130100"/><int name="x" value="1869"/><int name="y" value="2156"/><int name="f" value="0"/><int name="fh" value="45"/><int name="cy" value="2205"/><int name="rx0" value="-93"/><int name="rx1" value="1983"/></imgdir><imgdir name="6"><string name="type" value="m"/><string name="id" value="1130100"/><int name="x" value="1481"/><int name="y" value="2166"/><int name="f" value="0"/><int name="fh" value="27"/><int name="cy" value="2205"/><int name="rx0" value="-93"/><int name="rx1" value="1983"/></imgdir><imgdir name="7"><string name="type" value="m"/><string name="id" value="1130100"/><int name="x" value="1217"/><int name="y" value="2147"/><int name="f" value="0"/><int name="fh" value="32"/><int name="cy" value="2205"/><int name="rx0" value="-93"/><int name="rx1" value="1983"/></imgdir><imgdir name="8"><string name="type" value="m"/><string name="id" value="1130100"/><int name="x" value="678"/><int name="y" value="2166"/><int name="f" value="0"/><int name="fh" value="24"/><int name="cy" value="2205"/><int name="rx0" value="-93"/><int name="rx1" value="1983"/></imgdir><imgdir name="9"><string name="type" value="m"/><string name="id" value="1130100"/><int name="x" value="429"/><int name="y" value="2160"/><int name="f" value="0"/><int name="fh" value="36"/><int name="cy" value="2205"/><int name="rx0" value="-93"/><int name="rx1" value="1983"/></imgdir><imgdir name="10"><string name="type" value="m"/><string name="id" value="1130100"/><int name="x" value="230"/><int name="y" value="2156"/><int name="f" value="0"/><int name="fh" value="31"/><int name="cy" value="2205"/><int name="rx0" value="-93"/><int name="rx1" value="1983"/></imgdir><imgdir name="11"><string name="type" value="m"/><string name="id" value="1130100"/><int name="x" value="382"/><int name="y" value="1726"/><int name="f" value="0"/><int name="fh" value="117"/><int name="cy" value="1767"/><int name="rx0" value="152"/><int name="rx1" value="1363"/></imgdir><imgdir name="12"><string name="type" value="m"/><string name="id" value="1130100"/><int name="x" value="511"/><int name="y" value="1715"/><int name="f" value="0"/><int name="fh" value="117"/><int name="cy" value="1764"/><int name="rx0" value="152"/><int name="rx1" value="1363"/></imgdir><imgdir name="13"><string name="type" value="m"/><string name="id" value="1130100"/><int name="x" value="749"/><int name="y" value="1702"/><int name="f" value="0"/><int name="fh" value="121"/><int name="cy" value="1751"/><int name="rx0" value="152"/><int name="rx1" value="1363"/></imgdir><imgdir name="14"><string name="type" value="m"/><string name="id" value="1130100"/><int name="x" value="1076"/><int name="y" value="1718"/><int name="f" value="0"/><int name="fh" value="125"/><int name="cy" value="1759"/><int name="rx0" value="152"/><int name="rx1" value="1363"/></imgdir><imgdir name="15"><string name="type" value="m"/><string name="id" value="1130100"/><int name="x" value="1561"/><int name="y" value="1800"/><int name="f" value="0"/><int name="fh" value="96"/><int name="cy" value="1822"/><int name="rx0" value="1387"/><int name="rx1" value="1903"/></imgdir><imgdir name="16"><string name="type" value="m"/><string name="id" value="0130100"/><int name="x" value="1338"/><int name="y" value="2164"/><int name="f" value="0"/><int name="fh" value="25"/><int name="cy" value="2205"/><int name="rx0" value="-93"/><int name="rx1" value="1983"/></imgdir><imgdir name="17"><string name="type" value="m"/><string name="id" value="0130100"/><int name="x" value="1538"/><int name="y" value="1912"/><int name="f" value="0"/><int name="fh" value="91"/><int name="cy" value="1960"/><int name="rx0" value="1387"/><int name="rx1" value="1903"/></imgdir><imgdir name="18"><string name="type" value="m"/><string name="id" value="0130100"/><int name="x" value="852"/><int name="y" value="2143"/><int name="f" value="0"/><int name="fh" value="144"/><int name="cy" value="2151"/><int name="rx0" value="152"/><int name="rx1" value="1363"/></imgdir><imgdir name="19"><string name="type" value="m"/><string name="id" value="0130100"/><int name="x" value="777"/><int name="y" value="2037"/><int name="f" value="0"/><int name="fh" value="139"/><int name="cy" value="2085"/><int name="rx0" value="152"/><int name="rx1" value="1363"/></imgdir><imgdir name="20"><string name="type" value="m"/><string name="id" value="1110101"/><int name="x" value="926"/><int name="y" value="1949"/><int name="f" value="0"/><int name="fh" value="129"/><int name="cy" value="1975"/><int name="rx0" value="152"/><int name="rx1" value="1363"/></imgdir><imgdir name="21"><string name="type" value="m"/><string name="id" value="1110101"/><int name="x" value="1191"/><int name="y" value="1968"/><int name="f" value="0"/><int name="fh" value="134"/><int name="cy" value="1986"/><int name="rx0" value="152"/><int name="rx1" value="1363"/></imgdir><imgdir name="22"><string name="type" value="m"/><string name="id" value="1110101"/><int name="x" value="1100"/><int name="y" value="2159"/><int name="f" value="0"/><int name="fh" value="16"/><int name="cy" value="2205"/><int name="rx0" value="-93"/><int name="rx1" value="1983"/></imgdir><imgdir name="23"><string name="type" value="m"/><string name="id" value="1110101"/><int name="x" value="909"/><int name="y" value="1707"/><int name="f" value="0"/><int name="fh" value="123"/><int name="cy" value="1749"/><int name="rx0" value="152"/><int name="rx1" value="1363"/></imgdir></imgdir><imgdir name="0"><imgdir name="info"><string name="tS" value="dryRock"/></imgdir><imgdir name="tile"><imgdir name="0"><int name="x" value="1755"/><int name="y" value="1950"/><string name="u" value="edU"/><int name="no" value="0"/><int name="zM" value="12"/></imgdir><imgdir name="1"><int name="x" value="1755"/><int name="y" value="1950"/><string name="u" value="edD"/><int name="no" value="1"/><int name="zM" value="12"/></imgdir><imgdir name="2"><int name="x" value="1665"/><int name="y" value="1950"/><string name="u" value="edU"/><int name="no" value="1"/><int name="zM" value="12"/></imgdir><imgdir name="3"><int name="x" value="1665"/><int name="y" value="1950"/><string name="u" value="edD"/><int name="no" value="0"/><int name="zM" value="12"/></imgdir><imgdir name="4"><int name="x" value="1665"/><int name="y" value="1950"/><string name="u" value="enH0"/><int name="no" value="1"/><int name="zM" value="12"/></imgdir><imgdir name="5"><int name="x" value="1665"/><int name="y" value="1950"/><string name="u" value="enH1"/><int name="no" value="1"/><int name="zM" value="12"/></imgdir><imgdir name="6"><int name="x" value="1665"/><int name="y" value="1890"/><string name="u" value="edU"/><int name="no" value="1"/><int name="zM" value="14"/></imgdir><imgdir name="7"><int name="x" value="1665"/><int name="y" value="1890"/><string name="u" value="edD"/><int name="no" value="0"/><int name="zM" value="14"/></imgdir><imgdir name="8"><int name="x" value="1575"/><int name="y" value="1890"/><string name="u" value="edU"/><int name="no" value="1"/><int name="zM" value="14"/></imgdir><imgdir name="9"><int name="x" value="1575"/><int name="y" value="1890"/><string name="u" value="edD"/><int name="no" value="0"/><int name="zM" value="14"/></imgdir><imgdir name="10"><int name="x" value="1575"/><int name="y" value="1890"/><string name="u" value="enH0"/><int name="no" value="0"/><int name="zM" value="14"/></imgdir><imgdir name="11"><int name="x" value="1575"/><int name="y" value="1890"/><string name="u" value="enH1"/><int name="no" value="1"/><int name="zM" value="14"/></imgdir><imgdir name="12"><int name="x" value="1665"/><int name="y" value="1830"/><string name="u" value="edU"/><int name="no" value="1"/><int name="zM" value="16"/></imgdir><imgdir name="13"><int name="x" value="1665"/><int name="y" value="1830"/><string name="u" value="edD"/><int name="no" value="1"/><int name="zM" value="16"/></imgdir><imgdir name="14"><int name="x" value="1755"/><int name="y" value="1830"/><string name="u" value="edU"/><int name="no" value="1"/><int name="zM" value="16"/></imgdir><imgdir name="15"><int name="x" value="1755"/><int name="y" value="1830"/><string name="u" value="edD"/><int name="no" value="1"/><int name="zM" value="16"/></imgdir><imgdir name="16"><int name="x" value="1665"/><int name="y" value="1830"/><string name="u" value="enH0"/><int name="no" value="1"/><int name="zM" value="16"/></imgdir><imgdir name="17"><int name="x" value="1665"/><int name="y" value="1830"/><string name="u" value="enH1"/><int name="no" value="0"/><int name="zM" value="16"/></imgdir></imgdir><imgdir name="obj"><imgdir name="1"><string name="oS" value="acc1"/><string name="l0" value="dryRock"/><string name="l1" value="artificiality"/><string name="l2" value="29"/><int name="x" value="-19"/><int name="y" value="2177"/><int name="z" value="3"/><int name="f" value="0"/><int name="zM" value="2"/></imgdir><imgdir name="2"><string name="oS" value="acc1"/><string name="l0" value="dryRock"/><string name="l1" value="artificiality"/><string name="l2" value="29"/><int name="x" value="52"/><int name="y" value="2177"/><int name="z" value="2"/><int name="f" value="0"/><int name="zM" value="1"/></imgdir><imgdir name="3"><string name="oS" value="acc1"/><string name="l0" value="dryRock"/><string name="l1" value="artificiality"/><string name="l2" value="29"/><int name="x" value="235"/><int name="y" value="2177"/><int name="z" value="2"/><int name="f" value="0"/><int name="zM" value="1"/></imgdir><imgdir name="4"><string name="oS" value="acc1"/><string name="l0" value="dryRock"/><string name="l1" value="artificiality"/><string name="l2" value="29"/><int name="x" value="340"/><int name="y" value="2177"/><int name="z" value="3"/><int name="f" value="0"/><int name="zM" value="1"/></imgdir><imgdir name="5"><string name="oS" value="acc1"/><string name="l0" value="dryRock"/><string name="l1" value="artificiality"/><string name="l2" value="29"/><int name="x" value="1471"/><int name="y" value="2177"/><int name="z" value="3"/><int name="f" value="0"/><int name="zM" value="14"/></imgdir><imgdir name="6"><string name="oS" value="acc1"/><string name="l0" value="dryRock"/><string name="l1" value="artificiality"/><string name="l2" value="29"/><int name="x" value="1584"/><int name="y" value="2177"/><int name="z" value="3"/><int name="f" value="0"/><int name="zM" value="14"/></imgdir><imgdir name="7"><string name="oS" value="acc1"/><string name="l0" value="dryRock"/><string name="l1" value="artificiality"/><string name="l2" value="29"/><int name="x" value="1700"/><int name="y" value="2178"/><int name="z" value="3"/><int name="f" value="0"/><int name="zM" value="14"/></imgdir><imgdir name="8"><string name="oS" value="acc1"/><string name="l0" value="dryRock"/><string name="l1" value="artificiality"/><string name="l2" value="29"/><int name="x" value="1752"/><int name="y" value="2178"/><int name="z" value="2"/><int name="f" value="0"/><int name="zM" value="14"/></imgdir><imgdir name="0"><string name="oS" value="acc1"/><string name="l0" value="dryRock"/><string name="l1" value="artificiality"/><string name="l2" value="29"/><int name="x" value="140"/><int name="y" value="2178"/><int name="z" value="3"/><int name="f" value="0"/><int name="zM" value="1"/></imgdir><imgdir name="9"><string name="oS" value="acc1"/><string name="l0" value="dryRock"/><string name="l1" value="artificiality"/><string name="l2" value="29"/><int name="x" value="446"/><int name="y" value="2176"/><int name="z" value="2"/><int name="f" value="0"/><int name="zM" value="1"/></imgdir><imgdir name="10"><string name="oS" value="acc1"/><string name="l0" value="dryRock"/><string name="l1" value="artificiality"/><string name="l2" value="29"/><int name="x" value="550"/><int name="y" value="2176"/><int name="z" value="3"/><int name="f" value="0"/><int name="zM" value="1"/></imgdir><imgdir name="11"><string name="oS" value="acc1"/><string name="l0" value="dryRock"/><string name="l1" value="artificiality"/><string name="l2" value="29"/><int name="x" value="653"/><int name="y" value="2177"/><int name="z" value="0"/><int name="f" value="0"/><int name="zM" value="1"/></imgdir><imgdir name="12"><string name="oS" value="acc1"/><string name="l0" value="dryRock"/><string name="l1" value="artificiality"/><string name="l2" value="29"/><int name="x" value="1133"/><int name="y" value="2177"/><int name="z" value="3"/><int name="f" value="0"/><int name="zM" value="3"/></imgdir><imgdir name="13"><string name="oS" value="acc1"/><string name="l0" value="dryRock"/><string name="l1" value="rock"/><string name="l2" value="4"/><int name="x" value="1644"/><int name="y" value="1916"/><int name="z" value="0"/><int name="f" value="0"/><int name="zM" value="14"/></imgdir><imgdir name="14"><string name="oS" value="acc1"/><string name="l0" value="dryRock"/><string name="l1" value="rock"/><string name="l2" value="2"/><int name="x" value="424"/><int name="y" value="2108"/><int name="z" value="0"/><int name="f" value="0"/><int name="zM" value="1"/></imgdir><imgdir name="15"><string name="oS" value="acc1"/><string name="l0" value="dryRock"/><string name="l1" value="rock"/><string name="l2" value="6"/><int name="x" value="878"/><int name="y" value="1881"/><int name="z" value="3"/><int name="f" value="0"/><int name="zM" value="1"/></imgdir><imgdir name="16"><string name="oS" value="acc1"/><string name="l0" value="dryRock"/><string name="l1" value="rock"/><string name="l2" value="0"/><int name="x" value="971"/><int name="y" value="2131"/><int name="z" value="4"/><int name="f" value="0"/><int name="zM" value="1"/></imgdir></imgdir></imgdir><imgdir name="1"><imgdir name="info"><string name="tS" value="dryRock"/></imgdir><imgdir name="tile"><imgdir name="42"><int name="x" value="0"/><int name="y" value="2220"/><string name="u" value="bsc"/><int name="no" value="1"/><int name="zM" value="0"/></imgdir><imgdir name="40"><int name="x" value="90"/><int name="y" value="2220"/><string name="u" value="bsc"/><int name="no" value="0"/><int name="zM" value="0"/></imgdir><imgdir name="47"><int name="x" value="450"/><int name="y" value="2220"/><string name="u" value="bsc"/><int name="no" value="1"/><int name="zM" value="0"/></imgdir><imgdir name="16"><int name="x" value="270"/><int name="y" value="2220"/><string name="u" value="bsc"/><int name="no" value="1"/><int name="zM" value="0"/></imgdir><imgdir name="43"><int name="x" value="180"/><int name="y" value="2220"/><string name="u" value="bsc"/><int name="no" value="0"/><int name="zM" value="0"/></imgdir><imgdir name="45"><int name="x" value="360"/><int name="y" value="2220"/><string name="u" value="bsc"/><int name="no" value="0"/><int name="zM" value="0"/></imgdir><imgdir name="68"><int name="x" value="630"/><int name="y" value="2220"/><string name="u" value="bsc"/><int name="no" value="1"/><int name="zM" value="0"/></imgdir><imgdir name="31"><int name="x" value="810"/><int name="y" value="2220"/><string name="u" value="bsc"/><int name="no" value="0"/><int name="zM" value="0"/></imgdir><imgdir name="44"><int name="x" value="900"/><int name="y" value="2220"/><string name="u" value="bsc"/><int name="no" value="0"/><int name="zM" value="0"/></imgdir><imgdir name="69"><int name="x" value="720"/><int name="y" value="2220"/><string name="u" value="bsc"/><int name="no" value="0"/><int name="zM" value="0"/></imgdir><imgdir name="67"><int name="x" value="540"/><int name="y" value="2220"/><string name="u" value="bsc"/><int name="no" value="1"/><int name="zM" value="0"/></imgdir><imgdir name="97"><int name="x" value="990"/><int name="y" value="2220"/><string name="u" value="bsc"/><int name="no" value="2"/><int name="zM" value="0"/></imgdir><imgdir name="95"><int name="x" value="1080"/><int name="y" value="2220"/><string name="u" value="bsc"/><int name="no" value="1"/><int name="zM" value="0"/></imgdir><imgdir name="94"><int name="x" value="1170"/><int name="y" value="2220"/><string name="u" value="bsc"/><int name="no" value="0"/><int name="zM" value="0"/></imgdir><imgdir name="9"><int name="x" value="1260"/><int name="y" value="2340"/><string name="u" value="bsc"/><int name="no" value="0"/><int name="zM" value="0"/></imgdir><imgdir name="103"><int name="x" value="1080"/><int name="y" value="2280"/><string name="u" value="bsc"/><int name="no" value="1"/><int name="zM" value="0"/></imgdir><imgdir name="71"><int name="x" value="1260"/><int name="y" value="2280"/><string name="u" value="bsc"/><int name="no" value="0"/><int name="zM" value="0"/></imgdir><imgdir name="75"><int name="x" value="0"/><int name="y" value="2340"/><string name="u" value="bsc"/><int name="no" value="1"/><int name="zM" value="0"/></imgdir><imgdir name="29"><int name="x" value="180"/><int name="y" value="2340"/><string name="u" value="bsc"/><int name="no" value="1"/><int name="zM" value="0"/></imgdir><imgdir name="3"><int name="x" value="1440"/><int name="y" value="2280"/><string name="u" value="bsc"/><int name="no" value="1"/><int name="zM" value="0"/></imgdir><imgdir name="26"><int name="x" value="90"/><int name="y" value="2340"/><string name="u" value="bsc"/><int name="no" value="2"/><int name="zM" value="0"/></imgdir><imgdir name="6"><int name="x" value="360"/><int name="y" value="2280"/><string name="u" value="bsc"/><int name="no" value="1"/><int name="zM" value="0"/></imgdir><imgdir name="24"><int name="x" value="270"/><int name="y" value="2220"/><string name="u" value="enH0"/><int name="no" value="0"/><int name="zM" value="0"/></imgdir><imgdir name="84"><int name="x" value="180"/><int name="y" value="2220"/><string name="u" value="enH0"/><int name="no" value="0"/><int name="zM" value="0"/></imgdir><imgdir name="99"><int name="x" value="90"/><int name="y" value="2220"/><string name="u" value="enH0"/><int name="no" value="0"/><int name="zM" value="0"/></imgdir><imgdir name="37"><int name="x" value="0"/><int name="y" value="2220"/><string name="u" value="enH0"/><int name="no" value="0"/><int name="zM" value="0"/></imgdir><imgdir name="59"><int name="x" value="630"/><int name="y" value="2220"/><string name="u" value="enH0"/><int name="no" value="0"/><int name="zM" value="0"/></imgdir><imgdir name="52"><int name="x" value="720"/><int name="y" value="2220"/><string name="u" value="enH0"/><int name="no" value="0"/><int name="zM" value="0"/></imgdir><imgdir name="88"><int name="x" value="540"/><int name="y" value="2220"/><string name="u" value="enH0"/><int name="no" value="0"/><int name="zM" value="0"/></imgdir><imgdir name="83"><int name="x" value="450"/><int name="y" value="2220"/><string name="u" value="enH0"/><int name="no" value="0"/><int name="zM" value="0"/></imgdir><imgdir name="85"><int name="x" value="630"/><int name="y" value="2340"/><string name="u" value="bsc"/><int name="no" value="0"/><int name="zM" value="0"/></imgdir><imgdir name="54"><int name="x" value="990"/><int name="y" value="2340"/><string name="u" value="bsc"/><int name="no" value="0"/><int name="zM" value="0"/></imgdir><imgdir name="82"><int name="x" value="900"/><int name="y" value="2280"/><string name="u" value="bsc"/><int name="no" value="2"/><int name="zM" value="0"/></imgdir><imgdir name="102"><int name="x" value="1170"/><int name="y" value="2280"/><string name="u" value="bsc"/><int name="no" value="0"/><int name="zM" value="0"/></imgdir><imgdir name="79"><int name="x" value="720"/><int name="y" value="2340"/><string name="u" value="bsc"/><int name="no" value="1"/><int name="zM" value="0"/></imgdir><imgdir name="55"><int name="x" value="540"/><int name="y" value="2280"/><string name="u" value="bsc"/><int name="no" value="1"/><int name="zM" value="0"/></imgdir><imgdir name="96"><int name="x" value="90"/><int name="y" value="2280"/><string name="u" value="bsc"/><int name="no" value="0"/><int name="zM" value="0"/></imgdir><imgdir name="100"><int name="x" value="450"/><int name="y" value="2340"/><string name="u" value="bsc"/><int name="no" value="1"/><int name="zM" value="0"/></imgdir><imgdir name="0"><int name="x" value="630"/><int name="y" value="2280"/><string name="u" value="bsc"/><int name="no" value="2"/><int name="zM" value="0"/></imgdir><imgdir name="93"><int name="x" value="360"/><int name="y" value="2220"/><string name="u" value="enH0"/><int name="no" value="0"/><int name="zM" value="0"/></imgdir><imgdir name="90"><int name="x" value="1350"/><int name="y" value="2280"/><string name="u" value="bsc"/><int name="no" value="1"/><int name="zM" value="0"/></imgdir><imgdir name="91"><int name="x" value="810"/><int name="y" value="2220"/><string name="u" value="enH0"/><int name="no" value="0"/><int name="zM" value="0"/></imgdir><imgdir name="61"><int name="x" value="540"/><int name="y" value="2340"/><string name="u" value="bsc"/><int name="no" value="0"/><int name="zM" value="0"/></imgdir><imgdir name="1"><int name="x" value="180"/><int name="y" value="2280"/><string name="u" value="bsc"/><int name="no" value="1"/><int name="zM" value="0"/></imgdir><imgdir name="89"><int name="x" value="990"/><int name="y" value="2220"/><string name="u" value="enH0"/><int name="no" value="0"/><int name="zM" value="0"/></imgdir><imgdir name="35"><int name="x" value="1440"/><int name="y" value="2220"/><string name="u" value="bsc"/><int name="no" value="1"/><int name="zM" value="0"/></imgdir><imgdir name="81"><int name="x" value="900"/><int name="y" value="2220"/><string name="u" value="enH0"/><int name="no" value="0"/><int name="zM" value="0"/></imgdir><imgdir name="12"><int name="x" value="1350"/><int name="y" value="2340"/><string name="u" value="bsc"/><int name="no" value="1"/><int name="zM" value="0"/></imgdir><imgdir name="33"><int name="x" value="1530"/><int name="y" value="2280"/><string name="u" value="bsc"/><int name="no" value="1"/><int name="zM" value="0"/></imgdir><imgdir name="98"><int name="x" value="1530"/><int name="y" value="2340"/><string name="u" value="bsc"/><int name="no" value="2"/><int name="zM" value="0"/></imgdir><imgdir name="76"><int name="x" value="1710"/><int name="y" value="2220"/><string name="u" value="enH0"/><int name="no" value="1"/><int name="zM" value="0"/></imgdir><imgdir name="49"><int name="x" value="1710"/><int name="y" value="2340"/><string name="u" value="bsc"/><int name="no" value="1"/><int name="zM" value="0"/></imgdir><imgdir name="57"><int name="x" value="1620"/><int name="y" value="2340"/><string name="u" value="bsc"/><int name="no" value="2"/><int name="zM" value="0"/></imgdir><imgdir name="11"><int name="x" value="1710"/><int name="y" value="2280"/><string name="u" value="bsc"/><int name="no" value="2"/><int name="zM" value="0"/></imgdir><imgdir name="18"><int name="x" value="1620"/><int name="y" value="2280"/><string name="u" value="bsc"/><int name="no" value="1"/><int name="zM" value="0"/></imgdir><imgdir name="36"><int name="x" value="1530"/><int name="y" value="2220"/><string name="u" value="enH0"/><int name="no" value="1"/><int name="zM" value="0"/></imgdir><imgdir name="20"><int name="x" value="1620"/><int name="y" value="2220"/><string name="u" value="enH0"/><int name="no" value="0"/><int name="zM" value="0"/></imgdir><imgdir name="10"><int name="x" value="1620"/><int name="y" value="2220"/><string name="u" value="bsc"/><int name="no" value="0"/><int name="zM" value="0"/></imgdir><imgdir name="2"><int name="x" value="1710"/><int name="y" value="2220"/><string name="u" value="bsc"/><int name="no" value="0"/><int name="zM" value="0"/></imgdir><imgdir name="27"><int name="x" value="1530"/><int name="y" value="2220"/><string name="u" value="bsc"/><int name="no" value="1"/><int name="zM" value="0"/></imgdir><imgdir name="65"><int name="x" value="1440"/><int name="y" value="2220"/><string name="u" value="enH0"/><int name="no" value="1"/><int name="zM" value="0"/></imgdir><imgdir name="48"><int name="x" value="1350"/><int name="y" value="2220"/><string name="u" value="enH0"/><int name="no" value="0"/><int name="zM" value="0"/></imgdir><imgdir name="87"><int name="x" value="1170"/><int name="y" value="2220"/><string name="u" value="enH0"/><int name="no" value="1"/><int name="zM" value="0"/></imgdir><imgdir name="39"><int name="x" value="810"/><int name="y" value="2280"/><string name="u" value="bsc"/><int name="no" value="2"/><int name="zM" value="0"/></imgdir><imgdir name="80"><int name="x" value="720"/><int name="y" value="2280"/><string name="u" value="bsc"/><int name="no" value="2"/><int name="zM" value="0"/></imgdir><imgdir name="62"><int name="x" value="1260"/><int name="y" value="2220"/><string name="u" value="enH0"/><int name="no" value="1"/><int name="zM" value="0"/></imgdir><imgdir name="46"><int name="x" value="270"/><int name="y" value="2340"/><string name="u" value="bsc"/><int name="no" value="2"/><int name="zM" value="0"/></imgdir><imgdir name="30"><int name="x" value="1350"/><int name="y" value="2220"/><string name="u" value="bsc"/><int name="no" value="1"/><int name="zM" value="0"/></imgdir><imgdir name="5"><int name="x" value="1260"/><int name="y" value="2220"/><string name="u" value="bsc"/><int name="no" value="0"/><int name="zM" value="0"/></imgdir><imgdir name="63"><int name="x" value="810"/><int name="y" value="2340"/><string name="u" value="bsc"/><int name="no" value="2"/><int name="zM" value="0"/></imgdir><imgdir name="19"><int name="x" value="0"/><int name="y" value="2280"/><string name="u" value="bsc"/><int name="no" value="0"/><int name="zM" value="0"/></imgdir><imgdir name="38"><int name="x" value="450"/><int name="y" value="2280"/><string name="u" value="bsc"/><int name="no" value="0"/><int name="zM" value="0"/></imgdir><imgdir name="60"><int name="x" value="270"/><int name="y" value="2280"/><string name="u" value="bsc"/><int name="no" value="0"/><int name="zM" value="0"/></imgdir><imgdir name="70"><int name="x" value="990"/><int name="y" value="2280"/><string name="u" value="bsc"/><int name="no" value="2"/><int name="zM" value="0"/></imgdir><imgdir name="92"><int name="x" value="1440"/><int name="y" value="2340"/><string name="u" value="bsc"/><int name="no" value="0"/><int name="zM" value="0"/></imgdir><imgdir name="56"><int name="x" value="1170"/><int name="y" value="2340"/><string name="u" value="bsc"/><int name="no" value="2"/><int name="zM" value="0"/></imgdir><imgdir name="58"><int name="x" value="1080"/><int name="y" value="2340"/><string name="u" value="bsc"/><int name="no" value="0"/><int name="zM" value="0"/></imgdir><imgdir name="15"><int name="x" value="1080"/><int name="y" value="2220"/><string name="u" value="enH0"/><int name="no" value="1"/><int name="zM" value="0"/></imgdir><imgdir name="41"><int name="x" value="360"/><int name="y" value="2340"/><string name="u" value="bsc"/><int name="no" value="1"/><int name="zM" value="0"/></imgdir><imgdir name="73"><int name="x" value="900"/><int name="y" value="2340"/><string name="u" value="bsc"/><int name="no" value="0"/><int name="zM" value="0"/></imgdir><imgdir name="107"><int name="x" value="-90"/><int name="y" value="2220"/><string name="u" value="enH0"/><int name="no" value="0"/><int name="zM" value="0"/></imgdir><imgdir name="108"><int name="x" value="-90"/><int name="y" value="2220"/><string name="u" value="bsc"/><int name="no" value="0"/><int name="zM" value="0"/></imgdir><imgdir name="113"><int name="x" value="-90"/><int name="y" value="2340"/><string name="u" value="bsc"/><int name="no" value="2"/><int name="zM" value="0"/></imgdir><imgdir name="106"><int name="x" value="-90"/><int name="y" value="2280"/><string name="u" value="bsc"/><int name="no" value="2"/><int name="zM" value="0"/></imgdir><imgdir name="104"><int name="x" value="90"/><int name="y" value="2400"/><string name="u" value="bsc"/><int name="no" value="2"/><int name="zM" value="0"/></imgdir><imgdir name="117"><int name="x" value="90"/><int name="y" value="2460"/><string name="u" value="enH1"/><int name="no" value="0"/><int name="zM" value="0"/></imgdir><imgdir name="118"><int name="x" value="-90"/><int name="y" value="2460"/><string name="u" value="enH1"/><int name="no" value="1"/><int name="zM" value="0"/></imgdir><imgdir name="110"><int name="x" value="-90"/><int name="y" value="2400"/><string name="u" value="bsc"/><int name="no" value="2"/><int name="zM" value="0"/></imgdir><imgdir name="13"><int name="x" value="0"/><int name="y" value="2400"/><string name="u" value="bsc"/><int name="no" value="0"/><int name="zM" value="0"/></imgdir><imgdir name="114"><int name="x" value="0"/><int name="y" value="2460"/><string name="u" value="enH1"/><int name="no" value="1"/><int name="zM" value="0"/></imgdir><imgdir name="7"><int name="x" value="180"/><int name="y" value="2400"/><string name="u" value="bsc"/><int name="no" value="0"/><int name="zM" value="0"/></imgdir><imgdir name="120"><int name="x" value="180"/><int name="y" value="2460"/><string name="u" value="enH1"/><int name="no" value="1"/><int name="zM" value="0"/></imgdir><imgdir name="14"><int name="x" value="450"/><int name="y" value="2400"/><string name="u" value="bsc"/><int name="no" value="2"/><int name="zM" value="0"/></imgdir><imgdir name="22"><int name="x" value="270"/><int name="y" value="2400"/><string name="u" value="bsc"/><int name="no" value="0"/><int name="zM" value="0"/></imgdir><imgdir name="119"><int name="x" value="270"/><int name="y" value="2460"/><string name="u" value="enH1"/><int name="no" value="1"/><int name="zM" value="0"/></imgdir><imgdir name="101"><int name="x" value="360"/><int name="y" value="2400"/><string name="u" value="bsc"/><int name="no" value="2"/><int name="zM" value="0"/></imgdir><imgdir name="124"><int name="x" value="450"/><int name="y" value="2460"/><string name="u" value="enH1"/><int name="no" value="0"/><int name="zM" value="0"/></imgdir><imgdir name="121"><int name="x" value="360"/><int name="y" value="2460"/><string name="u" value="enH1"/><int name="no" value="1"/><int name="zM" value="0"/></imgdir><imgdir name="129"><int name="x" value="720"/><int name="y" value="2460"/><string name="u" value="enH1"/><int name="no" value="1"/><int name="zM" value="0"/></imgdir><imgdir name="127"><int name="x" value="630"/><int name="y" value="2460"/><string name="u" value="enH1"/><int name="no" value="0"/><int name="zM" value="0"/></imgdir><imgdir name="123"><int name="x" value="540"/><int name="y" value="2460"/><string name="u" value="enH1"/><int name="no" value="0"/><int name="zM" value="0"/></imgdir><imgdir name="126"><int name="x" value="810"/><int name="y" value="2460"/><string name="u" value="enH1"/><int name="no" value="1"/><int name="zM" value="0"/></imgdir><imgdir name="66"><int name="x" value="630"/><int name="y" value="2400"/><string name="u" value="bsc"/><int name="no" value="1"/><int name="zM" value="0"/></imgdir><imgdir name="25"><int name="x" value="540"/><int name="y" value="2400"/><string name="u" value="bsc"/><int name="no" value="0"/><int name="zM" value="0"/></imgdir><imgdir name="34"><int name="x" value="810"/><int name="y" value="2400"/><string name="u" value="bsc"/><int name="no" value="2"/><int name="zM" value="0"/></imgdir><imgdir name="50"><int name="x" value="720"/><int name="y" value="2400"/><string name="u" value="bsc"/><int name="no" value="0"/><int name="zM" value="0"/></imgdir><imgdir name="77"><int name="x" value="900"/><int name="y" value="2400"/><string name="u" value="bsc"/><int name="no" value="2"/><int name="zM" value="0"/></imgdir><imgdir name="128"><int name="x" value="900"/><int name="y" value="2460"/><string name="u" value="enH1"/><int name="no" value="0"/><int name="zM" value="0"/></imgdir><imgdir name="125"><int name="x" value="990"/><int name="y" value="2460"/><string name="u" value="enH1"/><int name="no" value="1"/><int name="zM" value="0"/></imgdir><imgdir name="131"><int name="x" value="1080"/><int name="y" value="2460"/><string name="u" value="enH1"/><int name="no" value="1"/><int name="zM" value="0"/></imgdir><imgdir name="74"><int name="x" value="1080"/><int name="y" value="2400"/><string name="u" value="bsc"/><int name="no" value="2"/><int name="zM" value="0"/></imgdir><imgdir name="21"><int name="x" value="990"/><int name="y" value="2400"/><string name="u" value="bsc"/><int name="no" value="0"/><int name="zM" value="0"/></imgdir><imgdir name="8"><int name="x" value="1170"/><int name="y" value="2400"/><string name="u" value="bsc"/><int name="no" value="0"/><int name="zM" value="0"/></imgdir><imgdir name="130"><int name="x" value="1170"/><int name="y" value="2460"/><string name="u" value="enH1"/><int name="no" value="0"/><int name="zM" value="0"/></imgdir><imgdir name="133"><int name="x" value="1260"/><int name="y" value="2460"/><string name="u" value="enH1"/><int name="no" value="0"/><int name="zM" value="0"/></imgdir><imgdir name="78"><int name="x" value="1260"/><int name="y" value="2400"/><string name="u" value="bsc"/><int name="no" value="2"/><int name="zM" value="0"/></imgdir><imgdir name="4"><int name="x" value="1350"/><int name="y" value="2400"/><string name="u" value="bsc"/><int name="no" value="2"/><int name="zM" value="0"/></imgdir><imgdir name="132"><int name="x" value="1350"/><int name="y" value="2460"/><string name="u" value="enH1"/><int name="no" value="0"/><int name="zM" value="0"/></imgdir><imgdir name="122"><int name="x" value="1440"/><int name="y" value="2460"/><string name="u" value="enH1"/><int name="no" value="1"/><int name="zM" value="0"/></imgdir><imgdir name="72"><int name="x" value="1710"/><int name="y" value="2400"/><string name="u" value="bsc"/><int name="no" value="0"/><int name="zM" value="0"/></imgdir><imgdir name="135"><int name="x" value="1710"/><int name="y" value="2460"/><string name="u" value="enH1"/><int name="no" value="0"/><int name="zM" value="0"/></imgdir><imgdir name="53"><int name="x" value="1620"/><int name="y" value="2400"/><string name="u" value="bsc"/><int name="no" value="2"/><int name="zM" value="0"/></imgdir><imgdir name="86"><int name="x" value="1530"/><int name="y" value="2400"/><string name="u" value="bsc"/><int name="no" value="1"/><int name="zM" value="0"/></imgdir><imgdir name="137"><int name="x" value="1620"/><int name="y" value="2460"/><string name="u" value="enH1"/><int name="no" value="1"/><int name="zM" value="0"/></imgdir><imgdir name="32"><int name="x" value="1440"/><int name="y" value="2400"/><string name="u" value="bsc"/><int name="no" value="0"/><int name="zM" value="0"/></imgdir><imgdir name="134"><int name="x" value="1530"/><int name="y" value="2460"/><string name="u" value="enH1"/><int name="no" value="1"/><int name="zM" value="0"/></imgdir><imgdir name="148"><int name="x" value="-90"/><int name="y" value="2220"/><string name="u" value="enV0"/><int name="no" value="1"/><int name="zM" value="0"/></imgdir><imgdir name="149"><int name="x" value="-90"/><int name="y" value="2220"/><string name="u" value="edU"/><int name="no" value="1"/><int name="zM" value="0"/></imgdir><imgdir name="136"><int name="x" value="1800"/><int name="y" value="2460"/><string name="u" value="enH1"/><int name="no" value="1"/><int name="zM" value="0"/></imgdir><imgdir name="17"><int name="x" value="1800"/><int name="y" value="2400"/><string name="u" value="bsc"/><int name="no" value="1"/><int name="zM" value="0"/></imgdir><imgdir name="105"><int name="x" value="1800"/><int name="y" value="2280"/><string name="u" value="bsc"/><int name="no" value="1"/><int name="zM" value="0"/></imgdir><imgdir name="109"><int name="x" value="1800"/><int name="y" value="2220"/><string name="u" value="bsc"/><int name="no" value="0"/><int name="zM" value="0"/></imgdir><imgdir name="28"><int name="x" value="1890"/><int name="y" value="2460"/><string name="u" value="enH1"/><int name="no" value="1"/><int name="zM" value="0"/></imgdir><imgdir name="23"><int name="x" value="1980"/><int name="y" value="2460"/><string name="u" value="edD"/><int name="no" value="1"/><int name="zM" value="0"/></imgdir><imgdir name="143"><int name="x" value="1800"/><int name="y" value="2340"/><string name="u" value="bsc"/><int name="no" value="2"/><int name="zM" value="0"/></imgdir><imgdir name="142"><int name="x" value="1980"/><int name="y" value="2400"/><string name="u" value="enV1"/><int name="no" value="0"/><int name="zM" value="0"/></imgdir><imgdir name="146"><int name="x" value="1890"/><int name="y" value="2400"/><string name="u" value="bsc"/><int name="no" value="1"/><int name="zM" value="0"/></imgdir><imgdir name="147"><int name="x" value="1980"/><int name="y" value="2340"/><string name="u" value="enV1"/><int name="no" value="1"/><int name="zM" value="0"/></imgdir><imgdir name="139"><int name="x" value="1890"/><int name="y" value="2280"/><string name="u" value="bsc"/><int name="no" value="2"/><int name="zM" value="0"/></imgdir><imgdir name="138"><int name="x" value="1980"/><int name="y" value="2280"/><string name="u" value="enV1"/><int name="no" value="0"/><int name="zM" value="0"/></imgdir><imgdir name="145"><int name="x" value="1890"/><int name="y" value="2340"/><string name="u" value="bsc"/><int name="no" value="1"/><int name="zM" value="0"/></imgdir><imgdir name="144"><int name="x" value="1980"/><int name="y" value="2220"/><string name="u" value="enV1"/><int name="no" value="2"/><int name="zM" value="0"/></imgdir><imgdir name="140"><int name="x" value="1980"/><int name="y" value="2220"/><string name="u" value="edU"/><int name="no" value="1"/><int name="zM" value="0"/></imgdir><imgdir name="141"><int name="x" value="1800"/><int name="y" value="2220"/><string name="u" value="enH0"/><int name="no" value="1"/><int name="zM" value="0"/></imgdir><imgdir name="115"><int name="x" value="1890"/><int name="y" value="2220"/><string name="u" value="enH0"/><int name="no" value="1"/><int name="zM" value="0"/></imgdir><imgdir name="111"><int name="x" value="1890"/><int name="y" value="2220"/><string name="u" value="bsc"/><int name="no" value="1"/><int name="zM" value="0"/></imgdir><imgdir name="116"><int name="x" value="-90"/><int name="y" value="2460"/><string name="u" value="edD"/><int name="no" value="0"/><int name="zM" value="0"/></imgdir><imgdir name="64"><int name="x" value="-90"/><int name="y" value="2400"/><string name="u" value="enV0"/><int name="no" value="0"/><int name="zM" value="0"/></imgdir><imgdir name="51"><int name="x" value="-90"/><int name="y" value="2340"/><string name="u" value="enV0"/><int name="no" value="2"/><int name="zM" value="0"/></imgdir><imgdir name="112"><int name="x" value="-90"/><int name="y" value="2280"/><string name="u" value="enV0"/><int name="no" value="0"/><int name="zM" value="0"/></imgdir><imgdir name="150"><int name="x" value="0"/><int name="y" value="1980"/><string name="u" value="edU"/><int name="no" value="0"/><int name="zM" value="10"/></imgdir><imgdir name="151"><int name="x" value="0"/><int name="y" value="1980"/><string name="u" value="edD"/><int name="no" value="0"/><int name="zM" value="10"/></imgdir><imgdir name="152"><int name="x" value="90"/><int name="y" value="1980"/><string name="u" value="edU"/><int name="no" value="0"/><int name="zM" value="10"/></imgdir><imgdir name="153"><int name="x" value="90"/><int name="y" value="1980"/><string name="u" value="edD"/><int name="no" value="1"/><int name="zM" value="10"/></imgdir><imgdir name="154"><int name="x" value="0"/><int name="y" value="1980"/><string name="u" value="enH0"/><int name="no" value="1"/><int name="zM" value="10"/></imgdir><imgdir name="155"><int name="x" value="0"/><int name="y" value="1980"/><string name="u" value="enH1"/><int name="no" value="0"/><int name="zM" value="10"/></imgdir><imgdir name="156"><int name="x" value="90"/><int name="y" value="1920"/><string name="u" value="edU"/><int name="no" value="1"/><int name="zM" value="13"/></imgdir><imgdir name="157"><int name="x" value="90"/><int name="y" value="1920"/><string name="u" value="edD"/><int name="no" value="1"/><int name="zM" value="13"/></imgdir><imgdir name="158"><int name="x" value="180"/><int name="y" value="1920"/><string name="u" value="edU"/><int name="no" value="0"/><int name="zM" value="13"/></imgdir><imgdir name="159"><int name="x" value="180"/><int name="y" value="1920"/><string name="u" value="edD"/><int name="no" value="1"/><int name="zM" value="13"/></imgdir><imgdir name="160"><int name="x" value="90"/><int name="y" value="1920"/><string name="u" value="enH0"/><int name="no" value="1"/><int name="zM" value="13"/></imgdir><imgdir name="161"><int name="x" value="90"/><int name="y" value="1920"/><string name="u" value="enH1"/><int name="no" value="0"/><int name="zM" value="13"/></imgdir><imgdir name="162"><int name="x" value="0"/><int name="y" value="1860"/><string name="u" value="edU"/><int name="no" value="1"/><int name="zM" value="15"/></imgdir><imgdir name="163"><int name="x" value="0"/><int name="y" value="1860"/><string name="u" value="edD"/><int name="no" value="1"/><int name="zM" value="15"/></imgdir><imgdir name="164"><int name="x" value="90"/><int name="y" value="1860"/><string name="u" value="edU"/><int name="no" value="1"/><int name="zM" value="15"/></imgdir><imgdir name="165"><int name="x" value="90"/><int name="y" value="1860"/><string name="u" value="edD"/><int name="no" value="0"/><int name="zM" value="15"/></imgdir><imgdir name="166"><int name="x" value="0"/><int name="y" value="1860"/><string name="u" value="enH0"/><int name="no" value="1"/><int name="zM" value="15"/></imgdir><imgdir name="167"><int name="x" value="0"/><int name="y" value="1860"/><string name="u" value="enH1"/><int name="no" value="1"/><int name="zM" value="15"/></imgdir><imgdir name="168"><int name="x" value="540"/><int name="y" value="2040"/><string name="u" value="edU"/><int name="no" value="1"/><int name="zM" value="9"/></imgdir><imgdir name="169"><int name="x" value="540"/><int name="y" value="2040"/><string name="u" value="edD"/><int name="no" value="0"/><int name="zM" value="9"/></imgdir><imgdir name="170"><int name="x" value="630"/><int name="y" value="2040"/><string name="u" value="edU"/><int name="no" value="1"/><int name="zM" value="9"/></imgdir><imgdir name="171"><int name="x" value="630"/><int name="y" value="2040"/><string name="u" value="edD"/><int name="no" value="1"/><int name="zM" value="9"/></imgdir><imgdir name="172"><int name="x" value="540"/><int name="y" value="2040"/><string name="u" value="enH0"/><int name="no" value="1"/><int name="zM" value="9"/></imgdir><imgdir name="173"><int name="x" value="540"/><int name="y" value="2040"/><string name="u" value="enH1"/><int name="no" value="1"/><int name="zM" value="9"/></imgdir><imgdir name="174"><int name="x" value="1620"/><int name="y" value="2160"/><string name="u" value="edU"/><int name="no" value="0"/><int name="zM" value="4"/></imgdir><imgdir name="175"><int name="x" value="1620"/><int name="y" value="2160"/><string name="u" value="edD"/><int name="no" value="0"/><int name="zM" value="4"/></imgdir><imgdir name="176"><int name="x" value="1710"/><int name="y" value="2160"/><string name="u" value="edU"/><int name="no" value="0"/><int name="zM" value="4"/></imgdir><imgdir name="177"><int name="x" value="1710"/><int name="y" value="2160"/><string name="u" value="edD"/><int name="no" value="1"/><int name="zM" value="4"/></imgdir><imgdir name="178"><int name="x" value="1620"/><int name="y" value="2160"/><string name="u" value="enH0"/><int name="no" value="1"/><int name="zM" value="4"/></imgdir><imgdir name="179"><int name="x" value="1620"/><int name="y" value="2160"/><string name="u" value="enH1"/><int name="no" value="1"/><int name="zM" value="4"/></imgdir><imgdir name="180"><int name="x" value="1710"/><int name="y" value="2100"/><string name="u" value="edU"/><int name="no" value="1"/><int name="zM" value="7"/></imgdir><imgdir name="181"><int name="x" value="1710"/><int name="y" value="2100"/><string name="u" value="edD"/><int name="no" value="0"/><int name="zM" value="7"/></imgdir><imgdir name="182"><int name="x" value="1800"/><int name="y" value="2100"/><string name="u" value="edU"/><int name="no" value="0"/><int name="zM" value="7"/></imgdir><imgdir name="183"><int name="x" value="1800"/><int name="y" value="2100"/><string name="u" value="edD"/><int name="no" value="0"/><int name="zM" value="7"/></imgdir><imgdir name="184"><int name="x" value="1710"/><int name="y" value="2100"/><string name="u" value="enH0"/><int name="no" value="1"/><int name="zM" value="7"/></imgdir><imgdir name="185"><int name="x" value="1710"/><int name="y" value="2100"/><string name="u" value="enH1"/><int name="no" value="0"/><int name="zM" value="7"/></imgdir><imgdir name="186"><int name="x" value="1620"/><int name="y" value="2040"/><string name="u" value="edU"/><int name="no" value="1"/><int name="zM" value="8"/></imgdir><imgdir name="187"><int name="x" value="1620"/><int name="y" value="2040"/><string name="u" value="edD"/><int name="no" value="0"/><int name="zM" value="8"/></imgdir><imgdir name="188"><int name="x" value="1710"/><int name="y" value="2040"/><string name="u" value="edU"/><int name="no" value="1"/><int name="zM" value="8"/></imgdir><imgdir name="189"><int name="x" value="1710"/><int name="y" value="2040"/><string name="u" value="edD"/><int name="no" value="0"/><int name="zM" value="8"/></imgdir><imgdir name="190"><int name="x" value="1620"/><int name="y" value="2040"/><string name="u" value="enH0"/><int name="no" value="0"/><int name="zM" value="8"/></imgdir><imgdir name="191"><int name="x" value="1620"/><int name="y" value="2040"/><string name="u" value="enH1"/><int name="no" value="1"/><int name="zM" value="8"/></imgdir></imgdir><imgdir name="obj"></imgdir></imgdir><imgdir name="2"><imgdir name="info"><string name="tS" value="grassySoil"/></imgdir><imgdir name="tile"></imgdir><imgdir name="obj"><imgdir name="0"><string name="oS" value="connect"/><string name="l0" value="rope"/><string name="l1" value="0"/><string name="l2" value="0"/><int name="x" value="9"/><int name="y" value="1966"/><int name="z" value="3"/><int name="f" value="0"/><int name="zM" value="11"/></imgdir><imgdir name="1"><string name="oS" value="connect"/><string name="l0" value="rope"/><string name="l1" value="0"/><string name="l2" value="3"/><int name="x" value="9"/><int name="y" value="2051"/><int name="z" value="3"/><int name="f" value="0"/><int name="zM" value="6"/></imgdir><imgdir name="2"><string name="oS" value="connect"/><string name="l0" value="rope"/><string name="l1" value="0"/><string name="l2" value="2"/><int name="x" value="9"/><int name="y" value="2125"/><int name="z" value="3"/><int name="f" value="0"/><int name="zM" value="6"/></imgdir><imgdir name="3"><string name="oS" value="connect"/><string name="l0" value="ladder"/><string name="l1" value="0"/><string name="l2" value="1"/><int name="x" value="555"/><int name="y" value="2052"/><int name="z" value="3"/><int name="f" value="0"/><int name="zM" value="5"/></imgdir><imgdir name="4"><string name="oS" value="connect"/><string name="l0" value="ladder"/><string name="l1" value="0"/><string name="l2" value="2"/><int name="x" value="555"/><int name="y" value="2103"/><int name="z" value="3"/><int name="f" value="0"/><int name="zM" value="5"/></imgdir><imgdir name="5"><string name="oS" value="connect"/><string name="l0" value="ladder"/><string name="l1" value="0"/><string name="l2" value="3"/><int name="x" value="555"/><int name="y" value="2136"/><int name="z" value="3"/><int name="f" value="0"/><int name="zM" value="5"/></imgdir><imgdir name="6"><string name="oS" value="connect"/><string name="l0" value="ladder"/><string name="l1" value="0"/><string name="l2" value="0"/><int name="x" value="555"/><int name="y" value="2019"/><int name="z" value="2"/><int name="f" value="0"/><int name="zM" value="5"/></imgdir></imgdir></imgdir><imgdir name="3"><imgdir name="info"><string name="tS" value="coalMine"/></imgdir><imgdir name="tile"></imgdir><imgdir name="obj"></imgdir></imgdir><imgdir name="4"><imgdir name="info"><string name="tS" value="brownBrick"/></imgdir><imgdir name="tile"></imgdir><imgdir name="obj"></imgdir></imgdir><imgdir name="5"><imgdir name="info"><string name="tS" value="brownBrick"/></imgdir><imgdir name="tile"></imgdir><imgdir name="obj"></imgdir></imgdir><imgdir name="6"><imgdir name="info"><string name="tS" value="brownBrick"/></imgdir><imgdir name="tile"></imgdir><imgdir name="obj"></imgdir></imgdir><imgdir name="7"><imgdir name="info"><string name="tS" value="brownBrick"/></imgdir><imgdir name="tile"></imgdir><imgdir name="obj"></imgdir></imgdir><imgdir name="foothold"><imgdir name="0"><imgdir name="12"><imgdir name="1"><int name="x1" value="1732"/><int name="y1" value="1935"/><int name="x2" value="1778"/><int name="y2" value="1935"/><int name="prev" value="5"/><int name="next" value="2"/></imgdir><imgdir name="2"><int name="x1" value="1778"/><int name="y1" value="1935"/><int name="x2" value="1778"/><int name="y2" value="1950"/><int name="prev" value="1"/><int name="next" value="0"/></imgdir><imgdir name="3"><int name="x1" value="1642"/><int name="y1" value="1950"/><int name="x2" value="1642"/><int name="y2" value="1935"/><int name="prev" value="0"/><int name="next" value="4"/></imgdir><imgdir name="4"><int name="x1" value="1642"/><int name="y1" value="1935"/><int name="x2" value="1688"/><int name="y2" value="1935"/><int name="prev" value="3"/><int name="next" value="5"/></imgdir><imgdir name="5"><int name="x1" value="1688"/><int name="y1" value="1935"/><int name="x2" value="1732"/><int name="y2" value="1935"/><int name="prev" value="4"/><int name="next" value="1"/></imgdir></imgdir><imgdir name="14"><imgdir name="6"><int name="x1" value="1642"/><int name="y1" value="1875"/><int name="x2" value="1688"/><int name="y2" value="1875"/><int name="prev" value="10"/><int name="next" value="7"/></imgdir><imgdir name="7"><int name="x1" value="1688"/><int name="y1" value="1875"/><int name="x2" value="1688"/><int name="y2" value="1890"/><int name="prev" value="6"/><int name="next" value="0"/></imgdir><imgdir name="8"><int name="x1" value="1552"/><int name="y1" value="1890"/><int name="x2" value="1552"/><int name="y2" value="1875"/><int name="prev" value="0"/><int name="next" value="9"/></imgdir><imgdir name="9"><int name="x1" value="1552"/><int name="y1" value="1875"/><int name="x2" value="1598"/><int name="y2" value="1875"/><int name="prev" value="8"/><int name="next" value="10"/></imgdir><imgdir name="10"><int name="x1" value="1598"/><int name="y1" value="1875"/><int name="x2" value="1642"/><int name="y2" value="1875"/><int name="prev" value="9"/><int name="next" value="6"/></imgdir><imgdir name="88"><int name="x1" value="1367"/><int name="y1" value="1959"/><int name="x2" value="1384"/><int name="y2" value="1949"/><int name="prev" value="0"/><int name="next" value="89"/></imgdir><imgdir name="89"><int name="x1" value="1384"/><int name="y1" value="1949"/><int name="x2" value="1439"/><int name="y2" value="1947"/><int name="prev" value="88"/><int name="next" value="90"/></imgdir><imgdir name="90"><int name="x1" value="1439"/><int name="y1" value="1947"/><int name="x2" value="1503"/><int name="y2" value="1960"/><int name="prev" value="89"/><int name="next" value="91"/></imgdir><imgdir name="91"><int name="x1" value="1503"/><int name="y1" value="1960"/><int name="x2" value="1583"/><int name="y2" value="1960"/><int name="prev" value="90"/><int name="next" value="92"/></imgdir><imgdir name="92"><int name="x1" value="1583"/><int name="y1" value="1960"/><int name="x2" value="1649"/><int name="y2" value="1972"/><int name="prev" value="91"/><int name="next" value="93"/></imgdir><imgdir name="93"><int name="x1" value="1649"/><int name="y1" value="1972"/><int name="x2" value="1657"/><int name="y2" value="1983"/><int name="prev" value="92"/><int name="next" value="0"/></imgdir><imgdir name="94"><int name="x1" value="1454"/><int name="y1" value="1819"/><int name="x2" value="1474"/><int name="y2" value="1812"/><int name="prev" value="0"/><int name="next" value="95"/></imgdir><imgdir name="95"><int name="x1" value="1474"/><int name="y1" value="1812"/><int name="x2" value="1504"/><int name="y2" value="1821"/><int name="prev" value="94"/><int name="next" value="96"/></imgdir><imgdir name="96"><int name="x1" value="1504"/><int name="y1" value="1821"/><int name="x2" value="1597"/><int name="y2" value="1824"/><int name="prev" value="95"/><int name="next" value="97"/></imgdir><imgdir name="97"><int name="x1" value="1597"/><int name="y1" value="1824"/><int name="x2" value="1643"/><int name="y2" value="1836"/><int name="prev" value="96"/><int name="next" value="98"/></imgdir><imgdir name="98"><int name="x1" value="1643"/><int name="y1" value="1836"/><int name="x2" value="1654"/><int name="y2" value="1849"/><int name="prev" value="97"/><int name="next" value="0"/></imgdir><imgdir name="99"><int name="x1" value="1679"/><int name="y1" value="1761"/><int name="x2" value="1753"/><int name="y2" value="1766"/><int name="prev" value="0"/><int name="next" value="100"/></imgdir><imgdir name="100"><int name="x1" value="1753"/><int name="y1" value="1766"/><int name="x2" value="1811"/><int name="y2" value="1766"/><int name="prev" value="99"/><int name="next" value="0"/></imgdir><imgdir name="101"><int name="x1" value="1715"/><int name="y1" value="1729"/><int name="x2" value="1762"/><int name="y2" value="1722"/><int name="prev" value="0"/><int name="next" value="102"/></imgdir><imgdir name="102"><int name="x1" value="1762"/><int name="y1" value="1722"/><int name="x2" value="1810"/><int name="y2" value="1727"/><int name="prev" value="101"/><int name="next" value="103"/></imgdir><imgdir name="103"><int name="x1" value="1810"/><int name="y1" value="1727"/><int name="x2" value="1845"/><int name="y2" value="1726"/><int name="prev" value="102"/><int name="next" value="0"/></imgdir><imgdir name="104"><int name="x1" value="1765"/><int name="y1" value="1693"/><int name="x2" value="1857"/><int name="y2" value="1691"/><int name="prev" value="0"/><int name="next" value="0"/></imgdir><imgdir name="105"><int name="x1" value="1802"/><int name="y1" value="1667"/><int name="x2" value="1886"/><int name="y2" value="1664"/><int name="prev" value="0"/><int name="next" value="106"/></imgdir><imgdir name="106"><int name="x1" value="1886"/><int name="y1" value="1664"/><int name="x2" value="1917"/><int name="y2" value="1669"/><int name="prev" value="105"/><int name="next" value="107"/></imgdir><imgdir name="107"><int name="x1" value="1917"/><int name="y1" value="1669"/><int name="x2" value="1923"/><int name="y2" value="1680"/><int name="prev" value="106"/><int name="next" value="0"/></imgdir><imgdir name="108"><int name="x1" value="1578"/><int name="y1" value="1638"/><int name="x2" value="1595"/><int name="y2" value="1631"/><int name="prev" value="0"/><int name="next" value="109"/></imgdir><imgdir name="109"><int name="x1" value="1595"/><int name="y1" value="1631"/><int name="x2" value="1612"/><int name="y2" value="1628"/><int name="prev" value="108"/><int name="next" value="110"/></imgdir><imgdir name="110"><int name="x1" value="1612"/><int name="y1" value="1628"/><int name="x2" value="1701"/><int name="y2" value="1629"/><int name="prev" value="109"/><int name="next" value="111"/></imgdir><imgdir name="111"><int name="x1" value="1701"/><int name="y1" value="1629"/><int name="x2" value="1838"/><int name="y2" value="1649"/><int name="prev" value="110"/><int name="next" value="0"/></imgdir></imgdir><imgdir name="16"><imgdir name="11"><int name="x1" value="1642"/><int name="y1" value="1830"/><int name="x2" value="1642"/><int name="y2" value="1815"/><int name="prev" value="0"/><int name="next" value="12"/></imgdir><imgdir name="12"><int name="x1" value="1642"/><int name="y1" value="1815"/><int name="x2" value="1688"/><int name="y2" value="1815"/><int name="prev" value="11"/><int name="next" value="15"/></imgdir><imgdir name="13"><int name="x1" value="1732"/><int name="y1" value="1815"/><int name="x2" value="1778"/><int name="y2" value="1815"/><int name="prev" value="15"/><int name="next" value="14"/></imgdir><imgdir name="14"><int name="x1" value="1778"/><int name="y1" value="1815"/><int name="x2" value="1778"/><int name="y2" value="1830"/><int name="prev" value="13"/><int name="next" value="0"/></imgdir><imgdir name="15"><int name="x1" value="1688"/><int name="y1" value="1815"/><int name="x2" value="1732"/><int name="y2" value="1815"/><int name="prev" value="12"/><int name="next" value="13"/></imgdir></imgdir><imgdir name="1"><imgdir name="112"><int name="x1" value="132"/><int name="y1" value="1817"/><int name="x2" value="167"/><int name="y2" value="1784"/><int name="prev" value="0"/><int name="next" value="113"/></imgdir><imgdir name="113"><int name="x1" value="167"/><int name="y1" value="1784"/><int name="x2" value="278"/><int name="y2" value="1778"/><int name="prev" value="112"/><int name="next" value="114"/></imgdir><imgdir name="114"><int name="x1" value="278"/><int name="y1" value="1778"/><int name="x2" value="305"/><int name="y2" value="1769"/><int name="prev" value="113"/><int name="next" value="115"/></imgdir><imgdir name="115"><int name="x1" value="305"/><int name="y1" value="1769"/><int name="x2" value="368"/><int name="y2" value="1767"/><int name="prev" value="114"/><int name="next" value="117"/></imgdir><imgdir name="116"><int name="x1" value="677"/><int name="y1" value="1751"/><int name="x2" value="745"/><int name="y2" value="1751"/><int name="prev" value="120"/><int name="next" value="121"/></imgdir><imgdir name="117"><int name="x1" value="368"/><int name="y1" value="1767"/><int name="x2" value="550"/><int name="y2" value="1763"/><int name="prev" value="115"/><int name="next" value="118"/></imgdir><imgdir name="118"><int name="x1" value="550"/><int name="y1" value="1763"/><int name="x2" value="572"/><int name="y2" value="1756"/><int name="prev" value="117"/><int name="next" value="119"/></imgdir><imgdir name="119"><int name="x1" value="572"/><int name="y1" value="1756"/><int name="x2" value="660"/><int name="y2" value="1754"/><int name="prev" value="118"/><int name="next" value="120"/></imgdir><imgdir name="120"><int name="x1" value="660"/><int name="y1" value="1754"/><int name="x2" value="677"/><int name="y2" value="1751"/><int name="prev" value="119"/><int name="next" value="116"/></imgdir><imgdir name="121"><int name="x1" value="745"/><int name="y1" value="1751"/><int name="x2" value="762"/><int name="y2" value="1751"/><int name="prev" value="116"/><int name="next" value="122"/></imgdir><imgdir name="122"><int name="x1" value="762"/><int name="y1" value="1751"/><int name="x2" value="850"/><int name="y2" value="1747"/><int name="prev" value="121"/><int name="next" value="123"/></imgdir><imgdir name="123"><int name="x1" value="850"/><int name="y1" value="1747"/><int name="x2" value="930"/><int name="y2" value="1751"/><int name="prev" value="122"/><int name="next" value="124"/></imgdir><imgdir name="124"><int name="x1" value="930"/><int name="y1" value="1751"/><int name="x2" value="963"/><int name="y2" value="1759"/><int name="prev" value="123"/><int name="next" value="125"/></imgdir><imgdir name="125"><int name="x1" value="963"/><int name="y1" value="1759"/><int name="x2" value="1300"/><int name="y2" value="1758"/><int name="prev" value="124"/><int name="next" value="126"/></imgdir><imgdir name="126"><int name="x1" value="1300"/><int name="y1" value="1758"/><int name="x2" value="1354"/><int name="y2" value="1767"/><int name="prev" value="125"/><int name="next" value="127"/></imgdir><imgdir name="127"><int name="x1" value="1354"/><int name="y1" value="1767"/><int name="x2" value="1383"/><int name="y2" value="1791"/><int name="prev" value="126"/><int name="next" value="0"/></imgdir><imgdir name="128"><int name="x1" value="825"/><int name="y1" value="1968"/><int name="x2" value="920"/><int name="y2" value="1973"/><int name="prev" value="0"/><int name="next" value="129"/></imgdir><imgdir name="129"><int name="x1" value="920"/><int name="y1" value="1973"/><int name="x2" value="945"/><int name="y2" value="1982"/><int name="prev" value="128"/><int name="next" value="130"/></imgdir><imgdir name="130"><int name="x1" value="945"/><int name="y1" value="1982"/><int name="x2" value="1073"/><int name="y2" value="1987"/><int name="prev" value="129"/><int name="next" value="131"/></imgdir><imgdir name="131"><int name="x1" value="1073"/><int name="y1" value="1987"/><int name="x2" value="1088"/><int name="y2" value="1985"/><int name="prev" value="130"/><int name="next" value="132"/></imgdir><imgdir name="132"><int name="x1" value="1088"/><int name="y1" value="1985"/><int name="x2" value="1137"/><int name="y2" value="1990"/><int name="prev" value="131"/><int name="next" value="133"/></imgdir><imgdir name="133"><int name="x1" value="1137"/><int name="y1" value="1990"/><int name="x2" value="1189"/><int name="y2" value="1986"/><int name="prev" value="132"/><int name="next" value="134"/></imgdir><imgdir name="134"><int name="x1" value="1189"/><int name="y1" value="1986"/><int name="x2" value="1223"/><int name="y2" value="1992"/><int name="prev" value="133"/><int name="next" value="0"/></imgdir><imgdir name="135"><int name="x1" value="785"/><int name="y1" value="2022"/><int name="x2" value="799"/><int name="y2" value="2011"/><int name="prev" value="0"/><int name="next" value="136"/></imgdir><imgdir name="136"><int name="x1" value="799"/><int name="y1" value="2011"/><int name="x2" value="876"/><int name="y2" value="2018"/><int name="prev" value="135"/><int name="next" value="0"/></imgdir><imgdir name="137"><int name="x1" value="700"/><int name="y1" value="2050"/><int name="x2" value="776"/><int name="y2" value="2051"/><int name="prev" value="0"/><int name="next" value="0"/></imgdir><imgdir name="138"><int name="x1" value="730"/><int name="y1" value="2082"/><int name="x2" value="767"/><int name="y2" value="2083"/><int name="prev" value="0"/><int name="next" value="139"/></imgdir><imgdir name="139"><int name="x1" value="767"/><int name="y1" value="2083"/><int name="x2" value="782"/><int name="y2" value="2086"/><int name="prev" value="138"/><int name="next" value="140"/></imgdir><imgdir name="140"><int name="x1" value="782"/><int name="y1" value="2086"/><int name="x2" value="814"/><int name="y2" value="2089"/><int name="prev" value="139"/><int name="next" value="0"/></imgdir><imgdir name="141"><int name="x1" value="766"/><int name="y1" value="2117"/><int name="x2" value="793"/><int name="y2" value="2119"/><int name="prev" value="0"/><int name="next" value="142"/></imgdir><imgdir name="142"><int name="x1" value="793"/><int name="y1" value="2119"/><int name="x2" value="820"/><int name="y2" value="2117"/><int name="prev" value="141"/><int name="next" value="0"/></imgdir><imgdir name="143"><int name="x1" value="783"/><int name="y1" value="2148"/><int name="x2" value="817"/><int name="y2" value="2151"/><int name="prev" value="0"/><int name="next" value="144"/></imgdir><imgdir name="144"><int name="x1" value="817"/><int name="y1" value="2151"/><int name="x2" value="875"/><int name="y2" value="2152"/><int name="prev" value="143"/><int name="next" value="0"/></imgdir><imgdir name="145"><int name="x1" value="827"/><int name="y1" value="2182"/><int name="x2" value="867"/><int name="y2" value="2185"/><int name="prev" value="0"/><int name="next" value="146"/></imgdir><imgdir name="146"><int name="x1" value="867"/><int name="y1" value="2185"/><int name="x2" value="904"/><int name="y2" value="2184"/><int name="prev" value="145"/><int name="next" value="0"/></imgdir></imgdir></imgdir><imgdir name="1"><imgdir name="0"><imgdir name="16"><int name="x1" value="1080"/><int name="y1" value="2205"/><int name="x2" value="1170"/><int name="y2" value="2205"/><int name="prev" value="34"/><int name="next" value="32"/></imgdir><imgdir name="17"><int name="x1" value="1620"/><int name="y1" value="2205"/><int name="x2" value="1710"/><int name="y2" value="2205"/><int name="prev" value="19"/><int name="next" value="28"/></imgdir><imgdir name="18"><int name="x1" value="270"/><int name="y1" value="2205"/><int name="x2" value="360"/><int name="y2" value="2205"/><int name="prev" value="31"/><int name="next" value="36"/></imgdir><imgdir name="19"><int name="x1" value="1530"/><int name="y1" value="2205"/><int name="x2" value="1620"/><int name="y2" value="2205"/><int name="prev" value="27"/><int name="next" value="17"/></imgdir><imgdir name="20"><int name="x1" value="0"/><int name="y1" value="2205"/><int name="x2" value="90"/><int name="y2" value="2205"/><int name="prev" value="52"/><int name="next" value="37"/></imgdir><imgdir name="21"><int name="x1" value="1350"/><int name="y1" value="2205"/><int name="x2" value="1440"/><int name="y2" value="2205"/><int name="prev" value="25"/><int name="next" value="27"/></imgdir><imgdir name="22"><int name="x1" value="-113"/><int name="y1" value="2400"/><int name="x2" value="-113"/><int name="y2" value="2340"/><int name="prev" value="26"/><int name="next" value="39"/></imgdir><imgdir name="23"><int name="x1" value="720"/><int name="y1" value="2205"/><int name="x2" value="810"/><int name="y2" value="2205"/><int name="prev" value="24"/><int name="next" value="35"/></imgdir><imgdir name="24"><int name="x1" value="630"/><int name="y1" value="2205"/><int name="x2" value="720"/><int name="y2" value="2205"/><int name="prev" value="33"/><int name="next" value="23"/></imgdir><imgdir name="25"><int name="x1" value="1260"/><int name="y1" value="2205"/><int name="x2" value="1350"/><int name="y2" value="2205"/><int name="prev" value="32"/><int name="next" value="21"/></imgdir><imgdir name="26"><int name="x1" value="-113"/><int name="y1" value="2460"/><int name="x2" value="-113"/><int name="y2" value="2400"/><int name="prev" value="0"/><int name="next" value="22"/></imgdir><imgdir name="27"><int name="x1" value="1440"/><int name="y1" value="2205"/><int name="x2" value="1530"/><int name="y2" value="2205"/><int name="prev" value="21"/><int name="next" value="19"/></imgdir><imgdir name="28"><int name="x1" value="1710"/><int name="y1" value="2205"/><int name="x2" value="1800"/><int name="y2" value="2205"/><int name="prev" value="17"/><int name="next" value="45"/></imgdir><imgdir name="29"><int name="x1" value="900"/><int name="y1" value="2205"/><int name="x2" value="990"/><int name="y2" value="2205"/><int name="prev" value="35"/><int name="next" value="34"/></imgdir><imgdir name="30"><int name="x1" value="450"/><int name="y1" value="2205"/><int name="x2" value="540"/><int name="y2" value="2205"/><int name="prev" value="36"/><int name="next" value="33"/></imgdir><imgdir name="31"><int name="x1" value="180"/><int name="y1" value="2205"/><int name="x2" value="270"/><int name="y2" value="2205"/><int name="prev" value="37"/><int name="next" value="18"/></imgdir><imgdir name="32"><int name="x1" value="1170"/><int name="y1" value="2205"/><int name="x2" value="1260"/><int name="y2" value="2205"/><int name="prev" value="16"/><int name="next" value="25"/></imgdir><imgdir name="33"><int name="x1" value="540"/><int name="y1" value="2205"/><int name="x2" value="630"/><int name="y2" value="2205"/><int name="prev" value="30"/><int name="next" value="24"/></imgdir><imgdir name="34"><int name="x1" value="990"/><int name="y1" value="2205"/><int name="x2" value="1080"/><int name="y2" value="2205"/><int name="prev" value="29"/><int name="next" value="16"/></imgdir><imgdir name="35"><int name="x1" value="810"/><int name="y1" value="2205"/><int name="x2" value="900"/><int name="y2" value="2205"/><int name="prev" value="23"/><int name="next" value="29"/></imgdir><imgdir name="36"><int name="x1" value="360"/><int name="y1" value="2205"/><int name="x2" value="450"/><int name="y2" value="2205"/><int name="prev" value="18"/><int name="next" value="30"/></imgdir><imgdir name="37"><int name="x1" value="90"/><int name="y1" value="2205"/><int name="x2" value="180"/><int name="y2" value="2205"/><int name="prev" value="20"/><int name="next" value="31"/></imgdir><imgdir name="38"><int name="x1" value="-90"/><int name="y1" value="2205"/><int name="x2" value="-67"/><int name="y2" value="2205"/><int name="prev" value="51"/><int name="next" value="52"/></imgdir><imgdir name="39"><int name="x1" value="-113"/><int name="y1" value="2340"/><int name="x2" value="-113"/><int name="y2" value="2280"/><int name="prev" value="22"/><int name="next" value="49"/></imgdir><imgdir name="40"><int name="x1" value="1890"/><int name="y1" value="2205"/><int name="x2" value="1957"/><int name="y2" value="2205"/><int name="prev" value="45"/><int name="next" value="42"/></imgdir><imgdir name="41"><int name="x1" value="2003"/><int name="y1" value="2280"/><int name="x2" value="2003"/><int name="y2" value="2340"/><int name="prev" value="47"/><int name="next" value="48"/></imgdir><imgdir name="42"><int name="x1" value="1957"/><int name="y1" value="2205"/><int name="x2" value="1980"/><int name="y2" value="2205"/><int name="prev" value="40"/><int name="next" value="43"/></imgdir><imgdir name="43"><int name="x1" value="1980"/><int name="y1" value="2205"/><int name="x2" value="2003"/><int name="y2" value="2205"/><int name="prev" value="42"/><int name="next" value="44"/></imgdir><imgdir name="44"><int name="x1" value="2003"/><int name="y1" value="2205"/><int name="x2" value="2003"/><int name="y2" value="2220"/><int name="prev" value="43"/><int name="next" value="47"/></imgdir><imgdir name="45"><int name="x1" value="1800"/><int name="y1" value="2205"/><int name="x2" value="1890"/><int name="y2" value="2205"/><int name="prev" value="28"/><int name="next" value="40"/></imgdir><imgdir name="46"><int name="x1" value="2003"/><int name="y1" value="2400"/><int name="x2" value="2003"/><int name="y2" value="2460"/><int name="prev" value="48"/><int name="next" value="0"/></imgdir><imgdir name="47"><int name="x1" value="2003"/><int name="y1" value="2220"/><int name="x2" value="2003"/><int name="y2" value="2280"/><int name="prev" value="44"/><int name="next" value="41"/></imgdir><imgdir name="48"><int name="x1" value="2003"/><int name="y1" value="2340"/><int name="x2" value="2003"/><int name="y2" value="2400"/><int name="prev" value="41"/><int name="next" value="46"/></imgdir><imgdir name="49"><int name="x1" value="-113"/><int name="y1" value="2280"/><int name="x2" value="-113"/><int name="y2" value="2220"/><int name="prev" value="39"/><int name="next" value="50"/></imgdir><imgdir name="50"><int name="x1" value="-113"/><int name="y1" value="2220"/><int name="x2" value="-113"/><int name="y2" value="2205"/><int name="prev" value="49"/><int name="next" value="51"/></imgdir><imgdir name="51"><int name="x1" value="-113"/><int name="y1" value="2205"/><int name="x2" value="-90"/><int name="y2" value="2205"/><int name="prev" value="50"/><int name="next" value="38"/></imgdir><imgdir name="52"><int name="x1" value="-67"/><int name="y1" value="2205"/><int name="x2" value="0"/><int name="y2" value="2205"/><int name="prev" value="38"/><int name="next" value="20"/></imgdir></imgdir><imgdir name="10"><imgdir name="53"><int name="x1" value="-23"/><int name="y1" value="1980"/><int name="x2" value="-23"/><int name="y2" value="1965"/><int name="prev" value="0"/><int name="next" value="54"/></imgdir><imgdir name="54"><int name="x1" value="-23"/><int name="y1" value="1965"/><int name="x2" value="23"/><int name="y2" value="1965"/><int name="prev" value="53"/><int name="next" value="57"/></imgdir><imgdir name="55"><int name="x1" value="67"/><int name="y1" value="1965"/><int name="x2" value="113"/><int name="y2" value="1965"/><int name="prev" value="57"/><int name="next" value="56"/></imgdir><imgdir name="56"><int name="x1" value="113"/><int name="y1" value="1965"/><int name="x2" value="113"/><int name="y2" value="1980"/><int name="prev" value="55"/><int name="next" value="0"/></imgdir><imgdir name="57"><int name="x1" value="23"/><int name="y1" value="1965"/><int name="x2" value="67"/><int name="y2" value="1965"/><int name="prev" value="54"/><int name="next" value="55"/></imgdir></imgdir><imgdir name="13"><imgdir name="58"><int name="x1" value="67"/><int name="y1" value="1920"/><int name="x2" value="67"/><int name="y2" value="1905"/><int name="prev" value="0"/><int name="next" value="59"/></imgdir><imgdir name="59"><int name="x1" value="67"/><int name="y1" value="1905"/><int name="x2" value="113"/><int name="y2" value="1905"/><int name="prev" value="58"/><int name="next" value="62"/></imgdir><imgdir name="60"><int name="x1" value="157"/><int name="y1" value="1905"/><int name="x2" value="203"/><int name="y2" value="1905"/><int name="prev" value="62"/><int name="next" value="61"/></imgdir><imgdir name="61"><int name="x1" value="203"/><int name="y1" value="1905"/><int name="x2" value="203"/><int name="y2" value="1920"/><int name="prev" value="60"/><int name="next" value="0"/></imgdir><imgdir name="62"><int name="x1" value="113"/><int name="y1" value="1905"/><int name="x2" value="157"/><int name="y2" value="1905"/><int name="prev" value="59"/><int name="next" value="60"/></imgdir></imgdir><imgdir name="15"><imgdir name="63"><int name="x1" value="-23"/><int name="y1" value="1860"/><int name="x2" value="-23"/><int name="y2" value="1845"/><int name="prev" value="0"/><int name="next" value="64"/></imgdir><imgdir name="64"><int name="x1" value="-23"/><int name="y1" value="1845"/><int name="x2" value="23"/><int name="y2" value="1845"/><int name="prev" value="63"/><int name="next" value="67"/></imgdir><imgdir name="65"><int name="x1" value="67"/><int name="y1" value="1845"/><int name="x2" value="113"/><int name="y2" value="1845"/><int name="prev" value="67"/><int name="next" value="66"/></imgdir><imgdir name="66"><int name="x1" value="113"/><int name="y1" value="1845"/><int name="x2" value="113"/><int name="y2" value="1860"/><int name="prev" value="65"/><int name="next" value="0"/></imgdir><imgdir name="67"><int name="x1" value="23"/><int name="y1" value="1845"/><int name="x2" value="67"/><int name="y2" value="1845"/><int name="prev" value="64"/><int name="next" value="65"/></imgdir></imgdir><imgdir name="9"><imgdir name="68"><int name="x1" value="517"/><int name="y1" value="2040"/><int name="x2" value="517"/><int name="y2" value="2025"/><int name="prev" value="0"/><int name="next" value="69"/></imgdir><imgdir name="69"><int name="x1" value="517"/><int name="y1" value="2025"/><int name="x2" value="563"/><int name="y2" value="2025"/><int name="prev" value="68"/><int name="next" value="72"/></imgdir><imgdir name="70"><int name="x1" value="607"/><int name="y1" value="2025"/><int name="x2" value="653"/><int name="y2" value="2025"/><int name="prev" value="72"/><int name="next" value="71"/></imgdir><imgdir name="71"><int name="x1" value="653"/><int name="y1" value="2025"/><int name="x2" value="653"/><int name="y2" value="2040"/><int name="prev" value="70"/><int name="next" value="0"/></imgdir><imgdir name="72"><int name="x1" value="563"/><int name="y1" value="2025"/><int name="x2" value="607"/><int name="y2" value="2025"/><int name="prev" value="69"/><int name="next" value="70"/></imgdir></imgdir><imgdir name="4"><imgdir name="73"><int name="x1" value="1597"/><int name="y1" value="2160"/><int name="x2" value="1597"/><int name="y2" value="2145"/><int name="prev" value="0"/><int name="next" value="74"/></imgdir><imgdir name="74"><int name="x1" value="1597"/><int name="y1" value="2145"/><int name="x2" value="1643"/><int name="y2" value="2145"/><int name="prev" value="73"/><int name="next" value="77"/></imgdir><imgdir name="75"><int name="x1" value="1687"/><int name="y1" value="2145"/><int name="x2" value="1733"/><int name="y2" value="2145"/><int name="prev" value="77"/><int name="next" value="76"/></imgdir><imgdir name="76"><int name="x1" value="1733"/><int name="y1" value="2145"/><int name="x2" value="1733"/><int name="y2" value="2160"/><int name="prev" value="75"/><int name="next" value="0"/></imgdir><imgdir name="77"><int name="x1" value="1643"/><int name="y1" value="2145"/><int name="x2" value="1687"/><int name="y2" value="2145"/><int name="prev" value="74"/><int name="next" value="75"/></imgdir></imgdir><imgdir name="7"><imgdir name="78"><int name="x1" value="1687"/><int name="y1" value="2100"/><int name="x2" value="1687"/><int name="y2" value="2085"/><int name="prev" value="0"/><int name="next" value="79"/></imgdir><imgdir name="79"><int name="x1" value="1687"/><int name="y1" value="2085"/><int name="x2" value="1733"/><int name="y2" value="2085"/><int name="prev" value="78"/><int name="next" value="82"/></imgdir><imgdir name="80"><int name="x1" value="1777"/><int name="y1" value="2085"/><int name="x2" value="1823"/><int name="y2" value="2085"/><int name="prev" value="82"/><int name="next" value="81"/></imgdir><imgdir name="81"><int name="x1" value="1823"/><int name="y1" value="2085"/><int name="x2" value="1823"/><int name="y2" value="2100"/><int name="prev" value="80"/><int name="next" value="0"/></imgdir><imgdir name="82"><int name="x1" value="1733"/><int name="y1" value="2085"/><int name="x2" value="1777"/><int name="y2" value="2085"/><int name="prev" value="79"/><int name="next" value="80"/></imgdir></imgdir><imgdir name="8"><imgdir name="83"><int name="x1" value="1597"/><int name="y1" value="2040"/><int name="x2" value="1597"/><int name="y2" value="2025"/><int name="prev" value="0"/><int name="next" value="84"/></imgdir><imgdir name="84"><int name="x1" value="1597"/><int name="y1" value="2025"/><int name="x2" value="1643"/><int name="y2" value="2025"/><int name="prev" value="83"/><int name="next" value="87"/></imgdir><imgdir name="85"><int name="x1" value="1687"/><int name="y1" value="2025"/><int name="x2" value="1733"/><int name="y2" value="2025"/><int name="prev" value="87"/><int name="next" value="86"/></imgdir><imgdir name="86"><int name="x1" value="1733"/><int name="y1" value="2025"/><int name="x2" value="1733"/><int name="y2" value="2040"/><int name="prev" value="85"/><int name="next" value="0"/></imgdir><imgdir name="87"><int name="x1" value="1643"/><int name="y1" value="2025"/><int name="x2" value="1687"/><int name="y2" value="2025"/><int name="prev" value="84"/><int name="next" value="85"/></imgdir></imgdir></imgdir></imgdir><imgdir name="ladderRope"><imgdir name="1"><int name="l" value="0"/><int name="uf" value="1"/><int name="x" value="9"/><int name="y1" value="1967"/><int name="y2" value="2162"/><int name="page" value="2"/></imgdir><imgdir name="2"><int name="l" value="1"/><int name="uf" value="1"/><int name="x" value="555"/><int name="y1" value="2027"/><int name="y2" value="2165"/><int name="page" value="2"/></imgdir></imgdir><imgdir name="miniMap"><canvas name="canvas" width="137" height="66"></canvas><int name="width" value="2200"/><int name="height" value="1065"/><int name="centerX" value="154"/><int name="centerY" value="-1477"/><int name="mag" value="4"/></imgdir></imgdir>