<?xml version="1.0" encoding="UTF-8" standalone="yes"?><imgdir name="101030404.img"><imgdir name="info"><int name="version" value="10"/><int name="cloud" value="1"/><int name="town" value="0"/><float name="mobRate" value="1.699998"/><string name="bgm" value="Bgm00/Nightmare"/><int name="returnMap" value="102000000"/><int name="forcedReturn" value="999999999"/><string name="mapMark" value="Perion"/><int name="swim" value="0"/><int name="hideMinimap" value="0"/><int name="fieldLimit" value="0"/></imgdir><imgdir name="back"><imgdir name="0"><int name="no" value="0"/><int name="x" value="0"/><int name="y" value="0"/><int name="rx" value="0"/><int name="ry" value="0"/><int name="type" value="3"/><int name="cx" value="0"/><int name="cy" value="0"/><string name="bS" value="dryRock"/><int name="a" value="255"/><int name="front" value="0"/><int name="ani" value="0"/><int name="f" value="0"/></imgdir><imgdir name="1"><string name="bS" value="dryRock"/><int name="no" value="1"/><int name="x" value="-6"/><int name="y" value="-334"/><int name="rx" value="-2"/><int name="ry" value="-5"/><int name="type" value="0"/><int name="cx" value="0"/><int name="cy" value="0"/><int name="a" value="255"/><int name="front" value="0"/><int name="ani" value="0"/><int name="f" value="0"/></imgdir><imgdir name="4"><string name="bS" value="dryRock"/><int name="no" value="18"/><int name="x" value="-217"/><int name="y" value="89"/><int name="rx" value="-20"/><int name="ry" value="-14"/><int name="type" value="0"/><int name="cx" value="0"/><int name="cy" value="0"/><int name="a" value="255"/><int name="front" value="0"/><int name="ani" value="0"/><int name="f" value="0"/></imgdir><imgdir name="7"><string name="bS" value="dryRock"/><int name="no" value="6"/><int name="x" value="28"/><int name="y" value="281"/><int name="rx" value="25"/><int name="ry" value="-15"/><int name="type" value="4"/><int name="cx" value="0"/><int name="cy" value="0"/><int name="a" value="255"/><int name="front" value="0"/><int name="ani" value="0"/><int name="f" value="0"/></imgdir><imgdir name="8"><string name="bS" value="dryRock"/><int name="no" value="23"/><int name="x" value="381"/><int name="y" value="297"/><int name="rx" value="-32"/><int name="ry" value="-17"/><int name="type" value="0"/><int name="cx" value="0"/><int name="cy" value="0"/><int name="a" value="255"/><int name="front" value="0"/><int name="ani" value="0"/><int name="f" value="0"/></imgdir><imgdir name="9"><string name="bS" value="dryRock"/><int name="no" value="7"/><int name="x" value="63"/><int name="y" value="448"/><int name="rx" value="30"/><int name="ry" value="-16"/><int name="type" value="4"/><int name="cx" value="0"/><int name="cy" value="0"/><int name="a" value="255"/><int name="front" value="0"/><int name="ani" value="0"/><int name="f" value="0"/></imgdir><imgdir name="10"><string name="bS" value="dryRock"/><int name="no" value="23"/><int name="x" value="275"/><int name="y" value="372"/><int name="rx" value="-50"/><int name="ry" value="-20"/><int name="type" value="0"/><int name="cx" value="0"/><int name="cy" value="0"/><int name="a" value="255"/><int name="front" value="0"/><int name="ani" value="0"/><int name="f" value="0"/></imgdir><imgdir name="12"><string name="bS" value="dryRock"/><int name="no" value="8"/><int name="x" value="-63"/><int name="y" value="569"/><int name="rx" value="35"/><int name="ry" value="-16"/><int name="type" value="4"/><int name="cx" value="0"/><int name="cy" value="0"/><int name="a" value="255"/><int name="front" value="0"/><int name="ani" value="0"/><int name="f" value="0"/></imgdir><imgdir name="13"><string name="bS" value="dryRock"/><int name="no" value="27"/><int name="x" value="1042"/><int name="y" value="452"/><int name="rx" value="-55"/><int name="ry" value="-22"/><int name="type" value="0"/><int name="cx" value="0"/><int name="cy" value="0"/><int name="a" value="255"/><int name="front" value="0"/><int name="ani" value="0"/><int name="f" value="0"/></imgdir><imgdir name="2"><string name="bS" value="dryRock"/><int name="no" value="14"/><int name="x" value="-315"/><int name="y" value="48"/><int name="rx" value="-2"/><int name="ry" value="-5"/><int name="type" value="0"/><int name="cx" value="0"/><int name="cy" value="0"/><int name="a" value="255"/><int name="front" value="0"/><int name="ani" value="0"/><int name="f" value="0"/></imgdir><imgdir name="11"><string name="bS" value="dryRock"/><int name="no" value="26"/><int name="x" value="110"/><int name="y" value="368"/><int name="rx" value="-40"/><int name="ry" value="-21"/><int name="type" value="0"/><int name="cx" value="0"/><int name="cy" value="0"/><int name="a" value="255"/><int name="front" value="0"/><int name="ani" value="0"/><int name="f" value="0"/></imgdir><imgdir name="6"><string name="bS" value="dryRock"/><int name="no" value="17"/><int name="x" value="668"/><int name="y" value="97"/><int name="rx" value="-30"/><int name="ry" value="-15"/><int name="type" value="0"/><int name="cx" value="0"/><int name="cy" value="0"/><int name="a" value="255"/><int name="front" value="0"/><int name="ani" value="0"/><int name="f" value="0"/></imgdir><imgdir name="5"><string name="bS" value="dryRock"/><int name="no" value="5"/><int name="x" value="95"/><int name="y" value="190"/><int name="rx" value="20"/><int name="ry" value="-13"/><int name="type" value="4"/><int name="cx" value="0"/><int name="cy" value="0"/><int name="a" value="255"/><int name="front" value="0"/><int name="ani" value="0"/><int name="f" value="0"/></imgdir><imgdir name="3"><string name="bS" value="dryRock"/><int name="no" value="15"/><int name="x" value="383"/><int name="y" value="46"/><int name="rx" value="-4"/><int name="ry" value="-7"/><int name="type" value="0"/><int name="cx" value="0"/><int name="cy" value="0"/><int name="a" value="255"/><int name="front" value="0"/><int name="ani" value="0"/><int name="f" value="0"/></imgdir></imgdir><imgdir name="0"><imgdir name="info"></imgdir><imgdir name="tile"></imgdir><imgdir name="obj"></imgdir></imgdir><imgdir name="5"><imgdir name="info"></imgdir><imgdir name="tile"></imgdir><imgdir name="obj"></imgdir></imgdir><imgdir name="6"><imgdir name="info"></imgdir><imgdir name="tile"></imgdir><imgdir name="obj"></imgdir></imgdir><imgdir name="7"><imgdir name="info"></imgdir><imgdir name="tile"></imgdir><imgdir name="obj"></imgdir></imgdir><imgdir name="reactor"></imgdir><imgdir name="ladderRope"><imgdir name="1"><int name="l" value="0"/><int name="uf" value="1"/><int name="x" value="1254"/><int name="y1" value="2007"/><int name="y2" value="2139"/><int name="page" value="4"/></imgdir><imgdir name="2"><int name="l" value="0"/><int name="uf" value="1"/><int name="x" value="1420"/><int name="y1" value="1888"/><int name="y2" value="1992"/><int name="page" value="4"/></imgdir><imgdir name="3"><int name="l" value="0"/><int name="uf" value="1"/><int name="x" value="185"/><int name="y1" value="1603"/><int name="y2" value="1920"/><int name="page" value="4"/></imgdir><imgdir name="4"><int name="l" value="0"/><int name="uf" value="1"/><int name="x" value="414"/><int name="y1" value="1907"/><int name="y2" value="2107"/><int name="page" value="4"/></imgdir><imgdir name="5"><int name="l" value="0"/><int name="uf" value="1"/><int name="x" value="1048"/><int name="y1" value="1293"/><int name="y2" value="1525"/><int name="page" value="4"/></imgdir></imgdir><imgdir name="life"><imgdir name="0"><string name="type" value="m"/><string name="id" value="1130100"/><int name="x" value="535"/><int name="y" value="1556"/><int name="mobTime" value="0"/><int name="f" value="0"/><int name="hide" value="0"/><int name="fh" value="67"/><int name="cy" value="1578"/><int name="rx0" value="90"/><int name="rx1" value="1683"/></imgdir><imgdir name="1"><string name="type" value="m"/><string name="id" value="1130100"/><int name="x" value="238"/><int name="y" value="1587"/><int name="mobTime" value="0"/><int name="f" value="1"/><int name="hide" value="0"/><int name="fh" value="62"/><int name="cy" value="1593"/><int name="rx0" value="90"/><int name="rx1" value="1683"/></imgdir><imgdir name="2"><string name="type" value="m"/><string name="id" value="1130100"/><int name="x" value="833"/><int name="y" value="1555"/><int name="mobTime" value="0"/><int name="f" value="0"/><int name="hide" value="0"/><int name="fh" value="71"/><int name="cy" value="1571"/><int name="rx0" value="90"/><int name="rx1" value="1683"/></imgdir><imgdir name="3"><string name="type" value="m"/><string name="id" value="1130100"/><int name="x" value="1091"/><int name="y" value="1555"/><int name="mobTime" value="0"/><int name="f" value="1"/><int name="hide" value="0"/><int name="fh" value="73"/><int name="cy" value="1581"/><int name="rx0" value="90"/><int name="rx1" value="1683"/></imgdir><imgdir name="4"><string name="type" value="m"/><string name="id" value="1130100"/><int name="x" value="1254"/><int name="y" value="1615"/><int name="mobTime" value="0"/><int name="f" value="0"/><int name="hide" value="0"/><int name="fh" value="110"/><int name="cy" value="1628"/><int name="rx0" value="90"/><int name="rx1" value="1683"/></imgdir><imgdir name="5"><string name="type" value="m"/><string name="id" value="1130100"/><int name="x" value="1530"/><int name="y" value="1679"/><int name="mobTime" value="0"/><int name="f" value="0"/><int name="hide" value="0"/><int name="fh" value="106"/><int name="cy" value="1687"/><int name="rx0" value="90"/><int name="rx1" value="1683"/></imgdir><imgdir name="6"><string name="type" value="m"/><string name="id" value="1130100"/><int name="x" value="1504"/><int name="y" value="1558"/><int name="mobTime" value="0"/><int name="f" value="0"/><int name="hide" value="0"/><int name="fh" value="79"/><int name="cy" value="1569"/><int name="rx0" value="90"/><int name="rx1" value="1683"/></imgdir><imgdir name="7"><string name="type" value="m"/><string name="id" value="1130100"/><int name="x" value="849"/><int name="y" value="2167"/><int name="mobTime" value="0"/><int name="f" value="0"/><int name="hide" value="0"/><int name="fh" value="52"/><int name="cy" value="2197"/><int name="rx0" value="90"/><int name="rx1" value="1683"/></imgdir><imgdir name="8"><string name="type" value="m"/><string name="id" value="1130100"/><int name="x" value="1398"/><int name="y" value="2137"/><int name="mobTime" value="0"/><int name="f" value="1"/><int name="hide" value="0"/><int name="fh" value="58"/><int name="cy" value="2200"/><int name="rx0" value="90"/><int name="rx1" value="1683"/></imgdir><imgdir name="9"><string name="type" value="m"/><string name="id" value="1130100"/><int name="x" value="966"/><int name="y" value="1233"/><int name="mobTime" value="0"/><int name="f" value="0"/><int name="hide" value="0"/><int name="fh" value="144"/><int name="cy" value="1282"/><int name="rx0" value="154"/><int name="rx1" value="1426"/></imgdir><imgdir name="10"><string name="type" value="m"/><string name="id" value="1130100"/><int name="x" value="1336"/><int name="y" value="1268"/><int name="mobTime" value="0"/><int name="f" value="1"/><int name="hide" value="0"/><int name="fh" value="146"/><int name="cy" value="1292"/><int name="rx0" value="154"/><int name="rx1" value="1426"/></imgdir><imgdir name="11"><string name="type" value="m"/><string name="id" value="1130100"/><int name="x" value="127"/><int name="y" value="2095"/><int name="mobTime" value="0"/><int name="f" value="0"/><int name="hide" value="0"/><int name="fh" value="22"/><int name="cy" value="2145"/><int name="rx0" value="-93"/><int name="rx1" value="614"/></imgdir><imgdir name="12"><string name="type" value="m"/><string name="id" value="2130100"/><int name="x" value="-43"/><int name="y" value="2111"/><int name="mobTime" value="0"/><int name="f" value="0"/><int name="hide" value="0"/><int name="fh" value="30"/><int name="cy" value="2145"/><int name="rx0" value="-93"/><int name="rx1" value="614"/></imgdir><imgdir name="13"><string name="type" value="m"/><string name="id" value="2130100"/><int name="x" value="50"/><int name="y" value="2109"/><int name="mobTime" value="0"/><int name="f" value="1"/><int name="hide" value="0"/><int name="fh" value="14"/><int name="cy" value="2145"/><int name="rx0" value="-93"/><int name="rx1" value="614"/></imgdir><imgdir name="14"><string name="type" value="m"/><string name="id" value="2130100"/><int name="x" value="253"/><int name="y" value="2116"/><int name="mobTime" value="0"/><int name="f" value="0"/><int name="hide" value="0"/><int name="fh" value="20"/><int name="cy" value="2145"/><int name="rx0" value="-93"/><int name="rx1" value="614"/></imgdir><imgdir name="15"><string name="type" value="m"/><string name="id" value="2130100"/><int name="x" value="466"/><int name="y" value="2109"/><int name="mobTime" value="0"/><int name="f" value="0"/><int name="hide" value="0"/><int name="fh" value="29"/><int name="cy" value="2145"/><int name="rx0" value="-93"/><int name="rx1" value="614"/></imgdir><imgdir name="16"><string name="type" value="m"/><string name="id" value="2130100"/><int name="x" value="704"/><int name="y" value="2169"/><int name="mobTime" value="0"/><int name="f" value="1"/><int name="hide" value="0"/><int name="fh" value="50"/><int name="cy" value="2206"/><int name="rx0" value="90"/><int name="rx1" value="1683"/></imgdir><imgdir name="17"><string name="type" value="m"/><string name="id" value="2130100"/><int name="x" value="915"/><int name="y" value="2167"/><int name="mobTime" value="0"/><int name="f" value="0"/><int name="hide" value="0"/><int name="fh" value="52"/><int name="cy" value="2196"/><int name="rx0" value="90"/><int name="rx1" value="1683"/></imgdir><imgdir name="18"><string name="type" value="m"/><string name="id" value="2130100"/><int name="x" value="1078"/><int name="y" value="2162"/><int name="mobTime" value="0"/><int name="f" value="1"/><int name="hide" value="0"/><int name="fh" value="55"/><int name="cy" value="2190"/><int name="rx0" value="90"/><int name="rx1" value="1683"/></imgdir><imgdir name="19"><string name="type" value="m"/><string name="id" value="2130100"/><int name="x" value="1320"/><int name="y" value="2162"/><int name="mobTime" value="0"/><int name="f" value="0"/><int name="hide" value="0"/><int name="fh" value="58"/><int name="cy" value="2200"/><int name="rx0" value="90"/><int name="rx1" value="1683"/></imgdir><imgdir name="20"><string name="type" value="m"/><string name="id" value="2130100"/><int name="x" value="1467"/><int name="y" value="2144"/><int name="mobTime" value="0"/><int name="f" value="1"/><int name="hide" value="0"/><int name="fh" value="58"/><int name="cy" value="2200"/><int name="rx0" value="90"/><int name="rx1" value="1683"/></imgdir><imgdir name="21"><string name="type" value="m"/><string name="id" value="2130100"/><int name="x" value="1615"/><int name="y" value="2185"/><int name="mobTime" value="0"/><int name="f" value="0"/><int name="hide" value="0"/><int name="fh" value="12"/><int name="cy" value="2205"/><int name="rx0" value="1615"/><int name="rx1" value="1893"/></imgdir><imgdir name="22"><string name="type" value="m"/><string name="id" value="2130100"/><int name="x" value="1816"/><int name="y" value="2188"/><int name="mobTime" value="0"/><int name="f" value="1"/><int name="hide" value="0"/><int name="fh" value="6"/><int name="cy" value="2205"/><int name="rx0" value="1617"/><int name="rx1" value="1893"/></imgdir><imgdir name="23"><string name="type" value="m"/><string name="id" value="2130100"/><int name="x" value="1178"/><int name="y" value="2166"/><int name="mobTime" value="0"/><int name="f" value="0"/><int name="hide" value="0"/><int name="fh" value="56"/><int name="cy" value="2191"/><int name="rx0" value="90"/><int name="rx1" value="1683"/></imgdir><imgdir name="24"><string name="type" value="m"/><string name="id" value="2130100"/><int name="x" value="784"/><int name="y" value="2179"/><int name="mobTime" value="0"/><int name="f" value="0"/><int name="hide" value="0"/><int name="fh" value="50"/><int name="cy" value="2205"/><int name="rx0" value="90"/><int name="rx1" value="1683"/></imgdir><imgdir name="25"><string name="type" value="m"/><string name="id" value="2130100"/><int name="x" value="394"/><int name="y" value="1250"/><int name="mobTime" value="0"/><int name="f" value="0"/><int name="hide" value="0"/><int name="fh" value="114"/><int name="cy" value="1286"/><int name="rx0" value="154"/><int name="rx1" value="1426"/></imgdir><imgdir name="26"><string name="type" value="m"/><string name="id" value="2130100"/><int name="x" value="471"/><int name="y" value="1265"/><int name="mobTime" value="0"/><int name="f" value="1"/><int name="hide" value="0"/><int name="fh" value="114"/><int name="cy" value="1289"/><int name="rx0" value="154"/><int name="rx1" value="1426"/></imgdir><imgdir name="27"><string name="type" value="m"/><string name="id" value="2130100"/><int name="x" value="700"/><int name="y" value="1262"/><int name="mobTime" value="0"/><int name="f" value="0"/><int name="hide" value="0"/><int name="fh" value="140"/><int name="cy" value="1288"/><int name="rx0" value="154"/><int name="rx1" value="1426"/></imgdir><imgdir name="28"><string name="type" value="m"/><string name="id" value="2130100"/><int name="x" value="797"/><int name="y" value="1272"/><int name="mobTime" value="0"/><int name="f" value="0"/><int name="hide" value="0"/><int name="fh" value="142"/><int name="cy" value="1284"/><int name="rx0" value="154"/><int name="rx1" value="1426"/></imgdir><imgdir name="29"><string name="type" value="m"/><string name="id" value="2130100"/><int name="x" value="1080"/><int name="y" value="1249"/><int name="mobTime" value="0"/><int name="f" value="0"/><int name="hide" value="0"/><int name="fh" value="146"/><int name="cy" value="1292"/><int name="rx0" value="154"/><int name="rx1" value="1426"/></imgdir><imgdir name="30"><string name="type" value="m"/><string name="id" value="2130100"/><int name="x" value="1258"/><int name="y" value="1269"/><int name="mobTime" value="0"/><int name="f" value="1"/><int name="hide" value="0"/><int name="fh" value="146"/><int name="cy" value="1292"/><int name="rx0" value="154"/><int name="rx1" value="1426"/></imgdir><imgdir name="31"><string name="type" value="m"/><string name="id" value="2130100"/><int name="x" value="569"/><int name="y" value="1261"/><int name="mobTime" value="0"/><int name="f" value="1"/><int name="hide" value="0"/><int name="fh" value="116"/><int name="cy" value="1293"/><int name="rx0" value="154"/><int name="rx1" value="1426"/></imgdir><imgdir name="32"><string name="type" value="m"/><string name="id" value="2130100"/><int name="x" value="884"/><int name="y" value="1262"/><int name="mobTime" value="0"/><int name="f" value="1"/><int name="hide" value="0"/><int name="fh" value="143"/><int name="cy" value="1282"/><int name="rx0" value="154"/><int name="rx1" value="1426"/></imgdir></imgdir><imgdir name="1"><imgdir name="info"></imgdir><imgdir name="tile"></imgdir><imgdir name="obj"></imgdir></imgdir><imgdir name="2"><imgdir name="info"></imgdir><imgdir name="tile"></imgdir><imgdir name="obj"><imgdir name="0"><string name="oS" value="acc1"/><string name="l0" value="dryRock"/><string name="l1" value="rock"/><string name="l2" value="0"/><int name="x" value="405"/><int name="y" value="1435"/><int name="z" value="5"/><int name="f" value="0"/><int name="zM" value="16"/></imgdir><imgdir name="1"><string name="oS" value="acc1"/><string name="l0" value="dryRock"/><string name="l1" value="rock"/><string name="l2" value="6"/><int name="x" value="941"/><int name="y" value="1414"/><int name="z" value="3"/><int name="f" value="0"/><int name="zM" value="16"/></imgdir><imgdir name="2"><string name="oS" value="acc1"/><string name="l0" value="dryRock"/><string name="l1" value="artificiality"/><string name="l2" value="0"/><int name="x" value="1215"/><int name="y" value="1271"/><int name="z" value="2"/><int name="f" value="0"/><int name="zM" value="16"/></imgdir><imgdir name="3"><string name="oS" value="acc1"/><string name="l0" value="dryRock"/><string name="l1" value="artificiality"/><string name="l2" value="2"/><int name="x" value="1298"/><int name="y" value="1278"/><int name="z" value="5"/><int name="f" value="0"/><int name="zM" value="16"/></imgdir><imgdir name="4"><string name="oS" value="acc1"/><string name="l0" value="dryRock"/><string name="l1" value="artificiality"/><string name="l2" value="3"/><int name="x" value="1298"/><int name="y" value="1256"/><int name="z" value="3"/><int name="f" value="0"/><int name="zM" value="16"/></imgdir><imgdir name="5"><string name="oS" value="acc1"/><string name="l0" value="dryRock"/><string name="l1" value="artificiality"/><string name="l2" value="21"/><int name="x" value="1217"/><int name="y" value="1172"/><int name="z" value="3"/><int name="f" value="0"/><int name="zM" value="16"/></imgdir><imgdir name="6"><string name="oS" value="acc1"/><string name="l0" value="dryRock"/><string name="l1" value="artificiality"/><string name="l2" value="24"/><int name="x" value="1154"/><int name="y" value="1205"/><int name="z" value="4"/><int name="f" value="0"/><int name="zM" value="16"/></imgdir><imgdir name="7"><string name="oS" value="acc1"/><string name="l0" value="dryRock"/><string name="l1" value="artificiality"/><string name="l2" value="26"/><int name="x" value="1256"/><int name="y" value="1182"/><int name="z" value="1"/><int name="f" value="0"/><int name="zM" value="16"/></imgdir></imgdir></imgdir><imgdir name="3"><imgdir name="info"><string name="tS" value="dryRock"/></imgdir><imgdir name="tile"><imgdir name="34"><int name="x" value="1710"/><int name="y" value="2220"/><string name="u" value="enH0"/><int name="no" value="1"/><int name="zM" value="0"/></imgdir><imgdir name="31"><int name="x" value="1800"/><int name="y" value="2220"/><string name="u" value="enH0"/><int name="no" value="1"/><int name="zM" value="0"/></imgdir><imgdir name="53"><int name="x" value="1710"/><int name="y" value="2340"/><string name="u" value="bsc"/><int name="no" value="2"/><int name="zM" value="0"/></imgdir><imgdir name="44"><int name="x" value="1710"/><int name="y" value="2400"/><string name="u" value="bsc"/><int name="no" value="1"/><int name="zM" value="0"/></imgdir><imgdir name="55"><int name="x" value="1710"/><int name="y" value="2280"/><string name="u" value="bsc"/><int name="no" value="0"/><int name="zM" value="0"/></imgdir><imgdir name="51"><int name="x" value="1710"/><int name="y" value="2520"/><string name="u" value="bsc"/><int name="no" value="1"/><int name="zM" value="0"/></imgdir><imgdir name="35"><int name="x" value="1710"/><int name="y" value="2220"/><string name="u" value="bsc"/><int name="no" value="0"/><int name="zM" value="0"/></imgdir><imgdir name="49"><int name="x" value="1800"/><int name="y" value="2520"/><string name="u" value="bsc"/><int name="no" value="0"/><int name="zM" value="0"/></imgdir><imgdir name="23"><int name="x" value="1800"/><int name="y" value="2280"/><string name="u" value="bsc"/><int name="no" value="0"/><int name="zM" value="0"/></imgdir><imgdir name="30"><int name="x" value="1800"/><int name="y" value="2220"/><string name="u" value="bsc"/><int name="no" value="1"/><int name="zM" value="0"/></imgdir><imgdir name="19"><int name="x" value="1800"/><int name="y" value="2460"/><string name="u" value="bsc"/><int name="no" value="2"/><int name="zM" value="0"/></imgdir><imgdir name="46"><int name="x" value="1800"/><int name="y" value="2340"/><string name="u" value="bsc"/><int name="no" value="0"/><int name="zM" value="0"/></imgdir><imgdir name="17"><int name="x" value="1800"/><int name="y" value="2400"/><string name="u" value="bsc"/><int name="no" value="0"/><int name="zM" value="0"/></imgdir><imgdir name="36"><int name="x" value="1710"/><int name="y" value="2460"/><string name="u" value="bsc"/><int name="no" value="2"/><int name="zM" value="0"/></imgdir><imgdir name="63"><int name="x" value="1620"/><int name="y" value="2220"/><string name="u" value="enH0"/><int name="no" value="0"/><int name="zM" value="0"/></imgdir><imgdir name="62"><int name="x" value="1620"/><int name="y" value="2220"/><string name="u" value="bsc"/><int name="no" value="0"/><int name="zM" value="0"/></imgdir><imgdir name="66"><int name="x" value="1620"/><int name="y" value="2280"/><string name="u" value="bsc"/><int name="no" value="2"/><int name="zM" value="0"/></imgdir><imgdir name="72"><int name="x" value="1620"/><int name="y" value="2340"/><string name="u" value="bsc"/><int name="no" value="2"/><int name="zM" value="0"/></imgdir><imgdir name="50"><int name="x" value="1620"/><int name="y" value="2400"/><string name="u" value="bsc"/><int name="no" value="1"/><int name="zM" value="0"/></imgdir><imgdir name="18"><int name="x" value="1620"/><int name="y" value="2520"/><string name="u" value="bsc"/><int name="no" value="0"/><int name="zM" value="0"/></imgdir><imgdir name="119"><int name="x" value="180"/><int name="y" value="2220"/><string name="u" value="bsc"/><int name="no" value="0"/><int name="zM" value="1"/></imgdir><imgdir name="120"><int name="x" value="270"/><int name="y" value="2220"/><string name="u" value="bsc"/><int name="no" value="1"/><int name="zM" value="1"/></imgdir><imgdir name="121"><int name="x" value="90"/><int name="y" value="2220"/><string name="u" value="bsc"/><int name="no" value="0"/><int name="zM" value="1"/></imgdir><imgdir name="114"><int name="x" value="360"/><int name="y" value="2220"/><string name="u" value="bsc"/><int name="no" value="1"/><int name="zM" value="1"/></imgdir><imgdir name="105"><int name="x" value="450"/><int name="y" value="2220"/><string name="u" value="bsc"/><int name="no" value="2"/><int name="zM" value="1"/></imgdir><imgdir name="116"><int name="x" value="-90"/><int name="y" value="2220"/><string name="u" value="bsc"/><int name="no" value="2"/><int name="zM" value="1"/></imgdir><imgdir name="118"><int name="x" value="0"/><int name="y" value="2220"/><string name="u" value="bsc"/><int name="no" value="2"/><int name="zM" value="1"/></imgdir><imgdir name="117"><int name="x" value="-90"/><int name="y" value="2280"/><string name="u" value="bsc"/><int name="no" value="0"/><int name="zM" value="1"/></imgdir><imgdir name="102"><int name="x" value="-90"/><int name="y" value="2340"/><string name="u" value="bsc"/><int name="no" value="0"/><int name="zM" value="1"/></imgdir><imgdir name="104"><int name="x" value="90"/><int name="y" value="2280"/><string name="u" value="bsc"/><int name="no" value="1"/><int name="zM" value="1"/></imgdir><imgdir name="103"><int name="x" value="90"/><int name="y" value="2400"/><string name="u" value="bsc"/><int name="no" value="1"/><int name="zM" value="1"/></imgdir><imgdir name="108"><int name="x" value="180"/><int name="y" value="2280"/><string name="u" value="bsc"/><int name="no" value="2"/><int name="zM" value="1"/></imgdir><imgdir name="106"><int name="x" value="270"/><int name="y" value="2280"/><string name="u" value="bsc"/><int name="no" value="1"/><int name="zM" value="1"/></imgdir><imgdir name="115"><int name="x" value="360"/><int name="y" value="2280"/><string name="u" value="bsc"/><int name="no" value="1"/><int name="zM" value="1"/></imgdir><imgdir name="110"><int name="x" value="450"/><int name="y" value="2280"/><string name="u" value="bsc"/><int name="no" value="1"/><int name="zM" value="1"/></imgdir><imgdir name="11"><int name="x" value="180"/><int name="y" value="2580"/><string name="u" value="enH1"/><int name="no" value="1"/><int name="zM" value="1"/></imgdir><imgdir name="7"><int name="x" value="270"/><int name="y" value="2580"/><string name="u" value="enH1"/><int name="no" value="1"/><int name="zM" value="1"/></imgdir><imgdir name="5"><int name="x" value="0"/><int name="y" value="2580"/><string name="u" value="enH1"/><int name="no" value="0"/><int name="zM" value="1"/></imgdir><imgdir name="2"><int name="x" value="450"/><int name="y" value="2580"/><string name="u" value="enH1"/><int name="no" value="1"/><int name="zM" value="1"/></imgdir><imgdir name="27"><int name="x" value="360"/><int name="y" value="2580"/><string name="u" value="enH1"/><int name="no" value="1"/><int name="zM" value="1"/></imgdir><imgdir name="25"><int name="x" value="1800"/><int name="y" value="2580"/><string name="u" value="enH1"/><int name="no" value="0"/><int name="zM" value="0"/></imgdir><imgdir name="24"><int name="x" value="90"/><int name="y" value="2580"/><string name="u" value="enH1"/><int name="no" value="1"/><int name="zM" value="1"/></imgdir><imgdir name="1"><int name="x" value="1710"/><int name="y" value="2580"/><string name="u" value="enH1"/><int name="no" value="1"/><int name="zM" value="0"/></imgdir><imgdir name="107"><int name="x" value="1890"/><int name="y" value="2400"/><string name="u" value="enV1"/><int name="no" value="2"/><int name="zM" value="0"/></imgdir><imgdir name="10"><int name="x" value="1890"/><int name="y" value="2580"/><string name="u" value="edD"/><int name="no" value="0"/><int name="zM" value="0"/></imgdir><imgdir name="0"><int name="x" value="1890"/><int name="y" value="2460"/><string name="u" value="enV1"/><int name="no" value="0"/><int name="zM" value="0"/></imgdir><imgdir name="109"><int name="x" value="1890"/><int name="y" value="2280"/><string name="u" value="enV1"/><int name="no" value="1"/><int name="zM" value="0"/></imgdir><imgdir name="33"><int name="x" value="1890"/><int name="y" value="2520"/><string name="u" value="enV1"/><int name="no" value="1"/><int name="zM" value="0"/></imgdir><imgdir name="6"><int name="x" value="1890"/><int name="y" value="2220"/><string name="u" value="edU"/><int name="no" value="0"/><int name="zM" value="0"/></imgdir><imgdir name="8"><int name="x" value="1890"/><int name="y" value="2340"/><string name="u" value="enV1"/><int name="no" value="2"/><int name="zM" value="0"/></imgdir><imgdir name="96"><int name="x" value="-90"/><int name="y" value="2400"/><string name="u" value="enV0"/><int name="no" value="0"/><int name="zM" value="1"/></imgdir><imgdir name="16"><int name="x" value="-90"/><int name="y" value="2460"/><string name="u" value="enV0"/><int name="no" value="1"/><int name="zM" value="1"/></imgdir><imgdir name="13"><int name="x" value="-90"/><int name="y" value="2580"/><string name="u" value="edD"/><int name="no" value="0"/><int name="zM" value="1"/></imgdir><imgdir name="12"><int name="x" value="-90"/><int name="y" value="2160"/><string name="u" value="edU"/><int name="no" value="1"/><int name="zM" value="1"/></imgdir><imgdir name="88"><int name="x" value="-90"/><int name="y" value="2520"/><string name="u" value="enV0"/><int name="no" value="1"/><int name="zM" value="1"/></imgdir><imgdir name="95"><int name="x" value="450"/><int name="y" value="2520"/><string name="u" value="bsc"/><int name="no" value="0"/><int name="zM" value="1"/></imgdir><imgdir name="92"><int name="x" value="360"/><int name="y" value="2520"/><string name="u" value="bsc"/><int name="no" value="2"/><int name="zM" value="1"/></imgdir><imgdir name="38"><int name="x" value="450"/><int name="y" value="2400"/><string name="u" value="bsc"/><int name="no" value="2"/><int name="zM" value="1"/></imgdir><imgdir name="39"><int name="x" value="450"/><int name="y" value="2340"/><string name="u" value="bsc"/><int name="no" value="2"/><int name="zM" value="1"/></imgdir><imgdir name="87"><int name="x" value="270"/><int name="y" value="2520"/><string name="u" value="bsc"/><int name="no" value="2"/><int name="zM" value="1"/></imgdir><imgdir name="45"><int name="x" value="450"/><int name="y" value="2460"/><string name="u" value="bsc"/><int name="no" value="0"/><int name="zM" value="1"/></imgdir><imgdir name="65"><int name="x" value="360"/><int name="y" value="2340"/><string name="u" value="bsc"/><int name="no" value="0"/><int name="zM" value="1"/></imgdir><imgdir name="73"><int name="x" value="360"/><int name="y" value="2400"/><string name="u" value="bsc"/><int name="no" value="1"/><int name="zM" value="1"/></imgdir><imgdir name="37"><int name="x" value="270"/><int name="y" value="2340"/><string name="u" value="bsc"/><int name="no" value="2"/><int name="zM" value="1"/></imgdir><imgdir name="90"><int name="x" value="360"/><int name="y" value="2460"/><string name="u" value="bsc"/><int name="no" value="0"/><int name="zM" value="1"/></imgdir><imgdir name="56"><int name="x" value="270"/><int name="y" value="2400"/><string name="u" value="bsc"/><int name="no" value="2"/><int name="zM" value="1"/></imgdir><imgdir name="97"><int name="x" value="90"/><int name="y" value="2520"/><string name="u" value="bsc"/><int name="no" value="2"/><int name="zM" value="1"/></imgdir><imgdir name="47"><int name="x" value="270"/><int name="y" value="2460"/><string name="u" value="bsc"/><int name="no" value="0"/><int name="zM" value="1"/></imgdir><imgdir name="112"><int name="x" value="90"/><int name="y" value="2340"/><string name="u" value="bsc"/><int name="no" value="1"/><int name="zM" value="1"/></imgdir><imgdir name="91"><int name="x" value="0"/><int name="y" value="2520"/><string name="u" value="bsc"/><int name="no" value="2"/><int name="zM" value="1"/></imgdir><imgdir name="57"><int name="x" value="180"/><int name="y" value="2400"/><string name="u" value="bsc"/><int name="no" value="0"/><int name="zM" value="1"/></imgdir><imgdir name="42"><int name="x" value="180"/><int name="y" value="2460"/><string name="u" value="bsc"/><int name="no" value="2"/><int name="zM" value="1"/></imgdir><imgdir name="9"><int name="x" value="-90"/><int name="y" value="2520"/><string name="u" value="bsc"/><int name="no" value="2"/><int name="zM" value="1"/></imgdir><imgdir name="86"><int name="x" value="90"/><int name="y" value="2460"/><string name="u" value="bsc"/><int name="no" value="1"/><int name="zM" value="1"/></imgdir><imgdir name="93"><int name="x" value="0"/><int name="y" value="2400"/><string name="u" value="bsc"/><int name="no" value="1"/><int name="zM" value="1"/></imgdir><imgdir name="80"><int name="x" value="-90"/><int name="y" value="2460"/><string name="u" value="bsc"/><int name="no" value="2"/><int name="zM" value="1"/></imgdir><imgdir name="111"><int name="x" value="0"/><int name="y" value="2280"/><string name="u" value="bsc"/><int name="no" value="1"/><int name="zM" value="1"/></imgdir><imgdir name="20"><int name="x" value="1890"/><int name="y" value="2220"/><string name="u" value="enV1"/><int name="no" value="2"/><int name="zM" value="0"/></imgdir><imgdir name="21"><int name="x" value="-90"/><int name="y" value="2220"/><string name="u" value="enV0"/><int name="no" value="0"/><int name="zM" value="1"/></imgdir><imgdir name="81"><int name="x" value="-90"/><int name="y" value="2400"/><string name="u" value="bsc"/><int name="no" value="2"/><int name="zM" value="1"/></imgdir><imgdir name="29"><int name="x" value="180"/><int name="y" value="2520"/><string name="u" value="bsc"/><int name="no" value="1"/><int name="zM" value="1"/></imgdir><imgdir name="3"><int name="x" value="0"/><int name="y" value="2160"/><string name="u" value="enH0"/><int name="no" value="0"/><int name="zM" value="1"/></imgdir><imgdir name="26"><int name="x" value="180"/><int name="y" value="2160"/><string name="u" value="enH0"/><int name="no" value="1"/><int name="zM" value="1"/></imgdir><imgdir name="43"><int name="x" value="180"/><int name="y" value="2160"/><string name="u" value="bsc"/><int name="no" value="0"/><int name="zM" value="1"/></imgdir><imgdir name="41"><int name="x" value="-90"/><int name="y" value="2160"/><string name="u" value="bsc"/><int name="no" value="1"/><int name="zM" value="1"/></imgdir><imgdir name="83"><int name="x" value="360"/><int name="y" value="2160"/><string name="u" value="bsc"/><int name="no" value="1"/><int name="zM" value="1"/></imgdir><imgdir name="84"><int name="x" value="360"/><int name="y" value="2160"/><string name="u" value="enH0"/><int name="no" value="1"/><int name="zM" value="1"/></imgdir><imgdir name="99"><int name="x" value="450"/><int name="y" value="2160"/><string name="u" value="enH0"/><int name="no" value="1"/><int name="zM" value="1"/></imgdir><imgdir name="113"><int name="x" value="450"/><int name="y" value="2160"/><string name="u" value="bsc"/><int name="no" value="0"/><int name="zM" value="1"/></imgdir><imgdir name="98"><int name="x" value="270"/><int name="y" value="2160"/><string name="u" value="bsc"/><int name="no" value="2"/><int name="zM" value="1"/></imgdir><imgdir name="100"><int name="x" value="-90"/><int name="y" value="2160"/><string name="u" value="enH0"/><int name="no" value="1"/><int name="zM" value="1"/></imgdir><imgdir name="101"><int name="x" value="0"/><int name="y" value="2160"/><string name="u" value="bsc"/><int name="no" value="2"/><int name="zM" value="1"/></imgdir><imgdir name="94"><int name="x" value="90"/><int name="y" value="2160"/><string name="u" value="bsc"/><int name="no" value="1"/><int name="zM" value="1"/></imgdir><imgdir name="28"><int name="x" value="-90"/><int name="y" value="2340"/><string name="u" value="enV0"/><int name="no" value="2"/><int name="zM" value="1"/></imgdir><imgdir name="15"><int name="x" value="0"/><int name="y" value="2340"/><string name="u" value="bsc"/><int name="no" value="0"/><int name="zM" value="1"/></imgdir><imgdir name="40"><int name="x" value="-90"/><int name="y" value="2580"/><string name="u" value="enH1"/><int name="no" value="1"/><int name="zM" value="1"/></imgdir><imgdir name="14"><int name="x" value="-90"/><int name="y" value="2160"/><string name="u" value="enV0"/><int name="no" value="1"/><int name="zM" value="1"/></imgdir><imgdir name="89"><int name="x" value="540"/><int name="y" value="2400"/><string name="u" value="bsc"/><int name="no" value="1"/><int name="zM" value="1"/></imgdir><imgdir name="77"><int name="x" value="540"/><int name="y" value="2460"/><string name="u" value="bsc"/><int name="no" value="1"/><int name="zM" value="1"/></imgdir><imgdir name="71"><int name="x" value="540"/><int name="y" value="2520"/><string name="u" value="bsc"/><int name="no" value="0"/><int name="zM" value="1"/></imgdir><imgdir name="68"><int name="x" value="540"/><int name="y" value="2580"/><string name="u" value="enH1"/><int name="no" value="0"/><int name="zM" value="1"/></imgdir><imgdir name="32"><int name="x" value="540"/><int name="y" value="2340"/><string name="u" value="bsc"/><int name="no" value="2"/><int name="zM" value="1"/></imgdir><imgdir name="64"><int name="x" value="1620"/><int name="y" value="2580"/><string name="u" value="enH1"/><int name="no" value="0"/><int name="zM" value="0"/></imgdir><imgdir name="60"><int name="x" value="0"/><int name="y" value="2460"/><string name="u" value="bsc"/><int name="no" value="2"/><int name="zM" value="1"/></imgdir><imgdir name="61"><int name="x" value="180"/><int name="y" value="2340"/><string name="u" value="bsc"/><int name="no" value="0"/><int name="zM" value="1"/></imgdir><imgdir name="67"><int name="x" value="90"/><int name="y" value="2160"/><string name="u" value="enH0"/><int name="no" value="1"/><int name="zM" value="1"/></imgdir><imgdir name="76"><int name="x" value="270"/><int name="y" value="2160"/><string name="u" value="enH0"/><int name="no" value="0"/><int name="zM" value="1"/></imgdir><imgdir name="79"><int name="x" value="-90"/><int name="y" value="2280"/><string name="u" value="enV0"/><int name="no" value="1"/><int name="zM" value="1"/></imgdir><imgdir name="122"><int name="x" value="1620"/><int name="y" value="2220"/><string name="u" value="enV0"/><int name="no" value="0"/><int name="zM" value="0"/></imgdir><imgdir name="123"><int name="x" value="1620"/><int name="y" value="2220"/><string name="u" value="edU"/><int name="no" value="0"/><int name="zM" value="0"/></imgdir><imgdir name="4"><int name="x" value="1620"/><int name="y" value="2400"/><string name="u" value="enV0"/><int name="no" value="0"/><int name="zM" value="0"/></imgdir><imgdir name="48"><int name="x" value="1620"/><int name="y" value="2340"/><string name="u" value="enV0"/><int name="no" value="0"/><int name="zM" value="0"/></imgdir><imgdir name="22"><int name="x" value="1620"/><int name="y" value="2280"/><string name="u" value="enV0"/><int name="no" value="0"/><int name="zM" value="0"/></imgdir><imgdir name="124"><int name="x" value="1620"/><int name="y" value="2520"/><string name="u" value="enV0"/><int name="no" value="1"/><int name="zM" value="0"/></imgdir><imgdir name="126"><int name="x" value="1620"/><int name="y" value="2580"/><string name="u" value="edD"/><int name="no" value="1"/><int name="zM" value="0"/></imgdir><imgdir name="125"><int name="x" value="1620"/><int name="y" value="2460"/><string name="u" value="enV0"/><int name="no" value="1"/><int name="zM" value="0"/></imgdir><imgdir name="127"><int name="x" value="1620"/><int name="y" value="2460"/><string name="u" value="bsc"/><int name="no" value="1"/><int name="zM" value="0"/></imgdir><imgdir name="128"><int name="x" value="540"/><int name="y" value="2280"/><string name="u" value="bsc"/><int name="no" value="1"/><int name="zM" value="1"/></imgdir><imgdir name="140"><int name="x" value="180"/><int name="y" value="1980"/><string name="u" value="edU"/><int name="no" value="1"/><int name="zM" value="7"/></imgdir><imgdir name="141"><int name="x" value="180"/><int name="y" value="1980"/><string name="u" value="edD"/><int name="no" value="1"/><int name="zM" value="7"/></imgdir><imgdir name="142"><int name="x" value="270"/><int name="y" value="1980"/><string name="u" value="edU"/><int name="no" value="1"/><int name="zM" value="7"/></imgdir><imgdir name="143"><int name="x" value="270"/><int name="y" value="1980"/><string name="u" value="edD"/><int name="no" value="1"/><int name="zM" value="7"/></imgdir><imgdir name="137"><int name="x" value="0"/><int name="y" value="1920"/><string name="u" value="enH1"/><int name="no" value="0"/><int name="zM" value="10"/></imgdir><imgdir name="138"><int name="x" value="0"/><int name="y" value="1920"/><string name="u" value="enH0"/><int name="no" value="1"/><int name="zM" value="10"/></imgdir><imgdir name="133"><int name="x" value="0"/><int name="y" value="1920"/><string name="u" value="edD"/><int name="no" value="0"/><int name="zM" value="10"/></imgdir><imgdir name="82"><int name="x" value="0"/><int name="y" value="1920"/><string name="u" value="edU"/><int name="no" value="0"/><int name="zM" value="10"/></imgdir><imgdir name="136"><int name="x" value="90"/><int name="y" value="1920"/><string name="u" value="edD"/><int name="no" value="1"/><int name="zM" value="10"/></imgdir><imgdir name="139"><int name="x" value="90"/><int name="y" value="1920"/><string name="u" value="edU"/><int name="no" value="0"/><int name="zM" value="10"/></imgdir><imgdir name="135"><int name="x" value="360"/><int name="y" value="1920"/><string name="u" value="enH1"/><int name="no" value="1"/><int name="zM" value="9"/></imgdir><imgdir name="129"><int name="x" value="360"/><int name="y" value="1920"/><string name="u" value="enH0"/><int name="no" value="0"/><int name="zM" value="9"/></imgdir><imgdir name="134"><int name="x" value="450"/><int name="y" value="1920"/><string name="u" value="edD"/><int name="no" value="0"/><int name="zM" value="9"/></imgdir><imgdir name="58"><int name="x" value="450"/><int name="y" value="1920"/><string name="u" value="edU"/><int name="no" value="1"/><int name="zM" value="9"/></imgdir><imgdir name="54"><int name="x" value="360"/><int name="y" value="1920"/><string name="u" value="edD"/><int name="no" value="0"/><int name="zM" value="9"/></imgdir><imgdir name="85"><int name="x" value="360"/><int name="y" value="1920"/><string name="u" value="edU"/><int name="no" value="0"/><int name="zM" value="9"/></imgdir><imgdir name="52"><int name="x" value="180"/><int name="y" value="1980"/><string name="u" value="enH1"/><int name="no" value="0"/><int name="zM" value="7"/></imgdir><imgdir name="132"><int name="x" value="180"/><int name="y" value="1980"/><string name="u" value="enH0"/><int name="no" value="1"/><int name="zM" value="7"/></imgdir><imgdir name="147"><int name="x" value="540"/><int name="y" value="2220"/><string name="u" value="bsc"/><int name="no" value="0"/><int name="zM" value="1"/></imgdir><imgdir name="149"><int name="x" value="540"/><int name="y" value="2220"/><string name="u" value="slRU"/><int name="no" value="0"/><int name="zM" value="1"/></imgdir><imgdir name="131"><int name="x" value="720"/><int name="y" value="2580"/><string name="u" value="edD"/><int name="no" value="0"/><int name="zM" value="1"/></imgdir><imgdir name="130"><int name="x" value="630"/><int name="y" value="2340"/><string name="u" value="bsc"/><int name="no" value="2"/><int name="zM" value="1"/></imgdir><imgdir name="150"><int name="x" value="630"/><int name="y" value="2400"/><string name="u" value="bsc"/><int name="no" value="2"/><int name="zM" value="1"/></imgdir><imgdir name="145"><int name="x" value="630"/><int name="y" value="2460"/><string name="u" value="bsc"/><int name="no" value="1"/><int name="zM" value="1"/></imgdir><imgdir name="151"><int name="x" value="630"/><int name="y" value="2520"/><string name="u" value="bsc"/><int name="no" value="0"/><int name="zM" value="1"/></imgdir><imgdir name="146"><int name="x" value="630"/><int name="y" value="2580"/><string name="u" value="enH1"/><int name="no" value="0"/><int name="zM" value="1"/></imgdir><imgdir name="144"><int name="x" value="720"/><int name="y" value="2400"/><string name="u" value="enV1"/><int name="no" value="0"/><int name="zM" value="1"/></imgdir><imgdir name="148"><int name="x" value="720"/><int name="y" value="2520"/><string name="u" value="enV1"/><int name="no" value="1"/><int name="zM" value="1"/></imgdir><imgdir name="69"><int name="x" value="720"/><int name="y" value="2340"/><string name="u" value="enV1"/><int name="no" value="0"/><int name="zM" value="1"/></imgdir><imgdir name="70"><int name="x" value="720"/><int name="y" value="2460"/><string name="u" value="enV1"/><int name="no" value="0"/><int name="zM" value="1"/></imgdir><imgdir name="59"><int name="x" value="630"/><int name="y" value="2280"/><string name="u" value="bsc"/><int name="no" value="1"/><int name="zM" value="1"/></imgdir><imgdir name="74"><int name="x" value="630"/><int name="y" value="2280"/><string name="u" value="slRU"/><int name="no" value="0"/><int name="zM" value="1"/></imgdir><imgdir name="78"><int name="x" value="720"/><int name="y" value="2280"/><string name="u" value="enV1"/><int name="no" value="0"/><int name="zM" value="1"/></imgdir><imgdir name="75"><int name="x" value="720"/><int name="y" value="2280"/><string name="u" value="edU"/><int name="no" value="0"/><int name="zM" value="1"/></imgdir></imgdir><imgdir name="obj"><imgdir name="0"><string name="oS" value="acc1"/><string name="l0" value="dryRock"/><string name="l1" value="rock"/><string name="l2" value="6"/><int name="x" value="1136"/><int name="y" value="2322"/><int name="z" value="7"/><int name="f" value="0"/><int name="zM" value="2"/></imgdir><imgdir name="1"><string name="oS" value="acc1"/><string name="l0" value="dryRock"/><string name="l1" value="rock"/><string name="l2" value="2"/><int name="x" value="362"/><int name="y" value="1930"/><int name="z" value="1"/><int name="f" value="0"/><int name="zM" value="2"/></imgdir><imgdir name="2"><string name="oS" value="acc1"/><string name="l0" value="dryRock"/><string name="l1" value="rock"/><string name="l2" value="6"/><int name="x" value="816"/><int name="y" value="1703"/><int name="z" value="2"/><int name="f" value="0"/><int name="zM" value="2"/></imgdir><imgdir name="3"><string name="oS" value="acc1"/><string name="l0" value="dryRock"/><string name="l1" value="rock"/><string name="l2" value="3"/><int name="x" value="1739"/><int name="y" value="1908"/><int name="z" value="3"/><int name="f" value="0"/><int name="zM" value="2"/></imgdir><imgdir name="4"><string name="oS" value="acc1"/><string name="l0" value="dryRock"/><string name="l1" value="rock"/><string name="l2" value="4"/><int name="x" value="1424"/><int name="y" value="1967"/><int name="z" value="4"/><int name="f" value="0"/><int name="zM" value="2"/></imgdir><imgdir name="5"><string name="oS" value="acc1"/><string name="l0" value="dryRock"/><string name="l1" value="nature"/><string name="l2" value="23"/><int name="x" value="1710"/><int name="y" value="2095"/><int name="z" value="6"/><int name="f" value="0"/><int name="zM" value="2"/></imgdir><imgdir name="6"><string name="oS" value="acc1"/><string name="l0" value="dryRock"/><string name="l1" value="nature"/><string name="l2" value="18"/><int name="x" value="1750"/><int name="y" value="2174"/><int name="z" value="7"/><int name="f" value="0"/><int name="zM" value="2"/></imgdir><imgdir name="7"><string name="oS" value="acc1"/><string name="l0" value="dryRock"/><string name="l1" value="nature"/><string name="l2" value="19"/><int name="x" value="1584"/><int name="y" value="2103"/><int name="z" value="5"/><int name="f" value="0"/><int name="zM" value="2"/></imgdir><imgdir name="8"><string name="oS" value="acc1"/><string name="l0" value="dryRock"/><string name="l1" value="nature"/><string name="l2" value="14"/><int name="x" value="1645"/><int name="y" value="2137"/><int name="z" value="7"/><int name="f" value="0"/><int name="zM" value="2"/></imgdir><imgdir name="9"><string name="oS" value="acc1"/><string name="l0" value="dryRock"/><string name="l1" value="nature"/><string name="l2" value="23"/><int name="x" value="772"/><int name="y" value="2090"/><int name="z" value="2"/><int name="f" value="0"/><int name="zM" value="2"/></imgdir><imgdir name="10"><string name="oS" value="acc1"/><string name="l0" value="dryRock"/><string name="l1" value="nature"/><string name="l2" value="18"/><int name="x" value="820"/><int name="y" value="2173"/><int name="z" value="4"/><int name="f" value="0"/><int name="zM" value="2"/></imgdir><imgdir name="11"><string name="oS" value="acc1"/><string name="l0" value="dryRock"/><string name="l1" value="nature"/><string name="l2" value="20"/><int name="x" value="856"/><int name="y" value="2100"/><int name="z" value="3"/><int name="f" value="0"/><int name="zM" value="2"/></imgdir><imgdir name="12"><string name="oS" value="acc1"/><string name="l0" value="dryRock"/><string name="l1" value="nature"/><string name="l2" value="21"/><int name="x" value="693"/><int name="y" value="2143"/><int name="z" value="1"/><int name="f" value="0"/><int name="zM" value="2"/></imgdir><imgdir name="13"><string name="oS" value="acc1"/><string name="l0" value="dryRock"/><string name="l1" value="nature"/><string name="l2" value="23"/><int name="x" value="414"/><int name="y" value="2031"/><int name="z" value="3"/><int name="f" value="0"/><int name="zM" value="2"/></imgdir><imgdir name="14"><string name="oS" value="acc1"/><string name="l0" value="dryRock"/><string name="l1" value="nature"/><string name="l2" value="23"/><int name="x" value="61"/><int name="y" value="2031"/><int name="z" value="0"/><int name="f" value="0"/><int name="zM" value="2"/></imgdir><imgdir name="15"><string name="oS" value="acc1"/><string name="l0" value="dryRock"/><string name="l1" value="nature"/><string name="l2" value="20"/><int name="x" value="-14"/><int name="y" value="2069"/><int name="z" value="3"/><int name="f" value="0"/><int name="zM" value="2"/></imgdir><imgdir name="16"><string name="oS" value="acc1"/><string name="l0" value="dryRock"/><string name="l1" value="nature"/><string name="l2" value="18"/><int name="x" value="459"/><int name="y" value="2115"/><int name="z" value="4"/><int name="f" value="0"/><int name="zM" value="2"/></imgdir><imgdir name="17"><string name="oS" value="acc1"/><string name="l0" value="dryRock"/><string name="l1" value="nature"/><string name="l2" value="14"/><int name="x" value="358"/><int name="y" value="2084"/><int name="z" value="4"/><int name="f" value="0"/><int name="zM" value="2"/></imgdir><imgdir name="18"><string name="oS" value="acc1"/><string name="l0" value="dryRock"/><string name="l1" value="rock"/><string name="l2" value="7"/><int name="x" value="1650"/><int name="y" value="2201"/><int name="z" value="3"/><int name="f" value="0"/><int name="zM" value="2"/></imgdir><imgdir name="19"><string name="oS" value="acc1"/><string name="l0" value="dryRock"/><string name="l1" value="rock"/><string name="l2" value="8"/><int name="x" value="1740"/><int name="y" value="1908"/><int name="z" value="3"/><int name="f" value="0"/><int name="zM" value="2"/></imgdir><imgdir name="20"><string name="oS" value="acc1"/><string name="l0" value="dryRock"/><string name="l1" value="artificiality"/><string name="l2" value="17"/><int name="x" value="45"/><int name="y" value="1785"/><int name="z" value="10"/><int name="f" value="0"/><int name="zM" value="2"/></imgdir></imgdir></imgdir><imgdir name="4"><imgdir name="info"></imgdir><imgdir name="tile"></imgdir><imgdir name="obj"><imgdir name="0"><string name="oS" value="connect"/><string name="l0" value="rope"/><string name="l1" value="0"/><string name="l2" value="0"/><int name="x" value="1254"/><int name="y" value="2004"/><int name="z" value="3"/><int name="f" value="0"/><int name="zM" value="6"/></imgdir><imgdir name="1"><string name="oS" value="connect"/><string name="l0" value="rope"/><string name="l1" value="0"/><string name="l2" value="1"/><int name="x" value="1254"/><int name="y" value="2044"/><int name="z" value="3"/><int name="f" value="0"/><int name="zM" value="3"/></imgdir><imgdir name="2"><string name="oS" value="connect"/><string name="l0" value="rope"/><string name="l1" value="0"/><string name="l2" value="1"/><int name="x" value="1254"/><int name="y" value="2073"/><int name="z" value="3"/><int name="f" value="0"/><int name="zM" value="3"/></imgdir><imgdir name="3"><string name="oS" value="connect"/><string name="l0" value="rope"/><string name="l1" value="0"/><string name="l2" value="2"/><int name="x" value="1254"/><int name="y" value="2102"/><int name="z" value="3"/><int name="f" value="0"/><int name="zM" value="3"/></imgdir><imgdir name="4"><string name="oS" value="connect"/><string name="l0" value="rope"/><string name="l1" value="0"/><string name="l2" value="0"/><int name="x" value="1420"/><int name="y" value="1885"/><int name="z" value="3"/><int name="f" value="0"/><int name="zM" value="13"/></imgdir><imgdir name="5"><string name="oS" value="connect"/><string name="l0" value="rope"/><string name="l1" value="0"/><string name="l2" value="1"/><int name="x" value="1420"/><int name="y" value="1925"/><int name="z" value="3"/><int name="f" value="0"/><int name="zM" value="11"/></imgdir><imgdir name="6"><string name="oS" value="connect"/><string name="l0" value="rope"/><string name="l1" value="0"/><string name="l2" value="2"/><int name="x" value="1420"/><int name="y" value="1955"/><int name="z" value="3"/><int name="f" value="0"/><int name="zM" value="8"/></imgdir><imgdir name="7"><string name="oS" value="connect"/><string name="l0" value="rope"/><string name="l1" value="0"/><string name="l2" value="0"/><int name="x" value="185"/><int name="y" value="1605"/><int name="z" value="3"/><int name="f" value="0"/><int name="zM" value="15"/></imgdir><imgdir name="8"><string name="oS" value="connect"/><string name="l0" value="rope"/><string name="l1" value="0"/><string name="l2" value="3"/><int name="x" value="185"/><int name="y" value="1689"/><int name="z" value="3"/><int name="f" value="0"/><int name="zM" value="15"/></imgdir><imgdir name="9"><string name="oS" value="connect"/><string name="l0" value="rope"/><string name="l1" value="0"/><string name="l2" value="3"/><int name="x" value="185"/><int name="y" value="1808"/><int name="z" value="3"/><int name="f" value="0"/><int name="zM" value="15"/></imgdir><imgdir name="10"><string name="oS" value="connect"/><string name="l0" value="rope"/><string name="l1" value="0"/><string name="l2" value="2"/><int name="x" value="185"/><int name="y" value="1883"/><int name="z" value="3"/><int name="f" value="0"/><int name="zM" value="14"/></imgdir><imgdir name="11"><string name="oS" value="connect"/><string name="l0" value="rope"/><string name="l1" value="0"/><string name="l2" value="0"/><int name="x" value="414"/><int name="y" value="1910"/><int name="z" value="3"/><int name="f" value="0"/><int name="zM" value="12"/></imgdir><imgdir name="12"><string name="oS" value="connect"/><string name="l0" value="rope"/><string name="l1" value="0"/><string name="l2" value="3"/><int name="x" value="414"/><int name="y" value="1995"/><int name="z" value="3"/><int name="f" value="0"/><int name="zM" value="5"/></imgdir><imgdir name="13"><string name="oS" value="connect"/><string name="l0" value="rope"/><string name="l1" value="0"/><string name="l2" value="2"/><int name="x" value="414"/><int name="y" value="2070"/><int name="z" value="3"/><int name="f" value="0"/><int name="zM" value="4"/></imgdir><imgdir name="14"><string name="oS" value="connect"/><string name="l0" value="rope"/><string name="l1" value="0"/><string name="l2" value="0"/><int name="x" value="1048"/><int name="y" value="1298"/><int name="z" value="3"/><int name="f" value="0"/><int name="zM" value="20"/></imgdir><imgdir name="15"><string name="oS" value="connect"/><string name="l0" value="rope"/><string name="l1" value="0"/><string name="l2" value="3"/><int name="x" value="1048"/><int name="y" value="1383"/><int name="z" value="3"/><int name="f" value="0"/><int name="zM" value="19"/></imgdir><imgdir name="16"><string name="oS" value="connect"/><string name="l0" value="rope"/><string name="l1" value="0"/><string name="l2" value="1"/><int name="x" value="1048"/><int name="y" value="1458"/><int name="z" value="3"/><int name="f" value="0"/><int name="zM" value="18"/></imgdir><imgdir name="17"><string name="oS" value="connect"/><string name="l0" value="rope"/><string name="l1" value="0"/><string name="l2" value="2"/><int name="x" value="1048"/><int name="y" value="1488"/><int name="z" value="3"/><int name="f" value="0"/><int name="zM" value="17"/></imgdir></imgdir></imgdir><imgdir name="foothold"><imgdir name="3"><imgdir name="0"><imgdir name="1"><int name="x1" value="1913"/><int name="y1" value="2460"/><int name="x2" value="1913"/><int name="y2" value="2520"/><int name="prev" value="10"/><int name="next" value="7"/></imgdir><imgdir name="2"><int name="x1" value="1867"/><int name="y1" value="2205"/><int name="x2" value="1913"/><int name="y2" value="2205"/><int name="prev" value="6"/><int name="next" value="3"/></imgdir><imgdir name="3"><int name="x1" value="1913"/><int name="y1" value="2205"/><int name="x2" value="1913"/><int name="y2" value="2220"/><int name="prev" value="2"/><int name="next" value="5"/></imgdir><imgdir name="4"><int name="x1" value="1913"/><int name="y1" value="2340"/><int name="x2" value="1913"/><int name="y2" value="2400"/><int name="prev" value="11"/><int name="next" value="10"/></imgdir><imgdir name="5"><int name="x1" value="1913"/><int name="y1" value="2220"/><int name="x2" value="1913"/><int name="y2" value="2280"/><int name="prev" value="3"/><int name="next" value="11"/></imgdir><imgdir name="6"><int name="x1" value="1800"/><int name="y1" value="2205"/><int name="x2" value="1867"/><int name="y2" value="2205"/><int name="prev" value="8"/><int name="next" value="2"/></imgdir><imgdir name="7"><int name="x1" value="1913"/><int name="y1" value="2520"/><int name="x2" value="1913"/><int name="y2" value="2580"/><int name="prev" value="1"/><int name="next" value="0"/></imgdir><imgdir name="8"><int name="x1" value="1710"/><int name="y1" value="2205"/><int name="x2" value="1800"/><int name="y2" value="2205"/><int name="prev" value="13"/><int name="next" value="6"/></imgdir><imgdir name="9"><int name="x1" value="1620"/><int name="y1" value="2205"/><int name="x2" value="1643"/><int name="y2" value="2205"/><int name="prev" value="12"/><int name="next" value="13"/></imgdir><imgdir name="10"><int name="x1" value="1913"/><int name="y1" value="2400"/><int name="x2" value="1913"/><int name="y2" value="2460"/><int name="prev" value="4"/><int name="next" value="1"/></imgdir><imgdir name="11"><int name="x1" value="1913"/><int name="y1" value="2280"/><int name="x2" value="1913"/><int name="y2" value="2340"/><int name="prev" value="5"/><int name="next" value="4"/></imgdir><imgdir name="12"><int name="x1" value="1597"/><int name="y1" value="2205"/><int name="x2" value="1620"/><int name="y2" value="2205"/><int name="prev" value="59"/><int name="next" value="9"/></imgdir><imgdir name="13"><int name="x1" value="1643"/><int name="y1" value="2205"/><int name="x2" value="1710"/><int name="y2" value="2205"/><int name="prev" value="9"/><int name="next" value="8"/></imgdir></imgdir><imgdir name="1"><imgdir name="14"><int name="x1" value="0"/><int name="y1" value="2145"/><int name="x2" value="90"/><int name="y2" value="2145"/><int name="prev" value="30"/><int name="next" value="22"/></imgdir><imgdir name="15"><int name="x1" value="-113"/><int name="y1" value="2160"/><int name="x2" value="-113"/><int name="y2" value="2145"/><int name="prev" value="17"/><int name="next" value="16"/></imgdir><imgdir name="16"><int name="x1" value="-113"/><int name="y1" value="2145"/><int name="x2" value="-67"/><int name="y2" value="2145"/><int name="prev" value="15"/><int name="next" value="30"/></imgdir><imgdir name="17"><int name="x1" value="-113"/><int name="y1" value="2220"/><int name="x2" value="-113"/><int name="y2" value="2160"/><int name="prev" value="19"/><int name="next" value="15"/></imgdir><imgdir name="18"><int name="x1" value="-113"/><int name="y1" value="2520"/><int name="x2" value="-113"/><int name="y2" value="2460"/><int name="prev" value="27"/><int name="next" value="28"/></imgdir><imgdir name="19"><int name="x1" value="-113"/><int name="y1" value="2280"/><int name="x2" value="-113"/><int name="y2" value="2220"/><int name="prev" value="25"/><int name="next" value="17"/></imgdir><imgdir name="20"><int name="x1" value="180"/><int name="y1" value="2145"/><int name="x2" value="270"/><int name="y2" value="2145"/><int name="prev" value="22"/><int name="next" value="24"/></imgdir><imgdir name="21"><int name="x1" value="-113"/><int name="y1" value="2400"/><int name="x2" value="-113"/><int name="y2" value="2340"/><int name="prev" value="28"/><int name="next" value="25"/></imgdir><imgdir name="22"><int name="x1" value="90"/><int name="y1" value="2145"/><int name="x2" value="180"/><int name="y2" value="2145"/><int name="prev" value="14"/><int name="next" value="20"/></imgdir><imgdir name="23"><int name="x1" value="630"/><int name="y1" value="2205"/><int name="x2" value="634"/><int name="y2" value="2207"/><int name="prev" value="31"/><int name="next" value="50"/></imgdir><imgdir name="24"><int name="x1" value="270"/><int name="y1" value="2145"/><int name="x2" value="360"/><int name="y2" value="2145"/><int name="prev" value="20"/><int name="next" value="26"/></imgdir><imgdir name="25"><int name="x1" value="-113"/><int name="y1" value="2340"/><int name="x2" value="-113"/><int name="y2" value="2280"/><int name="prev" value="21"/><int name="next" value="19"/></imgdir><imgdir name="26"><int name="x1" value="360"/><int name="y1" value="2145"/><int name="x2" value="450"/><int name="y2" value="2145"/><int name="prev" value="24"/><int name="next" value="29"/></imgdir><imgdir name="27"><int name="x1" value="-113"/><int name="y1" value="2580"/><int name="x2" value="-113"/><int name="y2" value="2520"/><int name="prev" value="0"/><int name="next" value="18"/></imgdir><imgdir name="28"><int name="x1" value="-113"/><int name="y1" value="2460"/><int name="x2" value="-113"/><int name="y2" value="2400"/><int name="prev" value="18"/><int name="next" value="21"/></imgdir><imgdir name="29"><int name="x1" value="450"/><int name="y1" value="2145"/><int name="x2" value="540"/><int name="y2" value="2145"/><int name="prev" value="26"/><int name="next" value="31"/></imgdir><imgdir name="30"><int name="x1" value="-67"/><int name="y1" value="2145"/><int name="x2" value="0"/><int name="y2" value="2145"/><int name="prev" value="16"/><int name="next" value="14"/></imgdir><imgdir name="31"><int name="x1" value="540"/><int name="y1" value="2145"/><int name="x2" value="630"/><int name="y2" value="2205"/><int name="prev" value="29"/><int name="next" value="23"/></imgdir></imgdir><imgdir name="9"><imgdir name="32"><int name="x1" value="427"/><int name="y1" value="1905"/><int name="x2" value="473"/><int name="y2" value="1905"/><int name="prev" value="36"/><int name="next" value="33"/></imgdir><imgdir name="33"><int name="x1" value="473"/><int name="y1" value="1905"/><int name="x2" value="473"/><int name="y2" value="1920"/><int name="prev" value="32"/><int name="next" value="0"/></imgdir><imgdir name="34"><int name="x1" value="337"/><int name="y1" value="1920"/><int name="x2" value="337"/><int name="y2" value="1905"/><int name="prev" value="0"/><int name="next" value="35"/></imgdir><imgdir name="35"><int name="x1" value="337"/><int name="y1" value="1905"/><int name="x2" value="383"/><int name="y2" value="1905"/><int name="prev" value="34"/><int name="next" value="36"/></imgdir><imgdir name="36"><int name="x1" value="383"/><int name="y1" value="1905"/><int name="x2" value="427"/><int name="y2" value="1905"/><int name="prev" value="35"/><int name="next" value="32"/></imgdir></imgdir><imgdir name="10"><imgdir name="37"><int name="x1" value="-23"/><int name="y1" value="1920"/><int name="x2" value="-23"/><int name="y2" value="1905"/><int name="prev" value="0"/><int name="next" value="38"/></imgdir><imgdir name="38"><int name="x1" value="-23"/><int name="y1" value="1905"/><int name="x2" value="23"/><int name="y2" value="1905"/><int name="prev" value="37"/><int name="next" value="39"/></imgdir><imgdir name="39"><int name="x1" value="23"/><int name="y1" value="1905"/><int name="x2" value="67"/><int name="y2" value="1905"/><int name="prev" value="38"/><int name="next" value="40"/></imgdir><imgdir name="40"><int name="x1" value="67"/><int name="y1" value="1905"/><int name="x2" value="90"/><int name="y2" value="1905"/><int name="prev" value="39"/><int name="next" value="41"/></imgdir><imgdir name="41"><int name="x1" value="90"/><int name="y1" value="1905"/><int name="x2" value="113"/><int name="y2" value="1905"/><int name="prev" value="40"/><int name="next" value="42"/></imgdir><imgdir name="42"><int name="x1" value="113"/><int name="y1" value="1905"/><int name="x2" value="113"/><int name="y2" value="1920"/><int name="prev" value="41"/><int name="next" value="0"/></imgdir></imgdir><imgdir name="7"><imgdir name="43"><int name="x1" value="180"/><int name="y1" value="1965"/><int name="x2" value="203"/><int name="y2" value="1965"/><int name="prev" value="45"/><int name="next" value="46"/></imgdir><imgdir name="44"><int name="x1" value="157"/><int name="y1" value="1980"/><int name="x2" value="157"/><int name="y2" value="1965"/><int name="prev" value="0"/><int name="next" value="45"/></imgdir><imgdir name="45"><int name="x1" value="157"/><int name="y1" value="1965"/><int name="x2" value="180"/><int name="y2" value="1965"/><int name="prev" value="44"/><int name="next" value="43"/></imgdir><imgdir name="46"><int name="x1" value="203"/><int name="y1" value="1965"/><int name="x2" value="247"/><int name="y2" value="1965"/><int name="prev" value="43"/><int name="next" value="47"/></imgdir><imgdir name="47"><int name="x1" value="247"/><int name="y1" value="1965"/><int name="x2" value="270"/><int name="y2" value="1965"/><int name="prev" value="46"/><int name="next" value="48"/></imgdir><imgdir name="48"><int name="x1" value="270"/><int name="y1" value="1965"/><int name="x2" value="293"/><int name="y2" value="1965"/><int name="prev" value="47"/><int name="next" value="49"/></imgdir><imgdir name="49"><int name="x1" value="293"/><int name="y1" value="1965"/><int name="x2" value="293"/><int name="y2" value="1980"/><int name="prev" value="48"/><int name="next" value="0"/></imgdir></imgdir><imgdir name="2"><imgdir name="50"><int name="x1" value="634"/><int name="y1" value="2207"/><int name="x2" value="808"/><int name="y2" value="2204"/><int name="prev" value="23"/><int name="next" value="51"/></imgdir><imgdir name="51"><int name="x1" value="808"/><int name="y1" value="2204"/><int name="x2" value="830"/><int name="y2" value="2197"/><int name="prev" value="50"/><int name="next" value="52"/></imgdir><imgdir name="52"><int name="x1" value="830"/><int name="y1" value="2197"/><int name="x2" value="918"/><int name="y2" value="2195"/><int name="prev" value="51"/><int name="next" value="53"/></imgdir><imgdir name="53"><int name="x1" value="918"/><int name="y1" value="2195"/><int name="x2" value="935"/><int name="y2" value="2192"/><int name="prev" value="52"/><int name="next" value="54"/></imgdir><imgdir name="54"><int name="x1" value="935"/><int name="y1" value="2192"/><int name="x2" value="1020"/><int name="y2" value="2192"/><int name="prev" value="53"/><int name="next" value="55"/></imgdir><imgdir name="55"><int name="x1" value="1020"/><int name="y1" value="2192"/><int name="x2" value="1108"/><int name="y2" value="2188"/><int name="prev" value="54"/><int name="next" value="56"/></imgdir><imgdir name="56"><int name="x1" value="1108"/><int name="y1" value="2188"/><int name="x2" value="1188"/><int name="y2" value="2192"/><int name="prev" value="55"/><int name="next" value="57"/></imgdir><imgdir name="57"><int name="x1" value="1188"/><int name="y1" value="2192"/><int name="x2" value="1221"/><int name="y2" value="2200"/><int name="prev" value="56"/><int name="next" value="58"/></imgdir><imgdir name="58"><int name="x1" value="1221"/><int name="y1" value="2200"/><int name="x2" value="1558"/><int name="y2" value="2199"/><int name="prev" value="57"/><int name="next" value="59"/></imgdir><imgdir name="59"><int name="x1" value="1558"/><int name="y1" value="2199"/><int name="x2" value="1597"/><int name="y2" value="2205"/><int name="prev" value="58"/><int name="next" value="12"/></imgdir><imgdir name="60"><int name="x1" value="70"/><int name="y1" value="1639"/><int name="x2" value="105"/><int name="y2" value="1606"/><int name="prev" value="0"/><int name="next" value="61"/></imgdir><imgdir name="61"><int name="x1" value="105"/><int name="y1" value="1606"/><int name="x2" value="216"/><int name="y2" value="1600"/><int name="prev" value="60"/><int name="next" value="62"/></imgdir><imgdir name="62"><int name="x1" value="216"/><int name="y1" value="1600"/><int name="x2" value="243"/><int name="y2" value="1591"/><int name="prev" value="61"/><int name="next" value="63"/></imgdir><imgdir name="63"><int name="x1" value="243"/><int name="y1" value="1591"/><int name="x2" value="306"/><int name="y2" value="1589"/><int name="prev" value="62"/><int name="next" value="65"/></imgdir><imgdir name="64"><int name="x1" value="615"/><int name="y1" value="1573"/><int name="x2" value="683"/><int name="y2" value="1573"/><int name="prev" value="68"/><int name="next" value="69"/></imgdir><imgdir name="65"><int name="x1" value="306"/><int name="y1" value="1589"/><int name="x2" value="488"/><int name="y2" value="1585"/><int name="prev" value="63"/><int name="next" value="66"/></imgdir><imgdir name="66"><int name="x1" value="488"/><int name="y1" value="1585"/><int name="x2" value="510"/><int name="y2" value="1578"/><int name="prev" value="65"/><int name="next" value="67"/></imgdir><imgdir name="67"><int name="x1" value="510"/><int name="y1" value="1578"/><int name="x2" value="598"/><int name="y2" value="1576"/><int name="prev" value="66"/><int name="next" value="68"/></imgdir><imgdir name="68"><int name="x1" value="598"/><int name="y1" value="1576"/><int name="x2" value="615"/><int name="y2" value="1573"/><int name="prev" value="67"/><int name="next" value="64"/></imgdir><imgdir name="69"><int name="x1" value="683"/><int name="y1" value="1573"/><int name="x2" value="700"/><int name="y2" value="1573"/><int name="prev" value="64"/><int name="next" value="70"/></imgdir><imgdir name="70"><int name="x1" value="700"/><int name="y1" value="1573"/><int name="x2" value="788"/><int name="y2" value="1569"/><int name="prev" value="69"/><int name="next" value="71"/></imgdir><imgdir name="71"><int name="x1" value="788"/><int name="y1" value="1569"/><int name="x2" value="868"/><int name="y2" value="1573"/><int name="prev" value="70"/><int name="next" value="72"/></imgdir><imgdir name="72"><int name="x1" value="868"/><int name="y1" value="1573"/><int name="x2" value="901"/><int name="y2" value="1581"/><int name="prev" value="71"/><int name="next" value="73"/></imgdir><imgdir name="73"><int name="x1" value="901"/><int name="y1" value="1581"/><int name="x2" value="1238"/><int name="y2" value="1580"/><int name="prev" value="72"/><int name="next" value="74"/></imgdir><imgdir name="74"><int name="x1" value="1238"/><int name="y1" value="1580"/><int name="x2" value="1292"/><int name="y2" value="1589"/><int name="prev" value="73"/><int name="next" value="75"/></imgdir><imgdir name="75"><int name="x1" value="1292"/><int name="y1" value="1589"/><int name="x2" value="1321"/><int name="y2" value="1613"/><int name="prev" value="74"/><int name="next" value="0"/></imgdir><imgdir name="76"><int name="x1" value="1389"/><int name="y1" value="1632"/><int name="x2" value="1433"/><int name="y2" value="1636"/><int name="prev" value="111"/><int name="next" value="77"/></imgdir><imgdir name="77"><int name="x1" value="1433"/><int name="y1" value="1636"/><int name="x2" value="1446"/><int name="y2" value="1642"/><int name="prev" value="76"/><int name="next" value="0"/></imgdir><imgdir name="78"><int name="x1" value="1373"/><int name="y1" value="1604"/><int name="x2" value="1408"/><int name="y2" value="1570"/><int name="prev" value="0"/><int name="next" value="79"/></imgdir><imgdir name="79"><int name="x1" value="1408"/><int name="y1" value="1570"/><int name="x2" value="1505"/><int name="y2" value="1568"/><int name="prev" value="78"/><int name="next" value="80"/></imgdir><imgdir name="80"><int name="x1" value="1505"/><int name="y1" value="1568"/><int name="x2" value="1571"/><int name="y2" value="1559"/><int name="prev" value="79"/><int name="next" value="81"/></imgdir><imgdir name="81"><int name="x1" value="1571"/><int name="y1" value="1559"/><int name="x2" value="1635"/><int name="y2" value="1559"/><int name="prev" value="80"/><int name="next" value="82"/></imgdir><imgdir name="82"><int name="x1" value="1635"/><int name="y1" value="1559"/><int name="x2" value="1648"/><int name="y2" value="1575"/><int name="prev" value="81"/><int name="next" value="0"/></imgdir><imgdir name="83"><int name="x1" value="1147"/><int name="y1" value="2010"/><int name="x2" value="1164"/><int name="y2" value="2000"/><int name="prev" value="0"/><int name="next" value="84"/></imgdir><imgdir name="84"><int name="x1" value="1164"/><int name="y1" value="2000"/><int name="x2" value="1219"/><int name="y2" value="1998"/><int name="prev" value="83"/><int name="next" value="85"/></imgdir><imgdir name="85"><int name="x1" value="1219"/><int name="y1" value="1998"/><int name="x2" value="1283"/><int name="y2" value="2011"/><int name="prev" value="84"/><int name="next" value="86"/></imgdir><imgdir name="86"><int name="x1" value="1283"/><int name="y1" value="2011"/><int name="x2" value="1363"/><int name="y2" value="2011"/><int name="prev" value="85"/><int name="next" value="87"/></imgdir><imgdir name="87"><int name="x1" value="1363"/><int name="y1" value="2011"/><int name="x2" value="1429"/><int name="y2" value="2023"/><int name="prev" value="86"/><int name="next" value="88"/></imgdir><imgdir name="88"><int name="x1" value="1429"/><int name="y1" value="2023"/><int name="x2" value="1437"/><int name="y2" value="2034"/><int name="prev" value="87"/><int name="next" value="0"/></imgdir><imgdir name="89"><int name="x1" value="1234"/><int name="y1" value="1870"/><int name="x2" value="1254"/><int name="y2" value="1863"/><int name="prev" value="0"/><int name="next" value="90"/></imgdir><imgdir name="90"><int name="x1" value="1254"/><int name="y1" value="1863"/><int name="x2" value="1284"/><int name="y2" value="1872"/><int name="prev" value="89"/><int name="next" value="91"/></imgdir><imgdir name="91"><int name="x1" value="1284"/><int name="y1" value="1872"/><int name="x2" value="1377"/><int name="y2" value="1875"/><int name="prev" value="90"/><int name="next" value="92"/></imgdir><imgdir name="92"><int name="x1" value="1377"/><int name="y1" value="1875"/><int name="x2" value="1423"/><int name="y2" value="1887"/><int name="prev" value="91"/><int name="next" value="93"/></imgdir><imgdir name="93"><int name="x1" value="1423"/><int name="y1" value="1887"/><int name="x2" value="1434"/><int name="y2" value="1900"/><int name="prev" value="92"/><int name="next" value="0"/></imgdir><imgdir name="94"><int name="x1" value="1459"/><int name="y1" value="1812"/><int name="x2" value="1533"/><int name="y2" value="1817"/><int name="prev" value="0"/><int name="next" value="95"/></imgdir><imgdir name="95"><int name="x1" value="1533"/><int name="y1" value="1817"/><int name="x2" value="1591"/><int name="y2" value="1817"/><int name="prev" value="94"/><int name="next" value="0"/></imgdir><imgdir name="96"><int name="x1" value="1495"/><int name="y1" value="1780"/><int name="x2" value="1542"/><int name="y2" value="1773"/><int name="prev" value="0"/><int name="next" value="97"/></imgdir><imgdir name="97"><int name="x1" value="1542"/><int name="y1" value="1773"/><int name="x2" value="1590"/><int name="y2" value="1778"/><int name="prev" value="96"/><int name="next" value="98"/></imgdir><imgdir name="98"><int name="x1" value="1590"/><int name="y1" value="1778"/><int name="x2" value="1625"/><int name="y2" value="1777"/><int name="prev" value="97"/><int name="next" value="0"/></imgdir><imgdir name="99"><int name="x1" value="1545"/><int name="y1" value="1744"/><int name="x2" value="1637"/><int name="y2" value="1742"/><int name="prev" value="0"/><int name="next" value="0"/></imgdir><imgdir name="100"><int name="x1" value="1582"/><int name="y1" value="1718"/><int name="x2" value="1666"/><int name="y2" value="1715"/><int name="prev" value="0"/><int name="next" value="101"/></imgdir><imgdir name="101"><int name="x1" value="1666"/><int name="y1" value="1715"/><int name="x2" value="1697"/><int name="y2" value="1720"/><int name="prev" value="100"/><int name="next" value="102"/></imgdir><imgdir name="102"><int name="x1" value="1697"/><int name="y1" value="1720"/><int name="x2" value="1703"/><int name="y2" value="1731"/><int name="prev" value="101"/><int name="next" value="0"/></imgdir><imgdir name="103"><int name="x1" value="1358"/><int name="y1" value="1689"/><int name="x2" value="1375"/><int name="y2" value="1682"/><int name="prev" value="0"/><int name="next" value="104"/></imgdir><imgdir name="104"><int name="x1" value="1375"/><int name="y1" value="1682"/><int name="x2" value="1392"/><int name="y2" value="1679"/><int name="prev" value="103"/><int name="next" value="105"/></imgdir><imgdir name="105"><int name="x1" value="1392"/><int name="y1" value="1679"/><int name="x2" value="1481"/><int name="y2" value="1680"/><int name="prev" value="104"/><int name="next" value="106"/></imgdir><imgdir name="106"><int name="x1" value="1481"/><int name="y1" value="1680"/><int name="x2" value="1618"/><int name="y2" value="1700"/><int name="prev" value="105"/><int name="next" value="0"/></imgdir><imgdir name="107"><int name="x1" value="1101"/><int name="y1" value="1626"/><int name="x2" value="1112"/><int name="y2" value="1622"/><int name="prev" value="0"/><int name="next" value="108"/></imgdir><imgdir name="108"><int name="x1" value="1112"/><int name="y1" value="1622"/><int name="x2" value="1177"/><int name="y2" value="1623"/><int name="prev" value="107"/><int name="next" value="109"/></imgdir><imgdir name="109"><int name="x1" value="1177"/><int name="y1" value="1623"/><int name="x2" value="1192"/><int name="y2" value="1627"/><int name="prev" value="108"/><int name="next" value="110"/></imgdir><imgdir name="110"><int name="x1" value="1192"/><int name="y1" value="1627"/><int name="x2" value="1348"/><int name="y2" value="1632"/><int name="prev" value="109"/><int name="next" value="111"/></imgdir><imgdir name="111"><int name="x1" value="1348"/><int name="y1" value="1632"/><int name="x2" value="1389"/><int name="y2" value="1632"/><int name="prev" value="110"/><int name="next" value="76"/></imgdir></imgdir></imgdir><imgdir name="2"><imgdir name="16"><imgdir name="112"><int name="x1" value="259"/><int name="y1" value="1272"/><int name="x2" value="354"/><int name="y2" value="1277"/><int name="prev" value="0"/><int name="next" value="113"/></imgdir><imgdir name="113"><int name="x1" value="354"/><int name="y1" value="1277"/><int name="x2" value="379"/><int name="y2" value="1286"/><int name="prev" value="112"/><int name="next" value="114"/></imgdir><imgdir name="114"><int name="x1" value="379"/><int name="y1" value="1286"/><int name="x2" value="507"/><int name="y2" value="1291"/><int name="prev" value="113"/><int name="next" value="115"/></imgdir><imgdir name="115"><int name="x1" value="507"/><int name="y1" value="1291"/><int name="x2" value="522"/><int name="y2" value="1289"/><int name="prev" value="114"/><int name="next" value="116"/></imgdir><imgdir name="116"><int name="x1" value="522"/><int name="y1" value="1289"/><int name="x2" value="571"/><int name="y2" value="1294"/><int name="prev" value="115"/><int name="next" value="117"/></imgdir><imgdir name="117"><int name="x1" value="571"/><int name="y1" value="1294"/><int name="x2" value="623"/><int name="y2" value="1290"/><int name="prev" value="116"/><int name="next" value="118"/></imgdir><imgdir name="118"><int name="x1" value="623"/><int name="y1" value="1290"/><int name="x2" value="628"/><int name="y2" value="1290"/><int name="prev" value="117"/><int name="next" value="139"/></imgdir><imgdir name="119"><int name="x1" value="219"/><int name="y1" value="1326"/><int name="x2" value="233"/><int name="y2" value="1315"/><int name="prev" value="0"/><int name="next" value="120"/></imgdir><imgdir name="120"><int name="x1" value="233"/><int name="y1" value="1315"/><int name="x2" value="310"/><int name="y2" value="1322"/><int name="prev" value="119"/><int name="next" value="0"/></imgdir><imgdir name="121"><int name="x1" value="134"/><int name="y1" value="1354"/><int name="x2" value="210"/><int name="y2" value="1355"/><int name="prev" value="0"/><int name="next" value="0"/></imgdir><imgdir name="122"><int name="x1" value="164"/><int name="y1" value="1386"/><int name="x2" value="201"/><int name="y2" value="1387"/><int name="prev" value="0"/><int name="next" value="123"/></imgdir><imgdir name="123"><int name="x1" value="201"/><int name="y1" value="1387"/><int name="x2" value="216"/><int name="y2" value="1390"/><int name="prev" value="122"/><int name="next" value="124"/></imgdir><imgdir name="124"><int name="x1" value="216"/><int name="y1" value="1390"/><int name="x2" value="248"/><int name="y2" value="1393"/><int name="prev" value="123"/><int name="next" value="0"/></imgdir><imgdir name="125"><int name="x1" value="200"/><int name="y1" value="1421"/><int name="x2" value="227"/><int name="y2" value="1423"/><int name="prev" value="0"/><int name="next" value="126"/></imgdir><imgdir name="126"><int name="x1" value="227"/><int name="y1" value="1423"/><int name="x2" value="254"/><int name="y2" value="1421"/><int name="prev" value="125"/><int name="next" value="0"/></imgdir><imgdir name="127"><int name="x1" value="217"/><int name="y1" value="1452"/><int name="x2" value="251"/><int name="y2" value="1455"/><int name="prev" value="0"/><int name="next" value="128"/></imgdir><imgdir name="128"><int name="x1" value="251"/><int name="y1" value="1455"/><int name="x2" value="309"/><int name="y2" value="1456"/><int name="prev" value="127"/><int name="next" value="0"/></imgdir><imgdir name="129"><int name="x1" value="261"/><int name="y1" value="1486"/><int name="x2" value="301"/><int name="y2" value="1489"/><int name="prev" value="0"/><int name="next" value="130"/></imgdir><imgdir name="130"><int name="x1" value="301"/><int name="y1" value="1489"/><int name="x2" value="338"/><int name="y2" value="1488"/><int name="prev" value="129"/><int name="next" value="0"/></imgdir><imgdir name="131"><int name="x1" value="287"/><int name="y1" value="1512"/><int name="x2" value="354"/><int name="y2" value="1517"/><int name="prev" value="0"/><int name="next" value="132"/></imgdir><imgdir name="132"><int name="x1" value="354"/><int name="y1" value="1517"/><int name="x2" value="366"/><int name="y2" value="1521"/><int name="prev" value="131"/><int name="next" value="133"/></imgdir><imgdir name="133"><int name="x1" value="366"/><int name="y1" value="1521"/><int name="x2" value="387"/><int name="y2" value="1522"/><int name="prev" value="132"/><int name="next" value="0"/></imgdir><imgdir name="134"><int name="x1" value="326"/><int name="y1" value="1538"/><int name="x2" value="414"/><int name="y2" value="1547"/><int name="prev" value="0"/><int name="next" value="0"/></imgdir><imgdir name="135"><int name="x1" value="332"/><int name="y1" value="1568"/><int name="x2" value="368"/><int name="y2" value="1574"/><int name="prev" value="0"/><int name="next" value="136"/></imgdir><imgdir name="136"><int name="x1" value="368"/><int name="y1" value="1574"/><int name="x2" value="442"/><int name="y2" value="1573"/><int name="prev" value="135"/><int name="next" value="0"/></imgdir><imgdir name="137"><int name="x1" value="431"/><int name="y1" value="1300"/><int name="x2" value="613"/><int name="y2" value="1296"/><int name="prev" value="0"/><int name="next" value="138"/></imgdir><imgdir name="138"><int name="x1" value="613"/><int name="y1" value="1296"/><int name="x2" value="628"/><int name="y2" value="1290"/><int name="prev" value="137"/><int name="next" value="139"/></imgdir><imgdir name="139"><int name="x1" value="628"/><int name="y1" value="1290"/><int name="x2" value="635"/><int name="y2" value="1289"/><int name="prev" value="118"/><int name="next" value="140"/></imgdir><imgdir name="140"><int name="x1" value="635"/><int name="y1" value="1289"/><int name="x2" value="723"/><int name="y2" value="1287"/><int name="prev" value="139"/><int name="next" value="141"/></imgdir><imgdir name="141"><int name="x1" value="723"/><int name="y1" value="1287"/><int name="x2" value="740"/><int name="y2" value="1284"/><int name="prev" value="140"/><int name="next" value="142"/></imgdir><imgdir name="142"><int name="x1" value="740"/><int name="y1" value="1284"/><int name="x2" value="825"/><int name="y2" value="1284"/><int name="prev" value="141"/><int name="next" value="143"/></imgdir><imgdir name="143"><int name="x1" value="825"/><int name="y1" value="1284"/><int name="x2" value="913"/><int name="y2" value="1280"/><int name="prev" value="142"/><int name="next" value="144"/></imgdir><imgdir name="144"><int name="x1" value="913"/><int name="y1" value="1280"/><int name="x2" value="993"/><int name="y2" value="1284"/><int name="prev" value="143"/><int name="next" value="145"/></imgdir><imgdir name="145"><int name="x1" value="993"/><int name="y1" value="1284"/><int name="x2" value="1026"/><int name="y2" value="1292"/><int name="prev" value="144"/><int name="next" value="146"/></imgdir><imgdir name="146"><int name="x1" value="1026"/><int name="y1" value="1292"/><int name="x2" value="1363"/><int name="y2" value="1291"/><int name="prev" value="145"/><int name="next" value="147"/></imgdir><imgdir name="147"><int name="x1" value="1363"/><int name="y1" value="1291"/><int name="x2" value="1417"/><int name="y2" value="1300"/><int name="prev" value="146"/><int name="next" value="148"/></imgdir><imgdir name="148"><int name="x1" value="1417"/><int name="y1" value="1300"/><int name="x2" value="1446"/><int name="y2" value="1324"/><int name="prev" value="147"/><int name="next" value="0"/></imgdir></imgdir></imgdir></imgdir><imgdir name="miniMap"><canvas name="canvas" width="131" height="108"></canvas><int name="width" value="2110"/><int name="height" value="1738"/><int name="centerX" value="154"/><int name="centerY" value="-924"/><int name="mag" value="4"/></imgdir><imgdir name="portal"><imgdir name="0"><string name="pn" value="sp"/><int name="pt" value="0"/><int name="x" value="1496"/><int name="y" value="1520"/><int name="tm" value="999999999"/><string name="tn" value=""/></imgdir><imgdir name="1"><string name="pn" value="sp"/><int name="pt" value="0"/><int name="x" value="1371"/><int name="y" value="1522"/><int name="tm" value="999999999"/><string name="tn" value=""/></imgdir><imgdir name="2"><string name="pn" value="sp"/><int name="pt" value="0"/><int name="x" value="1214"/><int name="y" value="1541"/><int name="tm" value="999999999"/><string name="tn" value=""/></imgdir><imgdir name="3"><string name="pn" value="sp"/><int name="pt" value="0"/><int name="x" value="1027"/><int name="y" value="1509"/><int name="tm" value="999999999"/><string name="tn" value=""/></imgdir><imgdir name="4"><string name="pn" value="sp"/><int name="pt" value="0"/><int name="x" value="927"/><int name="y" value="1494"/><int name="tm" value="999999999"/><string name="tn" value=""/></imgdir><imgdir name="5"><string name="pn" value="sp"/><int name="pt" value="0"/><int name="x" value="829"/><int name="y" value="1507"/><int name="tm" value="999999999"/><string name="tn" value=""/></imgdir><imgdir name="6"><string name="pn" value="sp"/><int name="pt" value="0"/><int name="x" value="723"/><int name="y" value="1501"/><int name="tm" value="999999999"/><string name="tn" value=""/></imgdir><imgdir name="7"><string name="pn" value="sp"/><int name="pt" value="0"/><int name="x" value="609"/><int name="y" value="1512"/><int name="tm" value="999999999"/><string name="tn" value=""/></imgdir><imgdir name="8"><string name="pn" value="sp"/><int name="pt" value="0"/><int name="x" value="268"/><int name="y" value="1475"/><int name="tm" value="999999999"/><string name="tn" value=""/></imgdir><imgdir name="9"><string name="pn" value="sp"/><int name="pt" value="0"/><int name="x" value="331"/><int name="y" value="1528"/><int name="tm" value="999999999"/><string name="tn" value=""/></imgdir><imgdir name="10"><string name="pn" value="sp"/><int name="pt" value="0"/><int name="x" value="260"/><int name="y" value="1529"/><int name="tm" value="999999999"/><string name="tn" value=""/></imgdir><imgdir name="11"><string name="pn" value="sp"/><int name="pt" value="0"/><int name="x" value="199"/><int name="y" value="1528"/><int name="tm" value="999999999"/><string name="tn" value=""/></imgdir><imgdir name="12"><string name="pn" value="in00"/><int name="pt" value="2"/><int name="x" value="1215"/><int name="y" value="1291"/><int name="tm" value="101030405"/><string name="tn" value="out00"/></imgdir><imgdir name="13"><string name="pn" value="out00"/><int name="pt" value="2"/><int name="x" value="34"/><int name="y" value="1905"/><int name="tm" value="101030403"/><string name="tn" value="in00"/></imgdir></imgdir></imgdir>