<?xml version="1.0" encoding="UTF-8" standalone="yes"?><imgdir name="101030105.img"><imgdir name="info"><int name="version" value="10"/><int name="cloud" value="1"/><int name="town" value="0"/><int name="swim" value="0"/><int name="returnMap" value="102000000"/><int name="forcedReturn" value="999999999"/><float name="mobRate" value="1.6"/><string name="bgm" value="Bgm12/AcientRemain"/><string name="mapMark" value="Perion"/><int name="hideMinimap" value="0"/><int name="fieldLimit" value="0"/><int name="VRTop" value="-700"/><int name="VRLeft" value="-943"/><int name="VRBottom" value="380"/><int name="VRRight" value="1033"/></imgdir><imgdir name="back"><imgdir name="0"><string name="bS" value="dryRock2"/><int name="front" value="0"/><int name="ani" value="0"/><int name="no" value="0"/><int name="f" value="0"/><int name="x" value="606"/><int name="y" value="-173"/><int name="rx" value="-6"/><int name="ry" value="-3"/><int name="type" value="1"/><int name="cx" value="0"/><int name="cy" value="0"/><int name="a" value="255"/></imgdir><imgdir name="1"><string name="bS" value="dryRock2"/><int name="front" value="0"/><int name="ani" value="0"/><int name="no" value="1"/><int name="f" value="0"/><int name="x" value="-22"/><int name="y" value="6"/><int name="rx" value="5"/><int name="ry" value="-20"/><int name="type" value="4"/><int name="cx" value="0"/><int name="cy" value="0"/><int name="a" value="255"/></imgdir><imgdir name="2"><string name="bS" value="syarenOutside"/><int name="front" value="0"/><int name="ani" value="0"/><int name="no" value="0"/><int name="f" value="0"/><int name="x" value="115"/><int name="y" value="0"/><int name="rx" value="-15"/><int name="ry" value="-40"/><int name="type" value="0"/><int name="cx" value="0"/><int name="cy" value="0"/><int name="a" value="255"/></imgdir><imgdir name="3"><string name="bS" value="syarenOutside"/><int name="front" value="0"/><int name="ani" value="0"/><int name="no" value="1"/><int name="f" value="0"/><int name="x" value="166"/><int name="y" value="-399"/><int name="rx" value="-15"/><int name="ry" value="-40"/><int name="type" value="0"/><int name="cx" value="0"/><int name="cy" value="0"/><int name="a" value="255"/></imgdir><imgdir name="4"><string name="bS" value="dryRock2"/><int name="front" value="0"/><int name="ani" value="0"/><int name="no" value="6"/><int name="f" value="0"/><int name="x" value="-35"/><int name="y" value="97"/><int name="rx" value="10"/><int name="ry" value="-30"/><int name="type" value="4"/><int name="cx" value="0"/><int name="cy" value="0"/><int name="a" value="255"/></imgdir></imgdir><imgdir name="life"><imgdir name="0"><string name="type" value="m"/><string name="id" value="4230125"/><int name="x" value="-492"/><int name="y" value="181"/><int name="mobTime" value="0"/><int name="f" value="0"/><int name="hide" value="0"/><int name="fh" value="9"/><int name="cy" value="195"/><int name="rx0" value="-925"/><int name="rx1" value="1015"/></imgdir><imgdir name="2"><string name="type" value="m"/><string name="id" value="4230125"/><int name="x" value="212"/><int name="y" value="175"/><int name="mobTime" value="0"/><int name="f" value="0"/><int name="hide" value="0"/><int name="fh" value="1"/><int name="cy" value="195"/><int name="rx0" value="-925"/><int name="rx1" value="1015"/></imgdir><imgdir name="4"><string name="type" value="m"/><string name="id" value="4230125"/><int name="x" value="896"/><int name="y" value="147"/><int name="mobTime" value="0"/><int name="f" value="0"/><int name="hide" value="0"/><int name="fh" value="16"/><int name="cy" value="168"/><int name="rx0" value="-925"/><int name="rx1" value="1015"/></imgdir><imgdir name="5"><string name="type" value="m"/><string name="id" value="4230125"/><int name="x" value="-629"/><int name="y" value="187"/><int name="mobTime" value="0"/><int name="f" value="0"/><int name="hide" value="0"/><int name="fh" value="19"/><int name="cy" value="195"/><int name="rx0" value="-925"/><int name="rx1" value="1015"/></imgdir><imgdir name="6"><string name="type" value="m"/><string name="id" value="4230125"/><int name="x" value="-273"/><int name="y" value="-114"/><int name="mobTime" value="0"/><int name="f" value="0"/><int name="hide" value="0"/><int name="fh" value="72"/><int name="cy" value="-99"/><int name="rx0" value="-925"/><int name="rx1" value="1015"/></imgdir><imgdir name="7"><string name="type" value="m"/><string name="id" value="4230125"/><int name="x" value="-1"/><int name="y" value="-170"/><int name="mobTime" value="0"/><int name="f" value="0"/><int name="hide" value="0"/><int name="fh" value="81"/><int name="cy" value="-152"/><int name="rx0" value="-925"/><int name="rx1" value="1015"/></imgdir><imgdir name="8"><string name="type" value="m"/><string name="id" value="4230125"/><int name="x" value="137"/><int name="y" value="-170"/><int name="mobTime" value="0"/><int name="f" value="0"/><int name="hide" value="0"/><int name="fh" value="82"/><int name="cy" value="-152"/><int name="rx0" value="-925"/><int name="rx1" value="1015"/></imgdir><imgdir name="9"><string name="type" value="m"/><string name="id" value="4230125"/><int name="x" value="290"/><int name="y" value="-168"/><int name="mobTime" value="0"/><int name="f" value="0"/><int name="hide" value="0"/><int name="fh" value="85"/><int name="cy" value="-146"/><int name="rx0" value="-925"/><int name="rx1" value="1015"/></imgdir><imgdir name="10"><string name="type" value="m"/><string name="id" value="4230125"/><int name="x" value="499"/><int name="y" value="-208"/><int name="mobTime" value="0"/><int name="f" value="0"/><int name="hide" value="0"/><int name="fh" value="90"/><int name="cy" value="-192"/><int name="rx0" value="-925"/><int name="rx1" value="1015"/></imgdir><imgdir name="11"><string name="type" value="m"/><string name="id" value="4230125"/><int name="x" value="69"/><int name="y" value="176"/><int name="mobTime" value="0"/><int name="f" value="0"/><int name="hide" value="0"/><int name="fh" value="4"/><int name="cy" value="195"/><int name="rx0" value="-925"/><int name="rx1" value="1015"/></imgdir><imgdir name="12"><string name="type" value="m"/><string name="id" value="4230125"/><int name="x" value="344"/><int name="y" value="167"/><int name="mobTime" value="0"/><int name="f" value="0"/><int name="hide" value="0"/><int name="fh" value="11"/><int name="cy" value="195"/><int name="rx0" value="-925"/><int name="rx1" value="1015"/></imgdir><imgdir name="13"><string name="type" value="m"/><string name="id" value="4230125"/><int name="x" value="471"/><int name="y" value="176"/><int name="mobTime" value="0"/><int name="f" value="0"/><int name="hide" value="0"/><int name="fh" value="10"/><int name="cy" value="195"/><int name="rx0" value="-925"/><int name="rx1" value="1015"/></imgdir><imgdir name="14"><string name="type" value="m"/><string name="id" value="4230125"/><int name="x" value="654"/><int name="y" value="164"/><int name="mobTime" value="0"/><int name="f" value="0"/><int name="hide" value="0"/><int name="fh" value="12"/><int name="cy" value="195"/><int name="rx0" value="-925"/><int name="rx1" value="1015"/></imgdir><imgdir name="15"><string name="type" value="m"/><string name="id" value="4230125"/><int name="x" value="-768"/><int name="y" value="136"/><int name="mobTime" value="0"/><int name="f" value="0"/><int name="hide" value="0"/><int name="fh" value="29"/><int name="cy" value="139"/><int name="rx0" value="-925"/><int name="rx1" value="1015"/></imgdir><imgdir name="16"><string name="type" value="m"/><string name="id" value="4230126"/><int name="x" value="635"/><int name="y" value="-127"/><int name="mobTime" value="0"/><int name="f" value="0"/><int name="hide" value="0"/><int name="fh" value="111"/><int name="cy" value="-123"/><int name="rx0" value="-925"/><int name="rx1" value="1015"/></imgdir><imgdir name="17"><string name="type" value="m"/><string name="id" value="4230126"/><int name="x" value="858"/><int name="y" value="110"/><int name="mobTime" value="0"/><int name="f" value="0"/><int name="hide" value="0"/><int name="fh" value="97"/><int name="cy" value="124"/><int name="rx0" value="-925"/><int name="rx1" value="1015"/></imgdir><imgdir name="18"><string name="type" value="m"/><string name="id" value="4230126"/><int name="x" value="-381"/><int name="y" value="23"/><int name="mobTime" value="0"/><int name="f" value="0"/><int name="hide" value="0"/><int name="fh" value="75"/><int name="cy" value="34"/><int name="rx0" value="-925"/><int name="rx1" value="1015"/></imgdir><imgdir name="19"><string name="type" value="m"/><string name="id" value="4230126"/><int name="x" value="-392"/><int name="y" value="-120"/><int name="mobTime" value="0"/><int name="f" value="0"/><int name="hide" value="0"/><int name="fh" value="69"/><int name="cy" value="-103"/><int name="rx0" value="-925"/><int name="rx1" value="1015"/></imgdir><imgdir name="20"><string name="type" value="m"/><string name="id" value="4230126"/><int name="x" value="-573"/><int name="y" value="130"/><int name="mobTime" value="0"/><int name="f" value="0"/><int name="hide" value="0"/><int name="fh" value="58"/><int name="cy" value="141"/><int name="rx0" value="-925"/><int name="rx1" value="1015"/></imgdir><imgdir name="21"><string name="type" value="m"/><string name="id" value="4230126"/><int name="x" value="-277"/><int name="y" value="171"/><int name="mobTime" value="0"/><int name="f" value="0"/><int name="hide" value="0"/><int name="fh" value="2"/><int name="cy" value="195"/><int name="rx0" value="-925"/><int name="rx1" value="1015"/></imgdir><imgdir name="22"><string name="type" value="m"/><string name="id" value="4230126"/><int name="x" value="765"/><int name="y" value="173"/><int name="mobTime" value="0"/><int name="f" value="0"/><int name="hide" value="0"/><int name="fh" value="14"/><int name="cy" value="195"/><int name="rx0" value="-925"/><int name="rx1" value="1015"/></imgdir><imgdir name="1"><string name="type" value="m"/><string name="id" value="4230125"/><int name="x" value="-86"/><int name="y" value="178"/><int name="mobTime" value="0"/><int name="f" value="0"/><int name="hide" value="0"/><int name="fh" value="6"/><int name="cy" value="195"/><int name="rx0" value="-925"/><int name="rx1" value="1015"/></imgdir><imgdir name="3"><string name="type" value="m"/><string name="id" value="4230125"/><int name="x" value="-123"/><int name="y" value="-181"/><int name="mobTime" value="0"/><int name="f" value="0"/><int name="hide" value="0"/><int name="fh" value="80"/><int name="cy" value="-152"/><int name="rx0" value="-925"/><int name="rx1" value="1015"/></imgdir></imgdir><imgdir name="reactor"></imgdir><imgdir name="0"><imgdir name="info"></imgdir><imgdir name="tile"></imgdir><imgdir name="obj"></imgdir></imgdir><imgdir name="1"><imgdir name="info"></imgdir><imgdir name="tile"></imgdir><imgdir name="obj"></imgdir></imgdir><imgdir name="2"><imgdir name="info"></imgdir><imgdir name="tile"></imgdir><imgdir name="obj"></imgdir></imgdir><imgdir name="3"><imgdir name="info"></imgdir><imgdir name="tile"></imgdir><imgdir name="obj"></imgdir></imgdir><imgdir name="4"><imgdir name="info"><string name="tS" value="dryRock"/><int name="tSMag" value="1"/></imgdir><imgdir name="tile"><imgdir name="12"><int name="x" value="-225"/><int name="y" value="210"/><string name="u" value="enH0"/><int name="no" value="1"/><int name="zM" value="0"/></imgdir><imgdir name="3"><int name="x" value="-315"/><int name="y" value="210"/><string name="u" value="enH0"/><int name="no" value="1"/><int name="zM" value="0"/></imgdir><imgdir name="18"><int name="x" value="-495"/><int name="y" value="210"/><string name="u" value="enH0"/><int name="no" value="1"/><int name="zM" value="0"/></imgdir><imgdir name="11"><int name="x" value="-135"/><int name="y" value="210"/><string name="u" value="enH0"/><int name="no" value="0"/><int name="zM" value="0"/></imgdir><imgdir name="9"><int name="x" value="-45"/><int name="y" value="210"/><string name="u" value="enH0"/><int name="no" value="0"/><int name="zM" value="0"/></imgdir><imgdir name="15"><int name="x" value="-405"/><int name="y" value="210"/><string name="u" value="enH0"/><int name="no" value="1"/><int name="zM" value="0"/></imgdir><imgdir name="1"><int name="x" value="135"/><int name="y" value="210"/><string name="u" value="enH0"/><int name="no" value="0"/><int name="zM" value="0"/></imgdir><imgdir name="7"><int name="x" value="45"/><int name="y" value="210"/><string name="u" value="enH0"/><int name="no" value="1"/><int name="zM" value="0"/></imgdir><imgdir name="23"><int name="x" value="315"/><int name="y" value="210"/><string name="u" value="enH0"/><int name="no" value="1"/><int name="zM" value="0"/></imgdir><imgdir name="5"><int name="x" value="225"/><int name="y" value="210"/><string name="u" value="enH0"/><int name="no" value="1"/><int name="zM" value="0"/></imgdir><imgdir name="21"><int name="x" value="405"/><int name="y" value="210"/><string name="u" value="enH0"/><int name="no" value="0"/><int name="zM" value="0"/></imgdir><imgdir name="27"><int name="x" value="495"/><int name="y" value="210"/><string name="u" value="enH0"/><int name="no" value="1"/><int name="zM" value="0"/></imgdir><imgdir name="25"><int name="x" value="585"/><int name="y" value="210"/><string name="u" value="enH0"/><int name="no" value="0"/><int name="zM" value="0"/></imgdir><imgdir name="29"><int name="x" value="675"/><int name="y" value="210"/><string name="u" value="enH0"/><int name="no" value="0"/><int name="zM" value="0"/></imgdir><imgdir name="31"><int name="x" value="765"/><int name="y" value="210"/><string name="u" value="enH0"/><int name="no" value="0"/><int name="zM" value="0"/></imgdir><imgdir name="19"><int name="x" value="-495"/><int name="y" value="210"/><string name="u" value="bsc"/><int name="no" value="2"/><int name="zM" value="0"/></imgdir><imgdir name="14"><int name="x" value="-405"/><int name="y" value="210"/><string name="u" value="bsc"/><int name="no" value="2"/><int name="zM" value="0"/></imgdir><imgdir name="2"><int name="x" value="-315"/><int name="y" value="210"/><string name="u" value="bsc"/><int name="no" value="2"/><int name="zM" value="0"/></imgdir><imgdir name="13"><int name="x" value="-225"/><int name="y" value="210"/><string name="u" value="bsc"/><int name="no" value="0"/><int name="zM" value="0"/></imgdir><imgdir name="10"><int name="x" value="-135"/><int name="y" value="210"/><string name="u" value="bsc"/><int name="no" value="0"/><int name="zM" value="0"/></imgdir><imgdir name="8"><int name="x" value="-45"/><int name="y" value="210"/><string name="u" value="bsc"/><int name="no" value="2"/><int name="zM" value="0"/></imgdir><imgdir name="6"><int name="x" value="45"/><int name="y" value="210"/><string name="u" value="bsc"/><int name="no" value="2"/><int name="zM" value="0"/></imgdir><imgdir name="4"><int name="x" value="225"/><int name="y" value="210"/><string name="u" value="bsc"/><int name="no" value="0"/><int name="zM" value="0"/></imgdir><imgdir name="0"><int name="x" value="135"/><int name="y" value="210"/><string name="u" value="bsc"/><int name="no" value="0"/><int name="zM" value="0"/></imgdir><imgdir name="20"><int name="x" value="405"/><int name="y" value="210"/><string name="u" value="bsc"/><int name="no" value="0"/><int name="zM" value="0"/></imgdir><imgdir name="22"><int name="x" value="315"/><int name="y" value="210"/><string name="u" value="bsc"/><int name="no" value="1"/><int name="zM" value="0"/></imgdir><imgdir name="24"><int name="x" value="585"/><int name="y" value="210"/><string name="u" value="bsc"/><int name="no" value="0"/><int name="zM" value="0"/></imgdir><imgdir name="26"><int name="x" value="495"/><int name="y" value="210"/><string name="u" value="bsc"/><int name="no" value="2"/><int name="zM" value="0"/></imgdir><imgdir name="30"><int name="x" value="765"/><int name="y" value="210"/><string name="u" value="bsc"/><int name="no" value="2"/><int name="zM" value="0"/></imgdir><imgdir name="32"><int name="x" value="855"/><int name="y" value="210"/><string name="u" value="bsc"/><int name="no" value="2"/><int name="zM" value="0"/></imgdir><imgdir name="28"><int name="x" value="675"/><int name="y" value="210"/><string name="u" value="bsc"/><int name="no" value="2"/><int name="zM" value="0"/></imgdir><imgdir name="34"><int name="x" value="945"/><int name="y" value="210"/><string name="u" value="bsc"/><int name="no" value="2"/><int name="zM" value="0"/></imgdir><imgdir name="36"><int name="x" value="945"/><int name="y" value="150"/><string name="u" value="enH0"/><int name="no" value="0"/><int name="zM" value="0"/></imgdir><imgdir name="33"><int name="x" value="945"/><int name="y" value="210"/><string name="u" value="slLU"/><int name="no" value="0"/><int name="zM" value="0"/></imgdir><imgdir name="35"><int name="x" value="945"/><int name="y" value="150"/><string name="u" value="bsc"/><int name="no" value="0"/><int name="zM" value="0"/></imgdir><imgdir name="64"><int name="x" value="-765"/><int name="y" value="210"/><string name="u" value="enH0"/><int name="no" value="1"/><int name="zM" value="0"/></imgdir><imgdir name="62"><int name="x" value="-675"/><int name="y" value="210"/><string name="u" value="enH0"/><int name="no" value="1"/><int name="zM" value="0"/></imgdir><imgdir name="60"><int name="x" value="-585"/><int name="y" value="210"/><string name="u" value="enH0"/><int name="no" value="0"/><int name="zM" value="0"/></imgdir><imgdir name="72"><int name="x" value="-945"/><int name="y" value="150"/><string name="u" value="bsc"/><int name="no" value="1"/><int name="zM" value="0"/></imgdir><imgdir name="73"><int name="x" value="-945"/><int name="y" value="150"/><string name="u" value="enH0"/><int name="no" value="0"/><int name="zM" value="0"/></imgdir><imgdir name="67"><int name="x" value="-945"/><int name="y" value="210"/><string name="u" value="bsc"/><int name="no" value="0"/><int name="zM" value="0"/></imgdir><imgdir name="16"><int name="x" value="-855"/><int name="y" value="210"/><string name="u" value="bsc"/><int name="no" value="2"/><int name="zM" value="0"/></imgdir><imgdir name="61"><int name="x" value="-675"/><int name="y" value="210"/><string name="u" value="bsc"/><int name="no" value="2"/><int name="zM" value="0"/></imgdir><imgdir name="59"><int name="x" value="-585"/><int name="y" value="210"/><string name="u" value="bsc"/><int name="no" value="1"/><int name="zM" value="0"/></imgdir><imgdir name="63"><int name="x" value="-765"/><int name="y" value="210"/><string name="u" value="bsc"/><int name="no" value="2"/><int name="zM" value="0"/></imgdir><imgdir name="66"><int name="x" value="-945"/><int name="y" value="270"/><string name="u" value="bsc"/><int name="no" value="2"/><int name="zM" value="0"/></imgdir><imgdir name="39"><int name="x" value="-855"/><int name="y" value="270"/><string name="u" value="bsc"/><int name="no" value="0"/><int name="zM" value="0"/></imgdir><imgdir name="77"><int name="x" value="-765"/><int name="y" value="270"/><string name="u" value="bsc"/><int name="no" value="2"/><int name="zM" value="0"/></imgdir><imgdir name="17"><int name="x" value="-675"/><int name="y" value="270"/><string name="u" value="bsc"/><int name="no" value="0"/><int name="zM" value="0"/></imgdir><imgdir name="76"><int name="x" value="-585"/><int name="y" value="270"/><string name="u" value="bsc"/><int name="no" value="0"/><int name="zM" value="0"/></imgdir><imgdir name="38"><int name="x" value="-495"/><int name="y" value="270"/><string name="u" value="bsc"/><int name="no" value="1"/><int name="zM" value="0"/></imgdir><imgdir name="40"><int name="x" value="-405"/><int name="y" value="270"/><string name="u" value="bsc"/><int name="no" value="2"/><int name="zM" value="0"/></imgdir><imgdir name="41"><int name="x" value="-315"/><int name="y" value="270"/><string name="u" value="bsc"/><int name="no" value="2"/><int name="zM" value="0"/></imgdir><imgdir name="44"><int name="x" value="-225"/><int name="y" value="270"/><string name="u" value="bsc"/><int name="no" value="1"/><int name="zM" value="0"/></imgdir><imgdir name="43"><int name="x" value="-135"/><int name="y" value="270"/><string name="u" value="bsc"/><int name="no" value="1"/><int name="zM" value="0"/></imgdir><imgdir name="46"><int name="x" value="135"/><int name="y" value="270"/><string name="u" value="bsc"/><int name="no" value="1"/><int name="zM" value="0"/></imgdir><imgdir name="45"><int name="x" value="45"/><int name="y" value="270"/><string name="u" value="bsc"/><int name="no" value="1"/><int name="zM" value="0"/></imgdir><imgdir name="47"><int name="x" value="-45"/><int name="y" value="270"/><string name="u" value="bsc"/><int name="no" value="2"/><int name="zM" value="0"/></imgdir><imgdir name="49"><int name="x" value="495"/><int name="y" value="270"/><string name="u" value="bsc"/><int name="no" value="2"/><int name="zM" value="0"/></imgdir><imgdir name="42"><int name="x" value="405"/><int name="y" value="270"/><string name="u" value="bsc"/><int name="no" value="0"/><int name="zM" value="0"/></imgdir><imgdir name="51"><int name="x" value="315"/><int name="y" value="270"/><string name="u" value="bsc"/><int name="no" value="1"/><int name="zM" value="0"/></imgdir><imgdir name="48"><int name="x" value="225"/><int name="y" value="270"/><string name="u" value="bsc"/><int name="no" value="1"/><int name="zM" value="0"/></imgdir><imgdir name="50"><int name="x" value="585"/><int name="y" value="270"/><string name="u" value="bsc"/><int name="no" value="1"/><int name="zM" value="0"/></imgdir><imgdir name="54"><int name="x" value="675"/><int name="y" value="270"/><string name="u" value="bsc"/><int name="no" value="0"/><int name="zM" value="0"/></imgdir><imgdir name="56"><int name="x" value="765"/><int name="y" value="270"/><string name="u" value="bsc"/><int name="no" value="0"/><int name="zM" value="0"/></imgdir><imgdir name="52"><int name="x" value="855"/><int name="y" value="270"/><string name="u" value="bsc"/><int name="no" value="2"/><int name="zM" value="0"/></imgdir><imgdir name="55"><int name="x" value="945"/><int name="y" value="270"/><string name="u" value="bsc"/><int name="no" value="0"/><int name="zM" value="0"/></imgdir><imgdir name="110"><int name="x" value="675"/><int name="y" value="390"/><string name="u" value="enH1"/><int name="no" value="1"/><int name="zM" value="0"/></imgdir><imgdir name="108"><int name="x" value="765"/><int name="y" value="390"/><string name="u" value="enH1"/><int name="no" value="1"/><int name="zM" value="0"/></imgdir><imgdir name="106"><int name="x" value="855"/><int name="y" value="390"/><string name="u" value="enH1"/><int name="no" value="0"/><int name="zM" value="0"/></imgdir><imgdir name="104"><int name="x" value="945"/><int name="y" value="390"/><string name="u" value="enH1"/><int name="no" value="0"/><int name="zM" value="0"/></imgdir><imgdir name="53"><int name="x" value="945"/><int name="y" value="330"/><string name="u" value="bsc"/><int name="no" value="2"/><int name="zM" value="0"/></imgdir><imgdir name="105"><int name="x" value="495"/><int name="y" value="390"/><string name="u" value="enH1"/><int name="no" value="1"/><int name="zM" value="0"/></imgdir><imgdir name="99"><int name="x" value="855"/><int name="y" value="330"/><string name="u" value="bsc"/><int name="no" value="2"/><int name="zM" value="0"/></imgdir><imgdir name="94"><int name="x" value="495"/><int name="y" value="330"/><string name="u" value="bsc"/><int name="no" value="0"/><int name="zM" value="0"/></imgdir><imgdir name="98"><int name="x" value="585"/><int name="y" value="330"/><string name="u" value="bsc"/><int name="no" value="1"/><int name="zM" value="0"/></imgdir><imgdir name="97"><int name="x" value="675"/><int name="y" value="330"/><string name="u" value="bsc"/><int name="no" value="2"/><int name="zM" value="0"/></imgdir><imgdir name="100"><int name="x" value="765"/><int name="y" value="330"/><string name="u" value="bsc"/><int name="no" value="2"/><int name="zM" value="0"/></imgdir><imgdir name="102"><int name="x" value="585"/><int name="y" value="390"/><string name="u" value="enH1"/><int name="no" value="0"/><int name="zM" value="0"/></imgdir><imgdir name="111"><int name="x" value="405"/><int name="y" value="390"/><string name="u" value="enH1"/><int name="no" value="1"/><int name="zM" value="0"/></imgdir><imgdir name="107"><int name="x" value="315"/><int name="y" value="390"/><string name="u" value="enH1"/><int name="no" value="0"/><int name="zM" value="0"/></imgdir><imgdir name="92"><int name="x" value="405"/><int name="y" value="330"/><string name="u" value="bsc"/><int name="no" value="2"/><int name="zM" value="0"/></imgdir><imgdir name="95"><int name="x" value="315"/><int name="y" value="330"/><string name="u" value="bsc"/><int name="no" value="2"/><int name="zM" value="0"/></imgdir><imgdir name="88"><int name="x" value="225"/><int name="y" value="330"/><string name="u" value="bsc"/><int name="no" value="1"/><int name="zM" value="0"/></imgdir><imgdir name="93"><int name="x" value="135"/><int name="y" value="330"/><string name="u" value="bsc"/><int name="no" value="1"/><int name="zM" value="0"/></imgdir><imgdir name="91"><int name="x" value="45"/><int name="y" value="330"/><string name="u" value="bsc"/><int name="no" value="0"/><int name="zM" value="0"/></imgdir><imgdir name="85"><int name="x" value="-45"/><int name="y" value="330"/><string name="u" value="bsc"/><int name="no" value="1"/><int name="zM" value="0"/></imgdir><imgdir name="109"><int name="x" value="-45"/><int name="y" value="390"/><string name="u" value="enH1"/><int name="no" value="0"/><int name="zM" value="0"/></imgdir><imgdir name="90"><int name="x" value="-135"/><int name="y" value="330"/><string name="u" value="bsc"/><int name="no" value="0"/><int name="zM" value="0"/></imgdir><imgdir name="89"><int name="x" value="-225"/><int name="y" value="330"/><string name="u" value="bsc"/><int name="no" value="1"/><int name="zM" value="0"/></imgdir><imgdir name="83"><int name="x" value="-315"/><int name="y" value="330"/><string name="u" value="bsc"/><int name="no" value="1"/><int name="zM" value="0"/></imgdir><imgdir name="75"><int name="x" value="-405"/><int name="y" value="330"/><string name="u" value="bsc"/><int name="no" value="2"/><int name="zM" value="0"/></imgdir><imgdir name="87"><int name="x" value="-495"/><int name="y" value="330"/><string name="u" value="bsc"/><int name="no" value="1"/><int name="zM" value="0"/></imgdir><imgdir name="81"><int name="x" value="-585"/><int name="y" value="330"/><string name="u" value="bsc"/><int name="no" value="2"/><int name="zM" value="0"/></imgdir><imgdir name="80"><int name="x" value="-945"/><int name="y" value="330"/><string name="u" value="bsc"/><int name="no" value="1"/><int name="zM" value="0"/></imgdir><imgdir name="82"><int name="x" value="-855"/><int name="y" value="330"/><string name="u" value="bsc"/><int name="no" value="2"/><int name="zM" value="0"/></imgdir><imgdir name="84"><int name="x" value="-765"/><int name="y" value="330"/><string name="u" value="bsc"/><int name="no" value="0"/><int name="zM" value="0"/></imgdir><imgdir name="86"><int name="x" value="-675"/><int name="y" value="330"/><string name="u" value="bsc"/><int name="no" value="0"/><int name="zM" value="0"/></imgdir><imgdir name="69"><int name="x" value="-855"/><int name="y" value="210"/><string name="u" value="slRU"/><int name="no" value="0"/><int name="zM" value="0"/></imgdir><imgdir name="70"><int name="x" value="-945"/><int name="y" value="390"/><string name="u" value="enH1"/><int name="no" value="0"/><int name="zM" value="0"/></imgdir><imgdir name="78"><int name="x" value="-405"/><int name="y" value="390"/><string name="u" value="enH1"/><int name="no" value="0"/><int name="zM" value="0"/></imgdir><imgdir name="74"><int name="x" value="-855"/><int name="y" value="390"/><string name="u" value="enH1"/><int name="no" value="1"/><int name="zM" value="0"/></imgdir><imgdir name="68"><int name="x" value="-315"/><int name="y" value="390"/><string name="u" value="enH1"/><int name="no" value="0"/><int name="zM" value="0"/></imgdir><imgdir name="65"><int name="x" value="-765"/><int name="y" value="390"/><string name="u" value="enH1"/><int name="no" value="1"/><int name="zM" value="0"/></imgdir><imgdir name="79"><int name="x" value="-225"/><int name="y" value="390"/><string name="u" value="enH1"/><int name="no" value="1"/><int name="zM" value="0"/></imgdir><imgdir name="71"><int name="x" value="-675"/><int name="y" value="390"/><string name="u" value="enH1"/><int name="no" value="0"/><int name="zM" value="0"/></imgdir><imgdir name="57"><int name="x" value="-135"/><int name="y" value="390"/><string name="u" value="enH1"/><int name="no" value="0"/><int name="zM" value="0"/></imgdir><imgdir name="96"><int name="x" value="45"/><int name="y" value="390"/><string name="u" value="enH1"/><int name="no" value="1"/><int name="zM" value="0"/></imgdir><imgdir name="37"><int name="x" value="135"/><int name="y" value="390"/><string name="u" value="enH1"/><int name="no" value="0"/><int name="zM" value="0"/></imgdir><imgdir name="58"><int name="x" value="-585"/><int name="y" value="390"/><string name="u" value="enH1"/><int name="no" value="0"/><int name="zM" value="0"/></imgdir><imgdir name="101"><int name="x" value="-495"/><int name="y" value="390"/><string name="u" value="enH1"/><int name="no" value="0"/><int name="zM" value="0"/></imgdir><imgdir name="103"><int name="x" value="225"/><int name="y" value="390"/><string name="u" value="enH1"/><int name="no" value="1"/><int name="zM" value="0"/></imgdir><imgdir name="112"><int name="x" value="135"/><int name="y" value="30"/><string name="u" value="edU"/><int name="no" value="1"/><int name="zM" value="9"/></imgdir><imgdir name="113"><int name="x" value="135"/><int name="y" value="30"/><string name="u" value="edD"/><int name="no" value="1"/><int name="zM" value="9"/></imgdir><imgdir name="114"><int name="x" value="45"/><int name="y" value="30"/><string name="u" value="edU"/><int name="no" value="0"/><int name="zM" value="9"/></imgdir><imgdir name="115"><int name="x" value="45"/><int name="y" value="30"/><string name="u" value="edD"/><int name="no" value="0"/><int name="zM" value="9"/></imgdir><imgdir name="116"><int name="x" value="45"/><int name="y" value="30"/><string name="u" value="enH0"/><int name="no" value="1"/><int name="zM" value="9"/></imgdir><imgdir name="117"><int name="x" value="45"/><int name="y" value="30"/><string name="u" value="enH1"/><int name="no" value="0"/><int name="zM" value="9"/></imgdir><imgdir name="118"><int name="x" value="315"/><int name="y" value="-390"/><string name="u" value="edU"/><int name="no" value="1"/><int name="zM" value="18"/></imgdir><imgdir name="119"><int name="x" value="315"/><int name="y" value="-390"/><string name="u" value="edD"/><int name="no" value="0"/><int name="zM" value="18"/></imgdir><imgdir name="120"><int name="x" value="225"/><int name="y" value="-390"/><string name="u" value="edU"/><int name="no" value="1"/><int name="zM" value="18"/></imgdir><imgdir name="121"><int name="x" value="225"/><int name="y" value="-390"/><string name="u" value="edD"/><int name="no" value="0"/><int name="zM" value="18"/></imgdir><imgdir name="122"><int name="x" value="225"/><int name="y" value="-390"/><string name="u" value="enH0"/><int name="no" value="0"/><int name="zM" value="18"/></imgdir><imgdir name="123"><int name="x" value="225"/><int name="y" value="-390"/><string name="u" value="enH1"/><int name="no" value="1"/><int name="zM" value="18"/></imgdir></imgdir><imgdir name="obj"><imgdir name="0"><string name="oS" value="guild"/><string name="l0" value="syarenian"/><string name="l1" value="rock"/><string name="l2" value="13"/><int name="x" value="-663"/><int name="y" value="83"/><int name="z" value="9"/><int name="f" value="0"/><int name="zM" value="0"/></imgdir><imgdir name="1"><string name="oS" value="guild"/><string name="l0" value="syarenian"/><string name="l1" value="rock"/><string name="l2" value="11"/><int name="x" value="-293"/><int name="y" value="73"/><int name="z" value="7"/><int name="f" value="0"/><int name="zM" value="0"/></imgdir><imgdir name="2"><string name="oS" value="guild"/><string name="l0" value="syarenian"/><string name="l1" value="rock"/><string name="l2" value="3"/><int name="x" value="-30"/><int name="y" value="-127"/><int name="z" value="6"/><int name="f" value="0"/><int name="zM" value="0"/></imgdir><imgdir name="3"><string name="oS" value="guild"/><string name="l0" value="syarenian"/><string name="l1" value="rock"/><string name="l2" value="4"/><int name="x" value="133"/><int name="y" value="-127"/><int name="z" value="9"/><int name="f" value="0"/><int name="zM" value="0"/></imgdir><imgdir name="4"><string name="oS" value="guild"/><string name="l0" value="syarenian"/><string name="l1" value="rock"/><string name="l2" value="5"/><int name="x" value="268"/><int name="y" value="-53"/><int name="z" value="7"/><int name="f" value="0"/><int name="zM" value="0"/></imgdir><imgdir name="5"><string name="oS" value="guild"/><string name="l0" value="syarenian"/><string name="l1" value="rock"/><string name="l2" value="7"/><int name="x" value="503"/><int name="y" value="-72"/><int name="z" value="9"/><int name="f" value="0"/><int name="zM" value="0"/></imgdir><imgdir name="6"><string name="oS" value="guild"/><string name="l0" value="syarenian"/><string name="l1" value="rock"/><string name="l2" value="8"/><int name="x" value="526"/><int name="y" value="172"/><int name="z" value="9"/><int name="f" value="0"/><int name="zM" value="0"/></imgdir><imgdir name="8"><string name="oS" value="guild"/><string name="l0" value="syarenian"/><string name="l1" value="rock"/><string name="l2" value="8"/><int name="x" value="654"/><int name="y" value="-48"/><int name="z" value="6"/><int name="f" value="0"/><int name="zM" value="0"/></imgdir><imgdir name="9"><string name="oS" value="guild"/><string name="l0" value="syarenian"/><string name="l1" value="rock"/><string name="l2" value="0"/><int name="x" value="646"/><int name="y" value="-267"/><int name="z" value="7"/><int name="f" value="0"/><int name="zM" value="0"/></imgdir><imgdir name="10"><string name="oS" value="guild"/><string name="l0" value="syarenian"/><string name="l1" value="rock"/><string name="l2" value="5"/><int name="x" value="471"/><int name="y" value="-254"/><int name="z" value="5"/><int name="f" value="0"/><int name="zM" value="0"/></imgdir><imgdir name="11"><string name="oS" value="guild"/><string name="l0" value="syarenian"/><string name="l1" value="rock"/><string name="l2" value="1"/><int name="x" value="822"/><int name="y" value="-292"/><int name="z" value="9"/><int name="f" value="0"/><int name="zM" value="0"/></imgdir><imgdir name="7"><string name="oS" value="guild"/><string name="l0" value="syarenian"/><string name="l1" value="rock"/><string name="l2" value="10"/><int name="x" value="738"/><int name="y" value="69"/><int name="z" value="10"/><int name="f" value="0"/><int name="zM" value="0"/></imgdir><imgdir name="12"><string name="oS" value="guild"/><string name="l0" value="syarenian"/><string name="l1" value="acc1"/><string name="l2" value="22"/><int name="x" value="-411"/><int name="y" value="-140"/><int name="z" value="5"/><int name="f" value="0"/><int name="zM" value="0"/></imgdir><imgdir name="13"><string name="oS" value="guild"/><string name="l0" value="syarenian"/><string name="l1" value="acc1"/><string name="l2" value="22"/><int name="x" value="-411"/><int name="y" value="-294"/><int name="z" value="9"/><int name="f" value="0"/><int name="zM" value="13"/></imgdir><imgdir name="14"><string name="oS" value="guild"/><string name="l0" value="syarenian"/><string name="l1" value="acc1"/><string name="l2" value="23"/><int name="x" value="-412"/><int name="y" value="-415"/><int name="z" value="9"/><int name="f" value="0"/><int name="zM" value="13"/></imgdir><imgdir name="15"><string name="oS" value="guild"/><string name="l0" value="syarenian"/><string name="l1" value="acc1"/><string name="l2" value="30"/><int name="x" value="-346"/><int name="y" value="-410"/><int name="z" value="9"/><int name="f" value="0"/><int name="zM" value="13"/></imgdir><imgdir name="16"><string name="oS" value="guild"/><string name="l0" value="syarenian"/><string name="l1" value="acc1"/><string name="l2" value="31"/><int name="x" value="-255"/><int name="y" value="-410"/><int name="z" value="9"/><int name="f" value="0"/><int name="zM" value="13"/></imgdir><imgdir name="20"><string name="oS" value="guild"/><string name="l0" value="syarenian"/><string name="l1" value="acc1"/><string name="l2" value="35"/><int name="x" value="-147"/><int name="y" value="-211"/><int name="z" value="9"/><int name="f" value="0"/><int name="zM" value="0"/></imgdir><imgdir name="19"><string name="oS" value="guild"/><string name="l0" value="syarenian"/><string name="l1" value="acc1"/><string name="l2" value="34"/><int name="x" value="-147"/><int name="y" value="-315"/><int name="z" value="9"/><int name="f" value="0"/><int name="zM" value="16"/></imgdir><imgdir name="28"><string name="oS" value="guild"/><string name="l0" value="syarenian"/><string name="l1" value="acc1"/><string name="l2" value="42"/><int name="x" value="549"/><int name="y" value="141"/><int name="z" value="11"/><int name="f" value="0"/><int name="zM" value="0"/></imgdir><imgdir name="29"><string name="oS" value="guild"/><string name="l0" value="syarenian"/><string name="l1" value="acc1"/><string name="l2" value="41"/><int name="x" value="641"/><int name="y" value="174"/><int name="z" value="12"/><int name="f" value="0"/><int name="zM" value="0"/></imgdir><imgdir name="32"><string name="oS" value="guild"/><string name="l0" value="syarenian"/><string name="l1" value="acc1"/><string name="l2" value="1"/><int name="x" value="-220"/><int name="y" value="-121"/><int name="z" value="2"/><int name="f" value="0"/><int name="zM" value="0"/></imgdir><imgdir name="33"><string name="oS" value="guild"/><string name="l0" value="syarenian"/><string name="l1" value="acc1"/><string name="l2" value="3"/><int name="x" value="-654"/><int name="y" value="-111"/><int name="z" value="6"/><int name="f" value="0"/><int name="zM" value="0"/></imgdir><imgdir name="34"><string name="oS" value="guild"/><string name="l0" value="syarenian"/><string name="l1" value="acc1"/><string name="l2" value="5"/><int name="x" value="617"/><int name="y" value="-493"/><int name="z" value="4"/><int name="f" value="0"/><int name="zM" value="0"/></imgdir><imgdir name="35"><string name="oS" value="guild"/><string name="l0" value="syarenian"/><string name="l1" value="acc1"/><string name="l2" value="7"/><int name="x" value="-192"/><int name="y" value="148"/><int name="z" value="9"/><int name="f" value="0"/><int name="zM" value="0"/></imgdir><imgdir name="36"><string name="oS" value="guild"/><string name="l0" value="syarenian"/><string name="l1" value="acc1"/><string name="l2" value="9"/><int name="x" value="-65"/><int name="y" value="143"/><int name="z" value="9"/><int name="f" value="0"/><int name="zM" value="0"/></imgdir><imgdir name="37"><string name="oS" value="guild"/><string name="l0" value="syarenian"/><string name="l1" value="acc1"/><string name="l2" value="10"/><int name="x" value="-437"/><int name="y" value="182"/><int name="z" value="10"/><int name="f" value="0"/><int name="zM" value="0"/></imgdir><imgdir name="38"><string name="oS" value="guild"/><string name="l0" value="syarenian"/><string name="l1" value="acc1"/><string name="l2" value="11"/><int name="x" value="-413"/><int name="y" value="176"/><int name="z" value="11"/><int name="f" value="0"/><int name="zM" value="0"/></imgdir><imgdir name="39"><string name="oS" value="acc1"/><string name="l0" value="dryRock"/><string name="l1" value="nature"/><string name="l2" value="2"/><int name="x" value="-581"/><int name="y" value="-49"/><int name="z" value="8"/><int name="f" value="0"/><int name="zM" value="0"/></imgdir><imgdir name="40"><string name="oS" value="acc1"/><string name="l0" value="dryRock"/><string name="l1" value="nature"/><string name="l2" value="5"/><int name="x" value="-484"/><int name="y" value="-107"/><int name="z" value="6"/><int name="f" value="0"/><int name="zM" value="0"/></imgdir><imgdir name="41"><string name="oS" value="acc1"/><string name="l0" value="dryRock"/><string name="l1" value="nature"/><string name="l2" value="5"/><int name="x" value="-472"/><int name="y" value="-117"/><int name="z" value="6"/><int name="f" value="0"/><int name="zM" value="0"/></imgdir><imgdir name="42"><string name="oS" value="acc1"/><string name="l0" value="dryRock"/><string name="l1" value="nature"/><string name="l2" value="5"/><int name="x" value="-457"/><int name="y" value="-103"/><int name="z" value="6"/><int name="f" value="0"/><int name="zM" value="0"/></imgdir><imgdir name="43"><string name="oS" value="acc1"/><string name="l0" value="dryRock"/><string name="l1" value="nature"/><string name="l2" value="5"/><int name="x" value="-449"/><int name="y" value="-111"/><int name="z" value="6"/><int name="f" value="0"/><int name="zM" value="0"/></imgdir><imgdir name="44"><string name="oS" value="acc1"/><string name="l0" value="dryRock"/><string name="l1" value="nature"/><string name="l2" value="13"/><int name="x" value="940"/><int name="y" value="116"/><int name="z" value="5"/><int name="f" value="0"/><int name="zM" value="0"/></imgdir><imgdir name="45"><string name="oS" value="acc1"/><string name="l0" value="dryRock"/><string name="l1" value="nature"/><string name="l2" value="14"/><int name="x" value="860"/><int name="y" value="170"/><int name="z" value="11"/><int name="f" value="0"/><int name="zM" value="0"/></imgdir><imgdir name="46"><string name="oS" value="acc1"/><string name="l0" value="dryRock"/><string name="l1" value="nature"/><string name="l2" value="15"/><int name="x" value="588"/><int name="y" value="-355"/><int name="z" value="6"/><int name="f" value="0"/><int name="zM" value="0"/></imgdir><imgdir name="47"><string name="oS" value="acc1"/><string name="l0" value="dryRock"/><string name="l1" value="nature"/><string name="l2" value="12"/><int name="x" value="-333"/><int name="y" value="-116"/><int name="z" value="6"/><int name="f" value="0"/><int name="zM" value="0"/></imgdir><imgdir name="48"><string name="oS" value="acc1"/><string name="l0" value="dryRock"/><string name="l1" value="nature"/><string name="l2" value="12"/><int name="x" value="-98"/><int name="y" value="-171"/><int name="z" value="4"/><int name="f" value="0"/><int name="zM" value="0"/></imgdir><imgdir name="49"><string name="oS" value="acc1"/><string name="l0" value="dryRock"/><string name="l1" value="nature"/><string name="l2" value="13"/><int name="x" value="220"/><int name="y" value="-182"/><int name="z" value="6"/><int name="f" value="0"/><int name="zM" value="0"/></imgdir><imgdir name="50"><string name="oS" value="acc1"/><string name="l0" value="dryRock"/><string name="l1" value="nature"/><string name="l2" value="2"/><int name="x" value="378"/><int name="y" value="-170"/><int name="z" value="6"/><int name="f" value="0"/><int name="zM" value="0"/></imgdir><imgdir name="51"><string name="oS" value="acc1"/><string name="l0" value="dryRock"/><string name="l1" value="artificiality"/><string name="l2" value="0"/><int name="x" value="470"/><int name="y" value="-203"/><int name="z" value="7"/><int name="f" value="0"/><int name="zM" value="0"/></imgdir><imgdir name="52"><string name="oS" value="acc1"/><string name="l0" value="dryRock"/><string name="l1" value="artificiality"/><string name="l2" value="1"/><int name="x" value="467"/><int name="y" value="-243"/><int name="z" value="8"/><int name="f" value="0"/><int name="zM" value="0"/></imgdir><imgdir name="53"><string name="oS" value="acc1"/><string name="l0" value="dryRock"/><string name="l1" value="artificiality"/><string name="l2" value="2"/><int name="x" value="528"/><int name="y" value="-201"/><int name="z" value="7"/><int name="f" value="0"/><int name="zM" value="0"/></imgdir><imgdir name="30"><string name="oS" value="acc1"/><string name="l0" value="dryRock"/><string name="l1" value="artificiality"/><string name="l2" value="3"/><int name="x" value="553"/><int name="y" value="-235"/><int name="z" value="10"/><int name="f" value="0"/><int name="zM" value="0"/></imgdir><imgdir name="31"><string name="oS" value="acc1"/><string name="l0" value="dryRock"/><string name="l1" value="artificiality"/><string name="l2" value="5"/><int name="x" value="512"/><int name="y" value="-234"/><int name="z" value="8"/><int name="f" value="0"/><int name="zM" value="0"/></imgdir><imgdir name="54"><string name="oS" value="acc1"/><string name="l0" value="dryRock"/><string name="l1" value="castle"/><string name="l2" value="4"/><int name="x" value="-34"/><int name="y" value="75"/><int name="z" value="4"/><int name="f" value="0"/><int name="zM" value="0"/></imgdir><imgdir name="55"><string name="oS" value="acc1"/><string name="l0" value="dryRock"/><string name="l1" value="castle"/><string name="l2" value="5"/><int name="x" value="292"/><int name="y" value="75"/><int name="z" value="3"/><int name="f" value="0"/><int name="zM" value="0"/></imgdir><imgdir name="23"><string name="oS" value="guild"/><string name="l0" value="syarenian"/><string name="l1" value="acc1"/><string name="l2" value="29"/><int name="x" value="-531"/><int name="y" value="-430"/><int name="z" value="9"/><int name="f" value="0"/><int name="zM" value="13"/></imgdir><imgdir name="27"><string name="oS" value="guild"/><string name="l0" value="syarenian"/><string name="l1" value="acc1"/><string name="l2" value="46"/><int name="x" value="-173"/><int name="y" value="-402"/><int name="z" value="7"/><int name="f" value="0"/><int name="zM" value="13"/></imgdir><imgdir name="24"><string name="oS" value="guild"/><string name="l0" value="syarenian"/><string name="l1" value="rock"/><string name="l2" value="2"/><int name="x" value="891"/><int name="y" value="-9"/><int name="z" value="7"/><int name="f" value="0"/><int name="zM" value="0"/></imgdir><imgdir name="17"><string name="oS" value="connect"/><string name="l0" value="ladder"/><string name="l1" value="37"/><string name="l2" value="6"/><int name="x" value="729"/><int name="y" value="-10"/><int name="z" value="12"/><int name="f" value="0"/><int name="zM" value="0"/></imgdir><imgdir name="22"><string name="oS" value="connect"/><string name="l0" value="ladder"/><string name="l1" value="37"/><string name="l2" value="5"/><int name="x" value="729"/><int name="y" value="-21"/><int name="z" value="11"/><int name="f" value="0"/><int name="zM" value="0"/></imgdir><imgdir name="25"><string name="oS" value="connect"/><string name="l0" value="ladder"/><string name="l1" value="37"/><string name="l2" value="4"/><int name="x" value="729"/><int name="y" value="-52"/><int name="z" value="12"/><int name="f" value="0"/><int name="zM" value="0"/></imgdir><imgdir name="26"><string name="oS" value="connect"/><string name="l0" value="ladder"/><string name="l1" value="37"/><string name="l2" value="2"/><int name="x" value="-275"/><int name="y" value="-8"/><int name="z" value="11"/><int name="f" value="0"/><int name="zM" value="0"/></imgdir><imgdir name="21"><string name="oS" value="connect"/><string name="l0" value="ladder"/><string name="l1" value="37"/><string name="l2" value="1"/><int name="x" value="-275"/><int name="y" value="-19"/><int name="z" value="10"/><int name="f" value="0"/><int name="zM" value="0"/></imgdir><imgdir name="18"><string name="oS" value="connect"/><string name="l0" value="ladder"/><string name="l1" value="37"/><string name="l2" value="0"/><int name="x" value="-275"/><int name="y" value="-49"/><int name="z" value="10"/><int name="f" value="0"/><int name="zM" value="0"/></imgdir></imgdir></imgdir><imgdir name="5"><imgdir name="info"></imgdir><imgdir name="tile"></imgdir><imgdir name="obj"><imgdir name="0"><string name="oS" value="connect"/><string name="l0" value="rope"/><string name="l1" value="19"/><string name="l2" value="0"/><int name="x" value="818"/><int name="y" value="30"/><int name="z" value="9"/><int name="f" value="0"/><int name="zM" value="10"/></imgdir><imgdir name="1"><string name="oS" value="connect"/><string name="l0" value="rope"/><string name="l1" value="19"/><string name="l2" value="1"/><int name="x" value="818"/><int name="y" value="66"/><int name="z" value="9"/><int name="f" value="0"/><int name="zM" value="8"/></imgdir><imgdir name="2"><string name="oS" value="connect"/><string name="l0" value="rope"/><string name="l1" value="19"/><string name="l2" value="2"/><int name="x" value="818"/><int name="y" value="94"/><int name="z" value="9"/><int name="f" value="0"/><int name="zM" value="5"/></imgdir><imgdir name="6"><string name="oS" value="acc1"/><string name="l0" value="dryRock"/><string name="l1" value="nature"/><string name="l2" value="12"/><int name="x" value="-22"/><int name="y" value="180"/><int name="z" value="9"/><int name="f" value="0"/><int name="zM" value="1"/></imgdir><imgdir name="7"><string name="oS" value="acc1"/><string name="l0" value="dryRock"/><string name="l1" value="nature"/><string name="l2" value="16"/><int name="x" value="725"/><int name="y" value="188"/><int name="z" value="9"/><int name="f" value="0"/><int name="zM" value="2"/></imgdir><imgdir name="8"><string name="oS" value="acc1"/><string name="l0" value="dryRock"/><string name="l1" value="nature"/><string name="l2" value="15"/><int name="x" value="777"/><int name="y" value="184"/><int name="z" value="11"/><int name="f" value="0"/><int name="zM" value="2"/></imgdir><imgdir name="9"><string name="oS" value="connect"/><string name="l0" value="rope"/><string name="l1" value="19"/><string name="l2" value="0"/><int name="x" value="618"/><int name="y" value="-342"/><int name="z" value="9"/><int name="f" value="0"/><int name="zM" value="17"/></imgdir><imgdir name="3"><string name="oS" value="connect"/><string name="l0" value="rope"/><string name="l1" value="19"/><string name="l2" value="2"/><int name="x" value="618"/><int name="y" value="-241"/><int name="z" value="9"/><int name="f" value="0"/><int name="zM" value="14"/></imgdir><imgdir name="4"><string name="oS" value="connect"/><string name="l0" value="rope"/><string name="l1" value="19"/><string name="l2" value="1"/><int name="x" value="618"/><int name="y" value="-269"/><int name="z" value="9"/><int name="f" value="0"/><int name="zM" value="15"/></imgdir><imgdir name="5"><string name="oS" value="connect"/><string name="l0" value="rope"/><string name="l1" value="19"/><string name="l2" value="1"/><int name="x" value="618"/><int name="y" value="-306"/><int name="z" value="9"/><int name="f" value="0"/><int name="zM" value="15"/></imgdir><imgdir name="10"><string name="oS" value="connect"/><string name="l0" value="rope"/><string name="l1" value="19"/><string name="l2" value="0"/><int name="x" value="177"/><int name="y" value="-147"/><int name="z" value="9"/><int name="f" value="0"/><int name="zM" value="11"/></imgdir><imgdir name="11"><string name="oS" value="connect"/><string name="l0" value="rope"/><string name="l1" value="19"/><string name="l2" value="3"/><int name="x" value="177"/><int name="y" value="-73"/><int name="z" value="9"/><int name="f" value="0"/><int name="zM" value="7"/></imgdir><imgdir name="12"><string name="oS" value="connect"/><string name="l0" value="rope"/><string name="l1" value="19"/><string name="l2" value="3"/><int name="x" value="177"/><int name="y" value="40"/><int name="z" value="9"/><int name="f" value="0"/><int name="zM" value="7"/></imgdir><imgdir name="13"><string name="oS" value="connect"/><string name="l0" value="rope"/><string name="l1" value="19"/><string name="l2" value="2"/><int name="x" value="177"/><int name="y" value="106"/><int name="z" value="9"/><int name="f" value="0"/><int name="zM" value="4"/></imgdir><imgdir name="14"><string name="oS" value="connect"/><string name="l0" value="rope"/><string name="l1" value="19"/><string name="l2" value="0"/><int name="x" value="-308"/><int name="y" value="44"/><int name="z" value="9"/><int name="f" value="0"/><int name="zM" value="6"/></imgdir><imgdir name="15"><string name="oS" value="connect"/><string name="l0" value="rope"/><string name="l1" value="19"/><string name="l2" value="1"/><int name="x" value="-308"/><int name="y" value="79"/><int name="z" value="9"/><int name="f" value="0"/><int name="zM" value="6"/></imgdir><imgdir name="16"><string name="oS" value="connect"/><string name="l0" value="rope"/><string name="l1" value="19"/><string name="l2" value="1"/><int name="x" value="-308"/><int name="y" value="117"/><int name="z" value="9"/><int name="f" value="0"/><int name="zM" value="3"/></imgdir><imgdir name="17"><string name="oS" value="connect"/><string name="l0" value="rope"/><string name="l1" value="19"/><string name="l2" value="2"/><int name="x" value="-308"/><int name="y" value="144"/><int name="z" value="9"/><int name="f" value="0"/><int name="zM" value="3"/></imgdir><imgdir name="18"><string name="oS" value="connect"/><string name="l0" value="rope"/><string name="l1" value="19"/><string name="l2" value="0"/><int name="x" value="266"/><int name="y" value="-399"/><int name="z" value="9"/><int name="f" value="0"/><int name="zM" value="19"/><int name="r" value="0"/></imgdir><imgdir name="19"><string name="oS" value="connect"/><string name="l0" value="rope"/><string name="l1" value="19"/><string name="l2" value="3"/><int name="x" value="266"/><int name="y" value="-325"/><int name="z" value="9"/><int name="f" value="0"/><int name="zM" value="12"/><int name="r" value="0"/></imgdir><imgdir name="20"><string name="oS" value="connect"/><string name="l0" value="rope"/><string name="l1" value="19"/><string name="l2" value="3"/><int name="x" value="266"/><int name="y" value="-269"/><int name="z" value="9"/><int name="f" value="0"/><int name="zM" value="12"/><int name="r" value="0"/></imgdir><imgdir name="21"><string name="oS" value="connect"/><string name="l0" value="rope"/><string name="l1" value="19"/><string name="l2" value="2"/><int name="x" value="266"/><int name="y" value="-204"/><int name="z" value="9"/><int name="f" value="0"/><int name="zM" value="12"/><int name="r" value="0"/></imgdir></imgdir></imgdir><imgdir name="6"><imgdir name="info"></imgdir><imgdir name="tile"></imgdir><imgdir name="obj"></imgdir></imgdir><imgdir name="7"><imgdir name="info"></imgdir><imgdir name="tile"></imgdir><imgdir name="obj"></imgdir></imgdir><imgdir name="foothold"><imgdir name="4"><imgdir name="0"><imgdir name="1"><int name="x1" value="135"/><int name="y1" value="195"/><int name="x2" value="225"/><int name="y2" value="195"/><int name="prev" value="4"/><int name="next" value="3"/></imgdir><imgdir name="2"><int name="x1" value="-315"/><int name="y1" value="195"/><int name="x2" value="-225"/><int name="y2" value="195"/><int name="prev" value="8"/><int name="next" value="7"/></imgdir><imgdir name="3"><int name="x1" value="225"/><int name="y1" value="195"/><int name="x2" value="315"/><int name="y2" value="195"/><int name="prev" value="1"/><int name="next" value="11"/></imgdir><imgdir name="4"><int name="x1" value="45"/><int name="y1" value="195"/><int name="x2" value="135"/><int name="y2" value="195"/><int name="prev" value="5"/><int name="next" value="1"/></imgdir><imgdir name="5"><int name="x1" value="-45"/><int name="y1" value="195"/><int name="x2" value="45"/><int name="y2" value="195"/><int name="prev" value="6"/><int name="next" value="4"/></imgdir><imgdir name="6"><int name="x1" value="-135"/><int name="y1" value="195"/><int name="x2" value="-45"/><int name="y2" value="195"/><int name="prev" value="7"/><int name="next" value="5"/></imgdir><imgdir name="7"><int name="x1" value="-225"/><int name="y1" value="195"/><int name="x2" value="-135"/><int name="y2" value="195"/><int name="prev" value="2"/><int name="next" value="6"/></imgdir><imgdir name="8"><int name="x1" value="-405"/><int name="y1" value="195"/><int name="x2" value="-315"/><int name="y2" value="195"/><int name="prev" value="9"/><int name="next" value="2"/></imgdir><imgdir name="9"><int name="x1" value="-495"/><int name="y1" value="195"/><int name="x2" value="-405"/><int name="y2" value="195"/><int name="prev" value="18"/><int name="next" value="8"/></imgdir><imgdir name="10"><int name="x1" value="405"/><int name="y1" value="195"/><int name="x2" value="495"/><int name="y2" value="195"/><int name="prev" value="11"/><int name="next" value="13"/></imgdir><imgdir name="11"><int name="x1" value="315"/><int name="y1" value="195"/><int name="x2" value="405"/><int name="y2" value="195"/><int name="prev" value="3"/><int name="next" value="10"/></imgdir><imgdir name="12"><int name="x1" value="585"/><int name="y1" value="195"/><int name="x2" value="675"/><int name="y2" value="195"/><int name="prev" value="13"/><int name="next" value="14"/></imgdir><imgdir name="13"><int name="x1" value="495"/><int name="y1" value="195"/><int name="x2" value="585"/><int name="y2" value="195"/><int name="prev" value="10"/><int name="next" value="12"/></imgdir><imgdir name="14"><int name="x1" value="675"/><int name="y1" value="195"/><int name="x2" value="765"/><int name="y2" value="195"/><int name="prev" value="12"/><int name="next" value="15"/></imgdir><imgdir name="15"><int name="x1" value="765"/><int name="y1" value="195"/><int name="x2" value="855"/><int name="y2" value="195"/><int name="prev" value="14"/><int name="next" value="16"/></imgdir><imgdir name="16"><int name="x1" value="855"/><int name="y1" value="195"/><int name="x2" value="945"/><int name="y2" value="135"/><int name="prev" value="15"/><int name="next" value="17"/></imgdir><imgdir name="17"><int name="x1" value="945"/><int name="y1" value="135"/><int name="x2" value="1035"/><int name="y2" value="135"/><int name="prev" value="16"/><int name="next" value="0"/></imgdir><imgdir name="18"><int name="x1" value="-585"/><int name="y1" value="195"/><int name="x2" value="-495"/><int name="y2" value="195"/><int name="prev" value="19"/><int name="next" value="9"/></imgdir><imgdir name="19"><int name="x1" value="-675"/><int name="y1" value="195"/><int name="x2" value="-585"/><int name="y2" value="195"/><int name="prev" value="20"/><int name="next" value="18"/></imgdir><imgdir name="20"><int name="x1" value="-765"/><int name="y1" value="195"/><int name="x2" value="-675"/><int name="y2" value="195"/><int name="prev" value="21"/><int name="next" value="19"/></imgdir><imgdir name="21"><int name="x1" value="-855"/><int name="y1" value="135"/><int name="x2" value="-765"/><int name="y2" value="195"/><int name="prev" value="22"/><int name="next" value="20"/></imgdir><imgdir name="22"><int name="x1" value="-945"/><int name="y1" value="135"/><int name="x2" value="-855"/><int name="y2" value="135"/><int name="prev" value="0"/><int name="next" value="21"/></imgdir><imgdir name="23"><int name="x1" value="-859"/><int name="y1" value="73"/><int name="x2" value="-834"/><int name="y2" value="75"/><int name="prev" value="0"/><int name="next" value="24"/></imgdir><imgdir name="24"><int name="x1" value="-834"/><int name="y1" value="75"/><int name="x2" value="-816"/><int name="y2" value="75"/><int name="prev" value="23"/><int name="next" value="0"/></imgdir><imgdir name="25"><int name="x1" value="-846"/><int name="y1" value="94"/><int name="x2" value="-817"/><int name="y2" value="97"/><int name="prev" value="0"/><int name="next" value="26"/></imgdir><imgdir name="26"><int name="x1" value="-817"/><int name="y1" value="97"/><int name="x2" value="-776"/><int name="y2" value="100"/><int name="prev" value="25"/><int name="next" value="0"/></imgdir><imgdir name="27"><int name="x1" value="-814"/><int name="y1" value="118"/><int name="x2" value="-787"/><int name="y2" value="120"/><int name="prev" value="0"/><int name="next" value="28"/></imgdir><imgdir name="28"><int name="x1" value="-787"/><int name="y1" value="120"/><int name="x2" value="-754"/><int name="y2" value="121"/><int name="prev" value="27"/><int name="next" value="0"/></imgdir><imgdir name="29"><int name="x1" value="-795"/><int name="y1" value="137"/><int name="x2" value="-744"/><int name="y2" value="141"/><int name="prev" value="0"/><int name="next" value="30"/></imgdir><imgdir name="30"><int name="x1" value="-744"/><int name="y1" value="141"/><int name="x2" value="-737"/><int name="y2" value="144"/><int name="prev" value="29"/><int name="next" value="31"/></imgdir><imgdir name="31"><int name="x1" value="-737"/><int name="y1" value="144"/><int name="x2" value="-719"/><int name="y2" value="146"/><int name="prev" value="30"/><int name="next" value="0"/></imgdir><imgdir name="32"><int name="x1" value="-768"/><int name="y1" value="155"/><int name="x2" value="-704"/><int name="y2" value="161"/><int name="prev" value="0"/><int name="next" value="0"/></imgdir><imgdir name="33"><int name="x1" value="-760"/><int name="y1" value="177"/><int name="x2" value="-735"/><int name="y2" value="180"/><int name="prev" value="0"/><int name="next" value="34"/></imgdir><imgdir name="34"><int name="x1" value="-735"/><int name="y1" value="180"/><int name="x2" value="-684"/><int name="y2" value="181"/><int name="prev" value="33"/><int name="next" value="0"/></imgdir><imgdir name="35"><int name="x1" value="-831"/><int name="y1" value="20"/><int name="x2" value="-816"/><int name="y2" value="-6"/><int name="prev" value="0"/><int name="next" value="36"/></imgdir><imgdir name="36"><int name="x1" value="-816"/><int name="y1" value="-6"/><int name="x2" value="-798"/><int name="y2" value="-18"/><int name="prev" value="35"/><int name="next" value="37"/></imgdir><imgdir name="37"><int name="x1" value="-798"/><int name="y1" value="-18"/><int name="x2" value="-774"/><int name="y2" value="-19"/><int name="prev" value="36"/><int name="next" value="38"/></imgdir><imgdir name="38"><int name="x1" value="-774"/><int name="y1" value="-19"/><int name="x2" value="-746"/><int name="y2" value="-16"/><int name="prev" value="37"/><int name="next" value="39"/></imgdir><imgdir name="39"><int name="x1" value="-746"/><int name="y1" value="-16"/><int name="x2" value="-723"/><int name="y2" value="-20"/><int name="prev" value="38"/><int name="next" value="40"/></imgdir><imgdir name="40"><int name="x1" value="-723"/><int name="y1" value="-20"/><int name="x2" value="-706"/><int name="y2" value="-18"/><int name="prev" value="39"/><int name="next" value="41"/></imgdir><imgdir name="41"><int name="x1" value="-706"/><int name="y1" value="-18"/><int name="x2" value="-611"/><int name="y2" value="-22"/><int name="prev" value="40"/><int name="next" value="42"/></imgdir><imgdir name="42"><int name="x1" value="-611"/><int name="y1" value="-22"/><int name="x2" value="-580"/><int name="y2" value="-28"/><int name="prev" value="41"/><int name="next" value="43"/></imgdir><imgdir name="43"><int name="x1" value="-580"/><int name="y1" value="-28"/><int name="x2" value="-531"/><int name="y2" value="-31"/><int name="prev" value="42"/><int name="next" value="44"/></imgdir><imgdir name="44"><int name="x1" value="-531"/><int name="y1" value="-31"/><int name="x2" value="-520"/><int name="y2" value="-26"/><int name="prev" value="43"/><int name="next" value="45"/></imgdir><imgdir name="45"><int name="x1" value="-520"/><int name="y1" value="-26"/><int name="x2" value="-506"/><int name="y2" value="-25"/><int name="prev" value="44"/><int name="next" value="46"/></imgdir><imgdir name="46"><int name="x1" value="-506"/><int name="y1" value="-25"/><int name="x2" value="-501"/><int name="y2" value="-14"/><int name="prev" value="45"/><int name="next" value="0"/></imgdir><imgdir name="47"><int name="x1" value="-493"/><int name="y1" value="29"/><int name="x2" value="-439"/><int name="y2" value="27"/><int name="prev" value="0"/><int name="next" value="73"/></imgdir><imgdir name="48"><int name="x1" value="-522"/><int name="y1" value="55"/><int name="x2" value="-497"/><int name="y2" value="51"/><int name="prev" value="0"/><int name="next" value="49"/></imgdir><imgdir name="49"><int name="x1" value="-497"/><int name="y1" value="51"/><int name="x2" value="-460"/><int name="y2" value="49"/><int name="prev" value="48"/><int name="next" value="0"/></imgdir><imgdir name="50"><int name="x1" value="-525"/><int name="y1" value="75"/><int name="x2" value="-484"/><int name="y2" value="73"/><int name="prev" value="0"/><int name="next" value="0"/></imgdir><imgdir name="51"><int name="x1" value="-562"/><int name="y1" value="100"/><int name="x2" value="-528"/><int name="y2" value="97"/><int name="prev" value="0"/><int name="next" value="52"/></imgdir><imgdir name="52"><int name="x1" value="-528"/><int name="y1" value="97"/><int name="x2" value="-492"/><int name="y2" value="93"/><int name="prev" value="51"/><int name="next" value="0"/></imgdir><imgdir name="53"><int name="x1" value="-584"/><int name="y1" value="122"/><int name="x2" value="-555"/><int name="y2" value="121"/><int name="prev" value="0"/><int name="next" value="54"/></imgdir><imgdir name="54"><int name="x1" value="-555"/><int name="y1" value="121"/><int name="x2" value="-546"/><int name="y2" value="118"/><int name="prev" value="53"/><int name="next" value="55"/></imgdir><imgdir name="55"><int name="x1" value="-546"/><int name="y1" value="118"/><int name="x2" value="-526"/><int name="y2" value="121"/><int name="prev" value="54"/><int name="next" value="0"/></imgdir><imgdir name="56"><int name="x1" value="-618"/><int name="y1" value="146"/><int name="x2" value="-602"/><int name="y2" value="145"/><int name="prev" value="0"/><int name="next" value="57"/></imgdir><imgdir name="57"><int name="x1" value="-602"/><int name="y1" value="145"/><int name="x2" value="-591"/><int name="y2" value="142"/><int name="prev" value="56"/><int name="next" value="58"/></imgdir><imgdir name="58"><int name="x1" value="-591"/><int name="y1" value="142"/><int name="x2" value="-562"/><int name="y2" value="140"/><int name="prev" value="57"/><int name="next" value="59"/></imgdir><imgdir name="59"><int name="x1" value="-562"/><int name="y1" value="140"/><int name="x2" value="-545"/><int name="y2" value="138"/><int name="prev" value="58"/><int name="next" value="0"/></imgdir><imgdir name="60"><int name="x1" value="-636"/><int name="y1" value="162"/><int name="x2" value="-571"/><int name="y2" value="154"/><int name="prev" value="0"/><int name="next" value="0"/></imgdir><imgdir name="61"><int name="x1" value="-657"/><int name="y1" value="181"/><int name="x2" value="-599"/><int name="y2" value="180"/><int name="prev" value="0"/><int name="next" value="62"/></imgdir><imgdir name="62"><int name="x1" value="-599"/><int name="y1" value="180"/><int name="x2" value="-578"/><int name="y2" value="177"/><int name="prev" value="61"/><int name="next" value="0"/></imgdir><imgdir name="63"><int name="x1" value="-564"/><int name="y1" value="4"/><int name="x2" value="-534"/><int name="y2" value="2"/><int name="prev" value="0"/><int name="next" value="64"/></imgdir><imgdir name="64"><int name="x1" value="-534"/><int name="y1" value="2"/><int name="x2" value="-506"/><int name="y2" value="0"/><int name="prev" value="63"/><int name="next" value="65"/></imgdir><imgdir name="65"><int name="x1" value="-506"/><int name="y1" value="0"/><int name="x2" value="-498"/><int name="y2" value="9"/><int name="prev" value="64"/><int name="next" value="0"/></imgdir><imgdir name="66"><int name="x1" value="-490"/><int name="y1" value="-91"/><int name="x2" value="-475"/><int name="y2" value="-96"/><int name="prev" value="0"/><int name="next" value="67"/></imgdir><imgdir name="67"><int name="x1" value="-475"/><int name="y1" value="-96"/><int name="x2" value="-454"/><int name="y2" value="-97"/><int name="prev" value="66"/><int name="next" value="68"/></imgdir><imgdir name="68"><int name="x1" value="-454"/><int name="y1" value="-97"/><int name="x2" value="-447"/><int name="y2" value="-106"/><int name="prev" value="67"/><int name="next" value="69"/></imgdir><imgdir name="69"><int name="x1" value="-447"/><int name="y1" value="-106"/><int name="x2" value="-363"/><int name="y2" value="-101"/><int name="prev" value="68"/><int name="next" value="70"/></imgdir><imgdir name="70"><int name="x1" value="-363"/><int name="y1" value="-101"/><int name="x2" value="-353"/><int name="y2" value="-99"/><int name="prev" value="69"/><int name="next" value="71"/></imgdir><imgdir name="71"><int name="x1" value="-353"/><int name="y1" value="-99"/><int name="x2" value="-310"/><int name="y2" value="-99"/><int name="prev" value="70"/><int name="next" value="72"/></imgdir><imgdir name="72"><int name="x1" value="-310"/><int name="y1" value="-99"/><int name="x2" value="-251"/><int name="y2" value="-99"/><int name="prev" value="71"/><int name="next" value="0"/></imgdir><imgdir name="73"><int name="x1" value="-439"/><int name="y1" value="27"/><int name="x2" value="-397"/><int name="y2" value="29"/><int name="prev" value="47"/><int name="next" value="74"/></imgdir><imgdir name="74"><int name="x1" value="-397"/><int name="y1" value="29"/><int name="x2" value="-385"/><int name="y2" value="34"/><int name="prev" value="73"/><int name="next" value="75"/></imgdir><imgdir name="75"><int name="x1" value="-385"/><int name="y1" value="34"/><int name="x2" value="-333"/><int name="y2" value="35"/><int name="prev" value="74"/><int name="next" value="76"/></imgdir><imgdir name="76"><int name="x1" value="-333"/><int name="y1" value="35"/><int name="x2" value="-283"/><int name="y2" value="42"/><int name="prev" value="75"/><int name="next" value="0"/></imgdir><imgdir name="77"><int name="x1" value="-313"/><int name="y1" value="-55"/><int name="x2" value="-203"/><int name="y2" value="-55"/><int name="prev" value="0"/><int name="next" value="0"/></imgdir><imgdir name="78"><int name="x1" value="-269"/><int name="y1" value="-92"/><int name="x2" value="-158"/><int name="y2" value="-92"/><int name="prev" value="0"/><int name="next" value="0"/></imgdir><imgdir name="79"><int name="x1" value="-228"/><int name="y1" value="-127"/><int name="x2" value="-116"/><int name="y2" value="-127"/><int name="prev" value="0"/><int name="next" value="0"/></imgdir><imgdir name="80"><int name="x1" value="-196"/><int name="y1" value="-152"/><int name="x2" value="-93"/><int name="y2" value="-152"/><int name="prev" value="0"/><int name="next" value="81"/></imgdir><imgdir name="81"><int name="x1" value="-93"/><int name="y1" value="-152"/><int name="x2" value="54"/><int name="y2" value="-152"/><int name="prev" value="80"/><int name="next" value="82"/></imgdir><imgdir name="82"><int name="x1" value="54"/><int name="y1" value="-152"/><int name="x2" value="174"/><int name="y2" value="-152"/><int name="prev" value="81"/><int name="next" value="83"/></imgdir><imgdir name="83"><int name="x1" value="174"/><int name="y1" value="-152"/><int name="x2" value="206"/><int name="y2" value="-153"/><int name="prev" value="82"/><int name="next" value="84"/></imgdir><imgdir name="84"><int name="x1" value="206"/><int name="y1" value="-153"/><int name="x2" value="270"/><int name="y2" value="-147"/><int name="prev" value="83"/><int name="next" value="85"/></imgdir><imgdir name="85"><int name="x1" value="270"/><int name="y1" value="-147"/><int name="x2" value="338"/><int name="y2" value="-143"/><int name="prev" value="84"/><int name="next" value="86"/></imgdir><imgdir name="86"><int name="x1" value="338"/><int name="y1" value="-143"/><int name="x2" value="367"/><int name="y2" value="-143"/><int name="prev" value="85"/><int name="next" value="87"/></imgdir><imgdir name="87"><int name="x1" value="367"/><int name="y1" value="-143"/><int name="x2" value="427"/><int name="y2" value="-142"/><int name="prev" value="86"/><int name="next" value="0"/></imgdir><imgdir name="88"><int name="x1" value="385"/><int name="y1" value="-161"/><int name="x2" value="409"/><int name="y2" value="-187"/><int name="prev" value="0"/><int name="next" value="89"/></imgdir><imgdir name="89"><int name="x1" value="409"/><int name="y1" value="-187"/><int name="x2" value="479"/><int name="y2" value="-188"/><int name="prev" value="88"/><int name="next" value="90"/></imgdir><imgdir name="90"><int name="x1" value="479"/><int name="y1" value="-188"/><int name="x2" value="500"/><int name="y2" value="-193"/><int name="prev" value="89"/><int name="next" value="91"/></imgdir><imgdir name="91"><int name="x1" value="500"/><int name="y1" value="-193"/><int name="x2" value="569"/><int name="y2" value="-194"/><int name="prev" value="90"/><int name="next" value="92"/></imgdir><imgdir name="92"><int name="x1" value="569"/><int name="y1" value="-194"/><int name="x2" value="576"/><int name="y2" value="-189"/><int name="prev" value="91"/><int name="next" value="0"/></imgdir><imgdir name="93"><int name="x1" value="733"/><int name="y1" value="140"/><int name="x2" value="741"/><int name="y2" value="132"/><int name="prev" value="0"/><int name="next" value="94"/></imgdir><imgdir name="94"><int name="x1" value="741"/><int name="y1" value="132"/><int name="x2" value="772"/><int name="y2" value="127"/><int name="prev" value="93"/><int name="next" value="95"/></imgdir><imgdir name="95"><int name="x1" value="772"/><int name="y1" value="127"/><int name="x2" value="807"/><int name="y2" value="129"/><int name="prev" value="94"/><int name="next" value="96"/></imgdir><imgdir name="96"><int name="x1" value="807"/><int name="y1" value="129"/><int name="x2" value="844"/><int name="y2" value="126"/><int name="prev" value="95"/><int name="next" value="97"/></imgdir><imgdir name="97"><int name="x1" value="844"/><int name="y1" value="126"/><int name="x2" value="890"/><int name="y2" value="119"/><int name="prev" value="96"/><int name="next" value="98"/></imgdir><imgdir name="98"><int name="x1" value="890"/><int name="y1" value="119"/><int name="x2" value="925"/><int name="y2" value="124"/><int name="prev" value="97"/><int name="next" value="99"/></imgdir><imgdir name="99"><int name="x1" value="925"/><int name="y1" value="124"/><int name="x2" value="931"/><int name="y2" value="132"/><int name="prev" value="98"/><int name="next" value="100"/></imgdir><imgdir name="100"><int name="x1" value="931"/><int name="y1" value="132"/><int name="x2" value="935"/><int name="y2" value="139"/><int name="prev" value="99"/><int name="next" value="0"/></imgdir><imgdir name="101"><int name="x1" value="734"/><int name="y1" value="42"/><int name="x2" value="741"/><int name="y2" value="38"/><int name="prev" value="0"/><int name="next" value="102"/></imgdir><imgdir name="102"><int name="x1" value="741"/><int name="y1" value="38"/><int name="x2" value="767"/><int name="y2" value="31"/><int name="prev" value="101"/><int name="next" value="103"/></imgdir><imgdir name="103"><int name="x1" value="767"/><int name="y1" value="31"/><int name="x2" value="811"/><int name="y2" value="31"/><int name="prev" value="102"/><int name="next" value="104"/></imgdir><imgdir name="104"><int name="x1" value="811"/><int name="y1" value="31"/><int name="x2" value="839"/><int name="y2" value="30"/><int name="prev" value="103"/><int name="next" value="105"/></imgdir><imgdir name="105"><int name="x1" value="839"/><int name="y1" value="30"/><int name="x2" value="856"/><int name="y2" value="27"/><int name="prev" value="104"/><int name="next" value="106"/></imgdir><imgdir name="106"><int name="x1" value="856"/><int name="y1" value="27"/><int name="x2" value="868"/><int name="y2" value="30"/><int name="prev" value="105"/><int name="next" value="0"/></imgdir><imgdir name="107"><int name="x1" value="711"/><int name="y1" value="-103"/><int name="x2" value="762"/><int name="y2" value="-103"/><int name="prev" value="0"/><int name="next" value="108"/></imgdir><imgdir name="108"><int name="x1" value="762"/><int name="y1" value="-103"/><int name="x2" value="776"/><int name="y2" value="-100"/><int name="prev" value="107"/><int name="next" value="109"/></imgdir><imgdir name="109"><int name="x1" value="776"/><int name="y1" value="-100"/><int name="x2" value="778"/><int name="y2" value="-98"/><int name="prev" value="108"/><int name="next" value="125"/></imgdir><imgdir name="110"><int name="x1" value="546"/><int name="y1" value="-151"/><int name="x2" value="656"/><int name="y2" value="-151"/><int name="prev" value="0"/><int name="next" value="0"/></imgdir><imgdir name="111"><int name="x1" value="585"/><int name="y1" value="-123"/><int name="x2" value="697"/><int name="y2" value="-123"/><int name="prev" value="0"/><int name="next" value="0"/></imgdir><imgdir name="112"><int name="x1" value="624"/><int name="y1" value="-89"/><int name="x2" value="735"/><int name="y2" value="-89"/><int name="prev" value="0"/><int name="next" value="0"/></imgdir><imgdir name="113"><int name="x1" value="661"/><int name="y1" value="-59"/><int name="x2" value="773"/><int name="y2" value="-59"/><int name="prev" value="0"/><int name="next" value="0"/></imgdir><imgdir name="114"><int name="x1" value="544"/><int name="y1" value="-344"/><int name="x2" value="620"/><int name="y2" value="-348"/><int name="prev" value="122"/><int name="next" value="115"/></imgdir><imgdir name="115"><int name="x1" value="620"/><int name="y1" value="-348"/><int name="x2" value="637"/><int name="y2" value="-355"/><int name="prev" value="114"/><int name="next" value="116"/></imgdir><imgdir name="116"><int name="x1" value="637"/><int name="y1" value="-355"/><int name="x2" value="718"/><int name="y2" value="-359"/><int name="prev" value="115"/><int name="next" value="117"/></imgdir><imgdir name="117"><int name="x1" value="718"/><int name="y1" value="-359"/><int name="x2" value="759"/><int name="y2" value="-360"/><int name="prev" value="116"/><int name="next" value="118"/></imgdir><imgdir name="118"><int name="x1" value="759"/><int name="y1" value="-360"/><int name="x2" value="796"/><int name="y2" value="-360"/><int name="prev" value="117"/><int name="next" value="123"/></imgdir><imgdir name="119"><int name="x1" value="377"/><int name="y1" value="-353"/><int name="x2" value="409"/><int name="y2" value="-354"/><int name="prev" value="0"/><int name="next" value="120"/></imgdir><imgdir name="120"><int name="x1" value="409"/><int name="y1" value="-354"/><int name="x2" value="473"/><int name="y2" value="-348"/><int name="prev" value="119"/><int name="next" value="121"/></imgdir><imgdir name="121"><int name="x1" value="473"/><int name="y1" value="-348"/><int name="x2" value="541"/><int name="y2" value="-344"/><int name="prev" value="120"/><int name="next" value="122"/></imgdir><imgdir name="122"><int name="x1" value="541"/><int name="y1" value="-344"/><int name="x2" value="544"/><int name="y2" value="-344"/><int name="prev" value="121"/><int name="next" value="114"/></imgdir><imgdir name="123"><int name="x1" value="796"/><int name="y1" value="-360"/><int name="x2" value="835"/><int name="y2" value="-360"/><int name="prev" value="118"/><int name="next" value="124"/></imgdir><imgdir name="124"><int name="x1" value="835"/><int name="y1" value="-360"/><int name="x2" value="848"/><int name="y2" value="-355"/><int name="prev" value="123"/><int name="next" value="0"/></imgdir><imgdir name="125"><int name="x1" value="778"/><int name="y1" value="-98"/><int name="x2" value="812"/><int name="y2" value="-98"/><int name="prev" value="109"/><int name="next" value="126"/></imgdir><imgdir name="126"><int name="x1" value="812"/><int name="y1" value="-98"/><int name="x2" value="900"/><int name="y2" value="-105"/><int name="prev" value="125"/><int name="next" value="127"/></imgdir><imgdir name="127"><int name="x1" value="900"/><int name="y1" value="-105"/><int name="x2" value="959"/><int name="y2" value="-106"/><int name="prev" value="126"/><int name="next" value="128"/></imgdir><imgdir name="128"><int name="x1" value="959"/><int name="y1" value="-106"/><int name="x2" value="1006"/><int name="y2" value="-109"/><int name="prev" value="127"/><int name="next" value="0"/></imgdir></imgdir><imgdir name="9"><imgdir name="129"><int name="x1" value="112"/><int name="y1" value="15"/><int name="x2" value="158"/><int name="y2" value="15"/><int name="prev" value="133"/><int name="next" value="130"/></imgdir><imgdir name="130"><int name="x1" value="158"/><int name="y1" value="15"/><int name="x2" value="158"/><int name="y2" value="30"/><int name="prev" value="129"/><int name="next" value="0"/></imgdir><imgdir name="131"><int name="x1" value="22"/><int name="y1" value="30"/><int name="x2" value="22"/><int name="y2" value="15"/><int name="prev" value="0"/><int name="next" value="132"/></imgdir><imgdir name="132"><int name="x1" value="22"/><int name="y1" value="15"/><int name="x2" value="68"/><int name="y2" value="15"/><int name="prev" value="131"/><int name="next" value="133"/></imgdir><imgdir name="133"><int name="x1" value="68"/><int name="y1" value="15"/><int name="x2" value="112"/><int name="y2" value="15"/><int name="prev" value="132"/><int name="next" value="129"/></imgdir></imgdir><imgdir name="18"><imgdir name="134"><int name="x1" value="292"/><int name="y1" value="-405"/><int name="x2" value="338"/><int name="y2" value="-405"/><int name="prev" value="138"/><int name="next" value="135"/></imgdir><imgdir name="135"><int name="x1" value="338"/><int name="y1" value="-405"/><int name="x2" value="338"/><int name="y2" value="-390"/><int name="prev" value="134"/><int name="next" value="0"/></imgdir><imgdir name="136"><int name="x1" value="202"/><int name="y1" value="-390"/><int name="x2" value="202"/><int name="y2" value="-405"/><int name="prev" value="0"/><int name="next" value="137"/></imgdir><imgdir name="137"><int name="x1" value="202"/><int name="y1" value="-405"/><int name="x2" value="248"/><int name="y2" value="-405"/><int name="prev" value="136"/><int name="next" value="138"/></imgdir><imgdir name="138"><int name="x1" value="248"/><int name="y1" value="-405"/><int name="x2" value="292"/><int name="y2" value="-405"/><int name="prev" value="137"/><int name="next" value="134"/></imgdir></imgdir><imgdir name="13"><imgdir name="139"><int name="x1" value="-499"/><int name="y1" value="-458"/><int name="x2" value="-322"/><int name="y2" value="-458"/><int name="prev" value="0"/><int name="next" value="0"/></imgdir><imgdir name="140"><int name="x1" value="-346"/><int name="y1" value="-432"/><int name="x2" value="-298"/><int name="y2" value="-432"/><int name="prev" value="0"/><int name="next" value="141"/></imgdir><imgdir name="141"><int name="x1" value="-298"/><int name="y1" value="-432"/><int name="x2" value="-210"/><int name="y2" value="-432"/><int name="prev" value="140"/><int name="next" value="145"/></imgdir><imgdir name="142"><int name="x1" value="-540"/><int name="y1" value="-487"/><int name="x2" value="-540"/><int name="y2" value="-456"/><int name="prev" value="0"/><int name="next" value="143"/></imgdir><imgdir name="143"><int name="x1" value="-540"/><int name="y1" value="-456"/><int name="x2" value="-520"/><int name="y2" value="-429"/><int name="prev" value="142"/><int name="next" value="144"/></imgdir><imgdir name="144"><int name="x1" value="-520"/><int name="y1" value="-429"/><int name="x2" value="-486"/><int name="y2" value="-429"/><int name="prev" value="143"/><int name="next" value="0"/></imgdir><imgdir name="145"><int name="x1" value="-210"/><int name="y1" value="-432"/><int name="x2" value="-208"/><int name="y2" value="-432"/><int name="prev" value="141"/><int name="next" value="146"/></imgdir><imgdir name="146"><int name="x1" value="-208"/><int name="y1" value="-432"/><int name="x2" value="-206"/><int name="y2" value="-434"/><int name="prev" value="145"/><int name="next" value="147"/></imgdir><imgdir name="147"><int name="x1" value="-206"/><int name="y1" value="-434"/><int name="x2" value="-179"/><int name="y2" value="-434"/><int name="prev" value="146"/><int name="next" value="148"/></imgdir><imgdir name="148"><int name="x1" value="-179"/><int name="y1" value="-434"/><int name="x2" value="-143"/><int name="y2" value="-396"/><int name="prev" value="147"/><int name="next" value="0"/></imgdir></imgdir></imgdir></imgdir><imgdir name="ladderRope"><imgdir name="1"><int name="l" value="1"/><int name="uf" value="1"/><int name="x" value="733"/><int name="y1" value="-57"/><int name="y2" value="23"/><int name="page" value="4"/></imgdir><imgdir name="2"><int name="l" value="1"/><int name="uf" value="1"/><int name="x" value="-279"/><int name="y1" value="-53"/><int name="y2" value="25"/><int name="page" value="4"/></imgdir><imgdir name="3"><int name="l" value="0"/><int name="uf" value="1"/><int name="x" value="-147"/><int name="y1" value="-398"/><int name="y2" value="-163"/><int name="page" value="4"/></imgdir><imgdir name="4"><int name="l" value="0"/><int name="uf" value="1"/><int name="x" value="818"/><int name="y1" value="32"/><int name="y2" value="126"/><int name="page" value="5"/></imgdir><imgdir name="5"><int name="l" value="0"/><int name="uf" value="1"/><int name="x" value="618"/><int name="y1" value="-345"/><int name="y2" value="-206"/><int name="page" value="5"/></imgdir><imgdir name="6"><int name="l" value="0"/><int name="uf" value="1"/><int name="x" value="177"/><int name="y1" value="-150"/><int name="y2" value="141"/><int name="page" value="5"/></imgdir><imgdir name="7"><int name="l" value="0"/><int name="uf" value="1"/><int name="x" value="-308"/><int name="y1" value="40"/><int name="y2" value="179"/><int name="page" value="5"/></imgdir><imgdir name="8"><int name="l" value="0"/><int name="uf" value="1"/><int name="x" value="266"/><int name="y1" value="-403"/><int name="y2" value="-169"/><int name="page" value="5"/></imgdir></imgdir><imgdir name="miniMap"><canvas name="canvas" width="129" height="79"></canvas><int name="width" value="2076"/><int name="height" value="1269"/><int name="centerX" value="993"/><int name="centerY" value="797"/><int name="mag" value="4"/></imgdir><imgdir name="portal"><imgdir name="0"><string name="pn" value="sp"/><int name="pt" value="0"/><int name="x" value="-620"/><int name="y" value="-104"/><int name="tm" value="999999999"/><string name="tn" value=""/></imgdir><imgdir name="1"><string name="pn" value="sp"/><int name="pt" value="0"/><int name="x" value="812"/><int name="y" value="10"/><int name="tm" value="999999999"/><string name="tn" value=""/></imgdir><imgdir name="2"><string name="pn" value="west00"/><int name="pt" value="2"/><int name="x" value="-668"/><int name="y" value="-21"/><int name="tm" value="101030104"/><string name="tn" value="east00"/></imgdir><imgdir name="3"><string name="pn" value="east00"/><int name="pt" value="2"/><int name="x" value="708"/><int name="y" value="-360"/><int name="tm" value="101030106"/><string name="tn" value="west00"/></imgdir></imgdir></imgdir>