<?xml version="1.0" encoding="UTF-8" standalone="yes"?><imgdir name="101030405.img"><imgdir name="back"><imgdir name="0"><int name="no" value="0"/><int name="x" value="0"/><int name="y" value="0"/><int name="rx" value="0"/><int name="ry" value="0"/><int name="type" value="3"/><int name="cx" value="0"/><int name="cy" value="0"/><string name="bS" value="dryRock"/><int name="a" value="255"/><int name="front" value="0"/><int name="ani" value="0"/><int name="f" value="0"/></imgdir><imgdir name="1"><string name="bS" value="dryRock"/><int name="no" value="1"/><int name="x" value="-6"/><int name="y" value="-334"/><int name="rx" value="-2"/><int name="ry" value="-5"/><int name="type" value="0"/><int name="cx" value="0"/><int name="cy" value="0"/><int name="a" value="255"/><int name="front" value="0"/><int name="ani" value="0"/><int name="f" value="0"/></imgdir><imgdir name="4"><string name="bS" value="dryRock"/><int name="no" value="18"/><int name="x" value="-217"/><int name="y" value="89"/><int name="rx" value="-20"/><int name="ry" value="-14"/><int name="type" value="0"/><int name="cx" value="0"/><int name="cy" value="0"/><int name="a" value="255"/><int name="front" value="0"/><int name="ani" value="0"/><int name="f" value="0"/></imgdir><imgdir name="7"><string name="bS" value="dryRock"/><int name="no" value="6"/><int name="x" value="28"/><int name="y" value="281"/><int name="rx" value="25"/><int name="ry" value="-15"/><int name="type" value="4"/><int name="cx" value="0"/><int name="cy" value="0"/><int name="a" value="255"/><int name="front" value="0"/><int name="ani" value="0"/><int name="f" value="0"/></imgdir><imgdir name="8"><string name="bS" value="dryRock"/><int name="no" value="23"/><int name="x" value="381"/><int name="y" value="297"/><int name="rx" value="-32"/><int name="ry" value="-17"/><int name="type" value="0"/><int name="cx" value="0"/><int name="cy" value="0"/><int name="a" value="255"/><int name="front" value="0"/><int name="ani" value="0"/><int name="f" value="0"/></imgdir><imgdir name="9"><string name="bS" value="dryRock"/><int name="no" value="7"/><int name="x" value="63"/><int name="y" value="448"/><int name="rx" value="30"/><int name="ry" value="-16"/><int name="type" value="4"/><int name="cx" value="0"/><int name="cy" value="0"/><int name="a" value="255"/><int name="front" value="0"/><int name="ani" value="0"/><int name="f" value="0"/></imgdir><imgdir name="10"><string name="bS" value="dryRock"/><int name="no" value="23"/><int name="x" value="275"/><int name="y" value="372"/><int name="rx" value="-50"/><int name="ry" value="-20"/><int name="type" value="0"/><int name="cx" value="0"/><int name="cy" value="0"/><int name="a" value="255"/><int name="front" value="0"/><int name="ani" value="0"/><int name="f" value="0"/></imgdir><imgdir name="12"><string name="bS" value="dryRock"/><int name="no" value="8"/><int name="x" value="-63"/><int name="y" value="569"/><int name="rx" value="35"/><int name="ry" value="-16"/><int name="type" value="4"/><int name="cx" value="0"/><int name="cy" value="0"/><int name="a" value="255"/><int name="front" value="0"/><int name="ani" value="0"/><int name="f" value="0"/></imgdir><imgdir name="13"><string name="bS" value="dryRock"/><int name="no" value="27"/><int name="x" value="1044"/><int name="y" value="601"/><int name="rx" value="-55"/><int name="ry" value="-22"/><int name="type" value="0"/><int name="cx" value="0"/><int name="cy" value="0"/><int name="a" value="255"/><int name="front" value="0"/><int name="ani" value="0"/><int name="f" value="0"/></imgdir><imgdir name="2"><string name="bS" value="dryRock"/><int name="no" value="14"/><int name="x" value="-315"/><int name="y" value="48"/><int name="rx" value="-2"/><int name="ry" value="-5"/><int name="type" value="0"/><int name="cx" value="0"/><int name="cy" value="0"/><int name="a" value="255"/><int name="front" value="0"/><int name="ani" value="0"/><int name="f" value="0"/></imgdir><imgdir name="11"><string name="bS" value="dryRock"/><int name="no" value="26"/><int name="x" value="110"/><int name="y" value="368"/><int name="rx" value="-40"/><int name="ry" value="-21"/><int name="type" value="0"/><int name="cx" value="0"/><int name="cy" value="0"/><int name="a" value="255"/><int name="front" value="0"/><int name="ani" value="0"/><int name="f" value="0"/></imgdir><imgdir name="6"><string name="bS" value="dryRock"/><int name="no" value="17"/><int name="x" value="668"/><int name="y" value="97"/><int name="rx" value="-30"/><int name="ry" value="-15"/><int name="type" value="0"/><int name="cx" value="0"/><int name="cy" value="0"/><int name="a" value="255"/><int name="front" value="0"/><int name="ani" value="0"/><int name="f" value="0"/></imgdir><imgdir name="5"><string name="bS" value="dryRock"/><int name="no" value="5"/><int name="x" value="95"/><int name="y" value="190"/><int name="rx" value="20"/><int name="ry" value="-13"/><int name="type" value="4"/><int name="cx" value="0"/><int name="cy" value="0"/><int name="a" value="255"/><int name="front" value="0"/><int name="ani" value="0"/><int name="f" value="0"/></imgdir><imgdir name="3"><string name="bS" value="dryRock"/><int name="no" value="15"/><int name="x" value="383"/><int name="y" value="46"/><int name="rx" value="-4"/><int name="ry" value="-7"/><int name="type" value="0"/><int name="cx" value="0"/><int name="cy" value="0"/><int name="a" value="255"/><int name="front" value="0"/><int name="ani" value="0"/><int name="f" value="0"/></imgdir></imgdir><imgdir name="0"><imgdir name="info"></imgdir><imgdir name="tile"></imgdir><imgdir name="obj"></imgdir></imgdir><imgdir name="1"><imgdir name="info"></imgdir><imgdir name="tile"></imgdir><imgdir name="obj"></imgdir></imgdir><imgdir name="2"><imgdir name="info"></imgdir><imgdir name="tile"></imgdir><imgdir name="obj"><imgdir name="2"><string name="oS" value="acc1"/><string name="l0" value="dryRock"/><string name="l1" value="artificiality"/><string name="l2" value="0"/><int name="x" value="1534"/><int name="y" value="1492"/><int name="z" value="2"/><int name="f" value="0"/><int name="zM" value="27"/></imgdir><imgdir name="3"><string name="oS" value="acc1"/><string name="l0" value="dryRock"/><string name="l1" value="artificiality"/><string name="l2" value="2"/><int name="x" value="1608"/><int name="y" value="1489"/><int name="z" value="5"/><int name="f" value="0"/><int name="zM" value="27"/></imgdir><imgdir name="4"><string name="oS" value="acc1"/><string name="l0" value="dryRock"/><string name="l1" value="artificiality"/><string name="l2" value="3"/><int name="x" value="1608"/><int name="y" value="1468"/><int name="z" value="3"/><int name="f" value="0"/><int name="zM" value="27"/></imgdir><imgdir name="5"><string name="oS" value="acc1"/><string name="l0" value="dryRock"/><string name="l1" value="artificiality"/><string name="l2" value="21"/><int name="x" value="1542"/><int name="y" value="1391"/><int name="z" value="3"/><int name="f" value="0"/><int name="zM" value="27"/></imgdir><imgdir name="0"><string name="oS" value="acc1"/><string name="l0" value="dryRock"/><string name="l1" value="artificiality"/><string name="l2" value="26"/><int name="x" value="1585"/><int name="y" value="1419"/><int name="z" value="1"/><int name="f" value="0"/><int name="zM" value="27"/></imgdir><imgdir name="1"><string name="oS" value="acc1"/><string name="l0" value="dryRock"/><string name="l1" value="artificiality"/><string name="l2" value="24"/><int name="x" value="1486"/><int name="y" value="1429"/><int name="z" value="4"/><int name="f" value="0"/><int name="zM" value="26"/></imgdir></imgdir></imgdir><imgdir name="3"><imgdir name="info"><string name="tS" value="dryRock"/></imgdir><imgdir name="tile"><imgdir name="34"><int name="x" value="1710"/><int name="y" value="2220"/><string name="u" value="enH0"/><int name="no" value="1"/><int name="zM" value="0"/></imgdir><imgdir name="31"><int name="x" value="1800"/><int name="y" value="2220"/><string name="u" value="enH0"/><int name="no" value="1"/><int name="zM" value="0"/></imgdir><imgdir name="53"><int name="x" value="1710"/><int name="y" value="2340"/><string name="u" value="bsc"/><int name="no" value="2"/><int name="zM" value="0"/></imgdir><imgdir name="44"><int name="x" value="1710"/><int name="y" value="2400"/><string name="u" value="bsc"/><int name="no" value="1"/><int name="zM" value="0"/></imgdir><imgdir name="55"><int name="x" value="1710"/><int name="y" value="2280"/><string name="u" value="bsc"/><int name="no" value="0"/><int name="zM" value="0"/></imgdir><imgdir name="51"><int name="x" value="1710"/><int name="y" value="2520"/><string name="u" value="bsc"/><int name="no" value="1"/><int name="zM" value="0"/></imgdir><imgdir name="35"><int name="x" value="1710"/><int name="y" value="2220"/><string name="u" value="bsc"/><int name="no" value="0"/><int name="zM" value="0"/></imgdir><imgdir name="49"><int name="x" value="1800"/><int name="y" value="2520"/><string name="u" value="bsc"/><int name="no" value="0"/><int name="zM" value="0"/></imgdir><imgdir name="23"><int name="x" value="1800"/><int name="y" value="2280"/><string name="u" value="bsc"/><int name="no" value="0"/><int name="zM" value="0"/></imgdir><imgdir name="30"><int name="x" value="1800"/><int name="y" value="2220"/><string name="u" value="bsc"/><int name="no" value="1"/><int name="zM" value="0"/></imgdir><imgdir name="19"><int name="x" value="1800"/><int name="y" value="2460"/><string name="u" value="bsc"/><int name="no" value="2"/><int name="zM" value="0"/></imgdir><imgdir name="46"><int name="x" value="1800"/><int name="y" value="2340"/><string name="u" value="bsc"/><int name="no" value="0"/><int name="zM" value="0"/></imgdir><imgdir name="17"><int name="x" value="1800"/><int name="y" value="2400"/><string name="u" value="bsc"/><int name="no" value="0"/><int name="zM" value="0"/></imgdir><imgdir name="36"><int name="x" value="1710"/><int name="y" value="2460"/><string name="u" value="bsc"/><int name="no" value="2"/><int name="zM" value="0"/></imgdir><imgdir name="63"><int name="x" value="1620"/><int name="y" value="2220"/><string name="u" value="enH0"/><int name="no" value="0"/><int name="zM" value="0"/></imgdir><imgdir name="62"><int name="x" value="1620"/><int name="y" value="2220"/><string name="u" value="bsc"/><int name="no" value="0"/><int name="zM" value="0"/></imgdir><imgdir name="66"><int name="x" value="1620"/><int name="y" value="2280"/><string name="u" value="bsc"/><int name="no" value="2"/><int name="zM" value="0"/></imgdir><imgdir name="72"><int name="x" value="1620"/><int name="y" value="2340"/><string name="u" value="bsc"/><int name="no" value="2"/><int name="zM" value="0"/></imgdir><imgdir name="50"><int name="x" value="1620"/><int name="y" value="2400"/><string name="u" value="bsc"/><int name="no" value="1"/><int name="zM" value="0"/></imgdir><imgdir name="18"><int name="x" value="1620"/><int name="y" value="2520"/><string name="u" value="bsc"/><int name="no" value="0"/><int name="zM" value="0"/></imgdir><imgdir name="114"><int name="x" value="360"/><int name="y" value="2220"/><string name="u" value="bsc"/><int name="no" value="1"/><int name="zM" value="1"/></imgdir><imgdir name="105"><int name="x" value="450"/><int name="y" value="2220"/><string name="u" value="bsc"/><int name="no" value="2"/><int name="zM" value="1"/></imgdir><imgdir name="104"><int name="x" value="90"/><int name="y" value="2280"/><string name="u" value="bsc"/><int name="no" value="1"/><int name="zM" value="1"/></imgdir><imgdir name="103"><int name="x" value="90"/><int name="y" value="2400"/><string name="u" value="bsc"/><int name="no" value="1"/><int name="zM" value="1"/></imgdir><imgdir name="108"><int name="x" value="180"/><int name="y" value="2280"/><string name="u" value="bsc"/><int name="no" value="2"/><int name="zM" value="1"/></imgdir><imgdir name="106"><int name="x" value="270"/><int name="y" value="2280"/><string name="u" value="bsc"/><int name="no" value="1"/><int name="zM" value="1"/></imgdir><imgdir name="115"><int name="x" value="360"/><int name="y" value="2280"/><string name="u" value="bsc"/><int name="no" value="1"/><int name="zM" value="1"/></imgdir><imgdir name="110"><int name="x" value="450"/><int name="y" value="2280"/><string name="u" value="bsc"/><int name="no" value="1"/><int name="zM" value="1"/></imgdir><imgdir name="11"><int name="x" value="180"/><int name="y" value="2580"/><string name="u" value="enH1"/><int name="no" value="1"/><int name="zM" value="1"/></imgdir><imgdir name="7"><int name="x" value="270"/><int name="y" value="2580"/><string name="u" value="enH1"/><int name="no" value="1"/><int name="zM" value="1"/></imgdir><imgdir name="2"><int name="x" value="450"/><int name="y" value="2580"/><string name="u" value="enH1"/><int name="no" value="1"/><int name="zM" value="1"/></imgdir><imgdir name="27"><int name="x" value="360"/><int name="y" value="2580"/><string name="u" value="enH1"/><int name="no" value="1"/><int name="zM" value="1"/></imgdir><imgdir name="25"><int name="x" value="1800"/><int name="y" value="2580"/><string name="u" value="enH1"/><int name="no" value="0"/><int name="zM" value="0"/></imgdir><imgdir name="24"><int name="x" value="90"/><int name="y" value="2580"/><string name="u" value="enH1"/><int name="no" value="1"/><int name="zM" value="1"/></imgdir><imgdir name="1"><int name="x" value="1710"/><int name="y" value="2580"/><string name="u" value="enH1"/><int name="no" value="1"/><int name="zM" value="0"/></imgdir><imgdir name="107"><int name="x" value="1890"/><int name="y" value="2400"/><string name="u" value="enV1"/><int name="no" value="2"/><int name="zM" value="0"/></imgdir><imgdir name="10"><int name="x" value="1890"/><int name="y" value="2580"/><string name="u" value="edD"/><int name="no" value="0"/><int name="zM" value="0"/></imgdir><imgdir name="0"><int name="x" value="1890"/><int name="y" value="2460"/><string name="u" value="enV1"/><int name="no" value="0"/><int name="zM" value="0"/></imgdir><imgdir name="109"><int name="x" value="1890"/><int name="y" value="2280"/><string name="u" value="enV1"/><int name="no" value="1"/><int name="zM" value="0"/></imgdir><imgdir name="33"><int name="x" value="1890"/><int name="y" value="2520"/><string name="u" value="enV1"/><int name="no" value="1"/><int name="zM" value="0"/></imgdir><imgdir name="6"><int name="x" value="1890"/><int name="y" value="2220"/><string name="u" value="edU"/><int name="no" value="0"/><int name="zM" value="0"/></imgdir><imgdir name="8"><int name="x" value="1890"/><int name="y" value="2340"/><string name="u" value="enV1"/><int name="no" value="2"/><int name="zM" value="0"/></imgdir><imgdir name="95"><int name="x" value="450"/><int name="y" value="2520"/><string name="u" value="bsc"/><int name="no" value="0"/><int name="zM" value="1"/></imgdir><imgdir name="92"><int name="x" value="360"/><int name="y" value="2520"/><string name="u" value="bsc"/><int name="no" value="2"/><int name="zM" value="1"/></imgdir><imgdir name="38"><int name="x" value="450"/><int name="y" value="2400"/><string name="u" value="bsc"/><int name="no" value="2"/><int name="zM" value="1"/></imgdir><imgdir name="39"><int name="x" value="450"/><int name="y" value="2340"/><string name="u" value="bsc"/><int name="no" value="2"/><int name="zM" value="1"/></imgdir><imgdir name="87"><int name="x" value="270"/><int name="y" value="2520"/><string name="u" value="bsc"/><int name="no" value="2"/><int name="zM" value="1"/></imgdir><imgdir name="45"><int name="x" value="450"/><int name="y" value="2460"/><string name="u" value="bsc"/><int name="no" value="0"/><int name="zM" value="1"/></imgdir><imgdir name="65"><int name="x" value="360"/><int name="y" value="2340"/><string name="u" value="bsc"/><int name="no" value="0"/><int name="zM" value="1"/></imgdir><imgdir name="73"><int name="x" value="360"/><int name="y" value="2400"/><string name="u" value="bsc"/><int name="no" value="1"/><int name="zM" value="1"/></imgdir><imgdir name="37"><int name="x" value="270"/><int name="y" value="2340"/><string name="u" value="bsc"/><int name="no" value="2"/><int name="zM" value="1"/></imgdir><imgdir name="90"><int name="x" value="360"/><int name="y" value="2460"/><string name="u" value="bsc"/><int name="no" value="0"/><int name="zM" value="1"/></imgdir><imgdir name="56"><int name="x" value="270"/><int name="y" value="2400"/><string name="u" value="bsc"/><int name="no" value="2"/><int name="zM" value="1"/></imgdir><imgdir name="97"><int name="x" value="90"/><int name="y" value="2520"/><string name="u" value="bsc"/><int name="no" value="2"/><int name="zM" value="1"/></imgdir><imgdir name="47"><int name="x" value="270"/><int name="y" value="2460"/><string name="u" value="bsc"/><int name="no" value="0"/><int name="zM" value="1"/></imgdir><imgdir name="112"><int name="x" value="90"/><int name="y" value="2340"/><string name="u" value="bsc"/><int name="no" value="1"/><int name="zM" value="1"/></imgdir><imgdir name="57"><int name="x" value="180"/><int name="y" value="2400"/><string name="u" value="bsc"/><int name="no" value="0"/><int name="zM" value="1"/></imgdir><imgdir name="42"><int name="x" value="180"/><int name="y" value="2460"/><string name="u" value="bsc"/><int name="no" value="2"/><int name="zM" value="1"/></imgdir><imgdir name="86"><int name="x" value="90"/><int name="y" value="2460"/><string name="u" value="bsc"/><int name="no" value="1"/><int name="zM" value="1"/></imgdir><imgdir name="20"><int name="x" value="1890"/><int name="y" value="2220"/><string name="u" value="enV1"/><int name="no" value="2"/><int name="zM" value="0"/></imgdir><imgdir name="29"><int name="x" value="180"/><int name="y" value="2520"/><string name="u" value="bsc"/><int name="no" value="1"/><int name="zM" value="1"/></imgdir><imgdir name="26"><int name="x" value="180"/><int name="y" value="2160"/><string name="u" value="enH0"/><int name="no" value="1"/><int name="zM" value="1"/></imgdir><imgdir name="43"><int name="x" value="180"/><int name="y" value="2160"/><string name="u" value="bsc"/><int name="no" value="0"/><int name="zM" value="1"/></imgdir><imgdir name="83"><int name="x" value="360"/><int name="y" value="2160"/><string name="u" value="bsc"/><int name="no" value="1"/><int name="zM" value="1"/></imgdir><imgdir name="84"><int name="x" value="360"/><int name="y" value="2160"/><string name="u" value="enH0"/><int name="no" value="1"/><int name="zM" value="1"/></imgdir><imgdir name="99"><int name="x" value="450"/><int name="y" value="2160"/><string name="u" value="enH0"/><int name="no" value="1"/><int name="zM" value="1"/></imgdir><imgdir name="113"><int name="x" value="450"/><int name="y" value="2160"/><string name="u" value="bsc"/><int name="no" value="0"/><int name="zM" value="1"/></imgdir><imgdir name="98"><int name="x" value="270"/><int name="y" value="2160"/><string name="u" value="bsc"/><int name="no" value="2"/><int name="zM" value="1"/></imgdir><imgdir name="94"><int name="x" value="90"/><int name="y" value="2160"/><string name="u" value="bsc"/><int name="no" value="1"/><int name="zM" value="1"/></imgdir><imgdir name="89"><int name="x" value="540"/><int name="y" value="2400"/><string name="u" value="bsc"/><int name="no" value="1"/><int name="zM" value="1"/></imgdir><imgdir name="77"><int name="x" value="540"/><int name="y" value="2460"/><string name="u" value="bsc"/><int name="no" value="1"/><int name="zM" value="1"/></imgdir><imgdir name="71"><int name="x" value="540"/><int name="y" value="2520"/><string name="u" value="bsc"/><int name="no" value="0"/><int name="zM" value="1"/></imgdir><imgdir name="68"><int name="x" value="540"/><int name="y" value="2580"/><string name="u" value="enH1"/><int name="no" value="0"/><int name="zM" value="1"/></imgdir><imgdir name="32"><int name="x" value="540"/><int name="y" value="2340"/><string name="u" value="bsc"/><int name="no" value="2"/><int name="zM" value="1"/></imgdir><imgdir name="64"><int name="x" value="1620"/><int name="y" value="2580"/><string name="u" value="enH1"/><int name="no" value="0"/><int name="zM" value="0"/></imgdir><imgdir name="61"><int name="x" value="180"/><int name="y" value="2340"/><string name="u" value="bsc"/><int name="no" value="0"/><int name="zM" value="1"/></imgdir><imgdir name="67"><int name="x" value="90"/><int name="y" value="2160"/><string name="u" value="enH0"/><int name="no" value="1"/><int name="zM" value="1"/></imgdir><imgdir name="76"><int name="x" value="270"/><int name="y" value="2160"/><string name="u" value="enH0"/><int name="no" value="0"/><int name="zM" value="1"/></imgdir><imgdir name="4"><int name="x" value="1620"/><int name="y" value="2400"/><string name="u" value="enV0"/><int name="no" value="0"/><int name="zM" value="0"/></imgdir><imgdir name="48"><int name="x" value="1620"/><int name="y" value="2340"/><string name="u" value="enV0"/><int name="no" value="0"/><int name="zM" value="0"/></imgdir><imgdir name="22"><int name="x" value="1620"/><int name="y" value="2280"/><string name="u" value="enV0"/><int name="no" value="0"/><int name="zM" value="0"/></imgdir><imgdir name="85"><int name="x" value="630"/><int name="y" value="2580"/><string name="u" value="enH1"/><int name="no" value="0"/><int name="zM" value="1"/></imgdir><imgdir name="54"><int name="x" value="630"/><int name="y" value="2520"/><string name="u" value="bsc"/><int name="no" value="0"/><int name="zM" value="1"/></imgdir><imgdir name="52"><int name="x" value="720"/><int name="y" value="2580"/><string name="u" value="edD"/><int name="no" value="1"/><int name="zM" value="1"/></imgdir><imgdir name="82"><int name="x" value="630"/><int name="y" value="2400"/><string name="u" value="bsc"/><int name="no" value="0"/><int name="zM" value="1"/></imgdir><imgdir name="58"><int name="x" value="630"/><int name="y" value="2460"/><string name="u" value="bsc"/><int name="no" value="1"/><int name="zM" value="1"/></imgdir><imgdir name="69"><int name="x" value="720"/><int name="y" value="2280"/><string name="u" value="edU"/><int name="no" value="0"/><int name="zM" value="1"/></imgdir><imgdir name="70"><int name="x" value="630"/><int name="y" value="2280"/><string name="u" value="slRU"/><int name="no" value="0"/><int name="zM" value="1"/></imgdir><imgdir name="59"><int name="x" value="630"/><int name="y" value="2280"/><string name="u" value="bsc"/><int name="no" value="1"/><int name="zM" value="1"/></imgdir><imgdir name="74"><int name="x" value="720"/><int name="y" value="2280"/><string name="u" value="enV1"/><int name="no" value="1"/><int name="zM" value="1"/></imgdir><imgdir name="78"><int name="x" value="720"/><int name="y" value="2340"/><string name="u" value="enV1"/><int name="no" value="0"/><int name="zM" value="1"/></imgdir><imgdir name="75"><int name="x" value="720"/><int name="y" value="2460"/><string name="u" value="enV1"/><int name="no" value="2"/><int name="zM" value="1"/></imgdir><imgdir name="41"><int name="x" value="1710"/><int name="y" value="1860"/><string name="u" value="enH1"/><int name="no" value="1"/><int name="zM" value="16"/></imgdir><imgdir name="100"><int name="x" value="1710"/><int name="y" value="1860"/><string name="u" value="enH0"/><int name="no" value="0"/><int name="zM" value="16"/></imgdir><imgdir name="14"><int name="x" value="1800"/><int name="y" value="1860"/><string name="u" value="edD"/><int name="no" value="0"/><int name="zM" value="16"/></imgdir><imgdir name="12"><int name="x" value="1800"/><int name="y" value="1860"/><string name="u" value="edU"/><int name="no" value="1"/><int name="zM" value="16"/></imgdir><imgdir name="116"><int name="x" value="1710"/><int name="y" value="1860"/><string name="u" value="edD"/><int name="no" value="1"/><int name="zM" value="16"/></imgdir><imgdir name="21"><int name="x" value="1710"/><int name="y" value="1860"/><string name="u" value="edU"/><int name="no" value="1"/><int name="zM" value="16"/></imgdir><imgdir name="117"><int name="x" value="1080"/><int name="y" value="1980"/><string name="u" value="enH1"/><int name="no" value="1"/><int name="zM" value="9"/></imgdir><imgdir name="79"><int name="x" value="1080"/><int name="y" value="1980"/><string name="u" value="enH0"/><int name="no" value="0"/><int name="zM" value="9"/></imgdir><imgdir name="102"><int name="x" value="1170"/><int name="y" value="1980"/><string name="u" value="edD"/><int name="no" value="0"/><int name="zM" value="9"/></imgdir><imgdir name="28"><int name="x" value="1170"/><int name="y" value="1980"/><string name="u" value="edU"/><int name="no" value="1"/><int name="zM" value="9"/></imgdir><imgdir name="81"><int name="x" value="1080"/><int name="y" value="1980"/><string name="u" value="edD"/><int name="no" value="0"/><int name="zM" value="9"/></imgdir><imgdir name="96"><int name="x" value="1080"/><int name="y" value="1980"/><string name="u" value="edU"/><int name="no" value="0"/><int name="zM" value="9"/></imgdir><imgdir name="80"><int name="x" value="630"/><int name="y" value="2340"/><string name="u" value="bsc"/><int name="no" value="1"/><int name="zM" value="1"/></imgdir><imgdir name="16"><int name="x" value="720"/><int name="y" value="2520"/><string name="u" value="enV1"/><int name="no" value="2"/><int name="zM" value="1"/></imgdir><imgdir name="9"><int name="x" value="540"/><int name="y" value="2220"/><string name="u" value="slRU"/><int name="no" value="0"/><int name="zM" value="1"/></imgdir><imgdir name="88"><int name="x" value="540"/><int name="y" value="2220"/><string name="u" value="bsc"/><int name="no" value="0"/><int name="zM" value="1"/></imgdir><imgdir name="40"><int name="x" value="720"/><int name="y" value="2400"/><string name="u" value="enV1"/><int name="no" value="1"/><int name="zM" value="1"/></imgdir><imgdir name="13"><int name="x" value="540"/><int name="y" value="2280"/><string name="u" value="bsc"/><int name="no" value="1"/><int name="zM" value="1"/></imgdir><imgdir name="118"><int name="x" value="1620"/><int name="y" value="2460"/><string name="u" value="bsc"/><int name="no" value="1"/><int name="zM" value="0"/></imgdir><imgdir name="93"><int name="x" value="1620"/><int name="y" value="2580"/><string name="u" value="edD"/><int name="no" value="1"/><int name="zM" value="0"/></imgdir><imgdir name="111"><int name="x" value="1620"/><int name="y" value="2460"/><string name="u" value="enV0"/><int name="no" value="1"/><int name="zM" value="0"/></imgdir><imgdir name="60"><int name="x" value="1620"/><int name="y" value="2520"/><string name="u" value="enV0"/><int name="no" value="1"/><int name="zM" value="0"/></imgdir><imgdir name="15"><int name="x" value="1620"/><int name="y" value="2220"/><string name="u" value="edU"/><int name="no" value="0"/><int name="zM" value="0"/></imgdir><imgdir name="91"><int name="x" value="1620"/><int name="y" value="2220"/><string name="u" value="enV0"/><int name="no" value="0"/><int name="zM" value="0"/></imgdir><imgdir name="3"><int name="x" value="90"/><int name="y" value="2220"/><string name="u" value="bsc"/><int name="no" value="0"/><int name="zM" value="1"/></imgdir><imgdir name="5"><int name="x" value="270"/><int name="y" value="2220"/><string name="u" value="bsc"/><int name="no" value="1"/><int name="zM" value="1"/></imgdir><imgdir name="101"><int name="x" value="180"/><int name="y" value="2220"/><string name="u" value="bsc"/><int name="no" value="0"/><int name="zM" value="1"/></imgdir><imgdir name="119"><int name="x" value="90"/><int name="y" value="2520"/><string name="u" value="enV0"/><int name="no" value="1"/><int name="zM" value="1"/></imgdir><imgdir name="121"><int name="x" value="90"/><int name="y" value="2580"/><string name="u" value="edD"/><int name="no" value="0"/><int name="zM" value="1"/></imgdir><imgdir name="122"><int name="x" value="90"/><int name="y" value="2460"/><string name="u" value="enV0"/><int name="no" value="0"/><int name="zM" value="1"/></imgdir><imgdir name="123"><int name="x" value="90"/><int name="y" value="2400"/><string name="u" value="enV0"/><int name="no" value="1"/><int name="zM" value="1"/></imgdir><imgdir name="124"><int name="x" value="90"/><int name="y" value="2340"/><string name="u" value="enV0"/><int name="no" value="2"/><int name="zM" value="1"/></imgdir><imgdir name="125"><int name="x" value="90"/><int name="y" value="2280"/><string name="u" value="enV0"/><int name="no" value="2"/><int name="zM" value="1"/></imgdir><imgdir name="126"><int name="x" value="90"/><int name="y" value="2220"/><string name="u" value="enV0"/><int name="no" value="2"/><int name="zM" value="1"/></imgdir><imgdir name="127"><int name="x" value="90"/><int name="y" value="2160"/><string name="u" value="enV0"/><int name="no" value="1"/><int name="zM" value="1"/></imgdir><imgdir name="120"><int name="x" value="90"/><int name="y" value="2160"/><string name="u" value="edU"/><int name="no" value="0"/><int name="zM" value="1"/></imgdir></imgdir><imgdir name="obj"><imgdir name="0"><string name="oS" value="acc1"/><string name="l0" value="dryRock"/><string name="l1" value="rock"/><string name="l2" value="6"/><int name="x" value="1134"/><int name="y" value="2321"/><int name="z" value="7"/><int name="f" value="0"/><int name="zM" value="2"/></imgdir><imgdir name="1"><string name="oS" value="acc1"/><string name="l0" value="dryRock"/><string name="l1" value="rock"/><string name="l2" value="2"/><int name="x" value="362"/><int name="y" value="1930"/><int name="z" value="1"/><int name="f" value="0"/><int name="zM" value="2"/></imgdir><imgdir name="2"><string name="oS" value="acc1"/><string name="l0" value="dryRock"/><string name="l1" value="rock"/><string name="l2" value="6"/><int name="x" value="816"/><int name="y" value="1703"/><int name="z" value="3"/><int name="f" value="0"/><int name="zM" value="2"/></imgdir><imgdir name="5"><string name="oS" value="acc1"/><string name="l0" value="dryRock"/><string name="l1" value="nature"/><string name="l2" value="23"/><int name="x" value="1688"/><int name="y" value="2096"/><int name="z" value="6"/><int name="f" value="0"/><int name="zM" value="2"/></imgdir><imgdir name="6"><string name="oS" value="acc1"/><string name="l0" value="dryRock"/><string name="l1" value="nature"/><string name="l2" value="18"/><int name="x" value="1755"/><int name="y" value="2177"/><int name="z" value="7"/><int name="f" value="0"/><int name="zM" value="2"/></imgdir><imgdir name="7"><string name="oS" value="acc1"/><string name="l0" value="dryRock"/><string name="l1" value="nature"/><string name="l2" value="19"/><int name="x" value="1584"/><int name="y" value="2103"/><int name="z" value="5"/><int name="f" value="0"/><int name="zM" value="2"/></imgdir><imgdir name="8"><string name="oS" value="acc1"/><string name="l0" value="dryRock"/><string name="l1" value="nature"/><string name="l2" value="14"/><int name="x" value="1645"/><int name="y" value="2137"/><int name="z" value="7"/><int name="f" value="0"/><int name="zM" value="2"/></imgdir><imgdir name="9"><string name="oS" value="acc1"/><string name="l0" value="dryRock"/><string name="l1" value="nature"/><string name="l2" value="23"/><int name="x" value="772"/><int name="y" value="2090"/><int name="z" value="2"/><int name="f" value="0"/><int name="zM" value="2"/></imgdir><imgdir name="10"><string name="oS" value="acc1"/><string name="l0" value="dryRock"/><string name="l1" value="nature"/><string name="l2" value="18"/><int name="x" value="820"/><int name="y" value="2173"/><int name="z" value="4"/><int name="f" value="0"/><int name="zM" value="2"/></imgdir><imgdir name="11"><string name="oS" value="acc1"/><string name="l0" value="dryRock"/><string name="l1" value="nature"/><string name="l2" value="20"/><int name="x" value="856"/><int name="y" value="2100"/><int name="z" value="3"/><int name="f" value="0"/><int name="zM" value="2"/></imgdir><imgdir name="12"><string name="oS" value="acc1"/><string name="l0" value="dryRock"/><string name="l1" value="nature"/><string name="l2" value="21"/><int name="x" value="693"/><int name="y" value="2143"/><int name="z" value="1"/><int name="f" value="0"/><int name="zM" value="2"/></imgdir><imgdir name="13"><string name="oS" value="acc1"/><string name="l0" value="dryRock"/><string name="l1" value="nature"/><string name="l2" value="23"/><int name="x" value="414"/><int name="y" value="2031"/><int name="z" value="3"/><int name="f" value="0"/><int name="zM" value="2"/></imgdir><imgdir name="15"><string name="oS" value="acc1"/><string name="l0" value="dryRock"/><string name="l1" value="nature"/><string name="l2" value="20"/><int name="x" value="93"/><int name="y" value="2069"/><int name="z" value="3"/><int name="f" value="0"/><int name="zM" value="2"/></imgdir><imgdir name="4"><string name="oS" value="acc1"/><string name="l0" value="dryRock"/><string name="l1" value="nature"/><string name="l2" value="14"/><int name="x" value="358"/><int name="y" value="2084"/><int name="z" value="4"/><int name="f" value="0"/><int name="zM" value="2"/></imgdir><imgdir name="3"><string name="oS" value="acc1"/><string name="l0" value="dryRock"/><string name="l1" value="nature"/><string name="l2" value="18"/><int name="x" value="459"/><int name="y" value="2115"/><int name="z" value="4"/><int name="f" value="0"/><int name="zM" value="2"/></imgdir><imgdir name="16"><string name="oS" value="acc1"/><string name="l0" value="dryRock"/><string name="l1" value="rock"/><string name="l2" value="2"/><int name="x" value="1573"/><int name="y" value="1848"/><int name="z" value="2"/><int name="f" value="0"/><int name="zM" value="2"/></imgdir><imgdir name="17"><string name="oS" value="acc1"/><string name="l0" value="dryRock"/><string name="l1" value="rock"/><string name="l2" value="3"/><int name="x" value="1717"/><int name="y" value="1932"/><int name="z" value="4"/><int name="f" value="0"/><int name="zM" value="2"/></imgdir><imgdir name="14"><string name="oS" value="acc1"/><string name="l0" value="dryRock"/><string name="l1" value="artificiality"/><string name="l2" value="17"/><int name="x" value="207"/><int name="y" value="2025"/><int name="z" value="3"/><int name="f" value="0"/><int name="zM" value="2"/></imgdir><imgdir name="18"><string name="oS" value="acc1"/><string name="l0" value="dryRock"/><string name="l1" value="rock"/><string name="l2" value="7"/><int name="x" value="1628"/><int name="y" value="2225"/><int name="z" value="4"/><int name="f" value="0"/><int name="zM" value="2"/></imgdir><imgdir name="19"><string name="oS" value="acc1"/><string name="l0" value="dryRock"/><string name="l1" value="rock"/><string name="l2" value="8"/><int name="x" value="1718"/><int name="y" value="1932"/><int name="z" value="4"/><int name="f" value="0"/><int name="zM" value="2"/></imgdir></imgdir></imgdir><imgdir name="4"><imgdir name="info"></imgdir><imgdir name="tile"></imgdir><imgdir name="obj"><imgdir name="0"><string name="oS" value="connect"/><string name="l0" value="rope"/><string name="l1" value="0"/><string name="l2" value="0"/><int name="x" value="1100"/><int name="y" value="1971"/><int name="z" value="3"/><int name="f" value="0"/><int name="zM" value="12"/></imgdir><imgdir name="1"><string name="oS" value="connect"/><string name="l0" value="rope"/><string name="l1" value="0"/><string name="l2" value="3"/><int name="x" value="1100"/><int name="y" value="2056"/><int name="z" value="3"/><int name="f" value="0"/><int name="zM" value="6"/></imgdir><imgdir name="2"><string name="oS" value="connect"/><string name="l0" value="rope"/><string name="l1" value="0"/><string name="l2" value="2"/><int name="x" value="1100"/><int name="y" value="2131"/><int name="z" value="3"/><int name="f" value="0"/><int name="zM" value="3"/></imgdir><imgdir name="3"><string name="oS" value="connect"/><string name="l0" value="rope"/><string name="l1" value="0"/><string name="l2" value="0"/><int name="x" value="1162"/><int name="y" value="1657"/><int name="z" value="3"/><int name="f" value="0"/><int name="zM" value="22"/></imgdir><imgdir name="4"><string name="oS" value="connect"/><string name="l0" value="rope"/><string name="l1" value="0"/><string name="l2" value="3"/><int name="x" value="1162"/><int name="y" value="1742"/><int name="z" value="3"/><int name="f" value="0"/><int name="zM" value="20"/></imgdir><imgdir name="5"><string name="oS" value="connect"/><string name="l0" value="rope"/><string name="l1" value="0"/><string name="l2" value="3"/><int name="x" value="1162"/><int name="y" value="1862"/><int name="z" value="3"/><int name="f" value="0"/><int name="zM" value="15"/></imgdir><imgdir name="6"><string name="oS" value="connect"/><string name="l0" value="rope"/><string name="l1" value="0"/><string name="l2" value="2"/><int name="x" value="1162"/><int name="y" value="1937"/><int name="z" value="3"/><int name="f" value="0"/><int name="zM" value="14"/></imgdir><imgdir name="7"><string name="oS" value="connect"/><string name="l0" value="rope"/><string name="l1" value="0"/><string name="l2" value="0"/><int name="x" value="336"/><int name="y" value="1596"/><int name="z" value="3"/><int name="f" value="0"/><int name="zM" value="24"/></imgdir><imgdir name="8"><string name="oS" value="connect"/><string name="l0" value="rope"/><string name="l1" value="0"/><string name="l2" value="3"/><int name="x" value="336"/><int name="y" value="1681"/><int name="z" value="3"/><int name="f" value="0"/><int name="zM" value="18"/></imgdir><imgdir name="9"><string name="oS" value="connect"/><string name="l0" value="rope"/><string name="l1" value="0"/><string name="l2" value="3"/><int name="x" value="336"/><int name="y" value="1800"/><int name="z" value="3"/><int name="f" value="0"/><int name="zM" value="18"/></imgdir><imgdir name="10"><string name="oS" value="connect"/><string name="l0" value="rope"/><string name="l1" value="0"/><string name="l2" value="3"/><int name="x" value="336"/><int name="y" value="1920"/><int name="z" value="3"/><int name="f" value="0"/><int name="zM" value="13"/></imgdir><imgdir name="13"><string name="oS" value="connect"/><string name="l0" value="rope"/><string name="l1" value="0"/><string name="l2" value="0"/><int name="x" value="1793"/><int name="y" value="1851"/><int name="z" value="3"/><int name="f" value="0"/><int name="zM" value="17"/></imgdir><imgdir name="14"><string name="oS" value="connect"/><string name="l0" value="rope"/><string name="l1" value="0"/><string name="l2" value="3"/><int name="x" value="1793"/><int name="y" value="1936"/><int name="z" value="3"/><int name="f" value="0"/><int name="zM" value="11"/></imgdir><imgdir name="15"><string name="oS" value="connect"/><string name="l0" value="rope"/><string name="l1" value="0"/><string name="l2" value="3"/><int name="x" value="1793"/><int name="y" value="2056"/><int name="z" value="3"/><int name="f" value="0"/><int name="zM" value="5"/></imgdir><imgdir name="16"><string name="oS" value="connect"/><string name="l0" value="rope"/><string name="l1" value="0"/><string name="l2" value="2"/><int name="x" value="1793"/><int name="y" value="2131"/><int name="z" value="3"/><int name="f" value="0"/><int name="zM" value="4"/></imgdir><imgdir name="17"><string name="oS" value="connect"/><string name="l0" value="rope"/><string name="l1" value="0"/><string name="l2" value="0"/><int name="x" value="1703"/><int name="y" value="1509"/><int name="z" value="3"/><int name="f" value="0"/><int name="zM" value="25"/></imgdir><imgdir name="18"><string name="oS" value="connect"/><string name="l0" value="rope"/><string name="l1" value="0"/><string name="l2" value="3"/><int name="x" value="1703"/><int name="y" value="1594"/><int name="z" value="3"/><int name="f" value="0"/><int name="zM" value="23"/></imgdir><imgdir name="11"><string name="oS" value="connect"/><string name="l0" value="rope"/><string name="l1" value="0"/><string name="l2" value="2"/><int name="x" value="1703"/><int name="y" value="1789"/><int name="z" value="3"/><int name="f" value="0"/><int name="zM" value="19"/></imgdir><imgdir name="12"><string name="oS" value="connect"/><string name="l0" value="rope"/><string name="l1" value="0"/><string name="l2" value="3"/><int name="x" value="1703"/><int name="y" value="1714"/><int name="z" value="3"/><int name="f" value="0"/><int name="zM" value="21"/></imgdir><imgdir name="19"><string name="oS" value="connect"/><string name="l0" value="rope"/><string name="l1" value="0"/><string name="l2" value="1"/><int name="x" value="336"/><int name="y" value="1995"/><int name="z" value="3"/><int name="f" value="0"/><int name="zM" value="10"/></imgdir><imgdir name="20"><string name="oS" value="connect"/><string name="l0" value="rope"/><string name="l1" value="0"/><string name="l2" value="1"/><int name="x" value="336"/><int name="y" value="2025"/><int name="z" value="3"/><int name="f" value="0"/><int name="zM" value="8"/></imgdir><imgdir name="21"><string name="oS" value="connect"/><string name="l0" value="rope"/><string name="l1" value="0"/><string name="l2" value="2"/><int name="x" value="336"/><int name="y" value="2055"/><int name="z" value="3"/><int name="f" value="0"/><int name="zM" value="7"/></imgdir></imgdir></imgdir><imgdir name="5"><imgdir name="info"></imgdir><imgdir name="tile"></imgdir><imgdir name="obj"></imgdir></imgdir><imgdir name="6"><imgdir name="info"></imgdir><imgdir name="tile"></imgdir><imgdir name="obj"></imgdir></imgdir><imgdir name="7"><imgdir name="info"></imgdir><imgdir name="tile"></imgdir><imgdir name="obj"></imgdir></imgdir><imgdir name="reactor"></imgdir><imgdir name="foothold"><imgdir name="3"><imgdir name="0"><imgdir name="1"><int name="x1" value="1913"/><int name="y1" value="2460"/><int name="x2" value="1913"/><int name="y2" value="2520"/><int name="prev" value="11"/><int name="next" value="8"/></imgdir><imgdir name="2"><int name="x1" value="1867"/><int name="y1" value="2205"/><int name="x2" value="1913"/><int name="y2" value="2205"/><int name="prev" value="7"/><int name="next" value="3"/></imgdir><imgdir name="3"><int name="x1" value="1913"/><int name="y1" value="2205"/><int name="x2" value="1913"/><int name="y2" value="2220"/><int name="prev" value="2"/><int name="next" value="6"/></imgdir><imgdir name="4"><int name="x1" value="1913"/><int name="y1" value="2340"/><int name="x2" value="1913"/><int name="y2" value="2400"/><int name="prev" value="12"/><int name="next" value="11"/></imgdir><imgdir name="5"><int name="x1" value="1597"/><int name="y1" value="2205"/><int name="x2" value="1598"/><int name="y2" value="2205"/><int name="prev" value="0"/><int name="next" value="13"/></imgdir><imgdir name="6"><int name="x1" value="1913"/><int name="y1" value="2220"/><int name="x2" value="1913"/><int name="y2" value="2280"/><int name="prev" value="3"/><int name="next" value="12"/></imgdir><imgdir name="7"><int name="x1" value="1800"/><int name="y1" value="2205"/><int name="x2" value="1867"/><int name="y2" value="2205"/><int name="prev" value="9"/><int name="next" value="2"/></imgdir><imgdir name="8"><int name="x1" value="1913"/><int name="y1" value="2520"/><int name="x2" value="1913"/><int name="y2" value="2580"/><int name="prev" value="1"/><int name="next" value="0"/></imgdir><imgdir name="9"><int name="x1" value="1710"/><int name="y1" value="2205"/><int name="x2" value="1800"/><int name="y2" value="2205"/><int name="prev" value="10"/><int name="next" value="7"/></imgdir><imgdir name="10"><int name="x1" value="1643"/><int name="y1" value="2205"/><int name="x2" value="1710"/><int name="y2" value="2205"/><int name="prev" value="13"/><int name="next" value="9"/></imgdir><imgdir name="11"><int name="x1" value="1913"/><int name="y1" value="2400"/><int name="x2" value="1913"/><int name="y2" value="2460"/><int name="prev" value="4"/><int name="next" value="1"/></imgdir><imgdir name="12"><int name="x1" value="1913"/><int name="y1" value="2280"/><int name="x2" value="1913"/><int name="y2" value="2340"/><int name="prev" value="6"/><int name="next" value="4"/></imgdir><imgdir name="13"><int name="x1" value="1598"/><int name="y1" value="2205"/><int name="x2" value="1643"/><int name="y2" value="2205"/><int name="prev" value="51"/><int name="next" value="10"/></imgdir></imgdir><imgdir name="1"><imgdir name="14"><int name="x1" value="540"/><int name="y1" value="2145"/><int name="x2" value="630"/><int name="y2" value="2205"/><int name="prev" value="20"/><int name="next" value="17"/></imgdir><imgdir name="15"><int name="x1" value="180"/><int name="y1" value="2145"/><int name="x2" value="270"/><int name="y2" value="2145"/><int name="prev" value="24"/><int name="next" value="18"/></imgdir><imgdir name="16"><int name="x1" value="90"/><int name="y1" value="2145"/><int name="x2" value="113"/><int name="y2" value="2145"/><int name="prev" value="23"/><int name="next" value="24"/></imgdir><imgdir name="17"><int name="x1" value="630"/><int name="y1" value="2205"/><int name="x2" value="632"/><int name="y2" value="2206"/><int name="prev" value="14"/><int name="next" value="42"/></imgdir><imgdir name="18"><int name="x1" value="270"/><int name="y1" value="2145"/><int name="x2" value="360"/><int name="y2" value="2145"/><int name="prev" value="15"/><int name="next" value="19"/></imgdir><imgdir name="19"><int name="x1" value="360"/><int name="y1" value="2145"/><int name="x2" value="450"/><int name="y2" value="2145"/><int name="prev" value="18"/><int name="next" value="20"/></imgdir><imgdir name="20"><int name="x1" value="450"/><int name="y1" value="2145"/><int name="x2" value="540"/><int name="y2" value="2145"/><int name="prev" value="19"/><int name="next" value="14"/></imgdir><imgdir name="21"><int name="x1" value="67"/><int name="y1" value="2580"/><int name="x2" value="67"/><int name="y2" value="2520"/><int name="prev" value="0"/><int name="next" value="25"/></imgdir><imgdir name="22"><int name="x1" value="67"/><int name="y1" value="2160"/><int name="x2" value="67"/><int name="y2" value="2145"/><int name="prev" value="30"/><int name="next" value="23"/></imgdir><imgdir name="23"><int name="x1" value="67"/><int name="y1" value="2145"/><int name="x2" value="90"/><int name="y2" value="2145"/><int name="prev" value="22"/><int name="next" value="16"/></imgdir><imgdir name="24"><int name="x1" value="113"/><int name="y1" value="2145"/><int name="x2" value="180"/><int name="y2" value="2145"/><int name="prev" value="16"/><int name="next" value="15"/></imgdir><imgdir name="25"><int name="x1" value="67"/><int name="y1" value="2520"/><int name="x2" value="67"/><int name="y2" value="2460"/><int name="prev" value="21"/><int name="next" value="26"/></imgdir><imgdir name="26"><int name="x1" value="67"/><int name="y1" value="2460"/><int name="x2" value="67"/><int name="y2" value="2400"/><int name="prev" value="25"/><int name="next" value="27"/></imgdir><imgdir name="27"><int name="x1" value="67"/><int name="y1" value="2400"/><int name="x2" value="67"/><int name="y2" value="2340"/><int name="prev" value="26"/><int name="next" value="28"/></imgdir><imgdir name="28"><int name="x1" value="67"/><int name="y1" value="2340"/><int name="x2" value="67"/><int name="y2" value="2280"/><int name="prev" value="27"/><int name="next" value="29"/></imgdir><imgdir name="29"><int name="x1" value="67"/><int name="y1" value="2280"/><int name="x2" value="67"/><int name="y2" value="2220"/><int name="prev" value="28"/><int name="next" value="30"/></imgdir><imgdir name="30"><int name="x1" value="67"/><int name="y1" value="2220"/><int name="x2" value="67"/><int name="y2" value="2160"/><int name="prev" value="29"/><int name="next" value="22"/></imgdir></imgdir><imgdir name="16"><imgdir name="31"><int name="x1" value="1777"/><int name="y1" value="1845"/><int name="x2" value="1823"/><int name="y2" value="1845"/><int name="prev" value="35"/><int name="next" value="32"/></imgdir><imgdir name="32"><int name="x1" value="1823"/><int name="y1" value="1845"/><int name="x2" value="1823"/><int name="y2" value="1860"/><int name="prev" value="31"/><int name="next" value="0"/></imgdir><imgdir name="33"><int name="x1" value="1687"/><int name="y1" value="1860"/><int name="x2" value="1687"/><int name="y2" value="1845"/><int name="prev" value="0"/><int name="next" value="34"/></imgdir><imgdir name="34"><int name="x1" value="1687"/><int name="y1" value="1845"/><int name="x2" value="1733"/><int name="y2" value="1845"/><int name="prev" value="33"/><int name="next" value="35"/></imgdir><imgdir name="35"><int name="x1" value="1733"/><int name="y1" value="1845"/><int name="x2" value="1777"/><int name="y2" value="1845"/><int name="prev" value="34"/><int name="next" value="31"/></imgdir></imgdir><imgdir name="9"><imgdir name="36"><int name="x1" value="1147"/><int name="y1" value="1965"/><int name="x2" value="1193"/><int name="y2" value="1965"/><int name="prev" value="41"/><int name="next" value="37"/></imgdir><imgdir name="37"><int name="x1" value="1193"/><int name="y1" value="1965"/><int name="x2" value="1193"/><int name="y2" value="1980"/><int name="prev" value="36"/><int name="next" value="0"/></imgdir><imgdir name="38"><int name="x1" value="1080"/><int name="y1" value="1965"/><int name="x2" value="1103"/><int name="y2" value="1965"/><int name="prev" value="40"/><int name="next" value="41"/></imgdir><imgdir name="39"><int name="x1" value="1057"/><int name="y1" value="1980"/><int name="x2" value="1057"/><int name="y2" value="1965"/><int name="prev" value="0"/><int name="next" value="40"/></imgdir><imgdir name="40"><int name="x1" value="1057"/><int name="y1" value="1965"/><int name="x2" value="1080"/><int name="y2" value="1965"/><int name="prev" value="39"/><int name="next" value="38"/></imgdir><imgdir name="41"><int name="x1" value="1103"/><int name="y1" value="1965"/><int name="x2" value="1147"/><int name="y2" value="1965"/><int name="prev" value="38"/><int name="next" value="36"/></imgdir></imgdir><imgdir name="2"><imgdir name="42"><int name="x1" value="632"/><int name="y1" value="2206"/><int name="x2" value="806"/><int name="y2" value="2203"/><int name="prev" value="17"/><int name="next" value="43"/></imgdir><imgdir name="43"><int name="x1" value="806"/><int name="y1" value="2203"/><int name="x2" value="828"/><int name="y2" value="2196"/><int name="prev" value="42"/><int name="next" value="44"/></imgdir><imgdir name="44"><int name="x1" value="828"/><int name="y1" value="2196"/><int name="x2" value="916"/><int name="y2" value="2194"/><int name="prev" value="43"/><int name="next" value="45"/></imgdir><imgdir name="45"><int name="x1" value="916"/><int name="y1" value="2194"/><int name="x2" value="933"/><int name="y2" value="2191"/><int name="prev" value="44"/><int name="next" value="46"/></imgdir><imgdir name="46"><int name="x1" value="933"/><int name="y1" value="2191"/><int name="x2" value="1018"/><int name="y2" value="2191"/><int name="prev" value="45"/><int name="next" value="47"/></imgdir><imgdir name="47"><int name="x1" value="1018"/><int name="y1" value="2191"/><int name="x2" value="1106"/><int name="y2" value="2187"/><int name="prev" value="46"/><int name="next" value="48"/></imgdir><imgdir name="48"><int name="x1" value="1106"/><int name="y1" value="2187"/><int name="x2" value="1186"/><int name="y2" value="2191"/><int name="prev" value="47"/><int name="next" value="49"/></imgdir><imgdir name="49"><int name="x1" value="1186"/><int name="y1" value="2191"/><int name="x2" value="1219"/><int name="y2" value="2199"/><int name="prev" value="48"/><int name="next" value="50"/></imgdir><imgdir name="50"><int name="x1" value="1219"/><int name="y1" value="2199"/><int name="x2" value="1556"/><int name="y2" value="2198"/><int name="prev" value="49"/><int name="next" value="51"/></imgdir><imgdir name="51"><int name="x1" value="1556"/><int name="y1" value="2198"/><int name="x2" value="1598"/><int name="y2" value="2205"/><int name="prev" value="50"/><int name="next" value="13"/></imgdir><imgdir name="52"><int name="x1" value="70"/><int name="y1" value="1639"/><int name="x2" value="105"/><int name="y2" value="1606"/><int name="prev" value="0"/><int name="next" value="53"/></imgdir><imgdir name="53"><int name="x1" value="105"/><int name="y1" value="1606"/><int name="x2" value="216"/><int name="y2" value="1600"/><int name="prev" value="52"/><int name="next" value="54"/></imgdir><imgdir name="54"><int name="x1" value="216"/><int name="y1" value="1600"/><int name="x2" value="243"/><int name="y2" value="1591"/><int name="prev" value="53"/><int name="next" value="55"/></imgdir><imgdir name="55"><int name="x1" value="243"/><int name="y1" value="1591"/><int name="x2" value="306"/><int name="y2" value="1589"/><int name="prev" value="54"/><int name="next" value="57"/></imgdir><imgdir name="56"><int name="x1" value="615"/><int name="y1" value="1573"/><int name="x2" value="683"/><int name="y2" value="1573"/><int name="prev" value="60"/><int name="next" value="61"/></imgdir><imgdir name="57"><int name="x1" value="306"/><int name="y1" value="1589"/><int name="x2" value="488"/><int name="y2" value="1585"/><int name="prev" value="55"/><int name="next" value="58"/></imgdir><imgdir name="58"><int name="x1" value="488"/><int name="y1" value="1585"/><int name="x2" value="510"/><int name="y2" value="1578"/><int name="prev" value="57"/><int name="next" value="59"/></imgdir><imgdir name="59"><int name="x1" value="510"/><int name="y1" value="1578"/><int name="x2" value="598"/><int name="y2" value="1576"/><int name="prev" value="58"/><int name="next" value="60"/></imgdir><imgdir name="60"><int name="x1" value="598"/><int name="y1" value="1576"/><int name="x2" value="615"/><int name="y2" value="1573"/><int name="prev" value="59"/><int name="next" value="56"/></imgdir><imgdir name="61"><int name="x1" value="683"/><int name="y1" value="1573"/><int name="x2" value="700"/><int name="y2" value="1573"/><int name="prev" value="56"/><int name="next" value="62"/></imgdir><imgdir name="62"><int name="x1" value="700"/><int name="y1" value="1573"/><int name="x2" value="788"/><int name="y2" value="1569"/><int name="prev" value="61"/><int name="next" value="63"/></imgdir><imgdir name="63"><int name="x1" value="788"/><int name="y1" value="1569"/><int name="x2" value="868"/><int name="y2" value="1573"/><int name="prev" value="62"/><int name="next" value="64"/></imgdir><imgdir name="64"><int name="x1" value="868"/><int name="y1" value="1573"/><int name="x2" value="901"/><int name="y2" value="1581"/><int name="prev" value="63"/><int name="next" value="65"/></imgdir><imgdir name="65"><int name="x1" value="901"/><int name="y1" value="1581"/><int name="x2" value="1238"/><int name="y2" value="1580"/><int name="prev" value="64"/><int name="next" value="66"/></imgdir><imgdir name="66"><int name="x1" value="1238"/><int name="y1" value="1580"/><int name="x2" value="1292"/><int name="y2" value="1589"/><int name="prev" value="65"/><int name="next" value="67"/></imgdir><imgdir name="67"><int name="x1" value="1292"/><int name="y1" value="1589"/><int name="x2" value="1321"/><int name="y2" value="1613"/><int name="prev" value="66"/><int name="next" value="0"/></imgdir><imgdir name="68"><int name="x1" value="1281"/><int name="y1" value="1557"/><int name="x2" value="1316"/><int name="y2" value="1524"/><int name="prev" value="0"/><int name="next" value="69"/></imgdir><imgdir name="69"><int name="x1" value="1316"/><int name="y1" value="1524"/><int name="x2" value="1427"/><int name="y2" value="1518"/><int name="prev" value="68"/><int name="next" value="70"/></imgdir><imgdir name="70"><int name="x1" value="1427"/><int name="y1" value="1518"/><int name="x2" value="1454"/><int name="y2" value="1509"/><int name="prev" value="69"/><int name="next" value="71"/></imgdir><imgdir name="71"><int name="x1" value="1454"/><int name="y1" value="1509"/><int name="x2" value="1517"/><int name="y2" value="1507"/><int name="prev" value="70"/><int name="next" value="72"/></imgdir><imgdir name="72"><int name="x1" value="1517"/><int name="y1" value="1507"/><int name="x2" value="1699"/><int name="y2" value="1503"/><int name="prev" value="71"/><int name="next" value="73"/></imgdir><imgdir name="73"><int name="x1" value="1699"/><int name="y1" value="1503"/><int name="x2" value="1721"/><int name="y2" value="1496"/><int name="prev" value="72"/><int name="next" value="74"/></imgdir><imgdir name="74"><int name="x1" value="1721"/><int name="y1" value="1496"/><int name="x2" value="1809"/><int name="y2" value="1494"/><int name="prev" value="73"/><int name="next" value="75"/></imgdir><imgdir name="75"><int name="x1" value="1809"/><int name="y1" value="1494"/><int name="x2" value="1826"/><int name="y2" value="1491"/><int name="prev" value="74"/><int name="next" value="76"/></imgdir><imgdir name="76"><int name="x1" value="1826"/><int name="y1" value="1491"/><int name="x2" value="1894"/><int name="y2" value="1491"/><int name="prev" value="75"/><int name="next" value="0"/></imgdir><imgdir name="77"><int name="x1" value="1367"/><int name="y1" value="1656"/><int name="x2" value="1411"/><int name="y2" value="1660"/><int name="prev" value="88"/><int name="next" value="78"/></imgdir><imgdir name="78"><int name="x1" value="1411"/><int name="y1" value="1660"/><int name="x2" value="1424"/><int name="y2" value="1666"/><int name="prev" value="77"/><int name="next" value="0"/></imgdir><imgdir name="79"><int name="x1" value="1351"/><int name="y1" value="1628"/><int name="x2" value="1386"/><int name="y2" value="1594"/><int name="prev" value="0"/><int name="next" value="80"/></imgdir><imgdir name="80"><int name="x1" value="1386"/><int name="y1" value="1594"/><int name="x2" value="1483"/><int name="y2" value="1592"/><int name="prev" value="79"/><int name="next" value="81"/></imgdir><imgdir name="81"><int name="x1" value="1483"/><int name="y1" value="1592"/><int name="x2" value="1549"/><int name="y2" value="1583"/><int name="prev" value="80"/><int name="next" value="82"/></imgdir><imgdir name="82"><int name="x1" value="1549"/><int name="y1" value="1583"/><int name="x2" value="1613"/><int name="y2" value="1583"/><int name="prev" value="81"/><int name="next" value="83"/></imgdir><imgdir name="83"><int name="x1" value="1613"/><int name="y1" value="1583"/><int name="x2" value="1626"/><int name="y2" value="1599"/><int name="prev" value="82"/><int name="next" value="0"/></imgdir><imgdir name="84"><int name="x1" value="1079"/><int name="y1" value="1650"/><int name="x2" value="1090"/><int name="y2" value="1646"/><int name="prev" value="0"/><int name="next" value="85"/></imgdir><imgdir name="85"><int name="x1" value="1090"/><int name="y1" value="1646"/><int name="x2" value="1155"/><int name="y2" value="1647"/><int name="prev" value="84"/><int name="next" value="86"/></imgdir><imgdir name="86"><int name="x1" value="1155"/><int name="y1" value="1647"/><int name="x2" value="1170"/><int name="y2" value="1651"/><int name="prev" value="85"/><int name="next" value="87"/></imgdir><imgdir name="87"><int name="x1" value="1170"/><int name="y1" value="1651"/><int name="x2" value="1326"/><int name="y2" value="1656"/><int name="prev" value="86"/><int name="next" value="88"/></imgdir><imgdir name="88"><int name="x1" value="1326"/><int name="y1" value="1656"/><int name="x2" value="1367"/><int name="y2" value="1656"/><int name="prev" value="87"/><int name="next" value="77"/></imgdir></imgdir></imgdir></imgdir><imgdir name="ladderRope"><imgdir name="1"><int name="l" value="0"/><int name="uf" value="1"/><int name="x" value="1100"/><int name="y1" value="1967"/><int name="y2" value="2168"/><int name="page" value="4"/></imgdir><imgdir name="2"><int name="l" value="0"/><int name="uf" value="1"/><int name="x" value="1162"/><int name="y1" value="1650"/><int name="y2" value="1963"/><int name="page" value="4"/></imgdir><imgdir name="3"><int name="l" value="0"/><int name="uf" value="1"/><int name="x" value="1793"/><int name="y1" value="1847"/><int name="y2" value="2168"/><int name="page" value="4"/></imgdir><imgdir name="4"><int name="l" value="0"/><int name="uf" value="1"/><int name="x" value="1703"/><int name="y1" value="1503"/><int name="y2" value="1826"/><int name="page" value="4"/></imgdir><imgdir name="5"><int name="l" value="0"/><int name="uf" value="1"/><int name="x" value="336"/><int name="y1" value="1590"/><int name="y2" value="2092"/><int name="page" value="4"/></imgdir></imgdir><imgdir name="miniMap"><canvas name="canvas" width="122" height="94"></canvas><int name="width" value="1961"/><int name="height" value="1519"/><int name="centerX" value="5"/><int name="centerY" value="-1143"/><int name="mag" value="4"/></imgdir><imgdir name="portal"><imgdir name="0"><string name="pn" value="sp"/><int name="pt" value="0"/><int name="x" value="1496"/><int name="y" value="1520"/><int name="tm" value="999999999"/><string name="tn" value=""/></imgdir><imgdir name="1"><string name="pn" value="sp"/><int name="pt" value="0"/><int name="x" value="1371"/><int name="y" value="1522"/><int name="tm" value="999999999"/><string name="tn" value=""/></imgdir><imgdir name="2"><string name="pn" value="sp"/><int name="pt" value="0"/><int name="x" value="1214"/><int name="y" value="1541"/><int name="tm" value="999999999"/><string name="tn" value=""/></imgdir><imgdir name="3"><string name="pn" value="sp"/><int name="pt" value="0"/><int name="x" value="1027"/><int name="y" value="1509"/><int name="tm" value="999999999"/><string name="tn" value=""/></imgdir><imgdir name="4"><string name="pn" value="sp"/><int name="pt" value="0"/><int name="x" value="927"/><int name="y" value="1494"/><int name="tm" value="999999999"/><string name="tn" value=""/></imgdir><imgdir name="5"><string name="pn" value="sp"/><int name="pt" value="0"/><int name="x" value="829"/><int name="y" value="1507"/><int name="tm" value="999999999"/><string name="tn" value=""/></imgdir><imgdir name="6"><string name="pn" value="sp"/><int name="pt" value="0"/><int name="x" value="723"/><int name="y" value="1501"/><int name="tm" value="999999999"/><string name="tn" value=""/></imgdir><imgdir name="7"><string name="pn" value="sp"/><int name="pt" value="0"/><int name="x" value="609"/><int name="y" value="1512"/><int name="tm" value="999999999"/><string name="tn" value=""/></imgdir><imgdir name="8"><string name="pn" value="sp"/><int name="pt" value="0"/><int name="x" value="268"/><int name="y" value="1475"/><int name="tm" value="999999999"/><string name="tn" value=""/></imgdir><imgdir name="9"><string name="pn" value="sp"/><int name="pt" value="0"/><int name="x" value="331"/><int name="y" value="1528"/><int name="tm" value="999999999"/><string name="tn" value=""/></imgdir><imgdir name="10"><string name="pn" value="sp"/><int name="pt" value="0"/><int name="x" value="260"/><int name="y" value="1529"/><int name="tm" value="999999999"/><string name="tn" value=""/></imgdir><imgdir name="11"><string name="pn" value="sp"/><int name="pt" value="0"/><int name="x" value="199"/><int name="y" value="1528"/><int name="tm" value="999999999"/><string name="tn" value=""/></imgdir><imgdir name="12"><string name="pn" value="in00"/><int name="pt" value="2"/><int name="x" value="1544"/><int name="y" value="1506"/><int name="tm" value="101030406"/><string name="tn" value="out00"/></imgdir><imgdir name="13"><string name="pn" value="out00"/><int name="pt" value="2"/><int name="x" value="200"/><int name="y" value="2145"/><int name="tm" value="101030404"/><string name="tn" value="in00"/></imgdir></imgdir><imgdir name="info"><int name="version" value="10"/><int name="cloud" value="1"/><int name="town" value="0"/><float name="mobRate" value="1.199998"/><string name="bgm" value="Bgm00/Nightmare"/><int name="returnMap" value="102000000"/><string name="mapDesc" value=""/><int name="forcedReturn" value="999999999"/><string name="mapMark" value="Perion"/><int name="swim" value="0"/><int name="hideMinimap" value="0"/><int name="fieldLimit" value="0"/></imgdir><imgdir name="life"><imgdir name="0"><string name="type" value="m"/><string name="id" value="2130100"/><int name="x" value="163"/><int name="y" value="1567"/><int name="mobTime" value="0"/><int name="f" value="0"/><int name="hide" value="0"/><int name="fh" value="53"/><int name="cy" value="1603"/><int name="rx0" value="90"/><int name="rx1" value="1874"/></imgdir><imgdir name="1"><string name="type" value="m"/><string name="id" value="2130100"/><int name="x" value="378"/><int name="y" value="1566"/><int name="mobTime" value="0"/><int name="f" value="1"/><int name="hide" value="0"/><int name="fh" value="57"/><int name="cy" value="1588"/><int name="rx0" value="90"/><int name="rx1" value="1874"/></imgdir><imgdir name="2"><string name="type" value="m"/><string name="id" value="2130100"/><int name="x" value="535"/><int name="y" value="1559"/><int name="mobTime" value="0"/><int name="f" value="0"/><int name="hide" value="0"/><int name="fh" value="59"/><int name="cy" value="1578"/><int name="rx0" value="90"/><int name="rx1" value="1874"/></imgdir><imgdir name="3"><string name="type" value="m"/><string name="id" value="2130100"/><int name="x" value="752"/><int name="y" value="1543"/><int name="mobTime" value="0"/><int name="f" value="1"/><int name="hide" value="0"/><int name="fh" value="62"/><int name="cy" value="1571"/><int name="rx0" value="90"/><int name="rx1" value="1874"/></imgdir><imgdir name="4"><string name="type" value="m"/><string name="id" value="2130100"/><int name="x" value="973"/><int name="y" value="1546"/><int name="mobTime" value="0"/><int name="f" value="0"/><int name="hide" value="0"/><int name="fh" value="65"/><int name="cy" value="1581"/><int name="rx0" value="90"/><int name="rx1" value="1874"/></imgdir><imgdir name="5"><string name="type" value="m"/><string name="id" value="2130100"/><int name="x" value="1169"/><int name="y" value="1554"/><int name="mobTime" value="0"/><int name="f" value="1"/><int name="hide" value="0"/><int name="fh" value="65"/><int name="cy" value="1581"/><int name="rx0" value="90"/><int name="rx1" value="1874"/></imgdir><imgdir name="6"><string name="type" value="m"/><string name="id" value="2130100"/><int name="x" value="1237"/><int name="y" value="1633"/><int name="mobTime" value="0"/><int name="f" value="0"/><int name="hide" value="0"/><int name="fh" value="87"/><int name="cy" value="1653"/><int name="rx0" value="90"/><int name="rx1" value="1874"/></imgdir><imgdir name="7"><string name="type" value="m"/><string name="id" value="2130100"/><int name="x" value="1340"/><int name="y" value="1646"/><int name="mobTime" value="0"/><int name="f" value="0"/><int name="hide" value="0"/><int name="fh" value="88"/><int name="cy" value="1656"/><int name="rx0" value="90"/><int name="rx1" value="1874"/></imgdir><imgdir name="8"><string name="type" value="m"/><string name="id" value="2130100"/><int name="x" value="1368"/><int name="y" value="1494"/><int name="mobTime" value="0"/><int name="f" value="0"/><int name="hide" value="0"/><int name="fh" value="69"/><int name="cy" value="1522"/><int name="rx0" value="90"/><int name="rx1" value="1874"/></imgdir><imgdir name="9"><string name="type" value="m"/><string name="id" value="2130100"/><int name="x" value="1646"/><int name="y" value="1482"/><int name="mobTime" value="0"/><int name="f" value="1"/><int name="hide" value="0"/><int name="fh" value="72"/><int name="cy" value="1505"/><int name="rx0" value="90"/><int name="rx1" value="1874"/></imgdir><imgdir name="10"><string name="type" value="m"/><string name="id" value="2130100"/><int name="x" value="1817"/><int name="y" value="1462"/><int name="mobTime" value="0"/><int name="f" value="0"/><int name="hide" value="0"/><int name="fh" value="75"/><int name="cy" value="1493"/><int name="rx0" value="90"/><int name="rx1" value="1874"/></imgdir><imgdir name="11"><string name="type" value="m"/><string name="id" value="2130100"/><int name="x" value="1630"/><int name="y" value="2188"/><int name="mobTime" value="0"/><int name="f" value="0"/><int name="hide" value="0"/><int name="fh" value="13"/><int name="cy" value="2205"/><int name="rx0" value="1617"/><int name="rx1" value="1893"/></imgdir><imgdir name="12"><string name="type" value="m"/><string name="id" value="2130100"/><int name="x" value="1289"/><int name="y" value="2157"/><int name="mobTime" value="0"/><int name="f" value="1"/><int name="hide" value="0"/><int name="fh" value="50"/><int name="cy" value="2199"/><int name="rx0" value="90"/><int name="rx1" value="1874"/></imgdir><imgdir name="13"><string name="type" value="m"/><string name="id" value="2130100"/><int name="x" value="910"/><int name="y" value="2158"/><int name="mobTime" value="0"/><int name="f" value="0"/><int name="hide" value="0"/><int name="fh" value="44"/><int name="cy" value="2195"/><int name="rx0" value="90"/><int name="rx1" value="1874"/></imgdir><imgdir name="14"><string name="type" value="m"/><string name="id" value="2130100"/><int name="x" value="500"/><int name="y" value="2126"/><int name="mobTime" value="0"/><int name="f" value="1"/><int name="hide" value="0"/><int name="fh" value="20"/><int name="cy" value="2145"/><int name="rx0" value="87"/><int name="rx1" value="612"/></imgdir><imgdir name="15"><string name="type" value="m"/><string name="id" value="3210100"/><int name="x" value="685"/><int name="y" value="2180"/><int name="mobTime" value="0"/><int name="f" value="0"/><int name="hide" value="0"/><int name="fh" value="42"/><int name="cy" value="2206"/><int name="rx0" value="90"/><int name="rx1" value="1874"/></imgdir><imgdir name="16"><string name="type" value="m"/><string name="id" value="3210100"/><int name="x" value="797"/><int name="y" value="2185"/><int name="mobTime" value="0"/><int name="f" value="1"/><int name="hide" value="0"/><int name="fh" value="42"/><int name="cy" value="2204"/><int name="rx0" value="90"/><int name="rx1" value="1874"/></imgdir><imgdir name="17"><string name="type" value="m"/><string name="id" value="3210100"/><int name="x" value="1002"/><int name="y" value="2162"/><int name="mobTime" value="0"/><int name="f" value="0"/><int name="hide" value="0"/><int name="fh" value="46"/><int name="cy" value="2191"/><int name="rx0" value="90"/><int name="rx1" value="1874"/></imgdir><imgdir name="18"><string name="type" value="m"/><string name="id" value="3210100"/><int name="x" value="1085"/><int name="y" value="2180"/><int name="mobTime" value="0"/><int name="f" value="1"/><int name="hide" value="0"/><int name="fh" value="47"/><int name="cy" value="2188"/><int name="rx0" value="90"/><int name="rx1" value="1874"/></imgdir><imgdir name="19"><string name="type" value="m"/><string name="id" value="3210100"/><int name="x" value="1170"/><int name="y" value="2152"/><int name="mobTime" value="0"/><int name="f" value="0"/><int name="hide" value="0"/><int name="fh" value="48"/><int name="cy" value="2190"/><int name="rx0" value="90"/><int name="rx1" value="1874"/></imgdir><imgdir name="20"><string name="type" value="m"/><string name="id" value="3210100"/><int name="x" value="1347"/><int name="y" value="2170"/><int name="mobTime" value="0"/><int name="f" value="1"/><int name="hide" value="0"/><int name="fh" value="50"/><int name="cy" value="2199"/><int name="rx0" value="90"/><int name="rx1" value="1874"/></imgdir><imgdir name="21"><string name="type" value="m"/><string name="id" value="3210100"/><int name="x" value="1445"/><int name="y" value="2182"/><int name="mobTime" value="0"/><int name="f" value="0"/><int name="hide" value="0"/><int name="fh" value="50"/><int name="cy" value="2199"/><int name="rx0" value="90"/><int name="rx1" value="1874"/></imgdir><imgdir name="22"><string name="type" value="m"/><string name="id" value="3210100"/><int name="x" value="1550"/><int name="y" value="2191"/><int name="mobTime" value="0"/><int name="f" value="1"/><int name="hide" value="0"/><int name="fh" value="50"/><int name="cy" value="2199"/><int name="rx0" value="90"/><int name="rx1" value="1874"/></imgdir><imgdir name="23"><string name="type" value="m"/><string name="id" value="3210100"/><int name="x" value="1655"/><int name="y" value="2186"/><int name="mobTime" value="0"/><int name="f" value="0"/><int name="hide" value="0"/><int name="fh" value="10"/><int name="cy" value="2205"/><int name="rx0" value="1617"/><int name="rx1" value="1893"/></imgdir><imgdir name="24"><string name="type" value="m"/><string name="id" value="3210100"/><int name="x" value="1836"/><int name="y" value="2183"/><int name="mobTime" value="0"/><int name="f" value="0"/><int name="hide" value="0"/><int name="fh" value="7"/><int name="cy" value="2205"/><int name="rx0" value="1617"/><int name="rx1" value="1893"/></imgdir></imgdir></imgdir>