<?xml version="1.0" encoding="UTF-8" standalone="yes"?><imgdir name="101030109.img"><imgdir name="info"><int name="version" value="10"/><int name="cloud" value="1"/><int name="town" value="0"/><int name="swim" value="0"/><int name="returnMap" value="102000000"/><int name="forcedReturn" value="999999999"/><float name="mobRate" value="0.9"/><string name="bgm" value="Bgm12/AcientRemain"/><string name="mapMark" value="Perion"/><int name="hideMinimap" value="0"/><int name="fieldLimit" value="0"/><int name="VRTop" value="-1200"/><int name="VRLeft" value="-1077"/><int name="VRBottom" value="160"/><int name="VRRight" value="896"/></imgdir><imgdir name="back"><imgdir name="0"><string name="bS" value="dryRock2"/><int name="front" value="0"/><int name="ani" value="0"/><int name="no" value="0"/><int name="f" value="0"/><int name="x" value="606"/><int name="y" value="-173"/><int name="rx" value="-6"/><int name="ry" value="-3"/><int name="type" value="1"/><int name="cx" value="0"/><int name="cy" value="0"/><int name="a" value="255"/></imgdir><imgdir name="1"><string name="bS" value="dryRock2"/><int name="front" value="0"/><int name="ani" value="0"/><int name="no" value="1"/><int name="f" value="0"/><int name="x" value="-23"/><int name="y" value="63"/><int name="rx" value="5"/><int name="ry" value="-10"/><int name="type" value="4"/><int name="cx" value="0"/><int name="cy" value="0"/><int name="a" value="255"/></imgdir><imgdir name="2"><string name="bS" value="syarenOutside"/><int name="front" value="0"/><int name="ani" value="0"/><int name="no" value="0"/><int name="f" value="0"/><int name="x" value="115"/><int name="y" value="29"/><int name="rx" value="-15"/><int name="ry" value="-20"/><int name="type" value="0"/><int name="cx" value="0"/><int name="cy" value="0"/><int name="a" value="255"/></imgdir><imgdir name="3"><string name="bS" value="syarenOutside"/><int name="front" value="0"/><int name="ani" value="0"/><int name="no" value="1"/><int name="f" value="0"/><int name="x" value="166"/><int name="y" value="-370"/><int name="rx" value="-15"/><int name="ry" value="-20"/><int name="type" value="0"/><int name="cx" value="0"/><int name="cy" value="0"/><int name="a" value="255"/></imgdir><imgdir name="4"><string name="bS" value="dryRock2"/><int name="front" value="0"/><int name="ani" value="0"/><int name="no" value="6"/><int name="f" value="0"/><int name="x" value="-52"/><int name="y" value="168"/><int name="rx" value="10"/><int name="ry" value="-15"/><int name="type" value="4"/><int name="cx" value="0"/><int name="cy" value="0"/><int name="a" value="255"/></imgdir></imgdir><imgdir name="reactor"></imgdir><imgdir name="0"><imgdir name="info"></imgdir><imgdir name="tile"></imgdir><imgdir name="obj"></imgdir></imgdir><imgdir name="1"><imgdir name="info"></imgdir><imgdir name="tile"></imgdir><imgdir name="obj"></imgdir></imgdir><imgdir name="2"><imgdir name="info"></imgdir><imgdir name="tile"></imgdir><imgdir name="obj"></imgdir></imgdir><imgdir name="3"><imgdir name="info"></imgdir><imgdir name="tile"></imgdir><imgdir name="obj"><imgdir name="0"><string name="oS" value="guild"/><string name="l0" value="syarenian"/><string name="l1" value="acc1"/><string name="l2" value="22"/><int name="x" value="-891"/><int name="y" value="142"/><int name="z" value="9"/><int name="f" value="0"/><int name="zM" value="1"/></imgdir><imgdir name="1"><string name="oS" value="guild"/><string name="l0" value="syarenian"/><string name="l1" value="acc1"/><string name="l2" value="22"/><int name="x" value="-891"/><int name="y" value="-12"/><int name="z" value="9"/><int name="f" value="0"/><int name="zM" value="8"/></imgdir><imgdir name="2"><string name="oS" value="guild"/><string name="l0" value="syarenian"/><string name="l1" value="acc1"/><string name="l2" value="22"/><int name="x" value="-891"/><int name="y" value="-166"/><int name="z" value="9"/><int name="f" value="0"/><int name="zM" value="10"/></imgdir><imgdir name="3"><string name="oS" value="guild"/><string name="l0" value="syarenian"/><string name="l1" value="acc1"/><string name="l2" value="22"/><int name="x" value="-891"/><int name="y" value="-320"/><int name="z" value="9"/><int name="f" value="0"/><int name="zM" value="11"/></imgdir><imgdir name="4"><string name="oS" value="guild"/><string name="l0" value="syarenian"/><string name="l1" value="acc1"/><string name="l2" value="23"/><int name="x" value="-892"/><int name="y" value="-366"/><int name="z" value="10"/><int name="f" value="0"/><int name="zM" value="11"/></imgdir><imgdir name="5"><string name="oS" value="guild"/><string name="l0" value="syarenian"/><string name="l1" value="acc1"/><string name="l2" value="30"/><int name="x" value="-826"/><int name="y" value="-361"/><int name="z" value="11"/><int name="f" value="0"/><int name="zM" value="11"/></imgdir><imgdir name="6"><string name="oS" value="guild"/><string name="l0" value="syarenian"/><string name="l1" value="acc1"/><string name="l2" value="31"/><int name="x" value="-733"/><int name="y" value="-361"/><int name="z" value="9"/><int name="f" value="0"/><int name="zM" value="11"/></imgdir><imgdir name="7"><string name="oS" value="guild"/><string name="l0" value="syarenian"/><string name="l1" value="acc1"/><string name="l2" value="31"/><int name="x" value="-643"/><int name="y" value="-361"/><int name="z" value="9"/><int name="f" value="0"/><int name="zM" value="11"/></imgdir><imgdir name="8"><string name="oS" value="guild"/><string name="l0" value="syarenian"/><string name="l1" value="acc1"/><string name="l2" value="31"/><int name="x" value="-553"/><int name="y" value="-361"/><int name="z" value="9"/><int name="f" value="0"/><int name="zM" value="11"/></imgdir><imgdir name="10"><string name="oS" value="guild"/><string name="l0" value="syarenian"/><string name="l1" value="acc1"/><string name="l2" value="34"/><int name="x" value="-438"/><int name="y" value="-269"/><int name="z" value="9"/><int name="f" value="0"/><int name="zM" value="14"/></imgdir><imgdir name="11"><string name="oS" value="guild"/><string name="l0" value="syarenian"/><string name="l1" value="acc1"/><string name="l2" value="35"/><int name="x" value="-438"/><int name="y" value="-83"/><int name="z" value="14"/><int name="f" value="0"/><int name="zM" value="7"/></imgdir><imgdir name="12"><string name="oS" value="guild"/><string name="l0" value="syarenian"/><string name="l1" value="acc1"/><string name="l2" value="23"/><int name="x" value="-271"/><int name="y" value="-493"/><int name="z" value="7"/><int name="f" value="0"/><int name="zM" value="15"/></imgdir><imgdir name="13"><string name="oS" value="guild"/><string name="l0" value="syarenian"/><string name="l1" value="acc1"/><string name="l2" value="26"/><int name="x" value="-308"/><int name="y" value="-472"/><int name="z" value="9"/><int name="f" value="0"/><int name="zM" value="15"/></imgdir><imgdir name="14"><string name="oS" value="guild"/><string name="l0" value="syarenian"/><string name="l1" value="acc1"/><string name="l2" value="27"/><int name="x" value="-415"/><int name="y" value="-487"/><int name="z" value="9"/><int name="f" value="0"/><int name="zM" value="15"/></imgdir><imgdir name="16"><string name="oS" value="guild"/><string name="l0" value="syarenian"/><string name="l1" value="acc1"/><string name="l2" value="35"/><int name="x" value="-530"/><int name="y" value="-404"/><int name="z" value="7"/><int name="f" value="0"/><int name="zM" value="11"/></imgdir><imgdir name="17"><string name="oS" value="guild"/><string name="l0" value="syarenian"/><string name="l1" value="acc1"/><string name="l2" value="30"/><int name="x" value="-205"/><int name="y" value="-488"/><int name="z" value="9"/><int name="f" value="0"/><int name="zM" value="15"/></imgdir><imgdir name="18"><string name="oS" value="guild"/><string name="l0" value="syarenian"/><string name="l1" value="acc1"/><string name="l2" value="31"/><int name="x" value="-112"/><int name="y" value="-488"/><int name="z" value="9"/><int name="f" value="0"/><int name="zM" value="15"/></imgdir><imgdir name="19"><string name="oS" value="guild"/><string name="l0" value="syarenian"/><string name="l1" value="acc1"/><string name="l2" value="31"/><int name="x" value="-22"/><int name="y" value="-488"/><int name="z" value="9"/><int name="f" value="0"/><int name="zM" value="15"/></imgdir><imgdir name="20"><string name="oS" value="guild"/><string name="l0" value="syarenian"/><string name="l1" value="acc1"/><string name="l2" value="31"/><int name="x" value="68"/><int name="y" value="-488"/><int name="z" value="9"/><int name="f" value="0"/><int name="zM" value="15"/></imgdir><imgdir name="24"><string name="oS" value="guild"/><string name="l0" value="syarenian"/><string name="l1" value="acc1"/><string name="l2" value="27"/><int name="x" value="382"/><int name="y" value="-604"/><int name="z" value="9"/><int name="f" value="0"/><int name="zM" value="16"/></imgdir><imgdir name="25"><string name="oS" value="guild"/><string name="l0" value="syarenian"/><string name="l1" value="acc1"/><string name="l2" value="26"/><int name="x" value="489"/><int name="y" value="-589"/><int name="z" value="9"/><int name="f" value="0"/><int name="zM" value="16"/></imgdir><imgdir name="26"><string name="oS" value="guild"/><string name="l0" value="syarenian"/><string name="l1" value="acc1"/><string name="l2" value="23"/><int name="x" value="531"/><int name="y" value="-610"/><int name="z" value="7"/><int name="f" value="0"/><int name="zM" value="16"/></imgdir><imgdir name="27"><string name="oS" value="guild"/><string name="l0" value="syarenian"/><string name="l1" value="rock"/><string name="l2" value="0"/><int name="x" value="411"/><int name="y" value="-277"/><int name="z" value="9"/><int name="f" value="0"/><int name="zM" value="5"/></imgdir><imgdir name="28"><string name="oS" value="guild"/><string name="l0" value="syarenian"/><string name="l1" value="rock"/><string name="l2" value="2"/><int name="x" value="677"/><int name="y" value="-281"/><int name="z" value="9"/><int name="f" value="0"/><int name="zM" value="13"/></imgdir><imgdir name="34"><string name="oS" value="guild"/><string name="l0" value="syarenian"/><string name="l1" value="rock"/><string name="l2" value="9"/><int name="x" value="390"/><int name="y" value="-59"/><int name="z" value="9"/><int name="f" value="0"/><int name="zM" value="5"/></imgdir><imgdir name="36"><string name="oS" value="guild"/><string name="l0" value="syarenian"/><string name="l1" value="acc1"/><string name="l2" value="34"/><int name="x" value="183"/><int name="y" value="-402"/><int name="z" value="9"/><int name="f" value="0"/><int name="zM" value="17"/></imgdir><imgdir name="37"><string name="oS" value="guild"/><string name="l0" value="syarenian"/><string name="l1" value="acc1"/><string name="l2" value="35"/><int name="x" value="183"/><int name="y" value="-254"/><int name="z" value="9"/><int name="f" value="0"/><int name="zM" value="12"/></imgdir><imgdir name="39"><string name="oS" value="guild"/><string name="l0" value="syarenian"/><string name="l1" value="acc1"/><string name="l2" value="22"/><int name="x" value="-270"/><int name="y" value="-371"/><int name="z" value="6"/><int name="f" value="0"/><int name="zM" value="15"/></imgdir><imgdir name="40"><string name="oS" value="guild"/><string name="l0" value="syarenian"/><string name="l1" value="acc1"/><string name="l2" value="22"/><int name="x" value="-270"/><int name="y" value="-217"/><int name="z" value="6"/><int name="f" value="0"/><int name="zM" value="0"/></imgdir><imgdir name="41"><string name="oS" value="guild"/><string name="l0" value="syarenian"/><string name="l1" value="acc1"/><string name="l2" value="22"/><int name="x" value="-270"/><int name="y" value="-100"/><int name="z" value="5"/><int name="f" value="0"/><int name="zM" value="0"/></imgdir><imgdir name="42"><string name="oS" value="guild"/><string name="l0" value="syarenian"/><string name="l1" value="acc1"/><string name="l2" value="22"/><int name="x" value="-270"/><int name="y" value="54"/><int name="z" value="4"/><int name="f" value="0"/><int name="zM" value="0"/></imgdir><imgdir name="43"><string name="oS" value="guild"/><string name="l0" value="syarenian"/><string name="l1" value="acc1"/><string name="l2" value="22"/><int name="x" value="-270"/><int name="y" value="207"/><int name="z" value="6"/><int name="f" value="0"/><int name="zM" value="0"/></imgdir><imgdir name="44"><string name="oS" value="guild"/><string name="l0" value="syarenian"/><string name="l1" value="acc1"/><string name="l2" value="22"/><int name="x" value="532"/><int name="y" value="-490"/><int name="z" value="8"/><int name="f" value="0"/><int name="zM" value="16"/></imgdir><imgdir name="45"><string name="oS" value="guild"/><string name="l0" value="syarenian"/><string name="l1" value="acc1"/><string name="l2" value="22"/><int name="x" value="532"/><int name="y" value="-412"/><int name="z" value="7"/><int name="f" value="0"/><int name="zM" value="16"/></imgdir><imgdir name="29"><string name="oS" value="guild"/><string name="l0" value="syarenian"/><string name="l1" value="acc1"/><string name="l2" value="24"/><int name="x" value="-903"/><int name="y" value="-543"/><int name="z" value="7"/><int name="f" value="0"/><int name="zM" value="11"/></imgdir><imgdir name="46"><string name="oS" value="guild"/><string name="l0" value="syarenian"/><string name="l1" value="rock"/><string name="l2" value="0"/><int name="x" value="-60"/><int name="y" value="-80"/><int name="z" value="9"/><int name="f" value="0"/><int name="zM" value="0"/></imgdir><imgdir name="31"><string name="oS" value="guild"/><string name="l0" value="syarenian"/><string name="l1" value="rock"/><string name="l2" value="2"/><int name="x" value="-298"/><int name="y" value="-707"/><int name="z" value="7"/><int name="f" value="0"/><int name="zM" value="21"/></imgdir><imgdir name="30"><string name="oS" value="guild"/><string name="l0" value="syarenian"/><string name="l1" value="rock"/><string name="l2" value="0"/><int name="x" value="-564"/><int name="y" value="-703"/><int name="z" value="7"/><int name="f" value="0"/><int name="zM" value="11"/></imgdir><imgdir name="32"><string name="oS" value="guild"/><string name="l0" value="syarenian"/><string name="l1" value="rock"/><string name="l2" value="9"/><int name="x" value="-44"/><int name="y" value="243"/><int name="z" value="6"/><int name="f" value="0"/><int name="zM" value="3"/></imgdir><imgdir name="33"><string name="oS" value="guild"/><string name="l0" value="syarenian"/><string name="l1" value="rock"/><string name="l2" value="8"/><int name="x" value="-52"/><int name="y" value="138"/><int name="z" value="9"/><int name="f" value="0"/><int name="zM" value="0"/></imgdir><imgdir name="22"><string name="oS" value="guild"/><string name="l0" value="syarenian"/><string name="l1" value="rock"/><string name="l2" value="5"/><int name="x" value="-262"/><int name="y" value="-66"/><int name="z" value="8"/><int name="f" value="0"/><int name="zM" value="0"/></imgdir><imgdir name="23"><string name="oS" value="guild"/><string name="l0" value="syarenian"/><string name="l1" value="rock"/><string name="l2" value="1"/><int name="x" value="114"/><int name="y" value="-105"/><int name="z" value="9"/><int name="f" value="0"/><int name="zM" value="9"/></imgdir><imgdir name="47"><string name="oS" value="guild"/><string name="l0" value="syarenian"/><string name="l1" value="rock"/><string name="l2" value="4"/><int name="x" value="-140"/><int name="y" value="-781"/><int name="z" value="9"/><int name="f" value="0"/><int name="zM" value="21"/></imgdir><imgdir name="48"><string name="oS" value="guild"/><string name="l0" value="syarenian"/><string name="l1" value="rock"/><string name="l2" value="5"/><int name="x" value="-2"/><int name="y" value="-707"/><int name="z" value="8"/><int name="f" value="0"/><int name="zM" value="21"/></imgdir><imgdir name="49"><string name="oS" value="guild"/><string name="l0" value="syarenian"/><string name="l1" value="rock"/><string name="l2" value="7"/><int name="x" value="233"/><int name="y" value="-726"/><int name="z" value="3"/><int name="f" value="0"/><int name="zM" value="19"/></imgdir><imgdir name="50"><string name="oS" value="guild"/><string name="l0" value="syarenian"/><string name="l1" value="rock"/><string name="l2" value="8"/><int name="x" value="255"/><int name="y" value="-484"/><int name="z" value="3"/><int name="f" value="0"/><int name="zM" value="15"/></imgdir><imgdir name="51"><string name="oS" value="guild"/><string name="l0" value="syarenian"/><string name="l1" value="rock"/><string name="l2" value="9"/><int name="x" value="226"/><int name="y" value="-244"/><int name="z" value="5"/><int name="f" value="0"/><int name="zM" value="12"/></imgdir><imgdir name="52"><string name="oS" value="guild"/><string name="l0" value="syarenian"/><string name="l1" value="rock"/><string name="l2" value="8"/><int name="x" value="254"/><int name="y" value="-1"/><int name="z" value="6"/><int name="f" value="0"/><int name="zM" value="0"/></imgdir><imgdir name="53"><string name="oS" value="guild"/><string name="l0" value="syarenian"/><string name="l1" value="rock"/><string name="l2" value="9"/><int name="x" value="225"/><int name="y" value="242"/><int name="z" value="4"/><int name="f" value="0"/><int name="zM" value="0"/></imgdir><imgdir name="54"><string name="oS" value="acc1"/><string name="l0" value="dryRock"/><string name="l1" value="castle"/><string name="l2" value="7"/><int name="x" value="-323"/><int name="y" value="-925"/><int name="z" value="6"/><int name="f" value="0"/><int name="zM" value="11"/></imgdir><imgdir name="55"><string name="oS" value="acc1"/><string name="l0" value="dryRock"/><string name="l1" value="castle"/><string name="l2" value="8"/><int name="x" value="-147"/><int name="y" value="-925"/><int name="z" value="0"/><int name="f" value="0"/><int name="zM" value="11"/></imgdir><imgdir name="56"><string name="oS" value="guild"/><string name="l0" value="syarenian"/><string name="l1" value="rock"/><string name="l2" value="8"/><int name="x" value="-556"/><int name="y" value="-484"/><int name="z" value="5"/><int name="f" value="0"/><int name="zM" value="11"/></imgdir><imgdir name="57"><string name="oS" value="guild"/><string name="l0" value="syarenian"/><string name="l1" value="rock"/><string name="l2" value="9"/><int name="x" value="-585"/><int name="y" value="-242"/><int name="z" value="7"/><int name="f" value="0"/><int name="zM" value="11"/></imgdir><imgdir name="58"><string name="oS" value="guild"/><string name="l0" value="syarenian"/><string name="l1" value="rock"/><string name="l2" value="8"/><int name="x" value="-555"/><int name="y" value="1"/><int name="z" value="9"/><int name="f" value="0"/><int name="zM" value="7"/></imgdir><imgdir name="59"><string name="oS" value="guild"/><string name="l0" value="syarenian"/><string name="l1" value="rock"/><string name="l2" value="9"/><int name="x" value="-584"/><int name="y" value="244"/><int name="z" value="9"/><int name="f" value="0"/><int name="zM" value="2"/></imgdir><imgdir name="60"><string name="oS" value="guild"/><string name="l0" value="syarenian"/><string name="l1" value="acc1"/><string name="l2" value="35"/><int name="x" value="267"/><int name="y" value="-436"/><int name="z" value="9"/><int name="f" value="0"/><int name="zM" value="15"/></imgdir><imgdir name="61"><string name="oS" value="guild"/><string name="l0" value="syarenian"/><string name="l1" value="acc1"/><string name="l2" value="0"/><int name="x" value="-456"/><int name="y" value="-856"/><int name="z" value="5"/><int name="f" value="0"/><int name="zM" value="11"/></imgdir><imgdir name="63"><string name="oS" value="acc1"/><string name="l0" value="dryRock"/><string name="l1" value="nature"/><string name="l2" value="13"/><int name="x" value="207"/><int name="y" value="-869"/><int name="z" value="2"/><int name="f" value="0"/><int name="zM" value="19"/></imgdir><imgdir name="64"><string name="oS" value="acc1"/><string name="l0" value="dryRock"/><string name="l1" value="nature"/><string name="l2" value="5"/><int name="x" value="288"/><int name="y" value="-866"/><int name="z" value="2"/><int name="f" value="0"/><int name="zM" value="19"/></imgdir><imgdir name="65"><string name="oS" value="acc1"/><string name="l0" value="dryRock"/><string name="l1" value="artificiality"/><string name="l2" value="5"/><int name="x" value="-190"/><int name="y" value="-190"/><int name="z" value="8"/><int name="f" value="0"/><int name="zM" value="11"/></imgdir><imgdir name="66"><string name="oS" value="acc1"/><string name="l0" value="dryRock"/><string name="l1" value="artificiality"/><string name="l2" value="4"/><int name="x" value="-193"/><int name="y" value="-246"/><int name="z" value="7"/><int name="f" value="0"/><int name="zM" value="11"/></imgdir><imgdir name="67"><string name="oS" value="acc1"/><string name="l0" value="dryRock"/><string name="l1" value="artificiality"/><string name="l2" value="0"/><int name="x" value="-145"/><int name="y" value="-172"/><int name="z" value="7"/><int name="f" value="0"/><int name="zM" value="11"/></imgdir><imgdir name="68"><string name="oS" value="acc1"/><string name="l0" value="dryRock"/><string name="l1" value="artificiality"/><string name="l2" value="3"/><int name="x" value="-114"/><int name="y" value="-199"/><int name="z" value="9"/><int name="f" value="0"/><int name="zM" value="11"/></imgdir><imgdir name="69"><string name="oS" value="acc1"/><string name="l0" value="dryRock"/><string name="l1" value="artificiality"/><string name="l2" value="25"/><int name="x" value="-143"/><int name="y" value="-271"/><int name="z" value="5"/><int name="f" value="0"/><int name="zM" value="11"/></imgdir><imgdir name="70"><string name="oS" value="acc1"/><string name="l0" value="dryRock"/><string name="l1" value="nature"/><string name="l2" value="2"/><int name="x" value="78"/><int name="y" value="-197"/><int name="z" value="8"/><int name="f" value="0"/><int name="zM" value="12"/></imgdir><imgdir name="71"><string name="oS" value="acc1"/><string name="l0" value="dryRock"/><string name="l1" value="nature"/><string name="l2" value="12"/><int name="x" value="450"/><int name="y" value="-384"/><int name="z" value="7"/><int name="f" value="0"/><int name="zM" value="15"/></imgdir><imgdir name="72"><string name="oS" value="acc1"/><string name="l0" value="dryRock"/><string name="l1" value="nature"/><string name="l2" value="13"/><int name="x" value="377"/><int name="y" value="-390"/><int name="z" value="7"/><int name="f" value="0"/><int name="zM" value="12"/></imgdir><imgdir name="73"><string name="oS" value="acc1"/><string name="l0" value="dryRock"/><string name="l1" value="nature"/><string name="l2" value="14"/><int name="x" value="743"/><int name="y" value="-406"/><int name="z" value="7"/><int name="f" value="0"/><int name="zM" value="13"/></imgdir><imgdir name="76"><string name="oS" value="guild"/><string name="l0" value="syarenian"/><string name="l1" value="acc1"/><string name="l2" value="15"/><int name="x" value="-561"/><int name="y" value="-951"/><int name="z" value="0"/><int name="f" value="0"/><int name="zM" value="11"/></imgdir><imgdir name="77"><string name="oS" value="guild"/><string name="l0" value="syarenian"/><string name="l1" value="acc1"/><string name="l2" value="14"/><int name="x" value="-495"/><int name="y" value="-954"/><int name="z" value="0"/><int name="f" value="0"/><int name="zM" value="11"/></imgdir><imgdir name="78"><string name="oS" value="guild"/><string name="l0" value="syarenian"/><string name="l1" value="acc1"/><string name="l2" value="11"/><int name="x" value="-251"/><int name="y" value="-552"/><int name="z" value="6"/><int name="f" value="0"/><int name="zM" value="11"/></imgdir><imgdir name="79"><string name="oS" value="guild"/><string name="l0" value="syarenian"/><string name="l1" value="acc1"/><string name="l2" value="10"/><int name="x" value="-291"/><int name="y" value="-554"/><int name="z" value="5"/><int name="f" value="0"/><int name="zM" value="11"/></imgdir><imgdir name="80"><string name="oS" value="connect"/><string name="l0" value="ladder"/><string name="l1" value="37"/><string name="l2" value="4"/><int name="x" value="578"/><int name="y" value="-648"/><int name="z" value="9"/><int name="f" value="0"/><int name="zM" value="16"/></imgdir><imgdir name="81"><string name="oS" value="connect"/><string name="l0" value="ladder"/><string name="l1" value="37"/><string name="l2" value="7"/><int name="x" value="578"/><int name="y" value="-583"/><int name="z" value="10"/><int name="f" value="0"/><int name="zM" value="16"/></imgdir><imgdir name="82"><string name="oS" value="connect"/><string name="l0" value="ladder"/><string name="l1" value="37"/><string name="l2" value="5"/><int name="x" value="578"/><int name="y" value="-515"/><int name="z" value="10"/><int name="f" value="0"/><int name="zM" value="16"/></imgdir><imgdir name="83"><string name="oS" value="connect"/><string name="l0" value="ladder"/><string name="l1" value="37"/><string name="l2" value="5"/><int name="x" value="578"/><int name="y" value="-481"/><int name="z" value="10"/><int name="f" value="0"/><int name="zM" value="16"/></imgdir><imgdir name="84"><string name="oS" value="connect"/><string name="l0" value="ladder"/><string name="l1" value="37"/><string name="l2" value="6"/><int name="x" value="578"/><int name="y" value="-453"/><int name="z" value="9"/><int name="f" value="0"/><int name="zM" value="16"/></imgdir><imgdir name="85"><string name="oS" value="acc1"/><string name="l0" value="dryRock"/><string name="l1" value="nature"/><string name="l2" value="13"/><int name="x" value="-273"/><int name="y" value="-191"/><int name="z" value="7"/><int name="f" value="0"/><int name="zM" value="11"/></imgdir><imgdir name="86"><string name="oS" value="acc1"/><string name="l0" value="dryRock"/><string name="l1" value="nature"/><string name="l2" value="10"/><int name="x" value="467"/><int name="y" value="-390"/><int name="z" value="8"/><int name="f" value="0"/><int name="zM" value="12"/></imgdir><imgdir name="87"><string name="oS" value="acc1"/><string name="l0" value="dryRock"/><string name="l1" value="nature"/><string name="l2" value="11"/><int name="x" value="618"/><int name="y" value="-408"/><int name="z" value="8"/><int name="f" value="0"/><int name="zM" value="16"/></imgdir><imgdir name="88"><string name="oS" value="guild"/><string name="l0" value="syarenian"/><string name="l1" value="rock"/><string name="l2" value="2"/><int name="x" value="394"/><int name="y" value="-757"/><int name="z" value="1"/><int name="f" value="0"/><int name="zM" value="19"/></imgdir><imgdir name="89"><string name="oS" value="guild"/><string name="l0" value="syarenian"/><string name="l1" value="acc1"/><string name="l2" value="22"/><int name="x" value="-891"/><int name="y" value="291"/><int name="z" value="7"/><int name="f" value="0"/><int name="zM" value="1"/></imgdir><imgdir name="90"><string name="oS" value="guild"/><string name="l0" value="syarenian"/><string name="l1" value="acc1"/><string name="l2" value="22"/><int name="x" value="-270"/><int name="y" value="293"/><int name="z" value="5"/><int name="f" value="0"/><int name="zM" value="0"/></imgdir><imgdir name="35"><string name="oS" value="guild"/><string name="l0" value="syarenian"/><string name="l1" value="rock"/><string name="l2" value="9"/><int name="x" value="409"/><int name="y" value="242"/><int name="z" value="7"/><int name="f" value="0"/><int name="zM" value="4"/></imgdir><imgdir name="38"><string name="oS" value="guild"/><string name="l0" value="syarenian"/><string name="l1" value="rock"/><string name="l2" value="8"/><int name="x" value="420"/><int name="y" value="183"/><int name="z" value="9"/><int name="f" value="0"/><int name="zM" value="5"/></imgdir><imgdir name="21"><string name="oS" value="guild"/><string name="l0" value="syarenian"/><string name="l1" value="acc1"/><string name="l2" value="47"/><int name="x" value="291"/><int name="y" value="-597"/><int name="z" value="9"/><int name="f" value="0"/><int name="zM" value="19"/></imgdir><imgdir name="91"><string name="oS" value="guild"/><string name="l0" value="syarenian"/><string name="l1" value="acc1"/><string name="l2" value="47"/><int name="x" value="-506"/><int name="y" value="-480"/><int name="z" value="9"/><int name="f" value="0"/><int name="zM" value="11"/></imgdir><imgdir name="92"><string name="oS" value="guild"/><string name="l0" value="syarenian"/><string name="l1" value="acc1"/><string name="l2" value="33"/><int name="x" value="-438"/><int name="y" value="-199"/><int name="z" value="9"/><int name="f" value="0"/><int name="zM" value="11"/></imgdir><imgdir name="93"><string name="oS" value="guild"/><string name="l0" value="syarenian"/><string name="l1" value="acc1"/><string name="l2" value="33"/><int name="x" value="-438"/><int name="y" value="-171"/><int name="z" value="9"/><int name="f" value="0"/><int name="zM" value="11"/></imgdir><imgdir name="94"><string name="oS" value="guild"/><string name="l0" value="syarenian"/><string name="l1" value="acc1"/><string name="l2" value="33"/><int name="x" value="267"/><int name="y" value="-551"/><int name="z" value="9"/><int name="f" value="0"/><int name="zM" value="15"/></imgdir><imgdir name="95"><string name="oS" value="guild"/><string name="l0" value="syarenian"/><string name="l1" value="acc1"/><string name="l2" value="33"/><int name="x" value="267"/><int name="y" value="-523"/><int name="z" value="9"/><int name="f" value="0"/><int name="zM" value="15"/></imgdir><imgdir name="15"><string name="oS" value="guild"/><string name="l0" value="syarenian"/><string name="l1" value="acc1"/><string name="l2" value="33"/><int name="x" value="267"/><int name="y" value="-495"/><int name="z" value="9"/><int name="f" value="0"/><int name="zM" value="18"/></imgdir><imgdir name="96"><string name="oS" value="guild"/><string name="l0" value="syarenian"/><string name="l1" value="acc1"/><string name="l2" value="32"/><int name="x" value="-461"/><int name="y" value="-356"/><int name="z" value="9"/><int name="f" value="0"/><int name="zM" value="11"/></imgdir><imgdir name="97"><string name="oS" value="guild"/><string name="l0" value="syarenian"/><string name="l1" value="acc1"/><string name="l2" value="33"/><int name="x" value="183"/><int name="y" value="-363"/><int name="z" value="9"/><int name="f" value="0"/><int name="zM" value="12"/></imgdir><imgdir name="98"><string name="oS" value="guild"/><string name="l0" value="syarenian"/><string name="l1" value="acc1"/><string name="l2" value="33"/><int name="x" value="183"/><int name="y" value="-335"/><int name="z" value="9"/><int name="f" value="0"/><int name="zM" value="12"/></imgdir><imgdir name="9"><string name="oS" value="guild"/><string name="l0" value="syarenian"/><string name="l1" value="acc1"/><string name="l2" value="33"/><int name="x" value="183"/><int name="y" value="-313"/><int name="z" value="9"/><int name="f" value="0"/><int name="zM" value="12"/></imgdir><imgdir name="99"><string name="oS" value="guild"/><string name="l0" value="syarenian"/><string name="l1" value="acc1"/><string name="l2" value="32"/><int name="x" value="160"/><int name="y" value="-483"/><int name="z" value="9"/><int name="f" value="0"/><int name="zM" value="15"/></imgdir><imgdir name="62"><string name="oS" value="guild"/><string name="l0" value="syarenian"/><string name="l1" value="acc1"/><string name="l2" value="33"/><int name="x" value="-438"/><int name="y" value="-144"/><int name="z" value="9"/><int name="f" value="0"/><int name="zM" value="11"/></imgdir><imgdir name="100"><string name="oS" value="guild"/><string name="l0" value="syarenian"/><string name="l1" value="rock"/><string name="l2" value="7"/><int name="x" value="62"/><int name="y" value="-898"/><int name="z" value="1"/><int name="f" value="0"/><int name="zM" value="11"/></imgdir><imgdir name="74"><string name="oS" value="guild"/><string name="l0" value="syarenian"/><string name="l1" value="rock"/><string name="l2" value="2"/><int name="x" value="193"/><int name="y" value="-929"/><int name="z" value="0"/><int name="f" value="0"/><int name="zM" value="19"/></imgdir><imgdir name="75"><string name="oS" value="guild"/><string name="l0" value="syarenian"/><string name="l1" value="rock"/><string name="l2" value="6"/><int name="x" value="-90"/><int name="y" value="-907"/><int name="z" value="2"/><int name="f" value="0"/><int name="zM" value="11"/></imgdir></imgdir></imgdir><imgdir name="4"><imgdir name="info"></imgdir><imgdir name="tile"></imgdir><imgdir name="obj"><imgdir name="0"><string name="oS" value="connect"/><string name="l0" value="rope"/><string name="l1" value="19"/><string name="l2" value="0"/><int name="x" value="-274"/><int name="y" value="-803"/><int name="z" value="9"/><int name="f" value="0"/><int name="zM" value="28"/></imgdir><imgdir name="1"><string name="oS" value="connect"/><string name="l0" value="rope"/><string name="l1" value="19"/><string name="l2" value="1"/><int name="x" value="-274"/><int name="y" value="-767"/><int name="z" value="9"/><int name="f" value="0"/><int name="zM" value="27"/></imgdir><imgdir name="2"><string name="oS" value="connect"/><string name="l0" value="rope"/><string name="l1" value="19"/><string name="l2" value="1"/><int name="x" value="-274"/><int name="y" value="-729"/><int name="z" value="9"/><int name="f" value="0"/><int name="zM" value="25"/></imgdir><imgdir name="3"><string name="oS" value="connect"/><string name="l0" value="rope"/><string name="l1" value="19"/><string name="l2" value="2"/><int name="x" value="-274"/><int name="y" value="-608"/><int name="z" value="9"/><int name="f" value="0"/><int name="zM" value="20"/></imgdir><imgdir name="4"><string name="oS" value="connect"/><string name="l0" value="rope"/><string name="l1" value="19"/><string name="l2" value="0"/><int name="x" value="455"/><int name="y" value="-850"/><int name="z" value="9"/><int name="f" value="0"/><int name="zM" value="29"/></imgdir><imgdir name="5"><string name="oS" value="connect"/><string name="l0" value="rope"/><string name="l1" value="19"/><string name="l2" value="3"/><int name="x" value="455"/><int name="y" value="-776"/><int name="z" value="9"/><int name="f" value="0"/><int name="zM" value="26"/></imgdir><imgdir name="6"><string name="oS" value="connect"/><string name="l0" value="rope"/><string name="l1" value="19"/><string name="l2" value="2"/><int name="x" value="455"/><int name="y" value="-710"/><int name="z" value="9"/><int name="f" value="0"/><int name="zM" value="24"/></imgdir><imgdir name="7"><string name="oS" value="connect"/><string name="l0" value="rope"/><string name="l1" value="19"/><string name="l2" value="1"/><int name="x" value="-274"/><int name="y" value="-691"/><int name="z" value="9"/><int name="f" value="0"/><int name="zM" value="23"/></imgdir><imgdir name="8"><string name="oS" value="connect"/><string name="l0" value="rope"/><string name="l1" value="19"/><string name="l2" value="1"/><int name="x" value="-274"/><int name="y" value="-653"/><int name="z" value="9"/><int name="f" value="0"/><int name="zM" value="22"/></imgdir><imgdir name="9"><string name="oS" value="connect"/><string name="l0" value="rope"/><string name="l1" value="19"/><string name="l2" value="0"/><int name="x" value="-57"/><int name="y" value="-965"/><int name="z" value="9"/><int name="f" value="0"/><int name="zM" value="33"/></imgdir><imgdir name="10"><string name="oS" value="connect"/><string name="l0" value="rope"/><string name="l1" value="19"/><string name="l2" value="1"/><int name="x" value="-57"/><int name="y" value="-929"/><int name="z" value="9"/><int name="f" value="0"/><int name="zM" value="32"/></imgdir><imgdir name="11"><string name="oS" value="connect"/><string name="l0" value="rope"/><string name="l1" value="19"/><string name="l2" value="1"/><int name="x" value="-57"/><int name="y" value="-891"/><int name="z" value="9"/><int name="f" value="0"/><int name="zM" value="31"/></imgdir><imgdir name="12"><string name="oS" value="connect"/><string name="l0" value="rope"/><string name="l1" value="19"/><string name="l2" value="2"/><int name="x" value="-57"/><int name="y" value="-863"/><int name="z" value="9"/><int name="f" value="0"/><int name="zM" value="30"/></imgdir><imgdir name="13"><string name="oS" value="connect"/><string name="l0" value="rope"/><string name="l1" value="19"/><string name="l2" value="1"/><int name="x" value="-274"/><int name="y" value="-634"/><int name="z" value="9"/><int name="f" value="0"/><int name="zM" value="20"/></imgdir></imgdir></imgdir><imgdir name="5"><imgdir name="info"></imgdir><imgdir name="tile"></imgdir><imgdir name="obj"></imgdir></imgdir><imgdir name="6"><imgdir name="info"></imgdir><imgdir name="tile"></imgdir><imgdir name="obj"></imgdir></imgdir><imgdir name="7"><imgdir name="info"><string name="tS" value="blackTile"/><int name="tSMag" value="1"/></imgdir><imgdir name="tile"><imgdir name="4"><int name="x" value="-1080"/><int name="y" value="240"/><string name="u" value="enH0"/><int name="no" value="0"/><int name="zM" value="6"/></imgdir><imgdir name="5"><int name="x" value="-1080"/><int name="y" value="240"/><string name="u" value="enH1"/><int name="no" value="0"/><int name="zM" value="6"/></imgdir><imgdir name="2"><int name="x" value="-990"/><int name="y" value="240"/><string name="u" value="enH1"/><int name="no" value="0"/><int name="zM" value="6"/></imgdir><imgdir name="3"><int name="x" value="-990"/><int name="y" value="240"/><string name="u" value="enH0"/><int name="no" value="0"/><int name="zM" value="6"/></imgdir><imgdir name="8"><int name="x" value="-900"/><int name="y" value="240"/><string name="u" value="enH1"/><int name="no" value="0"/><int name="zM" value="6"/></imgdir><imgdir name="9"><int name="x" value="-900"/><int name="y" value="240"/><string name="u" value="enH0"/><int name="no" value="0"/><int name="zM" value="6"/></imgdir><imgdir name="10"><int name="x" value="-810"/><int name="y" value="240"/><string name="u" value="enH1"/><int name="no" value="0"/><int name="zM" value="6"/></imgdir><imgdir name="11"><int name="x" value="-810"/><int name="y" value="240"/><string name="u" value="enH0"/><int name="no" value="0"/><int name="zM" value="6"/></imgdir><imgdir name="12"><int name="x" value="-720"/><int name="y" value="240"/><string name="u" value="enH1"/><int name="no" value="0"/><int name="zM" value="6"/></imgdir><imgdir name="13"><int name="x" value="-720"/><int name="y" value="240"/><string name="u" value="enH0"/><int name="no" value="0"/><int name="zM" value="6"/></imgdir><imgdir name="14"><int name="x" value="-630"/><int name="y" value="240"/><string name="u" value="enH1"/><int name="no" value="0"/><int name="zM" value="6"/></imgdir><imgdir name="15"><int name="x" value="-630"/><int name="y" value="240"/><string name="u" value="enH0"/><int name="no" value="0"/><int name="zM" value="6"/></imgdir><imgdir name="16"><int name="x" value="-540"/><int name="y" value="240"/><string name="u" value="enH1"/><int name="no" value="0"/><int name="zM" value="6"/></imgdir><imgdir name="17"><int name="x" value="-540"/><int name="y" value="240"/><string name="u" value="enH0"/><int name="no" value="0"/><int name="zM" value="6"/></imgdir><imgdir name="28"><int name="x" value="-90"/><int name="y" value="240"/><string name="u" value="enH1"/><int name="no" value="0"/><int name="zM" value="6"/></imgdir><imgdir name="29"><int name="x" value="-90"/><int name="y" value="240"/><string name="u" value="enH0"/><int name="no" value="0"/><int name="zM" value="6"/></imgdir><imgdir name="26"><int name="x" value="-180"/><int name="y" value="240"/><string name="u" value="enH1"/><int name="no" value="0"/><int name="zM" value="6"/></imgdir><imgdir name="27"><int name="x" value="-180"/><int name="y" value="240"/><string name="u" value="enH0"/><int name="no" value="0"/><int name="zM" value="6"/></imgdir><imgdir name="24"><int name="x" value="-270"/><int name="y" value="240"/><string name="u" value="enH1"/><int name="no" value="0"/><int name="zM" value="6"/></imgdir><imgdir name="25"><int name="x" value="-270"/><int name="y" value="240"/><string name="u" value="enH0"/><int name="no" value="0"/><int name="zM" value="6"/></imgdir><imgdir name="22"><int name="x" value="-360"/><int name="y" value="240"/><string name="u" value="enH1"/><int name="no" value="0"/><int name="zM" value="6"/></imgdir><imgdir name="23"><int name="x" value="-360"/><int name="y" value="240"/><string name="u" value="enH0"/><int name="no" value="0"/><int name="zM" value="6"/></imgdir><imgdir name="18"><int name="x" value="-450"/><int name="y" value="240"/><string name="u" value="enH1"/><int name="no" value="0"/><int name="zM" value="6"/></imgdir><imgdir name="19"><int name="x" value="-450"/><int name="y" value="240"/><string name="u" value="enH0"/><int name="no" value="0"/><int name="zM" value="6"/></imgdir><imgdir name="20"><int name="x" value="0"/><int name="y" value="240"/><string name="u" value="enH1"/><int name="no" value="0"/><int name="zM" value="6"/></imgdir><imgdir name="21"><int name="x" value="0"/><int name="y" value="240"/><string name="u" value="enH0"/><int name="no" value="0"/><int name="zM" value="6"/></imgdir><imgdir name="40"><int name="x" value="450"/><int name="y" value="240"/><string name="u" value="enH1"/><int name="no" value="0"/><int name="zM" value="6"/></imgdir><imgdir name="41"><int name="x" value="450"/><int name="y" value="240"/><string name="u" value="enH0"/><int name="no" value="0"/><int name="zM" value="6"/></imgdir><imgdir name="38"><int name="x" value="360"/><int name="y" value="240"/><string name="u" value="enH1"/><int name="no" value="0"/><int name="zM" value="6"/></imgdir><imgdir name="39"><int name="x" value="360"/><int name="y" value="240"/><string name="u" value="enH0"/><int name="no" value="0"/><int name="zM" value="6"/></imgdir><imgdir name="36"><int name="x" value="270"/><int name="y" value="240"/><string name="u" value="enH1"/><int name="no" value="0"/><int name="zM" value="6"/></imgdir><imgdir name="37"><int name="x" value="270"/><int name="y" value="240"/><string name="u" value="enH0"/><int name="no" value="0"/><int name="zM" value="6"/></imgdir><imgdir name="34"><int name="x" value="180"/><int name="y" value="240"/><string name="u" value="enH1"/><int name="no" value="0"/><int name="zM" value="6"/></imgdir><imgdir name="35"><int name="x" value="180"/><int name="y" value="240"/><string name="u" value="enH0"/><int name="no" value="0"/><int name="zM" value="6"/></imgdir><imgdir name="30"><int name="x" value="90"/><int name="y" value="240"/><string name="u" value="enH1"/><int name="no" value="0"/><int name="zM" value="6"/></imgdir><imgdir name="31"><int name="x" value="90"/><int name="y" value="240"/><string name="u" value="enH0"/><int name="no" value="0"/><int name="zM" value="6"/></imgdir><imgdir name="32"><int name="x" value="540"/><int name="y" value="240"/><string name="u" value="enH1"/><int name="no" value="0"/><int name="zM" value="6"/></imgdir><imgdir name="33"><int name="x" value="540"/><int name="y" value="240"/><string name="u" value="enH0"/><int name="no" value="0"/><int name="zM" value="6"/></imgdir><imgdir name="42"><int name="x" value="630"/><int name="y" value="240"/><string name="u" value="enH1"/><int name="no" value="0"/><int name="zM" value="6"/></imgdir><imgdir name="43"><int name="x" value="630"/><int name="y" value="240"/><string name="u" value="enH0"/><int name="no" value="0"/><int name="zM" value="6"/></imgdir><imgdir name="1"><int name="x" value="810"/><int name="y" value="240"/><string name="u" value="enH0"/><int name="no" value="0"/><int name="zM" value="6"/></imgdir><imgdir name="0"><int name="x" value="810"/><int name="y" value="240"/><string name="u" value="enH1"/><int name="no" value="0"/><int name="zM" value="6"/></imgdir><imgdir name="6"><int name="x" value="720"/><int name="y" value="240"/><string name="u" value="enH1"/><int name="no" value="0"/><int name="zM" value="6"/></imgdir><imgdir name="7"><int name="x" value="720"/><int name="y" value="240"/><string name="u" value="enH0"/><int name="no" value="0"/><int name="zM" value="6"/></imgdir></imgdir><imgdir name="obj"></imgdir></imgdir><imgdir name="foothold"><imgdir name="7"><imgdir name="6"><imgdir name="1"><int name="x1" value="810"/><int name="y1" value="215"/><int name="x2" value="900"/><int name="y2" value="215"/><int name="prev" value="4"/><int name="next" value="0"/></imgdir><imgdir name="2"><int name="x1" value="-990"/><int name="y1" value="215"/><int name="x2" value="-900"/><int name="y2" value="215"/><int name="prev" value="3"/><int name="next" value="5"/></imgdir><imgdir name="3"><int name="x1" value="-1080"/><int name="y1" value="215"/><int name="x2" value="-990"/><int name="y2" value="215"/><int name="prev" value="0"/><int name="next" value="2"/></imgdir><imgdir name="4"><int name="x1" value="720"/><int name="y1" value="215"/><int name="x2" value="810"/><int name="y2" value="215"/><int name="prev" value="22"/><int name="next" value="1"/></imgdir><imgdir name="5"><int name="x1" value="-900"/><int name="y1" value="215"/><int name="x2" value="-810"/><int name="y2" value="215"/><int name="prev" value="2"/><int name="next" value="6"/></imgdir><imgdir name="6"><int name="x1" value="-810"/><int name="y1" value="215"/><int name="x2" value="-720"/><int name="y2" value="215"/><int name="prev" value="5"/><int name="next" value="7"/></imgdir><imgdir name="7"><int name="x1" value="-720"/><int name="y1" value="215"/><int name="x2" value="-630"/><int name="y2" value="215"/><int name="prev" value="6"/><int name="next" value="8"/></imgdir><imgdir name="8"><int name="x1" value="-630"/><int name="y1" value="215"/><int name="x2" value="-540"/><int name="y2" value="215"/><int name="prev" value="7"/><int name="next" value="9"/></imgdir><imgdir name="9"><int name="x1" value="-540"/><int name="y1" value="215"/><int name="x2" value="-450"/><int name="y2" value="215"/><int name="prev" value="8"/><int name="next" value="10"/></imgdir><imgdir name="10"><int name="x1" value="-450"/><int name="y1" value="215"/><int name="x2" value="-360"/><int name="y2" value="215"/><int name="prev" value="9"/><int name="next" value="12"/></imgdir><imgdir name="11"><int name="x1" value="0"/><int name="y1" value="215"/><int name="x2" value="90"/><int name="y2" value="215"/><int name="prev" value="15"/><int name="next" value="16"/></imgdir><imgdir name="12"><int name="x1" value="-360"/><int name="y1" value="215"/><int name="x2" value="-270"/><int name="y2" value="215"/><int name="prev" value="10"/><int name="next" value="13"/></imgdir><imgdir name="13"><int name="x1" value="-270"/><int name="y1" value="215"/><int name="x2" value="-180"/><int name="y2" value="215"/><int name="prev" value="12"/><int name="next" value="14"/></imgdir><imgdir name="14"><int name="x1" value="-180"/><int name="y1" value="215"/><int name="x2" value="-90"/><int name="y2" value="215"/><int name="prev" value="13"/><int name="next" value="15"/></imgdir><imgdir name="15"><int name="x1" value="-90"/><int name="y1" value="215"/><int name="x2" value="0"/><int name="y2" value="215"/><int name="prev" value="14"/><int name="next" value="11"/></imgdir><imgdir name="16"><int name="x1" value="90"/><int name="y1" value="215"/><int name="x2" value="180"/><int name="y2" value="215"/><int name="prev" value="11"/><int name="next" value="18"/></imgdir><imgdir name="17"><int name="x1" value="540"/><int name="y1" value="215"/><int name="x2" value="630"/><int name="y2" value="215"/><int name="prev" value="21"/><int name="next" value="22"/></imgdir><imgdir name="18"><int name="x1" value="180"/><int name="y1" value="215"/><int name="x2" value="270"/><int name="y2" value="215"/><int name="prev" value="16"/><int name="next" value="19"/></imgdir><imgdir name="19"><int name="x1" value="270"/><int name="y1" value="215"/><int name="x2" value="360"/><int name="y2" value="215"/><int name="prev" value="18"/><int name="next" value="20"/></imgdir><imgdir name="20"><int name="x1" value="360"/><int name="y1" value="215"/><int name="x2" value="450"/><int name="y2" value="215"/><int name="prev" value="19"/><int name="next" value="21"/></imgdir><imgdir name="21"><int name="x1" value="450"/><int name="y1" value="215"/><int name="x2" value="540"/><int name="y2" value="215"/><int name="prev" value="20"/><int name="next" value="17"/></imgdir><imgdir name="22"><int name="x1" value="630"/><int name="y1" value="215"/><int name="x2" value="720"/><int name="y2" value="215"/><int name="prev" value="17"/><int name="next" value="4"/></imgdir></imgdir></imgdir><imgdir name="3"><imgdir name="11"><imgdir name="23"><int name="x1" value="-979"/><int name="y1" value="-409"/><int name="x2" value="-802"/><int name="y2" value="-409"/><int name="prev" value="0"/><int name="next" value="0"/></imgdir><imgdir name="24"><int name="x1" value="-826"/><int name="y1" value="-383"/><int name="x2" value="-778"/><int name="y2" value="-383"/><int name="prev" value="0"/><int name="next" value="25"/></imgdir><imgdir name="25"><int name="x1" value="-778"/><int name="y1" value="-383"/><int name="x2" value="-688"/><int name="y2" value="-383"/><int name="prev" value="24"/><int name="next" value="26"/></imgdir><imgdir name="26"><int name="x1" value="-688"/><int name="y1" value="-383"/><int name="x2" value="-598"/><int name="y2" value="-383"/><int name="prev" value="25"/><int name="next" value="27"/></imgdir><imgdir name="27"><int name="x1" value="-598"/><int name="y1" value="-383"/><int name="x2" value="-508"/><int name="y2" value="-383"/><int name="prev" value="26"/><int name="next" value="45"/></imgdir><imgdir name="28"><int name="x1" value="-981"/><int name="y1" value="-473"/><int name="x2" value="-799"/><int name="y2" value="-473"/><int name="prev" value="0"/><int name="next" value="0"/></imgdir><imgdir name="29"><int name="x1" value="-693"/><int name="y1" value="-753"/><int name="x2" value="-666"/><int name="y2" value="-780"/><int name="prev" value="0"/><int name="next" value="30"/></imgdir><imgdir name="30"><int name="x1" value="-666"/><int name="y1" value="-780"/><int name="x2" value="-590"/><int name="y2" value="-784"/><int name="prev" value="29"/><int name="next" value="31"/></imgdir><imgdir name="31"><int name="x1" value="-590"/><int name="y1" value="-784"/><int name="x2" value="-573"/><int name="y2" value="-791"/><int name="prev" value="30"/><int name="next" value="32"/></imgdir><imgdir name="32"><int name="x1" value="-573"/><int name="y1" value="-791"/><int name="x2" value="-492"/><int name="y2" value="-795"/><int name="prev" value="31"/><int name="next" value="33"/></imgdir><imgdir name="33"><int name="x1" value="-492"/><int name="y1" value="-795"/><int name="x2" value="-451"/><int name="y2" value="-796"/><int name="prev" value="32"/><int name="next" value="34"/></imgdir><imgdir name="34"><int name="x1" value="-451"/><int name="y1" value="-796"/><int name="x2" value="-414"/><int name="y2" value="-796"/><int name="prev" value="33"/><int name="next" value="109"/></imgdir><imgdir name="35"><int name="x1" value="-627"/><int name="y1" value="-786"/><int name="x2" value="-457"/><int name="y2" value="-929"/><int name="prev" value="0"/><int name="next" value="36"/></imgdir><imgdir name="36"><int name="x1" value="-457"/><int name="y1" value="-929"/><int name="x2" value="-397"/><int name="y2" value="-929"/><int name="prev" value="35"/><int name="next" value="0"/></imgdir><imgdir name="37"><int name="x1" value="-620"/><int name="y1" value="-929"/><int name="x2" value="-465"/><int name="y2" value="-929"/><int name="prev" value="0"/><int name="next" value="0"/></imgdir><imgdir name="38"><int name="x1" value="-101"/><int name="y1" value="-960"/><int name="x2" value="-85"/><int name="y2" value="-968"/><int name="prev" value="0"/><int name="next" value="39"/></imgdir><imgdir name="39"><int name="x1" value="-85"/><int name="y1" value="-968"/><int name="x2" value="-74"/><int name="y2" value="-969"/><int name="prev" value="38"/><int name="next" value="49"/></imgdir><imgdir name="40"><int name="x1" value="-535"/><int name="y1" value="-471"/><int name="x2" value="-499"/><int name="y2" value="-511"/><int name="prev" value="0"/><int name="next" value="41"/></imgdir><imgdir name="41"><int name="x1" value="-499"/><int name="y1" value="-511"/><int name="x2" value="-471"/><int name="y2" value="-511"/><int name="prev" value="40"/><int name="next" value="42"/></imgdir><imgdir name="42"><int name="x1" value="-471"/><int name="y1" value="-511"/><int name="x2" value="-469"/><int name="y2" value="-509"/><int name="prev" value="41"/><int name="next" value="43"/></imgdir><imgdir name="43"><int name="x1" value="-469"/><int name="y1" value="-509"/><int name="x2" value="-460"/><int name="y2" value="-509"/><int name="prev" value="42"/><int name="next" value="57"/></imgdir><imgdir name="44"><int name="x1" value="-451"/><int name="y1" value="-367"/><int name="x2" value="-424"/><int name="y2" value="-367"/><int name="prev" value="0"/><int name="next" value="0"/></imgdir><imgdir name="45"><int name="x1" value="-508"/><int name="y1" value="-383"/><int name="x2" value="-497"/><int name="y2" value="-383"/><int name="prev" value="27"/><int name="next" value="46"/></imgdir><imgdir name="46"><int name="x1" value="-497"/><int name="y1" value="-383"/><int name="x2" value="-495"/><int name="y2" value="-385"/><int name="prev" value="45"/><int name="next" value="47"/></imgdir><imgdir name="47"><int name="x1" value="-495"/><int name="y1" value="-385"/><int name="x2" value="-417"/><int name="y2" value="-385"/><int name="prev" value="46"/><int name="next" value="48"/></imgdir><imgdir name="48"><int name="x1" value="-417"/><int name="y1" value="-385"/><int name="x2" value="-415"/><int name="y2" value="-383"/><int name="prev" value="47"/><int name="next" value="0"/></imgdir><imgdir name="49"><int name="x1" value="-74"/><int name="y1" value="-969"/><int name="x2" value="-14"/><int name="y2" value="-968"/><int name="prev" value="39"/><int name="next" value="0"/></imgdir><imgdir name="50"><int name="x1" value="-56"/><int name="y1" value="-987"/><int name="x2" value="-32"/><int name="y2" value="-1013"/><int name="prev" value="0"/><int name="next" value="51"/></imgdir><imgdir name="51"><int name="x1" value="-32"/><int name="y1" value="-1013"/><int name="x2" value="38"/><int name="y2" value="-1014"/><int name="prev" value="50"/><int name="next" value="52"/></imgdir><imgdir name="52"><int name="x1" value="38"/><int name="y1" value="-1014"/><int name="x2" value="59"/><int name="y2" value="-1019"/><int name="prev" value="51"/><int name="next" value="53"/></imgdir><imgdir name="53"><int name="x1" value="59"/><int name="y1" value="-1019"/><int name="x2" value="128"/><int name="y2" value="-1020"/><int name="prev" value="52"/><int name="next" value="54"/></imgdir><imgdir name="54"><int name="x1" value="128"/><int name="y1" value="-1020"/><int name="x2" value="129"/><int name="y2" value="-1019"/><int name="prev" value="53"/><int name="next" value="83"/></imgdir></imgdir><imgdir name="15"><imgdir name="55"><int name="x1" value="-358"/><int name="y1" value="-536"/><int name="x2" value="-181"/><int name="y2" value="-536"/><int name="prev" value="0"/><int name="next" value="0"/></imgdir><imgdir name="56"><int name="x1" value="-370"/><int name="y1" value="-509"/><int name="x2" value="-321"/><int name="y2" value="-509"/><int name="prev" value="57"/><int name="next" value="0"/></imgdir><imgdir name="57"><int name="x1" value="-460"/><int name="y1" value="-509"/><int name="x2" value="-370"/><int name="y2" value="-509"/><int name="prev" value="43"/><int name="next" value="56"/></imgdir><imgdir name="58"><int name="x1" value="-205"/><int name="y1" value="-510"/><int name="x2" value="-157"/><int name="y2" value="-510"/><int name="prev" value="0"/><int name="next" value="59"/></imgdir><imgdir name="59"><int name="x1" value="-157"/><int name="y1" value="-510"/><int name="x2" value="-67"/><int name="y2" value="-510"/><int name="prev" value="58"/><int name="next" value="60"/></imgdir><imgdir name="60"><int name="x1" value="-67"/><int name="y1" value="-510"/><int name="x2" value="23"/><int name="y2" value="-510"/><int name="prev" value="59"/><int name="next" value="61"/></imgdir><imgdir name="61"><int name="x1" value="23"/><int name="y1" value="-510"/><int name="x2" value="113"/><int name="y2" value="-510"/><int name="prev" value="60"/><int name="next" value="63"/></imgdir><imgdir name="62"><int name="x1" value="170"/><int name="y1" value="-494"/><int name="x2" value="197"/><int name="y2" value="-494"/><int name="prev" value="0"/><int name="next" value="0"/></imgdir><imgdir name="63"><int name="x1" value="113"/><int name="y1" value="-510"/><int name="x2" value="124"/><int name="y2" value="-510"/><int name="prev" value="61"/><int name="next" value="64"/></imgdir><imgdir name="64"><int name="x1" value="124"/><int name="y1" value="-510"/><int name="x2" value="126"/><int name="y2" value="-512"/><int name="prev" value="63"/><int name="next" value="65"/></imgdir><imgdir name="65"><int name="x1" value="126"/><int name="y1" value="-512"/><int name="x2" value="204"/><int name="y2" value="-512"/><int name="prev" value="64"/><int name="next" value="66"/></imgdir><imgdir name="66"><int name="x1" value="204"/><int name="y1" value="-512"/><int name="x2" value="206"/><int name="y2" value="-510"/><int name="prev" value="65"/><int name="next" value="0"/></imgdir></imgdir><imgdir name="19"><imgdir name="67"><int name="x1" value="262"/><int name="y1" value="-588"/><int name="x2" value="298"/><int name="y2" value="-628"/><int name="prev" value="0"/><int name="next" value="68"/></imgdir><imgdir name="68"><int name="x1" value="298"/><int name="y1" value="-628"/><int name="x2" value="326"/><int name="y2" value="-628"/><int name="prev" value="67"/><int name="next" value="69"/></imgdir><imgdir name="69"><int name="x1" value="326"/><int name="y1" value="-628"/><int name="x2" value="328"/><int name="y2" value="-626"/><int name="prev" value="68"/><int name="next" value="70"/></imgdir><imgdir name="70"><int name="x1" value="328"/><int name="y1" value="-626"/><int name="x2" value="338"/><int name="y2" value="-626"/><int name="prev" value="69"/><int name="next" value="96"/></imgdir><imgdir name="71"><int name="x1" value="97"/><int name="y1" value="-797"/><int name="x2" value="157"/><int name="y2" value="-796"/><int name="prev" value="117"/><int name="next" value="0"/></imgdir><imgdir name="72"><int name="x1" value="115"/><int name="y1" value="-815"/><int name="x2" value="139"/><int name="y2" value="-841"/><int name="prev" value="0"/><int name="next" value="73"/></imgdir><imgdir name="73"><int name="x1" value="139"/><int name="y1" value="-841"/><int name="x2" value="209"/><int name="y2" value="-842"/><int name="prev" value="72"/><int name="next" value="74"/></imgdir><imgdir name="74"><int name="x1" value="209"/><int name="y1" value="-842"/><int name="x2" value="230"/><int name="y2" value="-847"/><int name="prev" value="73"/><int name="next" value="75"/></imgdir><imgdir name="75"><int name="x1" value="230"/><int name="y1" value="-847"/><int name="x2" value="299"/><int name="y2" value="-848"/><int name="prev" value="74"/><int name="next" value="76"/></imgdir><imgdir name="76"><int name="x1" value="299"/><int name="y1" value="-848"/><int name="x2" value="301"/><int name="y2" value="-847"/><int name="prev" value="75"/><int name="next" value="79"/></imgdir><imgdir name="77"><int name="x1" value="202"/><int name="y1" value="-1025"/><int name="x2" value="261"/><int name="y2" value="-1026"/><int name="prev" value="83"/><int name="next" value="78"/></imgdir><imgdir name="78"><int name="x1" value="261"/><int name="y1" value="-1026"/><int name="x2" value="308"/><int name="y2" value="-1029"/><int name="prev" value="77"/><int name="next" value="0"/></imgdir><imgdir name="79"><int name="x1" value="301"/><int name="y1" value="-847"/><int name="x2" value="315"/><int name="y2" value="-846"/><int name="prev" value="76"/><int name="next" value="80"/></imgdir><imgdir name="80"><int name="x1" value="315"/><int name="y1" value="-846"/><int name="x2" value="403"/><int name="y2" value="-853"/><int name="prev" value="79"/><int name="next" value="81"/></imgdir><imgdir name="81"><int name="x1" value="403"/><int name="y1" value="-853"/><int name="x2" value="462"/><int name="y2" value="-854"/><int name="prev" value="80"/><int name="next" value="82"/></imgdir><imgdir name="82"><int name="x1" value="462"/><int name="y1" value="-854"/><int name="x2" value="509"/><int name="y2" value="-857"/><int name="prev" value="81"/><int name="next" value="0"/></imgdir><imgdir name="83"><int name="x1" value="129"/><int name="y1" value="-1019"/><int name="x2" value="202"/><int name="y2" value="-1025"/><int name="prev" value="54"/><int name="next" value="77"/></imgdir></imgdir><imgdir name="0"><imgdir name="84"><int name="x1" value="-356"/><int name="y1" value="-165"/><int name="x2" value="-324"/><int name="y2" value="-166"/><int name="prev" value="0"/><int name="next" value="85"/></imgdir><imgdir name="85"><int name="x1" value="-324"/><int name="y1" value="-166"/><int name="x2" value="-260"/><int name="y2" value="-160"/><int name="prev" value="84"/><int name="next" value="86"/></imgdir><imgdir name="86"><int name="x1" value="-260"/><int name="y1" value="-160"/><int name="x2" value="-192"/><int name="y2" value="-156"/><int name="prev" value="85"/><int name="next" value="87"/></imgdir><imgdir name="87"><int name="x1" value="-192"/><int name="y1" value="-156"/><int name="x2" value="-163"/><int name="y2" value="-156"/><int name="prev" value="86"/><int name="next" value="88"/></imgdir><imgdir name="88"><int name="x1" value="-163"/><int name="y1" value="-156"/><int name="x2" value="-162"/><int name="y2" value="-157"/><int name="prev" value="87"/><int name="next" value="89"/></imgdir><imgdir name="89"><int name="x1" value="-162"/><int name="y1" value="-157"/><int name="x2" value="-86"/><int name="y2" value="-161"/><int name="prev" value="88"/><int name="next" value="90"/></imgdir><imgdir name="90"><int name="x1" value="-86"/><int name="y1" value="-161"/><int name="x2" value="-69"/><int name="y2" value="-168"/><int name="prev" value="89"/><int name="next" value="91"/></imgdir><imgdir name="91"><int name="x1" value="-69"/><int name="y1" value="-168"/><int name="x2" value="12"/><int name="y2" value="-172"/><int name="prev" value="90"/><int name="next" value="92"/></imgdir><imgdir name="92"><int name="x1" value="12"/><int name="y1" value="-172"/><int name="x2" value="53"/><int name="y2" value="-173"/><int name="prev" value="91"/><int name="next" value="93"/></imgdir><imgdir name="93"><int name="x1" value="53"/><int name="y1" value="-173"/><int name="x2" value="86"/><int name="y2" value="-173"/><int name="prev" value="92"/><int name="next" value="94"/></imgdir></imgdir><imgdir name="9"><imgdir name="94"><int name="x1" value="86"/><int name="y1" value="-173"/><int name="x2" value="127"/><int name="y2" value="-173"/><int name="prev" value="93"/><int name="next" value="95"/></imgdir><imgdir name="95"><int name="x1" value="127"/><int name="y1" value="-173"/><int name="x2" value="140"/><int name="y2" value="-168"/><int name="prev" value="94"/><int name="next" value="0"/></imgdir></imgdir><imgdir name="16"><imgdir name="96"><int name="x1" value="338"/><int name="y1" value="-626"/><int name="x2" value="427"/><int name="y2" value="-626"/><int name="prev" value="70"/><int name="next" value="97"/></imgdir><imgdir name="97"><int name="x1" value="427"/><int name="y1" value="-626"/><int name="x2" value="476"/><int name="y2" value="-626"/><int name="prev" value="96"/><int name="next" value="0"/></imgdir><imgdir name="98"><int name="x1" value="444"/><int name="y1" value="-653"/><int name="x2" value="621"/><int name="y2" value="-653"/><int name="prev" value="0"/><int name="next" value="0"/></imgdir></imgdir><imgdir name="5"><imgdir name="99"><int name="x1" value="282"/><int name="y1" value="-327"/><int name="x2" value="309"/><int name="y2" value="-354"/><int name="prev" value="0"/><int name="next" value="100"/></imgdir><imgdir name="100"><int name="x1" value="309"/><int name="y1" value="-354"/><int name="x2" value="385"/><int name="y2" value="-358"/><int name="prev" value="99"/><int name="next" value="101"/></imgdir><imgdir name="101"><int name="x1" value="385"/><int name="y1" value="-358"/><int name="x2" value="402"/><int name="y2" value="-365"/><int name="prev" value="100"/><int name="next" value="102"/></imgdir><imgdir name="102"><int name="x1" value="402"/><int name="y1" value="-365"/><int name="x2" value="483"/><int name="y2" value="-369"/><int name="prev" value="101"/><int name="next" value="103"/></imgdir><imgdir name="103"><int name="x1" value="483"/><int name="y1" value="-369"/><int name="x2" value="524"/><int name="y2" value="-370"/><int name="prev" value="102"/><int name="next" value="104"/></imgdir><imgdir name="104"><int name="x1" value="524"/><int name="y1" value="-370"/><int name="x2" value="561"/><int name="y2" value="-370"/><int name="prev" value="103"/><int name="next" value="105"/></imgdir></imgdir><imgdir name="13"><imgdir name="105"><int name="x1" value="561"/><int name="y1" value="-370"/><int name="x2" value="598"/><int name="y2" value="-370"/><int name="prev" value="104"/><int name="next" value="106"/></imgdir><imgdir name="106"><int name="x1" value="598"/><int name="y1" value="-370"/><int name="x2" value="686"/><int name="y2" value="-377"/><int name="prev" value="105"/><int name="next" value="107"/></imgdir><imgdir name="107"><int name="x1" value="686"/><int name="y1" value="-377"/><int name="x2" value="745"/><int name="y2" value="-378"/><int name="prev" value="106"/><int name="next" value="108"/></imgdir><imgdir name="108"><int name="x1" value="745"/><int name="y1" value="-378"/><int name="x2" value="792"/><int name="y2" value="-381"/><int name="prev" value="107"/><int name="next" value="0"/></imgdir></imgdir><imgdir name="21"><imgdir name="109"><int name="x1" value="-414"/><int name="y1" value="-796"/><int name="x2" value="-377"/><int name="y2" value="-796"/><int name="prev" value="34"/><int name="next" value="110"/></imgdir><imgdir name="110"><int name="x1" value="-377"/><int name="y1" value="-796"/><int name="x2" value="-289"/><int name="y2" value="-803"/><int name="prev" value="109"/><int name="next" value="111"/></imgdir><imgdir name="111"><int name="x1" value="-289"/><int name="y1" value="-803"/><int name="x2" value="-230"/><int name="y2" value="-804"/><int name="prev" value="110"/><int name="next" value="112"/></imgdir><imgdir name="112"><int name="x1" value="-230"/><int name="y1" value="-804"/><int name="x2" value="-198"/><int name="y2" value="-806"/><int name="prev" value="111"/><int name="next" value="113"/></imgdir><imgdir name="113"><int name="x1" value="-198"/><int name="y1" value="-806"/><int name="x2" value="-96"/><int name="y2" value="-806"/><int name="prev" value="112"/><int name="next" value="114"/></imgdir><imgdir name="114"><int name="x1" value="-96"/><int name="y1" value="-806"/><int name="x2" value="-64"/><int name="y2" value="-807"/><int name="prev" value="113"/><int name="next" value="115"/></imgdir><imgdir name="115"><int name="x1" value="-64"/><int name="y1" value="-807"/><int name="x2" value="0"/><int name="y2" value="-801"/><int name="prev" value="114"/><int name="next" value="116"/></imgdir><imgdir name="116"><int name="x1" value="0"/><int name="y1" value="-801"/><int name="x2" value="68"/><int name="y2" value="-797"/><int name="prev" value="115"/><int name="next" value="117"/></imgdir><imgdir name="117"><int name="x1" value="68"/><int name="y1" value="-797"/><int name="x2" value="97"/><int name="y2" value="-797"/><int name="prev" value="116"/><int name="next" value="71"/></imgdir></imgdir></imgdir></imgdir><imgdir name="ladderRope"><imgdir name="1"><int name="l" value="1"/><int name="uf" value="1"/><int name="x" value="582"/><int name="y1" value="-651"/><int name="y2" value="-420"/><int name="page" value="3"/></imgdir><imgdir name="2"><int name="l" value="0"/><int name="uf" value="1"/><int name="x" value="-530"/><int name="y1" value="-474"/><int name="y2" value="-385"/><int name="page" value="3"/></imgdir><imgdir name="3"><int name="l" value="0"/><int name="uf" value="1"/><int name="x" value="267"/><int name="y1" value="-591"/><int name="y2" value="-388"/><int name="page" value="3"/></imgdir><imgdir name="4"><int name="l" value="0"/><int name="uf" value="1"/><int name="x" value="-438"/><int name="y1" value="-365"/><int name="y2" value="-35"/><int name="page" value="3"/></imgdir><imgdir name="5"><int name="l" value="0"/><int name="uf" value="1"/><int name="x" value="183"/><int name="y1" value="-492"/><int name="y2" value="-206"/><int name="page" value="3"/></imgdir><imgdir name="6"><int name="l" value="0"/><int name="uf" value="1"/><int name="x" value="455"/><int name="y1" value="-851"/><int name="y2" value="-675"/><int name="page" value="4"/></imgdir><imgdir name="7"><int name="l" value="0"/><int name="uf" value="1"/><int name="x" value="-57"/><int name="y1" value="-966"/><int name="y2" value="-828"/><int name="page" value="4"/></imgdir><imgdir name="8"><int name="l" value="0"/><int name="uf" value="1"/><int name="x" value="-274"/><int name="y1" value="-801"/><int name="y2" value="-573"/><int name="page" value="4"/></imgdir></imgdir><imgdir name="miniMap"><canvas name="canvas" width="129" height="101"></canvas><int name="width" value="2076"/><int name="height" value="1622"/><int name="centerX" value="1128"/><int name="centerY" value="1204"/><int name="mag" value="4"/></imgdir><imgdir name="portal"><imgdir name="0"><string name="pn" value="sp"/><int name="pt" value="0"/><int name="x" value="-888"/><int name="y" value="-504"/><int name="tm" value="999999999"/><string name="tn" value=""/></imgdir><imgdir name="1"><string name="pn" value="sp"/><int name="pt" value="0"/><int name="x" value="-724"/><int name="y" value="-400"/><int name="tm" value="999999999"/><string name="tn" value=""/></imgdir><imgdir name="2"><string name="pn" value="west00"/><int name="pt" value="2"/><int name="x" value="-855"/><int name="y" value="-475"/><int name="tm" value="101030108"/><string name="tn" value="top00"/><string name="script" value=""/></imgdir><imgdir name="3"><string name="pn" value="under00"/><int name="pt" value="3"/><int name="x" value="-666"/><int name="y" value="209"/><int name="tm" value="101030108"/><string name="tn" value="top01"/></imgdir><imgdir name="4"><string name="pn" value="under01"/><int name="pt" value="3"/><int name="x" value="-567"/><int name="y" value="209"/><int name="tm" value="101030108"/><string name="tn" value="top01"/><string name="script" value=""/></imgdir><imgdir name="5"><string name="pn" value="under02"/><int name="pt" value="3"/><int name="x" value="-468"/><int name="y" value="209"/><int name="tm" value="101030108"/><string name="tn" value="top01"/></imgdir><imgdir name="6"><string name="pn" value="under03"/><int name="pt" value="3"/><int name="x" value="-370"/><int name="y" value="209"/><int name="tm" value="101030108"/><string name="tn" value="top01"/></imgdir><imgdir name="7"><string name="pn" value="under04"/><int name="pt" value="3"/><int name="x" value="-271"/><int name="y" value="209"/><int name="tm" value="101030108"/><string name="tn" value="top01"/></imgdir><imgdir name="8"><string name="pn" value="under05"/><int name="pt" value="3"/><int name="x" value="-171"/><int name="y" value="210"/><int name="tm" value="101030108"/><string name="tn" value="top01"/></imgdir><imgdir name="9"><string name="pn" value="under06"/><int name="pt" value="3"/><int name="x" value="-72"/><int name="y" value="209"/><int name="tm" value="101030108"/><string name="tn" value="top01"/></imgdir><imgdir name="10"><string name="pn" value="under07"/><int name="pt" value="3"/><int name="x" value="27"/><int name="y" value="210"/><int name="tm" value="101030108"/><string name="tn" value="top01"/></imgdir><imgdir name="11"><string name="pn" value="under08"/><int name="pt" value="3"/><int name="x" value="127"/><int name="y" value="211"/><int name="tm" value="101030108"/><string name="tn" value="top01"/></imgdir><imgdir name="12"><string name="pn" value="under09"/><int name="pt" value="3"/><int name="x" value="-766"/><int name="y" value="209"/><int name="tm" value="101030108"/><string name="tn" value="top01"/></imgdir><imgdir name="13"><string name="pn" value="under10"/><int name="pt" value="3"/><int name="x" value="-864"/><int name="y" value="208"/><int name="tm" value="101030108"/><string name="tn" value="top01"/></imgdir><imgdir name="14"><string name="pn" value="under11"/><int name="pt" value="3"/><int name="x" value="-963"/><int name="y" value="208"/><int name="tm" value="101030108"/><string name="tn" value="top01"/></imgdir><imgdir name="15"><string name="pn" value="under12"/><int name="pt" value="3"/><int name="x" value="-1031"/><int name="y" value="208"/><int name="tm" value="101030108"/><string name="tn" value="top01"/></imgdir><imgdir name="16"><string name="pn" value="under13"/><int name="pt" value="3"/><int name="x" value="226"/><int name="y" value="211"/><int name="tm" value="101030108"/><string name="tn" value="top01"/></imgdir><imgdir name="17"><string name="pn" value="under14"/><int name="pt" value="3"/><int name="x" value="325"/><int name="y" value="211"/><int name="tm" value="101030108"/><string name="tn" value="top01"/></imgdir><imgdir name="18"><string name="pn" value="under15"/><int name="pt" value="3"/><int name="x" value="424"/><int name="y" value="211"/><int name="tm" value="101030108"/><string name="tn" value="top01"/><string name="script" value=""/></imgdir><imgdir name="19"><string name="pn" value="under16"/><int name="pt" value="3"/><int name="x" value="622"/><int name="y" value="211"/><int name="tm" value="101030108"/><string name="tn" value="top01"/></imgdir><imgdir name="20"><string name="pn" value="under17"/><int name="pt" value="3"/><int name="x" value="524"/><int name="y" value="211"/><int name="tm" value="101030108"/><string name="tn" value="top01"/></imgdir><imgdir name="21"><string name="pn" value="under18"/><int name="pt" value="3"/><int name="x" value="722"/><int name="y" value="211"/><int name="tm" value="101030108"/><string name="tn" value="top01"/></imgdir><imgdir name="22"><string name="pn" value="under19"/><int name="pt" value="3"/><int name="x" value="821"/><int name="y" value="211"/><int name="tm" value="101030108"/><string name="tn" value="top01"/></imgdir><imgdir name="23"><string name="pn" value="under20"/><int name="pt" value="3"/><int name="x" value="851"/><int name="y" value="212"/><int name="tm" value="101030108"/><string name="tn" value="top01"/></imgdir></imgdir><imgdir name="life"><imgdir name="0"><string name="type" value="m"/><string name="id" value="7130103"/><int name="x" value="46"/><int name="y" value="-802"/><int name="mobTime" value="0"/><int name="f" value="0"/><int name="hide" value="0"/><int name="fh" value="116"/><int name="cy" value="-799"/><int name="rx0" value="-394"/><int name="rx1" value="77"/></imgdir><imgdir name="2"><string name="type" value="m"/><string name="id" value="7130103"/><int name="x" value="-477"/><int name="y" value="-811"/><int name="mobTime" value="0"/><int name="f" value="0"/><int name="hide" value="0"/><int name="fh" value="33"/><int name="cy" value="-795"/><int name="rx0" value="-961"/><int name="rx1" value="109"/></imgdir><imgdir name="3"><string name="type" value="m"/><string name="id" value="7130103"/><int name="x" value="389"/><int name="y" value="-862"/><int name="mobTime" value="0"/><int name="f" value="0"/><int name="hide" value="0"/><int name="fh" value="80"/><int name="cy" value="-851"/><int name="rx0" value="117"/><int name="rx1" value="489"/></imgdir><imgdir name="4"><string name="type" value="m"/><string name="id" value="7130103"/><int name="x" value="216"/><int name="y" value="-851"/><int name="mobTime" value="0"/><int name="f" value="0"/><int name="hide" value="0"/><int name="fh" value="74"/><int name="cy" value="-843"/><int name="rx0" value="117"/><int name="rx1" value="489"/></imgdir><imgdir name="5"><string name="type" value="m"/><string name="id" value="7130103"/><int name="x" value="-226"/><int name="y" value="-164"/><int name="mobTime" value="0"/><int name="f" value="0"/><int name="hide" value="0"/><int name="fh" value="86"/><int name="cy" value="-158"/><int name="rx0" value="-336"/><int name="rx1" value="66"/></imgdir><imgdir name="6"><string name="type" value="m"/><string name="id" value="7130103"/><int name="x" value="30"/><int name="y" value="-189"/><int name="mobTime" value="0"/><int name="f" value="0"/><int name="hide" value="0"/><int name="fh" value="92"/><int name="cy" value="-172"/><int name="rx0" value="-336"/><int name="rx1" value="66"/></imgdir><imgdir name="7"><string name="type" value="m"/><string name="id" value="7130103"/><int name="x" value="421"/><int name="y" value="-381"/><int name="mobTime" value="0"/><int name="f" value="0"/><int name="hide" value="0"/><int name="fh" value="102"/><int name="cy" value="-365"/><int name="rx0" value="302"/><int name="rx1" value="541"/></imgdir><imgdir name="8"><string name="type" value="m"/><string name="id" value="7130103"/><int name="x" value="484"/><int name="y" value="-673"/><int name="mobTime" value="0"/><int name="f" value="0"/><int name="hide" value="0"/><int name="fh" value="98"/><int name="cy" value="-653"/><int name="rx0" value="358"/><int name="rx1" value="601"/></imgdir><imgdir name="9"><string name="type" value="m"/><string name="id" value="7130103"/><int name="x" value="646"/><int name="y" value="-381"/><int name="mobTime" value="0"/><int name="f" value="0"/><int name="hide" value="0"/><int name="fh" value="106"/><int name="cy" value="-373"/><int name="rx0" value="581"/><int name="rx1" value="772"/></imgdir><imgdir name="10"><string name="type" value="m"/><string name="id" value="7130103"/><int name="x" value="151"/><int name="y" value="-1033"/><int name="mobTime" value="0"/><int name="f" value="0"/><int name="hide" value="0"/><int name="fh" value="83"/><int name="cy" value="-1020"/><int name="rx0" value="117"/><int name="rx1" value="489"/></imgdir><imgdir name="11"><string name="type" value="m"/><string name="id" value="7130103"/><int name="x" value="-558"/><int name="y" value="-952"/><int name="mobTime" value="0"/><int name="f" value="0"/><int name="hide" value="0"/><int name="fh" value="37"/><int name="cy" value="-929"/><int name="rx0" value="-961"/><int name="rx1" value="109"/></imgdir><imgdir name="12"><string name="type" value="m"/><string name="id" value="7130103"/><int name="x" value="111"/><int name="y" value="-530"/><int name="mobTime" value="0"/><int name="f" value="0"/><int name="hide" value="0"/><int name="fh" value="61"/><int name="cy" value="-510"/><int name="rx0" value="-440"/><int name="rx1" value="186"/></imgdir><imgdir name="16"><string name="type" value="m"/><string name="id" value="7130103"/><int name="x" value="-116"/><int name="y" value="-522"/><int name="mobTime" value="0"/><int name="f" value="0"/><int name="hide" value="0"/><int name="fh" value="59"/><int name="cy" value="-510"/><int name="rx0" value="-440"/><int name="rx1" value="186"/></imgdir><imgdir name="1"><string name="type" value="m"/><string name="id" value="7130103"/><int name="x" value="-205"/><int name="y" value="-832"/><int name="mobTime" value="0"/><int name="f" value="0"/><int name="hide" value="0"/><int name="fh" value="112"/><int name="cy" value="-805"/><int name="rx0" value="-394"/><int name="rx1" value="77"/></imgdir><imgdir name="14"><string name="type" value="m"/><string name="id" value="6230602"/><int name="x" value="-388"/><int name="y" value="-527"/><int name="mobTime" value="0"/><int name="f" value="0"/><int name="hide" value="0"/><int name="fh" value="57"/><int name="cy" value="-509"/><int name="rx0" value="-440"/><int name="rx1" value="186"/></imgdir><imgdir name="13"><string name="type" value="m"/><string name="id" value="6230602"/><int name="x" value="381"/><int name="y" value="-635"/><int name="mobTime" value="0"/><int name="f" value="0"/><int name="hide" value="0"/><int name="fh" value="96"/><int name="cy" value="-626"/><int name="rx0" value="358"/><int name="rx1" value="601"/></imgdir><imgdir name="15"><string name="type" value="m"/><string name="id" value="6230602"/><int name="x" value="-473"/><int name="y" value="-393"/><int name="mobTime" value="0"/><int name="f" value="0"/><int name="hide" value="0"/><int name="fh" value="47"/><int name="cy" value="-385"/><int name="rx0" value="-961"/><int name="rx1" value="109"/></imgdir></imgdir></imgdir>