<?xml version="1.0" encoding="UTF-8" standalone="yes"?><imgdir name="102040001.img"><imgdir name="info"><int name="version" value="10"/><int name="cloud" value="0"/><int name="town" value="0"/><int name="returnMap" value="103000000"/><float name="mobRate" value="2.0"/><string name="bgm" value="Bgm01/BadGuys"/><int name="forcedReturn" value="999999999"/><string name="mapMark" value="KerningCity"/><int name="swim" value="0"/><int name="hideMinimap" value="0"/><int name="fieldLimit" value="0"/></imgdir><imgdir name="back"><imgdir name="0"><string name="bS" value="metroCity"/><int name="no" value="0"/><int name="x" value="0"/><int name="y" value="0"/><int name="rx" value="0"/><int name="ry" value="0"/><int name="type" value="3"/><int name="cx" value="0"/><int name="cy" value="0"/><int name="a" value="255"/><int name="front" value="0"/><int name="ani" value="0"/><int name="f" value="0"/></imgdir><imgdir name="1"><string name="bS" value="metroCity"/><int name="no" value="2"/><int name="x" value="-22"/><int name="y" value="-55"/><int name="rx" value="-3"/><int name="ry" value="-2"/><int name="type" value="4"/><int name="cx" value="0"/><int name="cy" value="0"/><int name="a" value="255"/><int name="front" value="0"/><int name="ani" value="0"/><int name="f" value="0"/></imgdir><imgdir name="2"><string name="bS" value="metroCity"/><int name="no" value="3"/><int name="x" value="-55"/><int name="y" value="-109"/><int name="rx" value="-4"/><int name="ry" value="-4"/><int name="type" value="4"/><int name="cx" value="0"/><int name="cy" value="0"/><int name="a" value="255"/><int name="front" value="0"/><int name="ani" value="0"/><int name="f" value="0"/></imgdir><imgdir name="3"><string name="bS" value="metroCity"/><int name="no" value="4"/><int name="x" value="-24"/><int name="y" value="-173"/><int name="rx" value="-5"/><int name="ry" value="-6"/><int name="type" value="4"/><int name="cx" value="0"/><int name="cy" value="0"/><int name="a" value="255"/><int name="front" value="0"/><int name="ani" value="0"/><int name="f" value="0"/></imgdir><imgdir name="4"><string name="bS" value="metroCity"/><int name="no" value="5"/><int name="x" value="-93"/><int name="y" value="-219"/><int name="rx" value="-6"/><int name="ry" value="-8"/><int name="type" value="4"/><int name="cx" value="0"/><int name="cy" value="0"/><int name="a" value="255"/><int name="front" value="0"/><int name="ani" value="0"/><int name="f" value="0"/></imgdir><imgdir name="6"><string name="bS" value="metroCity"/><int name="no" value="8"/><int name="x" value="306"/><int name="y" value="307"/><int name="rx" value="-27"/><int name="ry" value="-37"/><int name="type" value="0"/><int name="cx" value="0"/><int name="cy" value="0"/><int name="a" value="255"/><int name="front" value="0"/><int name="ani" value="0"/><int name="f" value="0"/></imgdir><imgdir name="9"><string name="bS" value="metroCity"/><int name="no" value="10"/><int name="x" value="-278"/><int name="y" value="621"/><int name="rx" value="-40"/><int name="ry" value="-60"/><int name="type" value="0"/><int name="cx" value="0"/><int name="cy" value="0"/><int name="a" value="255"/><int name="front" value="0"/><int name="ani" value="0"/><int name="f" value="0"/></imgdir><imgdir name="11"><string name="bS" value="metroCity"/><int name="no" value="7"/><int name="x" value="243"/><int name="y" value="783"/><int name="rx" value="-42"/><int name="ry" value="-60"/><int name="type" value="0"/><int name="cx" value="0"/><int name="cy" value="0"/><int name="a" value="255"/><int name="front" value="0"/><int name="ani" value="0"/><int name="f" value="0"/></imgdir><imgdir name="7"><string name="bS" value="metroCity"/><int name="no" value="12"/><int name="x" value="-453"/><int name="y" value="600"/><int name="rx" value="-30"/><int name="ry" value="-55"/><int name="type" value="0"/><int name="cx" value="0"/><int name="cy" value="0"/><int name="a" value="255"/><int name="front" value="0"/><int name="ani" value="0"/><int name="f" value="0"/></imgdir><imgdir name="8"><string name="bS" value="metroCity"/><int name="no" value="8"/><int name="x" value="-1016"/><int name="y" value="313"/><int name="rx" value="-35"/><int name="ry" value="-40"/><int name="type" value="0"/><int name="cx" value="0"/><int name="cy" value="0"/><int name="a" value="255"/><int name="front" value="0"/><int name="ani" value="0"/><int name="f" value="0"/></imgdir><imgdir name="10"><string name="bS" value="metroCity"/><int name="no" value="11"/><int name="x" value="-11"/><int name="y" value="621"/><int name="rx" value="-40"/><int name="ry" value="-60"/><int name="type" value="0"/><int name="cx" value="0"/><int name="cy" value="0"/><int name="a" value="255"/><int name="front" value="0"/><int name="ani" value="0"/><int name="f" value="0"/></imgdir><imgdir name="5"><string name="bS" value="metroCity"/><int name="no" value="1"/><int name="x" value="172"/><int name="y" value="240"/><int name="rx" value="-20"/><int name="ry" value="-5"/><int name="type" value="1"/><int name="cx" value="0"/><int name="cy" value="0"/><int name="a" value="255"/><int name="front" value="0"/><int name="ani" value="0"/><int name="f" value="0"/></imgdir></imgdir><imgdir name="life"><imgdir name="0"><string name="type" value="m"/><string name="id" value="2220100"/><int name="x" value="-1934"/><int name="y" value="450"/><int name="mobTime" value="0"/><int name="f" value="0"/><int name="hide" value="0"/><int name="fh" value="59"/><int name="cy" value="497"/><int name="rx0" value="-1942"/><int name="rx1" value="-1600"/></imgdir><imgdir name="6"><string name="type" value="m"/><string name="id" value="1120100"/><int name="x" value="-1394"/><int name="y" value="451"/><int name="mobTime" value="0"/><int name="f" value="0"/><int name="hide" value="0"/><int name="fh" value="58"/><int name="cy" value="497"/><int name="rx0" value="-1560"/><int name="rx1" value="-789"/></imgdir><imgdir name="8"><string name="type" value="m"/><string name="id" value="1120100"/><int name="x" value="-855"/><int name="y" value="450"/><int name="mobTime" value="0"/><int name="f" value="0"/><int name="hide" value="0"/><int name="fh" value="56"/><int name="cy" value="497"/><int name="rx0" value="-1560"/><int name="rx1" value="-789"/></imgdir><imgdir name="9"><string name="type" value="m"/><string name="id" value="1120100"/><int name="x" value="-1665"/><int name="y" value="450"/><int name="mobTime" value="0"/><int name="f" value="0"/><int name="hide" value="0"/><int name="fh" value="59"/><int name="cy" value="497"/><int name="rx0" value="-1942"/><int name="rx1" value="-1600"/></imgdir><imgdir name="1"><string name="type" value="m"/><string name="id" value="2220100"/><int name="x" value="-1125"/><int name="y" value="211"/><int name="mobTime" value="0"/><int name="f" value="0"/><int name="hide" value="0"/><int name="fh" value="48"/><int name="cy" value="231"/><int name="rx0" value="-1265"/><int name="rx1" value="-786"/></imgdir><imgdir name="5"><string name="type" value="m"/><string name="id" value="1120100"/><int name="x" value="-855"/><int name="y" value="210"/><int name="mobTime" value="0"/><int name="f" value="0"/><int name="hide" value="0"/><int name="fh" value="55"/><int name="cy" value="231"/><int name="rx0" value="-1265"/><int name="rx1" value="-786"/></imgdir><imgdir name="3"><string name="type" value="m"/><string name="id" value="1120100"/><int name="x" value="-1664"/><int name="y" value="212"/><int name="mobTime" value="0"/><int name="f" value="0"/><int name="hide" value="0"/><int name="fh" value="54"/><int name="cy" value="231"/><int name="rx0" value="-1944"/><int name="rx1" value="-1259"/></imgdir><imgdir name="4"><string name="type" value="m"/><string name="id" value="1120100"/><int name="x" value="-1395"/><int name="y" value="211"/><int name="mobTime" value="0"/><int name="f" value="0"/><int name="hide" value="0"/><int name="fh" value="47"/><int name="cy" value="231"/><int name="rx0" value="-1944"/><int name="rx1" value="-1259"/></imgdir><imgdir name="7"><string name="type" value="m"/><string name="id" value="1120100"/><int name="x" value="-1124"/><int name="y" value="451"/><int name="mobTime" value="0"/><int name="f" value="0"/><int name="hide" value="0"/><int name="fh" value="57"/><int name="cy" value="497"/><int name="rx0" value="-1560"/><int name="rx1" value="-789"/></imgdir><imgdir name="2"><string name="type" value="m"/><string name="id" value="1120100"/><int name="x" value="-1934"/><int name="y" value="210"/><int name="mobTime" value="0"/><int name="f" value="0"/><int name="hide" value="0"/><int name="fh" value="54"/><int name="cy" value="231"/><int name="rx0" value="-1944"/><int name="rx1" value="-1259"/></imgdir></imgdir><imgdir name="0"><imgdir name="info"></imgdir><imgdir name="tile"></imgdir><imgdir name="obj"></imgdir></imgdir><imgdir name="1"><imgdir name="info"><string name="tS" value="brownBrick"/><int name="tSMag" value="1"/></imgdir><imgdir name="tile"><imgdir name="0"><int name="x" value="-900"/><int name="y" value="240"/><string name="u" value="edD"/><int name="no" value="0"/><int name="zM" value="15"/></imgdir></imgdir><imgdir name="obj"><imgdir name="0"><string name="oS" value="acc2"/><string name="l0" value="metroCity"/><string name="l1" value="minidungeon"/><string name="l2" value="4"/><int name="x" value="-1756"/><int name="y" value="378"/><int name="z" value="9"/><int name="f" value="0"/><int name="zM" value="8"/></imgdir><imgdir name="1"><string name="oS" value="acc2"/><string name="l0" value="metroCity"/><string name="l1" value="minidungeon"/><string name="l2" value="4"/><int name="x" value="-1229"/><int name="y" value="377"/><int name="z" value="9"/><int name="f" value="0"/><int name="zM" value="12"/></imgdir><imgdir name="2"><string name="oS" value="acc2"/><string name="l0" value="metroCity"/><string name="l1" value="minidungeon"/><string name="l2" value="4"/><int name="x" value="-1756"/><int name="y" value="643"/><int name="z" value="9"/><int name="f" value="0"/><int name="zM" value="1"/></imgdir><imgdir name="3"><string name="oS" value="acc2"/><string name="l0" value="metroCity"/><string name="l1" value="minidungeon"/><string name="l2" value="4"/><int name="x" value="-1503"/><int name="y" value="645"/><int name="z" value="9"/><int name="f" value="0"/><int name="zM" value="1"/></imgdir><imgdir name="4"><string name="oS" value="acc2"/><string name="l0" value="metroCity"/><string name="l1" value="minidungeon"/><string name="l2" value="4"/><int name="x" value="-1247"/><int name="y" value="644"/><int name="z" value="9"/><int name="f" value="0"/><int name="zM" value="1"/></imgdir><imgdir name="5"><string name="oS" value="acc2"/><string name="l0" value="metroCity"/><string name="l1" value="minidungeon"/><string name="l2" value="4"/><int name="x" value="-992"/><int name="y" value="644"/><int name="z" value="9"/><int name="f" value="0"/><int name="zM" value="1"/></imgdir></imgdir></imgdir><imgdir name="2"><imgdir name="info"></imgdir><imgdir name="tile"></imgdir><imgdir name="obj"><imgdir name="7"><string name="oS" value="acc2"/><string name="l0" value="metroCity"/><string name="l1" value="minidungeon"/><string name="l2" value="1"/><int name="x" value="-1444"/><int name="y" value="644"/><int name="z" value="1"/><int name="f" value="0"/><int name="zM" value="2"/></imgdir><imgdir name="8"><string name="oS" value="acc2"/><string name="l0" value="metroCity"/><string name="l1" value="minidungeon"/><string name="l2" value="2"/><int name="x" value="-919"/><int name="y" value="644"/><int name="z" value="1"/><int name="f" value="0"/><int name="zM" value="3"/></imgdir><imgdir name="9"><string name="oS" value="acc2"/><string name="l0" value="metroCity"/><string name="l1" value="minidungeon"/><string name="l2" value="0"/><int name="x" value="-1499"/><int name="y" value="378"/><int name="z" value="9"/><int name="f" value="0"/><int name="zM" value="10"/></imgdir><imgdir name="12"><string name="oS" value="acc2"/><string name="l0" value="metroCity"/><string name="l1" value="minidungeon"/><string name="l2" value="1"/><int name="x" value="-1189"/><int name="y" value="644"/><int name="z" value="9"/><int name="f" value="0"/><int name="zM" value="2"/></imgdir><imgdir name="14"><string name="oS" value="acc2"/><string name="l0" value="metroCity"/><string name="l1" value="minidungeon"/><string name="l2" value="1"/><int name="x" value="-1444"/><int name="y" value="378"/><int name="z" value="8"/><int name="f" value="0"/><int name="zM" value="10"/></imgdir><imgdir name="13"><string name="oS" value="acc2"/><string name="l0" value="metroCity"/><string name="l1" value="minidungeon"/><string name="l2" value="0"/><int name="x" value="-1247"/><int name="y" value="112"/><int name="z" value="9"/><int name="f" value="0"/><int name="zM" value="17"/></imgdir><imgdir name="1"><string name="oS" value="acc2"/><string name="l0" value="metroCity"/><string name="l1" value="minidungeon"/><string name="l2" value="3"/><int name="x" value="-1672"/><int name="y" value="90"/><int name="z" value="9"/><int name="f" value="0"/><int name="zM" value="17"/></imgdir><imgdir name="3"><string name="oS" value="acc2"/><string name="l0" value="metroCity"/><string name="l1" value="minidungeon"/><string name="l2" value="3"/><int name="x" value="-1925"/><int name="y" value="356"/><int name="z" value="9"/><int name="f" value="0"/><int name="zM" value="9"/></imgdir><imgdir name="15"><string name="oS" value="acc2"/><string name="l0" value="metroCity"/><string name="l1" value="minidungeon"/><string name="l2" value="0"/><int name="x" value="-1499"/><int name="y" value="644"/><int name="z" value="9"/><int name="f" value="0"/><int name="zM" value="2"/></imgdir><imgdir name="16"><string name="oS" value="acc2"/><string name="l0" value="metroCity"/><string name="l1" value="minidungeon"/><string name="l2" value="3"/><int name="x" value="-1925"/><int name="y" value="622"/><int name="z" value="9"/><int name="f" value="0"/><int name="zM" value="4"/></imgdir><imgdir name="19"><string name="oS" value="acc2"/><string name="l0" value="metroCity"/><string name="l1" value="minidungeon"/><string name="l2" value="5"/><int name="x" value="-1537"/><int name="y" value="-21"/><int name="z" value="9"/><int name="f" value="0"/><int name="zM" value="18"/></imgdir><imgdir name="20"><string name="oS" value="connect"/><string name="l0" value="rope"/><string name="l1" value="1"/><string name="l2" value="0"/><int name="x" value="-1354"/><int name="y" value="53"/><int name="z" value="10"/><int name="f" value="0"/><int name="zM" value="17"/></imgdir><imgdir name="6"><string name="oS" value="acc2"/><string name="l0" value="metroCity"/><string name="l1" value="minidungeon"/><string name="l2" value="4"/><int name="x" value="-1445"/><int name="y" value="112"/><int name="z" value="0"/><int name="f" value="0"/><int name="zM" value="17"/></imgdir><imgdir name="0"><string name="oS" value="acc2"/><string name="l0" value="metroCity"/><string name="l1" value="minidungeon"/><string name="l2" value="3"/><int name="x" value="-1248"/><int name="y" value="356"/><int name="z" value="9"/><int name="f" value="0"/><int name="zM" value="7"/></imgdir><imgdir name="17"><string name="oS" value="acc2"/><string name="l0" value="metroCity"/><string name="l1" value="minidungeon"/><string name="l2" value="2"/><int name="x" value="-916"/><int name="y" value="378"/><int name="z" value="6"/><int name="f" value="0"/><int name="zM" value="7"/></imgdir><imgdir name="18"><string name="oS" value="acc2"/><string name="l0" value="metroCity"/><string name="l1" value="minidungeon"/><string name="l2" value="7"/><int name="x" value="-1440"/><int name="y" value="-21"/><int name="z" value="8"/><int name="f" value="0"/><int name="zM" value="18"/></imgdir><imgdir name="11"><string name="oS" value="acc2"/><string name="l0" value="metroCity"/><string name="l1" value="artificiality"/><string name="l2" value="17"/><int name="x" value="-1596"/><int name="y" value="-65"/><int name="z" value="6"/><int name="f" value="0"/><int name="zM" value="18"/></imgdir><imgdir name="10"><string name="oS" value="acc2"/><string name="l0" value="metroCity"/><string name="l1" value="minidungeon"/><string name="l2" value="0"/><int name="x" value="-823"/><int name="y" value="378"/><int name="z" value="10"/><int name="f" value="0"/><int name="zM" value="7"/></imgdir><imgdir name="5"><string name="oS" value="acc2"/><string name="l0" value="metroCity"/><string name="l1" value="artificiality"/><string name="l2" value="11"/><int name="x" value="-1224"/><int name="y" value="486"/><int name="z" value="9"/><int name="f" value="0"/><int name="zM" value="7"/></imgdir><imgdir name="4"><string name="oS" value="acc2"/><string name="l0" value="metroCity"/><string name="l1" value="artificiality"/><string name="l2" value="12"/><int name="x" value="-1272"/><int name="y" value="482"/><int name="z" value="9"/><int name="f" value="0"/><int name="zM" value="7"/></imgdir><imgdir name="2"><string name="oS" value="acc2"/><string name="l0" value="metroCity"/><string name="l1" value="artificiality"/><string name="l2" value="10"/><int name="x" value="-1142"/><int name="y" value="472"/><int name="z" value="10"/><int name="f" value="0"/><int name="zM" value="7"/></imgdir><imgdir name="21"><string name="oS" value="acc2"/><string name="l0" value="metroCity"/><string name="l1" value="artificiality"/><string name="l2" value="4"/><int name="x" value="-990"/><int name="y" value="185"/><int name="z" value="2"/><int name="f" value="0"/><int name="zM" value="16"/></imgdir></imgdir></imgdir><imgdir name="3"><imgdir name="info"></imgdir><imgdir name="tile"></imgdir><imgdir name="obj"><imgdir name="0"><string name="oS" value="acc2"/><string name="l0" value="metroCity"/><string name="l1" value="minidungeon"/><string name="l2" value="7"/><int name="x" value="-1453"/><int name="y" value="245"/><int name="z" value="9"/><int name="f" value="0"/><int name="zM" value="14"/></imgdir><imgdir name="3"><string name="oS" value="acc2"/><string name="l0" value="metroCity"/><string name="l1" value="minidungeon"/><string name="l2" value="5"/><int name="x" value="-1771"/><int name="y" value="245"/><int name="z" value="9"/><int name="f" value="0"/><int name="zM" value="14"/></imgdir><imgdir name="4"><string name="oS" value="connect"/><string name="l0" value="rope"/><string name="l1" value="1"/><string name="l2" value="0"/><int name="x" value="-1743"/><int name="y" value="319"/><int name="z" value="10"/><int name="f" value="0"/><int name="zM" value="14"/></imgdir><imgdir name="2"><string name="oS" value="acc2"/><string name="l0" value="metroCity"/><string name="l1" value="artificiality"/><string name="l2" value="17"/><int name="x" value="-1297"/><int name="y" value="201"/><int name="z" value="6"/><int name="f" value="0"/><int name="zM" value="14"/></imgdir><imgdir name="1"><string name="oS" value="acc2"/><string name="l0" value="metroCity"/><string name="l1" value="minidungeon"/><string name="l2" value="5"/><int name="x" value="-1092"/><int name="y" value="245"/><int name="z" value="9"/><int name="f" value="0"/><int name="zM" value="13"/></imgdir><imgdir name="5"><string name="oS" value="acc2"/><string name="l0" value="metroCity"/><string name="l1" value="minidungeon"/><string name="l2" value="7"/><int name="x" value="-910"/><int name="y" value="245"/><int name="z" value="8"/><int name="f" value="0"/><int name="zM" value="13"/></imgdir><imgdir name="6"><string name="oS" value="connect"/><string name="l0" value="rope"/><string name="l1" value="1"/><string name="l2" value="0"/><int name="x" value="-1043"/><int name="y" value="319"/><int name="z" value="9"/><int name="f" value="0"/><int name="zM" value="13"/></imgdir></imgdir></imgdir><imgdir name="4"><imgdir name="info"><string name="tS" value="holeBrick"/><int name="tSMag" value="1"/></imgdir><imgdir name="tile"><imgdir name="13"><int name="x" value="-1125"/><int name="y" value="690"/><string name="u" value="bsc"/><int name="no" value="1"/><int name="zM" value="0"/></imgdir><imgdir name="12"><int name="x" value="-1125"/><int name="y" value="690"/><string name="u" value="enH0"/><int name="no" value="0"/><int name="zM" value="0"/></imgdir><imgdir name="14"><int name="x" value="-855"/><int name="y" value="690"/><string name="u" value="bsc"/><int name="no" value="3"/><int name="zM" value="0"/></imgdir><imgdir name="7"><int name="x" value="-945"/><int name="y" value="690"/><string name="u" value="enH0"/><int name="no" value="0"/><int name="zM" value="0"/></imgdir><imgdir name="8"><int name="x" value="-765"/><int name="y" value="690"/><string name="u" value="enV1"/><int name="no" value="1"/><int name="zM" value="0"/></imgdir><imgdir name="9"><int name="x" value="-765"/><int name="y" value="690"/><string name="u" value="edU"/><int name="no" value="0"/><int name="zM" value="0"/></imgdir><imgdir name="10"><int name="x" value="-1035"/><int name="y" value="690"/><string name="u" value="bsc"/><int name="no" value="0"/><int name="zM" value="0"/></imgdir><imgdir name="11"><int name="x" value="-1035"/><int name="y" value="690"/><string name="u" value="enH0"/><int name="no" value="0"/><int name="zM" value="0"/></imgdir><imgdir name="5"><int name="x" value="-855"/><int name="y" value="690"/><string name="u" value="enH0"/><int name="no" value="0"/><int name="zM" value="0"/></imgdir><imgdir name="1"><int name="x" value="-945"/><int name="y" value="690"/><string name="u" value="bsc"/><int name="no" value="3"/><int name="zM" value="0"/></imgdir><imgdir name="15"><int name="x" value="-1125"/><int name="y" value="690"/><string name="u" value="enV0"/><int name="no" value="0"/><int name="zM" value="0"/></imgdir><imgdir name="16"><int name="x" value="-1125"/><int name="y" value="690"/><string name="u" value="edU"/><int name="no" value="0"/><int name="zM" value="0"/></imgdir><imgdir name="22"><int name="x" value="-1305"/><int name="y" value="750"/><string name="u" value="enH0"/><int name="no" value="0"/><int name="zM" value="0"/></imgdir><imgdir name="19"><int name="x" value="-1215"/><int name="y" value="750"/><string name="u" value="enH0"/><int name="no" value="0"/><int name="zM" value="0"/></imgdir><imgdir name="25"><int name="x" value="-1485"/><int name="y" value="750"/><string name="u" value="edU"/><int name="no" value="0"/><int name="zM" value="0"/></imgdir><imgdir name="24"><int name="x" value="-1395"/><int name="y" value="750"/><string name="u" value="enH0"/><int name="no" value="0"/><int name="zM" value="0"/></imgdir><imgdir name="21"><int name="x" value="-1485"/><int name="y" value="750"/><string name="u" value="enH0"/><int name="no" value="0"/><int name="zM" value="0"/></imgdir><imgdir name="27"><int name="x" value="-1485"/><int name="y" value="750"/><string name="u" value="enV0"/><int name="no" value="2"/><int name="zM" value="0"/></imgdir><imgdir name="35"><int name="x" value="-1575"/><int name="y" value="810"/><string name="u" value="enH0"/><int name="no" value="0"/><int name="zM" value="0"/></imgdir><imgdir name="30"><int name="x" value="-1665"/><int name="y" value="810"/><string name="u" value="enH0"/><int name="no" value="0"/><int name="zM" value="0"/></imgdir><imgdir name="32"><int name="x" value="-1755"/><int name="y" value="810"/><string name="u" value="enH0"/><int name="no" value="0"/><int name="zM" value="0"/></imgdir><imgdir name="37"><int name="x" value="-2025"/><int name="y" value="810"/><string name="u" value="edU"/><int name="no" value="0"/><int name="zM" value="0"/></imgdir><imgdir name="40"><int name="x" value="-2025"/><int name="y" value="810"/><string name="u" value="enH0"/><int name="no" value="0"/><int name="zM" value="0"/></imgdir><imgdir name="42"><int name="x" value="-1845"/><int name="y" value="810"/><string name="u" value="enH0"/><int name="no" value="0"/><int name="zM" value="0"/></imgdir><imgdir name="34"><int name="x" value="-1935"/><int name="y" value="810"/><string name="u" value="enH0"/><int name="no" value="0"/><int name="zM" value="0"/></imgdir><imgdir name="44"><int name="x" value="-2025"/><int name="y" value="930"/><string name="u" value="edD"/><int name="no" value="0"/><int name="zM" value="0"/></imgdir><imgdir name="45"><int name="x" value="-2025"/><int name="y" value="810"/><string name="u" value="enV0"/><int name="no" value="0"/><int name="zM" value="0"/></imgdir><imgdir name="43"><int name="x" value="-2025"/><int name="y" value="870"/><string name="u" value="enV0"/><int name="no" value="2"/><int name="zM" value="0"/></imgdir><imgdir name="51"><int name="x" value="-1935"/><int name="y" value="930"/><string name="u" value="enH1"/><int name="no" value="2"/><int name="zM" value="0"/></imgdir><imgdir name="33"><int name="x" value="-1935"/><int name="y" value="810"/><string name="u" value="bsc"/><int name="no" value="0"/><int name="zM" value="0"/></imgdir><imgdir name="39"><int name="x" value="-2025"/><int name="y" value="810"/><string name="u" value="bsc"/><int name="no" value="0"/><int name="zM" value="0"/></imgdir><imgdir name="38"><int name="x" value="-2025"/><int name="y" value="870"/><string name="u" value="bsc"/><int name="no" value="4"/><int name="zM" value="0"/></imgdir><imgdir name="46"><int name="x" value="-1935"/><int name="y" value="870"/><string name="u" value="bsc"/><int name="no" value="2"/><int name="zM" value="0"/></imgdir><imgdir name="52"><int name="x" value="-2025"/><int name="y" value="930"/><string name="u" value="enH1"/><int name="no" value="1"/><int name="zM" value="0"/></imgdir><imgdir name="50"><int name="x" value="-1845"/><int name="y" value="930"/><string name="u" value="enH1"/><int name="no" value="2"/><int name="zM" value="0"/></imgdir><imgdir name="47"><int name="x" value="-1755"/><int name="y" value="930"/><string name="u" value="enH1"/><int name="no" value="2"/><int name="zM" value="0"/></imgdir><imgdir name="55"><int name="x" value="-1665"/><int name="y" value="930"/><string name="u" value="enH1"/><int name="no" value="1"/><int name="zM" value="0"/></imgdir><imgdir name="53"><int name="x" value="-1845"/><int name="y" value="870"/><string name="u" value="bsc"/><int name="no" value="0"/><int name="zM" value="0"/></imgdir><imgdir name="41"><int name="x" value="-1845"/><int name="y" value="810"/><string name="u" value="bsc"/><int name="no" value="3"/><int name="zM" value="0"/></imgdir><imgdir name="31"><int name="x" value="-1755"/><int name="y" value="810"/><string name="u" value="bsc"/><int name="no" value="0"/><int name="zM" value="0"/></imgdir><imgdir name="54"><int name="x" value="-1755"/><int name="y" value="870"/><string name="u" value="bsc"/><int name="no" value="2"/><int name="zM" value="0"/></imgdir><imgdir name="49"><int name="x" value="-1665"/><int name="y" value="870"/><string name="u" value="bsc"/><int name="no" value="0"/><int name="zM" value="0"/></imgdir><imgdir name="29"><int name="x" value="-1665"/><int name="y" value="810"/><string name="u" value="bsc"/><int name="no" value="2"/><int name="zM" value="0"/></imgdir><imgdir name="57"><int name="x" value="-1575"/><int name="y" value="870"/><string name="u" value="bsc"/><int name="no" value="2"/><int name="zM" value="0"/></imgdir><imgdir name="36"><int name="x" value="-1575"/><int name="y" value="810"/><string name="u" value="bsc"/><int name="no" value="3"/><int name="zM" value="0"/></imgdir><imgdir name="56"><int name="x" value="-1575"/><int name="y" value="930"/><string name="u" value="enH1"/><int name="no" value="2"/><int name="zM" value="0"/></imgdir><imgdir name="61"><int name="x" value="-1395"/><int name="y" value="930"/><string name="u" value="enH1"/><int name="no" value="1"/><int name="zM" value="0"/></imgdir><imgdir name="58"><int name="x" value="-1485"/><int name="y" value="930"/><string name="u" value="enH1"/><int name="no" value="0"/><int name="zM" value="0"/></imgdir><imgdir name="60"><int name="x" value="-1305"/><int name="y" value="930"/><string name="u" value="enH1"/><int name="no" value="1"/><int name="zM" value="0"/></imgdir><imgdir name="63"><int name="x" value="-1215"/><int name="y" value="930"/><string name="u" value="enH1"/><int name="no" value="0"/><int name="zM" value="0"/></imgdir><imgdir name="72"><int name="x" value="-1125"/><int name="y" value="930"/><string name="u" value="enH1"/><int name="no" value="0"/><int name="zM" value="0"/></imgdir><imgdir name="70"><int name="x" value="-1035"/><int name="y" value="930"/><string name="u" value="enH1"/><int name="no" value="1"/><int name="zM" value="0"/></imgdir><imgdir name="68"><int name="x" value="-945"/><int name="y" value="930"/><string name="u" value="enH1"/><int name="no" value="1"/><int name="zM" value="0"/></imgdir><imgdir name="75"><int name="x" value="-765"/><int name="y" value="930"/><string name="u" value="edD"/><int name="no" value="0"/><int name="zM" value="0"/></imgdir><imgdir name="6"><int name="x" value="-765"/><int name="y" value="750"/><string name="u" value="enV1"/><int name="no" value="0"/><int name="zM" value="0"/></imgdir><imgdir name="79"><int name="x" value="-765"/><int name="y" value="870"/><string name="u" value="enV1"/><int name="no" value="0"/><int name="zM" value="0"/></imgdir><imgdir name="77"><int name="x" value="-765"/><int name="y" value="810"/><string name="u" value="enV1"/><int name="no" value="0"/><int name="zM" value="0"/></imgdir><imgdir name="66"><int name="x" value="-855"/><int name="y" value="930"/><string name="u" value="enH1"/><int name="no" value="1"/><int name="zM" value="0"/></imgdir><imgdir name="2"><int name="x" value="-855"/><int name="y" value="750"/><string name="u" value="bsc"/><int name="no" value="4"/><int name="zM" value="0"/></imgdir><imgdir name="80"><int name="x" value="-855"/><int name="y" value="870"/><string name="u" value="bsc"/><int name="no" value="4"/><int name="zM" value="0"/></imgdir><imgdir name="67"><int name="x" value="-855"/><int name="y" value="810"/><string name="u" value="bsc"/><int name="no" value="2"/><int name="zM" value="0"/></imgdir><imgdir name="78"><int name="x" value="-945"/><int name="y" value="810"/><string name="u" value="bsc"/><int name="no" value="4"/><int name="zM" value="0"/></imgdir><imgdir name="4"><int name="x" value="-945"/><int name="y" value="750"/><string name="u" value="bsc"/><int name="no" value="3"/><int name="zM" value="0"/></imgdir><imgdir name="74"><int name="x" value="-945"/><int name="y" value="870"/><string name="u" value="bsc"/><int name="no" value="0"/><int name="zM" value="0"/></imgdir><imgdir name="81"><int name="x" value="-1035"/><int name="y" value="810"/><string name="u" value="bsc"/><int name="no" value="3"/><int name="zM" value="0"/></imgdir><imgdir name="0"><int name="x" value="-1035"/><int name="y" value="750"/><string name="u" value="bsc"/><int name="no" value="4"/><int name="zM" value="0"/></imgdir><imgdir name="76"><int name="x" value="-1035"/><int name="y" value="870"/><string name="u" value="bsc"/><int name="no" value="0"/><int name="zM" value="0"/></imgdir><imgdir name="48"><int name="x" value="-1485"/><int name="y" value="870"/><string name="u" value="bsc"/><int name="no" value="3"/><int name="zM" value="0"/></imgdir><imgdir name="28"><int name="x" value="-1485"/><int name="y" value="810"/><string name="u" value="bsc"/><int name="no" value="3"/><int name="zM" value="0"/></imgdir><imgdir name="20"><int name="x" value="-1485"/><int name="y" value="750"/><string name="u" value="bsc"/><int name="no" value="1"/><int name="zM" value="0"/></imgdir><imgdir name="59"><int name="x" value="-1395"/><int name="y" value="870"/><string name="u" value="bsc"/><int name="no" value="1"/><int name="zM" value="0"/></imgdir><imgdir name="23"><int name="x" value="-1395"/><int name="y" value="750"/><string name="u" value="bsc"/><int name="no" value="2"/><int name="zM" value="0"/></imgdir><imgdir name="26"><int name="x" value="-1305"/><int name="y" value="870"/><string name="u" value="bsc"/><int name="no" value="4"/><int name="zM" value="0"/></imgdir><imgdir name="17"><int name="x" value="-1305"/><int name="y" value="750"/><string name="u" value="bsc"/><int name="no" value="3"/><int name="zM" value="0"/></imgdir><imgdir name="18"><int name="x" value="-1215"/><int name="y" value="750"/><string name="u" value="bsc"/><int name="no" value="0"/><int name="zM" value="0"/></imgdir><imgdir name="62"><int name="x" value="-1215"/><int name="y" value="870"/><string name="u" value="bsc"/><int name="no" value="2"/><int name="zM" value="0"/></imgdir><imgdir name="65"><int name="x" value="-1125"/><int name="y" value="870"/><string name="u" value="bsc"/><int name="no" value="3"/><int name="zM" value="0"/></imgdir><imgdir name="69"><int name="x" value="-1215"/><int name="y" value="810"/><string name="u" value="bsc"/><int name="no" value="0"/><int name="zM" value="0"/></imgdir><imgdir name="73"><int name="x" value="-1125"/><int name="y" value="810"/><string name="u" value="bsc"/><int name="no" value="1"/><int name="zM" value="0"/></imgdir><imgdir name="3"><int name="x" value="-1125"/><int name="y" value="750"/><string name="u" value="bsc"/><int name="no" value="0"/><int name="zM" value="0"/></imgdir><imgdir name="64"><int name="x" value="-1395"/><int name="y" value="810"/><string name="u" value="bsc"/><int name="no" value="3"/><int name="zM" value="0"/></imgdir><imgdir name="71"><int name="x" value="-1305"/><int name="y" value="810"/><string name="u" value="bsc"/><int name="no" value="1"/><int name="zM" value="0"/></imgdir></imgdir><imgdir name="obj"><imgdir name="0"><string name="oS" value="acc2"/><string name="l0" value="metroCity"/><string name="l1" value="minidungeon"/><string name="l2" value="7"/><int name="x" value="-913"/><int name="y" value="511"/><int name="z" value="9"/><int name="f" value="0"/><int name="zM" value="5"/></imgdir><imgdir name="1"><string name="oS" value="acc2"/><string name="l0" value="metroCity"/><string name="l1" value="minidungeon"/><string name="l2" value="6"/><int name="x" value="-1178"/><int name="y" value="511"/><int name="z" value="9"/><int name="f" value="0"/><int name="zM" value="5"/></imgdir><imgdir name="2"><string name="oS" value="acc2"/><string name="l0" value="metroCity"/><string name="l1" value="minidungeon"/><string name="l2" value="6"/><int name="x" value="-1432"/><int name="y" value="511"/><int name="z" value="9"/><int name="f" value="0"/><int name="zM" value="5"/></imgdir><imgdir name="3"><string name="oS" value="acc2"/><string name="l0" value="metroCity"/><string name="l1" value="minidungeon"/><string name="l2" value="5"/><int name="x" value="-1769"/><int name="y" value="511"/><int name="z" value="9"/><int name="f" value="0"/><int name="zM" value="6"/></imgdir><imgdir name="4"><string name="oS" value="acc2"/><string name="l0" value="metroCity"/><string name="l1" value="minidungeon"/><string name="l2" value="6"/><int name="x" value="-1459"/><int name="y" value="511"/><int name="z" value="8"/><int name="f" value="0"/><int name="zM" value="5"/></imgdir><imgdir name="6"><string name="oS" value="acc2"/><string name="l0" value="metroCity"/><string name="l1" value="artificiality"/><string name="l2" value="17"/><int name="x" value="-1689"/><int name="y" value="466"/><int name="z" value="9"/><int name="f" value="0"/><int name="zM" value="11"/></imgdir><imgdir name="5"><string name="oS" value="acc2"/><string name="l0" value="metroCity"/><string name="l1" value="artificiality"/><string name="l2" value="17"/><int name="x" value="-1050"/><int name="y" value="467"/><int name="z" value="7"/><int name="f" value="0"/><int name="zM" value="5"/></imgdir><imgdir name="7"><string name="oS" value="acc2"/><string name="l0" value="metroCity"/><string name="l1" value="artificiality"/><string name="l2" value="19"/><int name="x" value="-1829"/><int name="y" value="688"/><int name="z" value="9"/><int name="f" value="0"/><int name="zM" value="0"/></imgdir><imgdir name="8"><string name="oS" value="acc2"/><string name="l0" value="metroCity"/><string name="l1" value="artificiality"/><string name="l2" value="7"/><int name="x" value="-1641"/><int name="y" value="728"/><int name="z" value="10"/><int name="f" value="0"/><int name="zM" value="0"/></imgdir><imgdir name="9"><string name="oS" value="connect"/><string name="l0" value="rope"/><string name="l1" value="1"/><string name="l2" value="0"/><int name="x" value="-1230"/><int name="y" value="584"/><int name="z" value="10"/><int name="f" value="0"/><int name="zM" value="5"/></imgdir></imgdir></imgdir><imgdir name="5"><imgdir name="info"></imgdir><imgdir name="tile"></imgdir><imgdir name="obj"></imgdir></imgdir><imgdir name="6"><imgdir name="info"></imgdir><imgdir name="tile"></imgdir><imgdir name="obj"></imgdir></imgdir><imgdir name="7"><imgdir name="info"></imgdir><imgdir name="tile"></imgdir><imgdir name="obj"></imgdir></imgdir><imgdir name="reactor"></imgdir><imgdir name="foothold"><imgdir name="4"><imgdir name="0"><imgdir name="1"><int name="x1" value="-855"/><int name="y1" value="666"/><int name="x2" value="-800"/><int name="y2" value="666"/><int name="prev" value="3"/><int name="next" value="5"/></imgdir><imgdir name="2"><int name="x1" value="-730"/><int name="y1" value="750"/><int name="x2" value="-730"/><int name="y2" value="810"/><int name="prev" value="4"/><int name="next" value="32"/></imgdir><imgdir name="3"><int name="x1" value="-945"/><int name="y1" value="666"/><int name="x2" value="-855"/><int name="y2" value="666"/><int name="prev" value="8"/><int name="next" value="1"/></imgdir><imgdir name="4"><int name="x1" value="-730"/><int name="y1" value="690"/><int name="x2" value="-730"/><int name="y2" value="750"/><int name="prev" value="7"/><int name="next" value="2"/></imgdir><imgdir name="5"><int name="x1" value="-800"/><int name="y1" value="666"/><int name="x2" value="-765"/><int name="y2" value="666"/><int name="prev" value="1"/><int name="next" value="6"/></imgdir><imgdir name="6"><int name="x1" value="-765"/><int name="y1" value="666"/><int name="x2" value="-730"/><int name="y2" value="666"/><int name="prev" value="5"/><int name="next" value="7"/></imgdir><imgdir name="7"><int name="x1" value="-730"/><int name="y1" value="666"/><int name="x2" value="-730"/><int name="y2" value="690"/><int name="prev" value="6"/><int name="next" value="4"/></imgdir><imgdir name="8"><int name="x1" value="-1035"/><int name="y1" value="666"/><int name="x2" value="-945"/><int name="y2" value="666"/><int name="prev" value="12"/><int name="next" value="3"/></imgdir><imgdir name="9"><int name="x1" value="-1125"/><int name="y1" value="666"/><int name="x2" value="-1090"/><int name="y2" value="666"/><int name="prev" value="11"/><int name="next" value="12"/></imgdir><imgdir name="10"><int name="x1" value="-1160"/><int name="y1" value="690"/><int name="x2" value="-1160"/><int name="y2" value="666"/><int name="prev" value="14"/><int name="next" value="11"/></imgdir><imgdir name="11"><int name="x1" value="-1160"/><int name="y1" value="666"/><int name="x2" value="-1125"/><int name="y2" value="666"/><int name="prev" value="10"/><int name="next" value="9"/></imgdir><imgdir name="12"><int name="x1" value="-1090"/><int name="y1" value="666"/><int name="x2" value="-1035"/><int name="y2" value="666"/><int name="prev" value="9"/><int name="next" value="8"/></imgdir><imgdir name="13"><int name="x1" value="-1215"/><int name="y1" value="726"/><int name="x2" value="-1160"/><int name="y2" value="726"/><int name="prev" value="16"/><int name="next" value="14"/></imgdir><imgdir name="14"><int name="x1" value="-1160"/><int name="y1" value="726"/><int name="x2" value="-1160"/><int name="y2" value="690"/><int name="prev" value="13"/><int name="next" value="10"/></imgdir><imgdir name="15"><int name="x1" value="-1485"/><int name="y1" value="726"/><int name="x2" value="-1450"/><int name="y2" value="726"/><int name="prev" value="19"/><int name="next" value="20"/></imgdir><imgdir name="16"><int name="x1" value="-1305"/><int name="y1" value="726"/><int name="x2" value="-1215"/><int name="y2" value="726"/><int name="prev" value="17"/><int name="next" value="13"/></imgdir><imgdir name="17"><int name="x1" value="-1395"/><int name="y1" value="726"/><int name="x2" value="-1305"/><int name="y2" value="726"/><int name="prev" value="20"/><int name="next" value="16"/></imgdir><imgdir name="18"><int name="x1" value="-1520"/><int name="y1" value="751"/><int name="x2" value="-1520"/><int name="y2" value="726"/><int name="prev" value="25"/><int name="next" value="19"/></imgdir><imgdir name="19"><int name="x1" value="-1520"/><int name="y1" value="726"/><int name="x2" value="-1485"/><int name="y2" value="726"/><int name="prev" value="18"/><int name="next" value="15"/></imgdir><imgdir name="20"><int name="x1" value="-1450"/><int name="y1" value="726"/><int name="x2" value="-1395"/><int name="y2" value="726"/><int name="prev" value="15"/><int name="next" value="17"/></imgdir><imgdir name="21"><int name="x1" value="-1665"/><int name="y1" value="786"/><int name="x2" value="-1575"/><int name="y2" value="786"/><int name="prev" value="22"/><int name="next" value="24"/></imgdir><imgdir name="22"><int name="x1" value="-1755"/><int name="y1" value="786"/><int name="x2" value="-1665"/><int name="y2" value="786"/><int name="prev" value="29"/><int name="next" value="21"/></imgdir><imgdir name="23"><int name="x1" value="-1935"/><int name="y1" value="786"/><int name="x2" value="-1845"/><int name="y2" value="786"/><int name="prev" value="28"/><int name="next" value="29"/></imgdir><imgdir name="24"><int name="x1" value="-1575"/><int name="y1" value="786"/><int name="x2" value="-1520"/><int name="y2" value="786"/><int name="prev" value="21"/><int name="next" value="25"/></imgdir><imgdir name="25"><int name="x1" value="-1520"/><int name="y1" value="786"/><int name="x2" value="-1520"/><int name="y2" value="751"/><int name="prev" value="24"/><int name="next" value="18"/></imgdir><imgdir name="26"><int name="x1" value="-2060"/><int name="y1" value="811"/><int name="x2" value="-2060"/><int name="y2" value="786"/><int name="prev" value="31"/><int name="next" value="27"/></imgdir><imgdir name="27"><int name="x1" value="-2060"/><int name="y1" value="786"/><int name="x2" value="-1990"/><int name="y2" value="786"/><int name="prev" value="26"/><int name="next" value="28"/></imgdir><imgdir name="28"><int name="x1" value="-1990"/><int name="y1" value="786"/><int name="x2" value="-1935"/><int name="y2" value="786"/><int name="prev" value="27"/><int name="next" value="23"/></imgdir><imgdir name="29"><int name="x1" value="-1845"/><int name="y1" value="786"/><int name="x2" value="-1755"/><int name="y2" value="786"/><int name="prev" value="23"/><int name="next" value="22"/></imgdir><imgdir name="30"><int name="x1" value="-2060"/><int name="y1" value="930"/><int name="x2" value="-2060"/><int name="y2" value="870"/><int name="prev" value="0"/><int name="next" value="31"/></imgdir><imgdir name="31"><int name="x1" value="-2060"/><int name="y1" value="870"/><int name="x2" value="-2060"/><int name="y2" value="811"/><int name="prev" value="30"/><int name="next" value="26"/></imgdir><imgdir name="32"><int name="x1" value="-730"/><int name="y1" value="810"/><int name="x2" value="-730"/><int name="y2" value="870"/><int name="prev" value="2"/><int name="next" value="33"/></imgdir><imgdir name="33"><int name="x1" value="-730"/><int name="y1" value="870"/><int name="x2" value="-730"/><int name="y2" value="930"/><int name="prev" value="32"/><int name="next" value="0"/></imgdir></imgdir><imgdir name="5"><imgdir name="56"><int name="x1" value="-1054"/><int name="y1" value="497"/><int name="x2" value="-769"/><int name="y2" value="497"/><int name="prev" value="57"/><int name="next" value="0"/></imgdir><imgdir name="57"><int name="x1" value="-1310"/><int name="y1" value="497"/><int name="x2" value="-1054"/><int name="y2" value="497"/><int name="prev" value="58"/><int name="next" value="56"/></imgdir><imgdir name="58"><int name="x1" value="-1564"/><int name="y1" value="497"/><int name="x2" value="-1310"/><int name="y2" value="497"/><int name="prev" value="60"/><int name="next" value="57"/></imgdir><imgdir name="60"><int name="x1" value="-1580"/><int name="y1" value="497"/><int name="x2" value="-1564"/><int name="y2" value="497"/><int name="prev" value="59"/><int name="next" value="58"/></imgdir><imgdir name="61"><int name="x1" value="-1108"/><int name="y1" value="437"/><int name="x2" value="-1096"/><int name="y2" value="437"/><int name="prev" value="0"/><int name="next" value="62"/></imgdir><imgdir name="62"><int name="x1" value="-1096"/><int name="y1" value="437"/><int name="x2" value="-1095"/><int name="y2" value="438"/><int name="prev" value="61"/><int name="next" value="63"/></imgdir><imgdir name="63"><int name="x1" value="-1095"/><int name="y1" value="438"/><int name="x2" value="-1016"/><int name="y2" value="438"/><int name="prev" value="62"/><int name="next" value="64"/></imgdir><imgdir name="64"><int name="x1" value="-1016"/><int name="y1" value="438"/><int name="x2" value="-1015"/><int name="y2" value="437"/><int name="prev" value="63"/><int name="next" value="65"/></imgdir><imgdir name="65"><int name="x1" value="-1015"/><int name="y1" value="437"/><int name="x2" value="-992"/><int name="y2" value="437"/><int name="prev" value="64"/><int name="next" value="0"/></imgdir></imgdir><imgdir name="6"><imgdir name="59"><int name="x1" value="-1962"/><int name="y1" value="497"/><int name="x2" value="-1580"/><int name="y2" value="497"/><int name="prev" value="0"/><int name="next" value="60"/></imgdir></imgdir><imgdir name="11"><imgdir name="66"><int name="x1" value="-1747"/><int name="y1" value="436"/><int name="x2" value="-1735"/><int name="y2" value="436"/><int name="prev" value="0"/><int name="next" value="67"/></imgdir><imgdir name="67"><int name="x1" value="-1735"/><int name="y1" value="436"/><int name="x2" value="-1734"/><int name="y2" value="437"/><int name="prev" value="66"/><int name="next" value="68"/></imgdir><imgdir name="68"><int name="x1" value="-1734"/><int name="y1" value="437"/><int name="x2" value="-1655"/><int name="y2" value="437"/><int name="prev" value="67"/><int name="next" value="69"/></imgdir><imgdir name="69"><int name="x1" value="-1655"/><int name="y1" value="437"/><int name="x2" value="-1654"/><int name="y2" value="436"/><int name="prev" value="68"/><int name="next" value="70"/></imgdir><imgdir name="70"><int name="x1" value="-1654"/><int name="y1" value="436"/><int name="x2" value="-1631"/><int name="y2" value="436"/><int name="prev" value="69"/><int name="next" value="0"/></imgdir></imgdir></imgdir><imgdir name="2"><imgdir name="18"><imgdir name="34"><int name="x1" value="-1654"/><int name="y1" value="-95"/><int name="x2" value="-1642"/><int name="y2" value="-95"/><int name="prev" value="0"/><int name="next" value="35"/></imgdir><imgdir name="35"><int name="x1" value="-1642"/><int name="y1" value="-95"/><int name="x2" value="-1641"/><int name="y2" value="-94"/><int name="prev" value="34"/><int name="next" value="36"/></imgdir><imgdir name="36"><int name="x1" value="-1641"/><int name="y1" value="-94"/><int name="x2" value="-1562"/><int name="y2" value="-94"/><int name="prev" value="35"/><int name="next" value="37"/></imgdir><imgdir name="37"><int name="x1" value="-1562"/><int name="y1" value="-94"/><int name="x2" value="-1561"/><int name="y2" value="-95"/><int name="prev" value="36"/><int name="next" value="38"/></imgdir><imgdir name="38"><int name="x1" value="-1561"/><int name="y1" value="-95"/><int name="x2" value="-1538"/><int name="y2" value="-95"/><int name="prev" value="37"/><int name="next" value="0"/></imgdir><imgdir name="39"><int name="x1" value="-1581"/><int name="y1" value="-35"/><int name="x2" value="-1296"/><int name="y2" value="-35"/><int name="prev" value="40"/><int name="next" value="0"/></imgdir><imgdir name="40"><int name="x1" value="-1730"/><int name="y1" value="-35"/><int name="x2" value="-1581"/><int name="y2" value="-35"/><int name="prev" value="0"/><int name="next" value="39"/></imgdir></imgdir><imgdir name="16"><imgdir name="41"><int name="x1" value="-1082"/><int name="y1" value="174"/><int name="x2" value="-1039"/><int name="y2" value="174"/><int name="prev" value="0"/><int name="next" value="42"/></imgdir><imgdir name="42"><int name="x1" value="-1039"/><int name="y1" value="174"/><int name="x2" value="-1031"/><int name="y2" value="191"/><int name="prev" value="41"/><int name="next" value="43"/></imgdir><imgdir name="43"><int name="x1" value="-1031"/><int name="y1" value="191"/><int name="x2" value="-945"/><int name="y2" value="191"/><int name="prev" value="42"/><int name="next" value="44"/></imgdir><imgdir name="44"><int name="x1" value="-945"/><int name="y1" value="191"/><int name="x2" value="-945"/><int name="y2" value="212"/><int name="prev" value="43"/><int name="next" value="45"/></imgdir><imgdir name="45"><int name="x1" value="-945"/><int name="y1" value="212"/><int name="x2" value="-901"/><int name="y2" value="212"/><int name="prev" value="44"/><int name="next" value="46"/></imgdir><imgdir name="46"><int name="x1" value="-901"/><int name="y1" value="212"/><int name="x2" value="-901"/><int name="y2" value="229"/><int name="prev" value="45"/><int name="next" value="0"/></imgdir></imgdir></imgdir><imgdir name="3"><imgdir name="14"><imgdir name="47"><int name="x1" value="-1594"/><int name="y1" value="231"/><int name="x2" value="-1309"/><int name="y2" value="231"/><int name="prev" value="54"/><int name="next" value="0"/></imgdir><imgdir name="49"><int name="x1" value="-1355"/><int name="y1" value="171"/><int name="x2" value="-1343"/><int name="y2" value="171"/><int name="prev" value="0"/><int name="next" value="50"/></imgdir><imgdir name="50"><int name="x1" value="-1343"/><int name="y1" value="171"/><int name="x2" value="-1342"/><int name="y2" value="172"/><int name="prev" value="49"/><int name="next" value="51"/></imgdir><imgdir name="51"><int name="x1" value="-1342"/><int name="y1" value="172"/><int name="x2" value="-1263"/><int name="y2" value="172"/><int name="prev" value="50"/><int name="next" value="52"/></imgdir><imgdir name="52"><int name="x1" value="-1263"/><int name="y1" value="172"/><int name="x2" value="-1262"/><int name="y2" value="171"/><int name="prev" value="51"/><int name="next" value="53"/></imgdir><imgdir name="53"><int name="x1" value="-1262"/><int name="y1" value="171"/><int name="x2" value="-1239"/><int name="y2" value="171"/><int name="prev" value="52"/><int name="next" value="0"/></imgdir><imgdir name="54"><int name="x1" value="-1964"/><int name="y1" value="231"/><int name="x2" value="-1594"/><int name="y2" value="231"/><int name="prev" value="0"/><int name="next" value="47"/></imgdir></imgdir><imgdir name="13"><imgdir name="48"><int name="x1" value="-1285"/><int name="y1" value="231"/><int name="x2" value="-903"/><int name="y2" value="231"/><int name="prev" value="0"/><int name="next" value="55"/></imgdir><imgdir name="55"><int name="x1" value="-903"/><int name="y1" value="231"/><int name="x2" value="-766"/><int name="y2" value="231"/><int name="prev" value="48"/><int name="next" value="0"/></imgdir></imgdir></imgdir></imgdir><imgdir name="ladderRope"><imgdir name="1"><int name="l" value="0"/><int name="uf" value="1"/><int name="x" value="-1324"/><int name="y1" value="-33"/><int name="y2" value="142"/><int name="page" value="2"/></imgdir><imgdir name="2"><int name="l" value="0"/><int name="uf" value="1"/><int name="x" value="-1713"/><int name="y1" value="233"/><int name="y2" value="408"/><int name="page" value="3"/></imgdir><imgdir name="3"><int name="l" value="0"/><int name="uf" value="1"/><int name="x" value="-1013"/><int name="y1" value="233"/><int name="y2" value="408"/><int name="page" value="3"/></imgdir><imgdir name="4"><int name="l" value="0"/><int name="uf" value="1"/><int name="x" value="-1200"/><int name="y1" value="499"/><int name="y2" value="673"/><int name="page" value="4"/></imgdir></imgdir><imgdir name="miniMap"><canvas name="canvas" width="88" height="79"></canvas><int name="width" value="1416"/><int name="height" value="1264"/><int name="centerX" value="2103"/><int name="centerY" value="246"/><int name="mag" value="4"/></imgdir><imgdir name="portal"><imgdir name="0"><string name="pn" value="sp"/><int name="pt" value="0"/><int name="x" value="-1491"/><int name="y" value="-81"/><int name="tm" value="999999999"/><string name="tn" value=""/></imgdir><imgdir name="1"><string name="pn" value="out00"/><int name="pt" value="2"/><int name="x" value="-1599"/><int name="y" value="-95"/><int name="tm" value="102040000"/><string name="tn" value="hiden00"/><string name="script" value=""/><int name="hideTooltip" value="0"/><int name="delay" value="0"/></imgdir></imgdir></imgdir>