<?xml version="1.0" encoding="UTF-8" standalone="yes"?><imgdir name="103000005.img"><imgdir name="info"><int name="version" value="10"/><int name="cloud" value="0"/><int name="town" value="1"/><int name="returnMap" value="103000000"/><float name="mobRate" value="1.0"/><string name="bgm" value="Bgm01/BadGuys"/><int name="VRTop" value="-300"/><int name="VRLeft" value="-400"/><int name="VRBottom" value="300"/><int name="VRRight" value="400"/><int name="forcedReturn" value="999999999"/><string name="mapMark" value="KerningCity"/></imgdir><imgdir name="back"><imgdir name="0"><string name="bS" value=""/><int name="no" value="0"/><int name="x" value="0"/><int name="y" value="0"/><int name="rx" value="0"/><int name="ry" value="0"/><int name="type" value="0"/><int name="cx" value="0"/><int name="cy" value="0"/><int name="a" value="255"/><int name="front" value="0"/><int name="ani" value="0"/></imgdir></imgdir><imgdir name="portal"><imgdir name="0"><string name="pn" value="sp"/><int name="pt" value="0"/><int name="x" value="-180"/><int name="y" value="-35"/><int name="tm" value="999999999"/><string name="tn" value=""/></imgdir><imgdir name="1"><string name="pn" value="sp"/><int name="pt" value="0"/><int name="x" value="-124"/><int name="y" value="-44"/><int name="tm" value="999999999"/><string name="tn" value=""/></imgdir><imgdir name="2"><string name="pn" value="sp"/><int name="pt" value="0"/><int name="x" value="-75"/><int name="y" value="-47"/><int name="tm" value="999999999"/><string name="tn" value=""/></imgdir><imgdir name="3"><string name="pn" value="out00"/><int name="pt" value="2"/><int name="x" value="-197"/><int name="y" value="185"/><int name="tm" value="103000000"/><string name="tn" value="in05"/></imgdir></imgdir><imgdir name="life"><imgdir name="0"><string name="type" value="n"/><string name="id" value="1052100"/><int name="x" value="-38"/><int name="y" value="183"/><int name="mobTime" value="0"/><int name="f" value="0"/><int name="fh" value="31"/><int name="cy" value="184"/><int name="rx0" value="-88"/><int name="rx1" value="12"/></imgdir><imgdir name="1"><string name="type" value="n"/><string name="id" value="1052101"/><int name="x" value="-72"/><int name="y" value="-12"/><int name="mobTime" value="0"/><int name="f" value="0"/><int name="fh" value="14"/><int name="cy" value="-10"/><int name="rx0" value="-122"/><int name="rx1" value="-22"/></imgdir></imgdir><imgdir name="0"><imgdir name="info"><string name="tS" value="brownBrick"/></imgdir><imgdir name="tile"></imgdir><imgdir name="obj"><imgdir name="0"><string name="oS" value="shop"/><string name="l0" value="shop"/><string name="l1" value="hairshopMC"/><string name="l2" value="0"/><int name="x" value="-2"/><int name="y" value="-2"/><int name="z" value="3"/><int name="f" value="0"/><int name="zM" value="1"/></imgdir><imgdir name="1"><string name="oS" value="shop"/><string name="l0" value="shop"/><string name="l1" value="hairshopMC"/><string name="l2" value="7"/><int name="x" value="-297"/><int name="y" value="-134"/><int name="z" value="4"/><int name="f" value="0"/><int name="zM" value="1"/></imgdir></imgdir></imgdir><imgdir name="1"><imgdir name="info"><string name="tS" value="brownBrick"/></imgdir><imgdir name="tile"></imgdir><imgdir name="obj"><imgdir name="0"><string name="oS" value="shop"/><string name="l0" value="shop"/><string name="l1" value="hairshopMC"/><string name="l2" value="6"/><int name="x" value="0"/><int name="y" value="-2"/><int name="z" value="3"/><int name="f" value="0"/><int name="zM" value="4"/></imgdir><imgdir name="1"><string name="oS" value="shop"/><string name="l0" value="shop"/><string name="l1" value="hairshopMC"/><string name="l2" value="1"/><int name="x" value="-2"/><int name="y" value="-2"/><int name="z" value="3"/><int name="f" value="0"/><int name="zM" value="2"/></imgdir><imgdir name="2"><string name="oS" value="shop"/><string name="l0" value="shop"/><string name="l1" value="hairshopMC"/><string name="l2" value="4"/><int name="x" value="-233"/><int name="y" value="25"/><int name="z" value="5"/><int name="f" value="0"/><int name="zM" value="5"/></imgdir><imgdir name="3"><string name="oS" value="shop"/><string name="l0" value="shop"/><string name="l1" value="hairshopMC"/><string name="l2" value="8"/><int name="x" value="6"/><int name="y" value="-129"/><int name="z" value="3"/><int name="f" value="0"/><int name="zM" value="5"/></imgdir></imgdir></imgdir><imgdir name="2"><imgdir name="info"><string name="tS" value="brownBrick"/></imgdir><imgdir name="tile"></imgdir><imgdir name="obj"><imgdir name="0"><string name="oS" value="shop"/><string name="l0" value="shop"/><string name="l1" value="hairshopMC"/><string name="l2" value="2"/><int name="x" value="-2"/><int name="y" value="-2"/><int name="z" value="3"/><int name="f" value="0"/><int name="zM" value="3"/></imgdir></imgdir></imgdir><imgdir name="3"><imgdir name="info"><string name="tS" value="brownBrick"/></imgdir><imgdir name="tile"></imgdir><imgdir name="obj"><imgdir name="0"><string name="oS" value="shop"/><string name="l0" value="shop"/><string name="l1" value="hairshopMC"/><string name="l2" value="3"/><int name="x" value="-2"/><int name="y" value="-2"/><int name="z" value="3"/><int name="f" value="0"/><int name="zM" value="0"/></imgdir><imgdir name="1"><string name="oS" value="shop"/><string name="l0" value="shop"/><string name="l1" value="hairshopMC"/><string name="l2" value="5"/><int name="x" value="-3"/><int name="y" value="-3"/><int name="z" value="4"/><int name="f" value="0"/><int name="zM" value="0"/></imgdir></imgdir></imgdir><imgdir name="4"><imgdir name="info"><string name="tS" value="brownBrick"/></imgdir><imgdir name="tile"></imgdir><imgdir name="obj"></imgdir></imgdir><imgdir name="5"><imgdir name="info"><string name="tS" value="brownBrick"/></imgdir><imgdir name="tile"></imgdir><imgdir name="obj"></imgdir></imgdir><imgdir name="6"><imgdir name="info"><string name="tS" value="brownBrick"/></imgdir><imgdir name="tile"></imgdir><imgdir name="obj"></imgdir></imgdir><imgdir name="7"><imgdir name="info"><string name="tS" value="brownBrick"/></imgdir><imgdir name="tile"></imgdir><imgdir name="obj"></imgdir></imgdir><imgdir name="foothold"><imgdir name="0"><imgdir name="1"><imgdir name="1"><int name="x1" value="257"/><int name="y1" value="-72"/><int name="x2" value="257"/><int name="y2" value="4"/><int name="prev" value="0"/><int name="next" value="2"/></imgdir><imgdir name="2"><int name="x1" value="257"/><int name="y1" value="4"/><int name="x2" value="285"/><int name="y2" value="4"/><int name="prev" value="1"/><int name="next" value="0"/></imgdir></imgdir></imgdir><imgdir name="1"><imgdir name="4"><imgdir name="3"><int name="x1" value="301"/><int name="y1" value="19"/><int name="x2" value="333"/><int name="y2" value="19"/><int name="prev" value="0"/><int name="next" value="4"/></imgdir><imgdir name="4"><int name="x1" value="333"/><int name="y1" value="19"/><int name="x2" value="333"/><int name="y2" value="-76"/><int name="prev" value="3"/><int name="next" value="0"/></imgdir></imgdir></imgdir><imgdir name="2"><imgdir name="3"><imgdir name="5"><int name="x1" value="180"/><int name="y1" value="163"/><int name="x2" value="265"/><int name="y2" value="163"/><int name="prev" value="0"/><int name="next" value="0"/></imgdir><imgdir name="6"><int name="x1" value="201"/><int name="y1" value="142"/><int name="x2" value="283"/><int name="y2" value="142"/><int name="prev" value="0"/><int name="next" value="0"/></imgdir><imgdir name="7"><int name="x1" value="222"/><int name="y1" value="121"/><int name="x2" value="304"/><int name="y2" value="121"/><int name="prev" value="0"/><int name="next" value="0"/></imgdir><imgdir name="8"><int name="x1" value="243"/><int name="y1" value="100"/><int name="x2" value="330"/><int name="y2" value="100"/><int name="prev" value="0"/><int name="next" value="0"/></imgdir><imgdir name="9"><int name="x1" value="224"/><int name="y1" value="79"/><int name="x2" value="309"/><int name="y2" value="79"/><int name="prev" value="0"/><int name="next" value="0"/></imgdir><imgdir name="10"><int name="x1" value="203"/><int name="y1" value="58"/><int name="x2" value="289"/><int name="y2" value="58"/><int name="prev" value="0"/><int name="next" value="0"/></imgdir><imgdir name="11"><int name="x1" value="182"/><int name="y1" value="37"/><int name="x2" value="268"/><int name="y2" value="37"/><int name="prev" value="0"/><int name="next" value="0"/></imgdir><imgdir name="12"><int name="x1" value="161"/><int name="y1" value="16"/><int name="x2" value="247"/><int name="y2" value="16"/><int name="prev" value="0"/><int name="next" value="0"/></imgdir><imgdir name="13"><int name="x1" value="139"/><int name="y1" value="-5"/><int name="x2" value="227"/><int name="y2" value="-5"/><int name="prev" value="0"/><int name="next" value="0"/></imgdir><imgdir name="14"><int name="x1" value="-242"/><int name="y1" value="-10"/><int name="x2" value="141"/><int name="y2" value="-10"/><int name="prev" value="0"/><int name="next" value="0"/></imgdir><imgdir name="15"><int name="x1" value="-250"/><int name="y1" value="-67"/><int name="x2" value="-150"/><int name="y2" value="-67"/><int name="prev" value="0"/><int name="next" value="0"/></imgdir><imgdir name="16"><int name="x1" value="-241"/><int name="y1" value="-125"/><int name="x2" value="-150"/><int name="y2" value="-125"/><int name="prev" value="0"/><int name="next" value="0"/></imgdir><imgdir name="17"><int name="x1" value="-133"/><int name="y1" value="-106"/><int name="x2" value="201"/><int name="y2" value="-106"/><int name="prev" value="0"/><int name="next" value="18"/></imgdir><imgdir name="18"><int name="x1" value="201"/><int name="y1" value="-106"/><int name="x2" value="201"/><int name="y2" value="-272"/><int name="prev" value="17"/><int name="next" value="0"/></imgdir><imgdir name="19"><int name="x1" value="-142"/><int name="y1" value="155"/><int name="x2" value="-135"/><int name="y2" value="152"/><int name="prev" value="0"/><int name="next" value="20"/></imgdir><imgdir name="20"><int name="x1" value="-135"/><int name="y1" value="152"/><int name="x2" value="-101"/><int name="y2" value="152"/><int name="prev" value="19"/><int name="next" value="0"/></imgdir><imgdir name="21"><int name="x1" value="0"/><int name="y1" value="156"/><int name="x2" value="7"/><int name="y2" value="153"/><int name="prev" value="0"/><int name="next" value="22"/></imgdir><imgdir name="22"><int name="x1" value="7"/><int name="y1" value="153"/><int name="x2" value="41"/><int name="y2" value="153"/><int name="prev" value="21"/><int name="next" value="0"/></imgdir><imgdir name="23"><int name="x1" value="-147"/><int name="y1" value="-43"/><int name="x2" value="-140"/><int name="y2" value="-46"/><int name="prev" value="0"/><int name="next" value="24"/></imgdir><imgdir name="24"><int name="x1" value="-140"/><int name="y1" value="-46"/><int name="x2" value="-106"/><int name="y2" value="-46"/><int name="prev" value="23"/><int name="next" value="0"/></imgdir><imgdir name="25"><int name="x1" value="-45"/><int name="y1" value="-43"/><int name="x2" value="-38"/><int name="y2" value="-46"/><int name="prev" value="0"/><int name="next" value="26"/></imgdir><imgdir name="26"><int name="x1" value="-38"/><int name="y1" value="-46"/><int name="x2" value="-4"/><int name="y2" value="-46"/><int name="prev" value="25"/><int name="next" value="0"/></imgdir><imgdir name="27"><int name="x1" value="57"/><int name="y1" value="-43"/><int name="x2" value="64"/><int name="y2" value="-46"/><int name="prev" value="0"/><int name="next" value="28"/></imgdir><imgdir name="28"><int name="x1" value="64"/><int name="y1" value="-46"/><int name="x2" value="98"/><int name="y2" value="-46"/><int name="prev" value="27"/><int name="next" value="0"/></imgdir><imgdir name="29"><int name="x1" value="-266"/><int name="y1" value="160"/><int name="x2" value="-214"/><int name="y2" value="160"/><int name="prev" value="0"/><int name="next" value="0"/></imgdir></imgdir></imgdir><imgdir name="3"><imgdir name="0"><imgdir name="30"><int name="x1" value="-339"/><int name="y1" value="-130"/><int name="x2" value="-339"/><int name="y2" value="184"/><int name="prev" value="0"/><int name="next" value="31"/></imgdir><imgdir name="31"><int name="x1" value="-339"/><int name="y1" value="184"/><int name="x2" value="340"/><int name="y2" value="184"/><int name="prev" value="30"/><int name="next" value="32"/></imgdir><imgdir name="32"><int name="x1" value="340"/><int name="y1" value="184"/><int name="x2" value="340"/><int name="y2" value="-178"/><int name="prev" value="31"/><int name="next" value="0"/></imgdir></imgdir></imgdir></imgdir><imgdir name="ladderRope"><imgdir name="1"><int name="l" value="1"/><int name="uf" value="1"/><int name="x" value="174"/><int name="y1" value="-104"/><int name="y2" value="-7"/><int name="page" value="3"/></imgdir></imgdir><imgdir name="seat"></imgdir></imgdir>