<?xml version="1.0" encoding="UTF-8" standalone="yes"?><imgdir name="103000800.img"><imgdir name="info"><int name="version" value="10"/><int name="cloud" value="0"/><int name="town" value="0"/><int name="returnMap" value="103000890"/><float name="mobRate" value="0.9"/><string name="bgm" value="Bgm02/JungleBook"/><string name="mapDesc" value=""/><int name="forcedReturn" value="103000890"/><string name="mapMark" value="KerningParty"/><int name="hideMinimap" value="0"/><int name="fieldLimit" value="270460"/><int name="VRTop" value="-1590"/><int name="VRLeft" value="-1197"/><int name="VRBottom" value="284"/><int name="VRRight" value="823"/><int name="swim" value="0"/></imgdir><imgdir name="back"><imgdir name="0"><string name="bS" value="darkSwamp"/><int name="no" value="0"/><int name="x" value="0"/><int name="y" value="0"/><int name="rx" value="-2"/><int name="ry" value="-2"/><int name="type" value="3"/><int name="cx" value="0"/><int name="cy" value="0"/><int name="a" value="255"/><int name="front" value="0"/><int name="ani" value="0"/><int name="f" value="0"/></imgdir><imgdir name="1"><string name="bS" value="darkSwamp"/><int name="no" value="1"/><int name="x" value="302"/><int name="y" value="100"/><int name="rx" value="0"/><int name="ry" value="-4"/><int name="type" value="1"/><int name="cx" value="0"/><int name="cy" value="0"/><int name="a" value="255"/><int name="front" value="0"/><int name="ani" value="0"/><int name="f" value="0"/></imgdir><imgdir name="2"><string name="bS" value="darkSwamp"/><int name="no" value="2"/><int name="x" value="-33"/><int name="y" value="-292"/><int name="rx" value="-10"/><int name="ry" value="-6"/><int name="type" value="1"/><int name="cx" value="0"/><int name="cy" value="0"/><int name="a" value="255"/><int name="front" value="0"/><int name="ani" value="0"/><int name="f" value="0"/></imgdir><imgdir name="3"><string name="bS" value="darkSwamp"/><int name="no" value="3"/><int name="x" value="-279"/><int name="y" value="-91"/><int name="rx" value="-14"/><int name="ry" value="-10"/><int name="type" value="1"/><int name="cx" value="400"/><int name="cy" value="0"/><int name="a" value="255"/><int name="front" value="0"/><int name="ani" value="0"/><int name="f" value="0"/></imgdir><imgdir name="6"><string name="bS" value="darkSwamp"/><int name="no" value="6"/><int name="x" value="398"/><int name="y" value="29"/><int name="rx" value="-20"/><int name="ry" value="-18"/><int name="type" value="1"/><int name="cx" value="1200"/><int name="cy" value="0"/><int name="a" value="255"/><int name="front" value="0"/><int name="ani" value="0"/><int name="f" value="0"/></imgdir><imgdir name="7"><string name="bS" value="darkSwamp"/><int name="no" value="7"/><int name="x" value="37"/><int name="y" value="-232"/><int name="rx" value="-25"/><int name="ry" value="-22"/><int name="type" value="1"/><int name="cx" value="1200"/><int name="cy" value="0"/><int name="a" value="255"/><int name="front" value="0"/><int name="ani" value="0"/><int name="f" value="0"/></imgdir><imgdir name="8"><string name="bS" value="darkSwamp"/><int name="no" value="8"/><int name="x" value="817"/><int name="y" value="-245"/><int name="rx" value="-30"/><int name="ry" value="-25"/><int name="type" value="1"/><int name="cx" value="1400"/><int name="cy" value="0"/><int name="a" value="255"/><int name="front" value="0"/><int name="ani" value="0"/><int name="f" value="0"/></imgdir><imgdir name="4"><string name="bS" value="darkSwamp"/><int name="no" value="5"/><int name="x" value="211"/><int name="y" value="-54"/><int name="rx" value="-17"/><int name="ry" value="-13"/><int name="type" value="1"/><int name="cx" value="680"/><int name="cy" value="0"/><int name="a" value="255"/><int name="front" value="0"/><int name="ani" value="0"/><int name="f" value="0"/></imgdir><imgdir name="5"><string name="bS" value="darkSwamp"/><int name="no" value="4"/><int name="x" value="-12"/><int name="y" value="-64"/><int name="rx" value="-18"/><int name="ry" value="-15"/><int name="type" value="1"/><int name="cx" value="800"/><int name="cy" value="0"/><int name="a" value="255"/><int name="front" value="0"/><int name="ani" value="0"/><int name="f" value="0"/></imgdir></imgdir><imgdir name="life"><imgdir name="0"><string name="type" value="m"/><string name="id" value="9300001"/><int name="x" value="-555"/><int name="y" value="-242"/><int name="mobTime" value="0"/><int name="f" value="0"/><int name="fh" value="32"/><int name="cy" value="-211"/><int name="rx0" value="-1149"/><int name="rx1" value="-493"/></imgdir><imgdir name="1"><string name="type" value="m"/><string name="id" value="9300001"/><int name="x" value="-679"/><int name="y" value="-240"/><int name="mobTime" value="0"/><int name="f" value="0"/><int name="fh" value="27"/><int name="cy" value="-218"/><int name="rx0" value="-1149"/><int name="rx1" value="-493"/></imgdir><imgdir name="2"><string name="type" value="m"/><string name="id" value="9300001"/><int name="x" value="-651"/><int name="y" value="-521"/><int name="mobTime" value="0"/><int name="f" value="0"/><int name="fh" value="145"/><int name="cy" value="-465"/><int name="rx0" value="-1005"/><int name="rx1" value="-546"/></imgdir><imgdir name="3"><string name="type" value="m"/><string name="id" value="9300001"/><int name="x" value="-772"/><int name="y" value="-476"/><int name="mobTime" value="0"/><int name="f" value="0"/><int name="fh" value="143"/><int name="cy" value="-435"/><int name="rx0" value="-1005"/><int name="rx1" value="-546"/></imgdir><imgdir name="4"><string name="type" value="m"/><string name="id" value="9300001"/><int name="x" value="-931"/><int name="y" value="-540"/><int name="mobTime" value="0"/><int name="f" value="0"/><int name="fh" value="137"/><int name="cy" value="-498"/><int name="rx0" value="-1005"/><int name="rx1" value="-546"/></imgdir><imgdir name="5"><string name="type" value="m"/><string name="id" value="9300001"/><int name="x" value="-753"/><int name="y" value="-695"/><int name="mobTime" value="0"/><int name="f" value="0"/><int name="fh" value="152"/><int name="cy" value="-671"/><int name="rx0" value="-857"/><int name="rx1" value="-667"/></imgdir><imgdir name="6"><string name="type" value="m"/><string name="id" value="9300001"/><int name="x" value="-814"/><int name="y" value="-691"/><int name="mobTime" value="0"/><int name="f" value="0"/><int name="fh" value="150"/><int name="cy" value="-671"/><int name="rx0" value="-857"/><int name="rx1" value="-667"/></imgdir><imgdir name="7"><string name="type" value="m"/><string name="id" value="9300001"/><int name="x" value="-709"/><int name="y" value="-688"/><int name="mobTime" value="0"/><int name="f" value="0"/><int name="fh" value="154"/><int name="cy" value="-674"/><int name="rx0" value="-857"/><int name="rx1" value="-667"/></imgdir><imgdir name="8"><string name="type" value="m"/><string name="id" value="9300001"/><int name="x" value="-760"/><int name="y" value="-911"/><int name="mobTime" value="0"/><int name="f" value="0"/><int name="fh" value="126"/><int name="cy" value="-897"/><int name="rx0" value="-990"/><int name="rx1" value="-471"/></imgdir><imgdir name="9"><string name="type" value="m"/><string name="id" value="9300001"/><int name="x" value="-694"/><int name="y" value="-1156"/><int name="mobTime" value="0"/><int name="f" value="0"/><int name="fh" value="112"/><int name="cy" value="-1121"/><int name="rx0" value="-990"/><int name="rx1" value="-471"/></imgdir><imgdir name="10"><string name="type" value="m"/><string name="id" value="9300001"/><int name="x" value="-86"/><int name="y" value="-1075"/><int name="mobTime" value="0"/><int name="f" value="0"/><int name="fh" value="156"/><int name="cy" value="-1049"/><int name="rx0" value="-252"/><int name="rx1" value="161"/></imgdir><imgdir name="11"><string name="type" value="m"/><string name="id" value="9300001"/><int name="x" value="-177"/><int name="y" value="-917"/><int name="mobTime" value="0"/><int name="f" value="0"/><int name="fh" value="165"/><int name="cy" value="-900"/><int name="rx0" value="-252"/><int name="rx1" value="161"/></imgdir><imgdir name="12"><string name="type" value="m"/><string name="id" value="9300001"/><int name="x" value="-129"/><int name="y" value="-903"/><int name="mobTime" value="0"/><int name="f" value="0"/><int name="fh" value="166"/><int name="cy" value="-895"/><int name="rx0" value="-252"/><int name="rx1" value="161"/></imgdir><imgdir name="13"><string name="type" value="m"/><string name="id" value="9300001"/><int name="x" value="21"/><int name="y" value="-875"/><int name="mobTime" value="0"/><int name="f" value="0"/><int name="fh" value="168"/><int name="cy" value="-852"/><int name="rx0" value="-252"/><int name="rx1" value="161"/></imgdir><imgdir name="14"><string name="type" value="m"/><string name="id" value="9300001"/><int name="x" value="97"/><int name="y" value="-864"/><int name="mobTime" value="0"/><int name="f" value="0"/><int name="fh" value="171"/><int name="cy" value="-848"/><int name="rx0" value="-252"/><int name="rx1" value="161"/></imgdir><imgdir name="15"><string name="type" value="m"/><string name="id" value="9300001"/><int name="x" value="457"/><int name="y" value="-987"/><int name="mobTime" value="0"/><int name="f" value="0"/><int name="fh" value="186"/><int name="cy" value="-937"/><int name="rx0" value="212"/><int name="rx1" value="549"/></imgdir><imgdir name="16"><string name="type" value="m"/><string name="id" value="9300001"/><int name="x" value="385"/><int name="y" value="-1010"/><int name="mobTime" value="0"/><int name="f" value="0"/><int name="fh" value="184"/><int name="cy" value="-984"/><int name="rx0" value="212"/><int name="rx1" value="549"/></imgdir><imgdir name="17"><string name="type" value="m"/><string name="id" value="9300001"/><int name="x" value="360"/><int name="y" value="-697"/><int name="mobTime" value="0"/><int name="f" value="0"/><int name="fh" value="209"/><int name="cy" value="-672"/><int name="rx0" value="-315"/><int name="rx1" value="554"/></imgdir><imgdir name="18"><string name="type" value="m"/><string name="id" value="9300001"/><int name="x" value="-10"/><int name="y" value="-639"/><int name="mobTime" value="0"/><int name="f" value="0"/><int name="fh" value="200"/><int name="cy" value="-614"/><int name="rx0" value="-315"/><int name="rx1" value="554"/></imgdir><imgdir name="19"><string name="type" value="m"/><string name="id" value="9300001"/><int name="x" value="123"/><int name="y" value="-373"/><int name="mobTime" value="0"/><int name="f" value="0"/><int name="fh" value="64"/><int name="cy" value="-342"/><int name="rx0" value="-467"/><int name="rx1" value="796"/></imgdir><imgdir name="20"><string name="type" value="m"/><string name="id" value="9300001"/><int name="x" value="-233"/><int name="y" value="-367"/><int name="mobTime" value="0"/><int name="f" value="0"/><int name="fh" value="74"/><int name="cy" value="-345"/><int name="rx0" value="-467"/><int name="rx1" value="796"/></imgdir><imgdir name="21"><string name="type" value="m"/><string name="id" value="9300001"/><int name="x" value="-329"/><int name="y" value="-371"/><int name="mobTime" value="0"/><int name="f" value="0"/><int name="fh" value="71"/><int name="cy" value="-347"/><int name="rx0" value="-467"/><int name="rx1" value="796"/></imgdir><imgdir name="22"><string name="type" value="n"/><string name="id" value="9020001"/><int name="x" value="592"/><int name="y" value="106"/><int name="mobTime" value="0"/><int name="f" value="0"/><int name="fh" value="106"/><int name="cy" value="106"/><int name="rx0" value="542"/><int name="rx1" value="642"/></imgdir><imgdir name="23"><string name="type" value="n"/><string name="id" value="9020002"/><int name="x" value="-1082"/><int name="y" value="110"/><int name="mobTime" value="0"/><int name="f" value="1"/><int name="fh" value="18"/><int name="cy" value="112"/><int name="rx0" value="-1132"/><int name="rx1" value="-1032"/></imgdir></imgdir><imgdir name="0"><imgdir name="info"></imgdir><imgdir name="tile"></imgdir><imgdir name="obj"></imgdir></imgdir><imgdir name="1"><imgdir name="info"></imgdir><imgdir name="tile"></imgdir><imgdir name="obj"></imgdir></imgdir><imgdir name="2"><imgdir name="info"></imgdir><imgdir name="tile"></imgdir><imgdir name="obj"></imgdir></imgdir><imgdir name="3"><imgdir name="info"></imgdir><imgdir name="tile"></imgdir><imgdir name="obj"></imgdir></imgdir><imgdir name="4"><imgdir name="info"></imgdir><imgdir name="tile"></imgdir><imgdir name="obj"><imgdir name="4"><string name="oS" value="acc2"/><string name="l0" value="darkSwamp"/><string name="l1" value="nature"/><string name="l2" value="0"/><int name="x" value="-318"/><int name="y" value="110"/><int name="z" value="1"/><int name="f" value="0"/><int name="zM" value="11"/></imgdir><imgdir name="2"><string name="oS" value="acc2"/><string name="l0" value="darkSwamp"/><string name="l1" value="nature"/><string name="l2" value="2"/><int name="x" value="-673"/><int name="y" value="99"/><int name="z" value="1"/><int name="f" value="0"/><int name="zM" value="10"/></imgdir><imgdir name="3"><string name="oS" value="acc2"/><string name="l0" value="darkSwamp"/><string name="l1" value="foot"/><string name="l2" value="3"/><int name="x" value="-857"/><int name="y" value="114"/><int name="z" value="2"/><int name="f" value="0"/><int name="zM" value="10"/></imgdir><imgdir name="1"><string name="oS" value="acc2"/><string name="l0" value="darkSwamp"/><string name="l1" value="artificiality"/><string name="l2" value="4"/><int name="x" value="-138"/><int name="y" value="-22"/><int name="z" value="3"/><int name="f" value="0"/><int name="zM" value="11"/></imgdir><imgdir name="0"><string name="oS" value="acc2"/><string name="l0" value="darkSwamp"/><string name="l1" value="foot"/><string name="l2" value="4"/><int name="x" value="-667"/><int name="y" value="131"/><int name="z" value="1"/><int name="f" value="0"/><int name="zM" value="10"/></imgdir><imgdir name="5"><string name="oS" value="acc2"/><string name="l0" value="darkSwamp"/><string name="l1" value="foot"/><string name="l2" value="4"/><int name="x" value="-582"/><int name="y" value="127"/><int name="z" value="3"/><int name="f" value="0"/><int name="zM" value="10"/></imgdir><imgdir name="6"><string name="oS" value="acc2"/><string name="l0" value="darkSwamp"/><string name="l1" value="foot"/><string name="l2" value="4"/><int name="x" value="-1052"/><int name="y" value="150"/><int name="z" value="3"/><int name="f" value="0"/><int name="zM" value="10"/></imgdir><imgdir name="7"><string name="oS" value="acc2"/><string name="l0" value="darkSwamp"/><string name="l1" value="artificiality"/><string name="l2" value="2"/><int name="x" value="-1088"/><int name="y" value="32"/><int name="z" value="3"/><int name="f" value="0"/><int name="zM" value="10"/></imgdir><imgdir name="9"><string name="oS" value="acc2"/><string name="l0" value="darkSwamp"/><string name="l1" value="foot"/><string name="l2" value="8"/><int name="x" value="-752"/><int name="y" value="-170"/><int name="z" value="4"/><int name="f" value="0"/><int name="zM" value="10"/></imgdir><imgdir name="10"><string name="oS" value="acc2"/><string name="l0" value="darkSwamp"/><string name="l1" value="foot"/><string name="l2" value="9"/><int name="x" value="-575"/><int name="y" value="-163"/><int name="z" value="3"/><int name="f" value="0"/><int name="zM" value="10"/></imgdir><imgdir name="11"><string name="oS" value="acc2"/><string name="l0" value="darkSwamp"/><string name="l1" value="foot"/><string name="l2" value="10"/><int name="x" value="-927"/><int name="y" value="-460"/><int name="z" value="3"/><int name="f" value="0"/><int name="zM" value="20"/></imgdir><imgdir name="12"><string name="oS" value="acc2"/><string name="l0" value="darkSwamp"/><string name="l1" value="foot"/><string name="l2" value="5"/><int name="x" value="-711"/><int name="y" value="-392"/><int name="z" value="2"/><int name="f" value="0"/><int name="zM" value="20"/></imgdir><imgdir name="13"><string name="oS" value="acc2"/><string name="l0" value="darkSwamp"/><string name="l1" value="foot"/><string name="l2" value="7"/><int name="x" value="-763"/><int name="y" value="-631"/><int name="z" value="3"/><int name="f" value="0"/><int name="zM" value="25"/></imgdir><imgdir name="14"><string name="oS" value="acc2"/><string name="l0" value="darkSwamp"/><string name="l1" value="foot"/><string name="l2" value="10"/><int name="x" value="-912"/><int name="y" value="-911"/><int name="z" value="3"/><int name="f" value="0"/><int name="zM" value="29"/></imgdir><imgdir name="15"><string name="oS" value="acc2"/><string name="l0" value="darkSwamp"/><string name="l1" value="foot"/><string name="l2" value="9"/><int name="x" value="-740"/><int name="y" value="-845"/><int name="z" value="3"/><int name="f" value="0"/><int name="zM" value="29"/></imgdir><imgdir name="16"><string name="oS" value="acc2"/><string name="l0" value="darkSwamp"/><string name="l1" value="foot"/><string name="l2" value="7"/><int name="x" value="-567"/><int name="y" value="-849"/><int name="z" value="3"/><int name="f" value="0"/><int name="zM" value="29"/></imgdir><imgdir name="8"><string name="oS" value="acc2"/><string name="l0" value="darkSwamp"/><string name="l1" value="foot"/><string name="l2" value="5"/><int name="x" value="-642"/><int name="y" value="-1078"/><int name="z" value="3"/><int name="f" value="0"/><int name="zM" value="29"/></imgdir><imgdir name="17"><string name="oS" value="acc2"/><string name="l0" value="darkSwamp"/><string name="l1" value="foot"/><string name="l2" value="3"/><int name="x" value="254"/><int name="y" value="104"/><int name="z" value="3"/><int name="f" value="0"/><int name="zM" value="11"/></imgdir><imgdir name="18"><string name="oS" value="acc2"/><string name="l0" value="darkSwamp"/><string name="l1" value="foot"/><string name="l2" value="4"/><int name="x" value="471"/><int name="y" value="111"/><int name="z" value="2"/><int name="f" value="0"/><int name="zM" value="11"/></imgdir><imgdir name="19"><string name="oS" value="acc2"/><string name="l0" value="darkSwamp"/><string name="l1" value="foot"/><string name="l2" value="5"/><int name="x" value="-53"/><int name="y" value="-1005"/><int name="z" value="3"/><int name="f" value="0"/><int name="zM" value="28"/></imgdir><imgdir name="20"><string name="oS" value="acc2"/><string name="l0" value="darkSwamp"/><string name="l1" value="foot"/><string name="l2" value="6"/><int name="x" value="380"/><int name="y" value="-1121"/><int name="z" value="3"/><int name="f" value="0"/><int name="zM" value="33"/></imgdir><imgdir name="21"><string name="oS" value="acc2"/><string name="l0" value="darkSwamp"/><string name="l1" value="foot"/><string name="l2" value="9"/><int name="x" value="-168"/><int name="y" value="-847"/><int name="z" value="3"/><int name="f" value="0"/><int name="zM" value="28"/></imgdir><imgdir name="22"><string name="oS" value="acc2"/><string name="l0" value="darkSwamp"/><string name="l1" value="foot"/><string name="l2" value="8"/><int name="x" value="69"/><int name="y" value="-802"/><int name="z" value="4"/><int name="f" value="0"/><int name="zM" value="28"/></imgdir><imgdir name="23"><string name="oS" value="acc2"/><string name="l0" value="darkSwamp"/><string name="l1" value="foot"/><string name="l2" value="10"/><int name="x" value="430"/><int name="y" value="-923"/><int name="z" value="3"/><int name="f" value="0"/><int name="zM" value="33"/></imgdir><imgdir name="24"><string name="oS" value="acc2"/><string name="l0" value="darkSwamp"/><string name="l1" value="foot"/><string name="l2" value="7"/><int name="x" value="-221"/><int name="y" value="-580"/><int name="z" value="3"/><int name="f" value="0"/><int name="zM" value="24"/></imgdir><imgdir name="25"><string name="oS" value="acc2"/><string name="l0" value="darkSwamp"/><string name="l1" value="foot"/><string name="l2" value="9"/><int name="x" value="-31"/><int name="y" value="-566"/><int name="z" value="2"/><int name="f" value="0"/><int name="zM" value="24"/></imgdir><imgdir name="26"><string name="oS" value="acc2"/><string name="l0" value="darkSwamp"/><string name="l1" value="foot"/><string name="l2" value="10"/><int name="x" value="128"/><int name="y" value="-541"/><int name="z" value="1"/><int name="f" value="0"/><int name="zM" value="24"/></imgdir><imgdir name="27"><string name="oS" value="acc2"/><string name="l0" value="darkSwamp"/><string name="l1" value="foot"/><string name="l2" value="5"/><int name="x" value="143"/><int name="y" value="-297"/><int name="z" value="3"/><int name="f" value="0"/><int name="zM" value="11"/></imgdir><imgdir name="28"><string name="oS" value="acc2"/><string name="l0" value="darkSwamp"/><string name="l1" value="foot"/><string name="l2" value="7"/><int name="x" value="-255"/><int name="y" value="-304"/><int name="z" value="3"/><int name="f" value="0"/><int name="zM" value="11"/></imgdir><imgdir name="29"><string name="oS" value="acc2"/><string name="l0" value="darkSwamp"/><string name="l1" value="foot"/><string name="l2" value="5"/><int name="x" value="389"/><int name="y" value="-628"/><int name="z" value="3"/><int name="f" value="0"/><int name="zM" value="24"/></imgdir><imgdir name="30"><string name="oS" value="acc2"/><string name="l0" value="darkSwamp"/><string name="l1" value="foot"/><string name="l2" value="10"/><int name="x" value="120"/><int name="y" value="-135"/><int name="z" value="4"/><int name="f" value="0"/><int name="zM" value="11"/></imgdir><imgdir name="31"><string name="oS" value="acc2"/><string name="l0" value="darkSwamp"/><string name="l1" value="foot"/><string name="l2" value="10"/><int name="x" value="278"/><int name="y" value="-50"/><int name="z" value="2"/><int name="f" value="0"/><int name="zM" value="11"/></imgdir><imgdir name="32"><string name="oS" value="acc2"/><string name="l0" value="darkSwamp"/><string name="l1" value="foot"/><string name="l2" value="10"/><int name="x" value="439"/><int name="y" value="39"/><int name="z" value="1"/><int name="f" value="0"/><int name="zM" value="11"/></imgdir><imgdir name="33"><string name="oS" value="acc2"/><string name="l0" value="darkSwamp"/><string name="l1" value="artificiality"/><string name="l2" value="1"/><int name="x" value="664"/><int name="y" value="51"/><int name="z" value="3"/><int name="f" value="0"/><int name="zM" value="11"/></imgdir><imgdir name="34"><string name="oS" value="effect"/><string name="l0" value="quest"/><string name="l1" value="gate"/><string name="l2" value="1"/><int name="x" value="715"/><int name="y" value="34"/><int name="z" value="5"/><int name="f" value="0"/><int name="zM" value="0"/><string name="name" value="gate"/></imgdir></imgdir></imgdir><imgdir name="5"><imgdir name="info"></imgdir><imgdir name="tile"></imgdir><imgdir name="obj"><imgdir name="0"><string name="oS" value="acc2"/><string name="l0" value="darkSwamp"/><string name="l1" value="nature"/><string name="l2" value="4"/><int name="x" value="-10"/><int name="y" value="192"/><int name="z" value="7"/><int name="f" value="0"/><int name="zM" value="0"/></imgdir><imgdir name="1"><string name="oS" value="acc2"/><string name="l0" value="darkSwamp"/><string name="l1" value="nature"/><string name="l2" value="4"/><int name="x" value="179"/><int name="y" value="192"/><int name="z" value="7"/><int name="f" value="0"/><int name="zM" value="1"/></imgdir><imgdir name="8"><string name="oS" value="acc2"/><string name="l0" value="darkSwamp"/><string name="l1" value="nature"/><string name="l2" value="4"/><int name="x" value="-199"/><int name="y" value="192"/><int name="z" value="7"/><int name="f" value="0"/><int name="zM" value="2"/></imgdir><imgdir name="9"><string name="oS" value="acc2"/><string name="l0" value="darkSwamp"/><string name="l1" value="nature"/><string name="l2" value="4"/><int name="x" value="-388"/><int name="y" value="192"/><int name="z" value="7"/><int name="f" value="0"/><int name="zM" value="3"/></imgdir><imgdir name="10"><string name="oS" value="acc2"/><string name="l0" value="darkSwamp"/><string name="l1" value="nature"/><string name="l2" value="4"/><int name="x" value="-577"/><int name="y" value="192"/><int name="z" value="7"/><int name="f" value="0"/><int name="zM" value="4"/></imgdir><imgdir name="11"><string name="oS" value="acc2"/><string name="l0" value="darkSwamp"/><string name="l1" value="nature"/><string name="l2" value="4"/><int name="x" value="-766"/><int name="y" value="192"/><int name="z" value="7"/><int name="f" value="0"/><int name="zM" value="5"/></imgdir><imgdir name="12"><string name="oS" value="acc2"/><string name="l0" value="darkSwamp"/><string name="l1" value="nature"/><string name="l2" value="4"/><int name="x" value="-955"/><int name="y" value="192"/><int name="z" value="7"/><int name="f" value="0"/><int name="zM" value="6"/></imgdir><imgdir name="13"><string name="oS" value="acc2"/><string name="l0" value="darkSwamp"/><string name="l1" value="nature"/><string name="l2" value="4"/><int name="x" value="-1144"/><int name="y" value="192"/><int name="z" value="7"/><int name="f" value="0"/><int name="zM" value="7"/></imgdir><imgdir name="14"><string name="oS" value="acc2"/><string name="l0" value="darkSwamp"/><string name="l1" value="nature"/><string name="l2" value="4"/><int name="x" value="557"/><int name="y" value="192"/><int name="z" value="7"/><int name="f" value="0"/><int name="zM" value="8"/></imgdir><imgdir name="15"><string name="oS" value="acc2"/><string name="l0" value="darkSwamp"/><string name="l1" value="nature"/><string name="l2" value="4"/><int name="x" value="368"/><int name="y" value="192"/><int name="z" value="7"/><int name="f" value="0"/><int name="zM" value="9"/></imgdir><imgdir name="5"><string name="oS" value="connect"/><string name="l0" value="rope"/><string name="l1" value="7"/><string name="l2" value="1"/><int name="x" value="-337"/><int name="y" value="-1244"/><int name="z" value="3"/><int name="f" value="0"/><int name="zM" value="44"/></imgdir><imgdir name="6"><string name="oS" value="connect"/><string name="l0" value="rope"/><string name="l1" value="7"/><string name="l2" value="4"/><int name="x" value="-334"/><int name="y" value="-1399"/><int name="z" value="3"/><int name="f" value="0"/><int name="zM" value="46"/></imgdir><imgdir name="4"><string name="oS" value="connect"/><string name="l0" value="rope"/><string name="l1" value="7"/><string name="l2" value="0"/><int name="x" value="-337"/><int name="y" value="-1527"/><int name="z" value="3"/><int name="f" value="0"/><int name="zM" value="58"/></imgdir><imgdir name="7"><string name="oS" value="connect"/><string name="l0" value="rope"/><string name="l1" value="7"/><string name="l2" value="1"/><int name="x" value="-337"/><int name="y" value="-1162"/><int name="z" value="3"/><int name="f" value="0"/><int name="zM" value="43"/></imgdir><imgdir name="2"><string name="oS" value="connect"/><string name="l0" value="rope"/><string name="l1" value="7"/><string name="l2" value="3"/><int name="x" value="-337"/><int name="y" value="-1042"/><int name="z" value="3"/><int name="f" value="0"/><int name="zM" value="38"/></imgdir><imgdir name="3"><string name="oS" value="connect"/><string name="l0" value="rope"/><string name="l1" value="7"/><string name="l2" value="2"/><int name="x" value="-337"/><int name="y" value="-1089"/><int name="z" value="3"/><int name="f" value="0"/><int name="zM" value="40"/></imgdir><imgdir name="16"><string name="oS" value="connect"/><string name="l0" value="rope"/><string name="l1" value="7"/><string name="l2" value="0"/><int name="x" value="-1068"/><int name="y" value="-1553"/><int name="z" value="3"/><int name="f" value="0"/><int name="zM" value="59"/></imgdir><imgdir name="17"><string name="oS" value="connect"/><string name="l0" value="rope"/><string name="l1" value="7"/><string name="l2" value="4"/><int name="x" value="-1065"/><int name="y" value="-1425"/><int name="z" value="3"/><int name="f" value="0"/><int name="zM" value="48"/></imgdir><imgdir name="18"><string name="oS" value="connect"/><string name="l0" value="rope"/><string name="l1" value="7"/><string name="l2" value="4"/><int name="x" value="-1065"/><int name="y" value="-1197"/><int name="z" value="3"/><int name="f" value="0"/><int name="zM" value="42"/></imgdir><imgdir name="19"><string name="oS" value="connect"/><string name="l0" value="rope"/><string name="l1" value="7"/><string name="l2" value="4"/><int name="x" value="-1065"/><int name="y" value="-969"/><int name="z" value="3"/><int name="f" value="0"/><int name="zM" value="34"/></imgdir><imgdir name="20"><string name="oS" value="connect"/><string name="l0" value="rope"/><string name="l1" value="7"/><string name="l2" value="4"/><int name="x" value="-1065"/><int name="y" value="-741"/><int name="z" value="3"/><int name="f" value="0"/><int name="zM" value="27"/></imgdir><imgdir name="21"><string name="oS" value="connect"/><string name="l0" value="rope"/><string name="l1" value="7"/><string name="l2" value="4"/><int name="x" value="-1065"/><int name="y" value="-513"/><int name="z" value="3"/><int name="f" value="0"/><int name="zM" value="23"/></imgdir><imgdir name="22"><string name="oS" value="connect"/><string name="l0" value="rope"/><string name="l1" value="7"/><string name="l2" value="4"/><int name="x" value="-1065"/><int name="y" value="-285"/><int name="z" value="3"/><int name="f" value="0"/><int name="zM" value="17"/></imgdir><imgdir name="24"><string name="oS" value="connect"/><string name="l0" value="rope"/><string name="l1" value="7"/><string name="l2" value="3"/><int name="x" value="-1068"/><int name="y" value="-156"/><int name="z" value="3"/><int name="f" value="0"/><int name="zM" value="16"/></imgdir><imgdir name="25"><string name="oS" value="connect"/><string name="l0" value="rope"/><string name="l1" value="7"/><string name="l2" value="0"/><int name="x" value="-437"/><int name="y" value="-1503"/><int name="z" value="3"/><int name="f" value="0"/><int name="zM" value="57"/></imgdir><imgdir name="26"><string name="oS" value="connect"/><string name="l0" value="rope"/><string name="l1" value="7"/><string name="l2" value="4"/><int name="x" value="-434"/><int name="y" value="-1375"/><int name="z" value="3"/><int name="f" value="0"/><int name="zM" value="45"/></imgdir><imgdir name="27"><string name="oS" value="connect"/><string name="l0" value="rope"/><string name="l1" value="7"/><string name="l2" value="4"/><int name="x" value="-434"/><int name="y" value="-1147"/><int name="z" value="3"/><int name="f" value="0"/><int name="zM" value="39"/></imgdir><imgdir name="28"><string name="oS" value="connect"/><string name="l0" value="rope"/><string name="l1" value="7"/><string name="l2" value="4"/><int name="x" value="-434"/><int name="y" value="-919"/><int name="z" value="3"/><int name="f" value="0"/><int name="zM" value="30"/></imgdir><imgdir name="29"><string name="oS" value="connect"/><string name="l0" value="rope"/><string name="l1" value="7"/><string name="l2" value="4"/><int name="x" value="-434"/><int name="y" value="-691"/><int name="z" value="3"/><int name="f" value="0"/><int name="zM" value="26"/></imgdir><imgdir name="30"><string name="oS" value="connect"/><string name="l0" value="rope"/><string name="l1" value="7"/><string name="l2" value="4"/><int name="x" value="-434"/><int name="y" value="-463"/><int name="z" value="3"/><int name="f" value="0"/><int name="zM" value="22"/></imgdir><imgdir name="31"><string name="oS" value="connect"/><string name="l0" value="rope"/><string name="l1" value="7"/><string name="l2" value="4"/><int name="x" value="-434"/><int name="y" value="-235"/><int name="z" value="3"/><int name="f" value="0"/><int name="zM" value="15"/></imgdir><imgdir name="32"><string name="oS" value="connect"/><string name="l0" value="rope"/><string name="l1" value="7"/><string name="l2" value="2"/><int name="x" value="-437"/><int name="y" value="-89"/><int name="z" value="3"/><int name="f" value="0"/><int name="zM" value="14"/></imgdir><imgdir name="33"><string name="oS" value="connect"/><string name="l0" value="rope"/><string name="l1" value="7"/><string name="l2" value="1"/><int name="x" value="-437"/><int name="y" value="-16"/><int name="z" value="3"/><int name="f" value="0"/><int name="zM" value="13"/></imgdir><imgdir name="23"><string name="oS" value="connect"/><string name="l0" value="rope"/><string name="l1" value="7"/><string name="l2" value="3"/><int name="x" value="-437"/><int name="y" value="40"/><int name="z" value="3"/><int name="f" value="0"/><int name="zM" value="12"/></imgdir><imgdir name="34"><string name="oS" value="connect"/><string name="l0" value="rope"/><string name="l1" value="7"/><string name="l2" value="4"/><int name="x" value="153"/><int name="y" value="-1403"/><int name="z" value="3"/><int name="f" value="0"/><int name="zM" value="47"/></imgdir><imgdir name="35"><string name="oS" value="connect"/><string name="l0" value="rope"/><string name="l1" value="7"/><string name="l2" value="4"/><int name="x" value="153"/><int name="y" value="-1175"/><int name="z" value="3"/><int name="f" value="0"/><int name="zM" value="41"/></imgdir><imgdir name="36"><string name="oS" value="connect"/><string name="l0" value="rope"/><string name="l1" value="7"/><string name="l2" value="1"/><int name="x" value="150"/><int name="y" value="-1020"/><int name="z" value="3"/><int name="f" value="0"/><int name="zM" value="37"/></imgdir><imgdir name="37"><string name="oS" value="connect"/><string name="l0" value="rope"/><string name="l1" value="7"/><string name="l2" value="3"/><int name="x" value="150"/><int name="y" value="-964"/><int name="z" value="3"/><int name="f" value="0"/><int name="zM" value="36"/></imgdir><imgdir name="38"><string name="oS" value="connect"/><string name="l0" value="rope"/><string name="l1" value="7"/><string name="l2" value="0"/><int name="x" value="484"/><int name="y" value="-917"/><int name="z" value="3"/><int name="f" value="0"/><int name="zM" value="35"/></imgdir><imgdir name="39"><string name="oS" value="connect"/><string name="l0" value="rope"/><string name="l1" value="7"/><string name="l2" value="2"/><int name="x" value="484"/><int name="y" value="-871"/><int name="z" value="3"/><int name="f" value="0"/><int name="zM" value="32"/></imgdir><imgdir name="40"><string name="oS" value="connect"/><string name="l0" value="rope"/><string name="l1" value="7"/><string name="l2" value="3"/><int name="x" value="484"/><int name="y" value="-824"/><int name="z" value="3"/><int name="f" value="0"/><int name="zM" value="31"/></imgdir><imgdir name="41"><string name="oS" value="connect"/><string name="l0" value="rope"/><string name="l1" value="7"/><string name="l2" value="0"/><int name="x" value="138"/><int name="y" value="-339"/><int name="z" value="3"/><int name="f" value="0"/><int name="zM" value="21"/></imgdir><imgdir name="42"><string name="oS" value="connect"/><string name="l0" value="rope"/><string name="l1" value="7"/><string name="l2" value="2"/><int name="x" value="138"/><int name="y" value="-293"/><int name="z" value="3"/><int name="f" value="0"/><int name="zM" value="19"/></imgdir><imgdir name="43"><string name="oS" value="connect"/><string name="l0" value="rope"/><string name="l1" value="7"/><string name="l2" value="3"/><int name="x" value="138"/><int name="y" value="-246"/><int name="z" value="3"/><int name="f" value="0"/><int name="zM" value="18"/></imgdir><imgdir name="44"><string name="oS" value="acc2"/><string name="l0" value="darkSwamp"/><string name="l1" value="nature"/><string name="l2" value="4"/><int name="x" value="746"/><int name="y" value="192"/><int name="z" value="3"/><int name="f" value="0"/><int name="zM" value="0"/></imgdir><imgdir name="45"><string name="oS" value="acc2"/><string name="l0" value="darkSwamp"/><string name="l1" value="nature"/><string name="l2" value="5"/><int name="x" value="993"/><int name="y" value="-1465"/><int name="z" value="3"/><int name="f" value="0"/><int name="zM" value="0"/></imgdir></imgdir></imgdir><imgdir name="6"><imgdir name="info"></imgdir><imgdir name="tile"></imgdir><imgdir name="obj"><imgdir name="0"><string name="oS" value="acc2"/><string name="l0" value="darkSwamp"/><string name="l1" value="nature"/><string name="l2" value="5"/><int name="x" value="491"/><int name="y" value="-1465"/><int name="z" value="3"/><int name="f" value="0"/><int name="zM" value="49"/></imgdir><imgdir name="1"><string name="oS" value="acc2"/><string name="l0" value="darkSwamp"/><string name="l1" value="nature"/><string name="l2" value="5"/><int name="x" value="742"/><int name="y" value="-1465"/><int name="z" value="3"/><int name="f" value="0"/><int name="zM" value="50"/></imgdir><imgdir name="2"><string name="oS" value="acc2"/><string name="l0" value="darkSwamp"/><string name="l1" value="nature"/><string name="l2" value="5"/><int name="x" value="-1015"/><int name="y" value="-1465"/><int name="z" value="3"/><int name="f" value="0"/><int name="zM" value="51"/></imgdir><imgdir name="3"><string name="oS" value="acc2"/><string name="l0" value="darkSwamp"/><string name="l1" value="nature"/><string name="l2" value="5"/><int name="x" value="-764"/><int name="y" value="-1465"/><int name="z" value="3"/><int name="f" value="0"/><int name="zM" value="52"/></imgdir><imgdir name="4"><string name="oS" value="acc2"/><string name="l0" value="darkSwamp"/><string name="l1" value="nature"/><string name="l2" value="5"/><int name="x" value="-513"/><int name="y" value="-1465"/><int name="z" value="3"/><int name="f" value="0"/><int name="zM" value="53"/></imgdir><imgdir name="5"><string name="oS" value="acc2"/><string name="l0" value="darkSwamp"/><string name="l1" value="nature"/><string name="l2" value="5"/><int name="x" value="-262"/><int name="y" value="-1465"/><int name="z" value="3"/><int name="f" value="0"/><int name="zM" value="54"/></imgdir><imgdir name="6"><string name="oS" value="acc2"/><string name="l0" value="darkSwamp"/><string name="l1" value="nature"/><string name="l2" value="5"/><int name="x" value="-11"/><int name="y" value="-1465"/><int name="z" value="3"/><int name="f" value="0"/><int name="zM" value="55"/></imgdir><imgdir name="7"><string name="oS" value="acc2"/><string name="l0" value="darkSwamp"/><string name="l1" value="nature"/><string name="l2" value="5"/><int name="x" value="240"/><int name="y" value="-1465"/><int name="z" value="3"/><int name="f" value="0"/><int name="zM" value="56"/></imgdir></imgdir></imgdir><imgdir name="7"><imgdir name="info"></imgdir><imgdir name="tile"></imgdir><imgdir name="obj"></imgdir></imgdir><imgdir name="reactor"></imgdir><imgdir name="foothold"><imgdir name="4"><imgdir name="10"><imgdir name="1"><int name="x1" value="-746"/><int name="y1" value="140"/><int name="x2" value="-730"/><int name="y2" value="135"/><int name="prev" value="11"/><int name="next" value="2"/></imgdir><imgdir name="2"><int name="x1" value="-730"/><int name="y1" value="135"/><int name="x2" value="-572"/><int name="y2" value="124"/><int name="prev" value="1"/><int name="next" value="3"/></imgdir><imgdir name="3"><int name="x1" value="-572"/><int name="y1" value="124"/><int name="x2" value="-570"/><int name="y2" value="125"/><int name="prev" value="2"/><int name="next" value="12"/></imgdir><imgdir name="4"><int name="x1" value="-931"/><int name="y1" value="142"/><int name="x2" value="-880"/><int name="y2" value="122"/><int name="prev" value="17"/><int name="next" value="5"/></imgdir><imgdir name="5"><int name="x1" value="-880"/><int name="y1" value="122"/><int name="x2" value="-856"/><int name="y2" value="111"/><int name="prev" value="4"/><int name="next" value="6"/></imgdir><imgdir name="6"><int name="x1" value="-856"/><int name="y1" value="111"/><int name="x2" value="-825"/><int name="y2" value="111"/><int name="prev" value="5"/><int name="next" value="7"/></imgdir><imgdir name="7"><int name="x1" value="-825"/><int name="y1" value="111"/><int name="x2" value="-806"/><int name="y2" value="108"/><int name="prev" value="6"/><int name="next" value="8"/></imgdir><imgdir name="8"><int name="x1" value="-806"/><int name="y1" value="108"/><int name="x2" value="-787"/><int name="y2" value="112"/><int name="prev" value="7"/><int name="next" value="9"/></imgdir><imgdir name="9"><int name="x1" value="-787"/><int name="y1" value="112"/><int name="x2" value="-769"/><int name="y2" value="123"/><int name="prev" value="8"/><int name="next" value="10"/></imgdir><imgdir name="10"><int name="x1" value="-769"/><int name="y1" value="123"/><int name="x2" value="-751"/><int name="y2" value="142"/><int name="prev" value="9"/><int name="next" value="11"/></imgdir><imgdir name="11"><int name="x1" value="-751"/><int name="y1" value="142"/><int name="x2" value="-746"/><int name="y2" value="140"/><int name="prev" value="10"/><int name="next" value="1"/></imgdir><imgdir name="12"><int name="x1" value="-570"/><int name="y1" value="125"/><int name="x2" value="-487"/><int name="y2" value="120"/><int name="prev" value="3"/><int name="next" value="33"/></imgdir><imgdir name="13"><int name="x1" value="-1169"/><int name="y1" value="168"/><int name="x2" value="-1131"/><int name="y2" value="159"/><int name="prev" value="0"/><int name="next" value="14"/></imgdir><imgdir name="14"><int name="x1" value="-1131"/><int name="y1" value="159"/><int name="x2" value="-1115"/><int name="y2" value="154"/><int name="prev" value="13"/><int name="next" value="15"/></imgdir><imgdir name="15"><int name="x1" value="-1115"/><int name="y1" value="154"/><int name="x2" value="-957"/><int name="y2" value="143"/><int name="prev" value="14"/><int name="next" value="16"/></imgdir><imgdir name="16"><int name="x1" value="-957"/><int name="y1" value="143"/><int name="x2" value="-947"/><int name="y2" value="153"/><int name="prev" value="15"/><int name="next" value="17"/></imgdir><imgdir name="17"><int name="x1" value="-947"/><int name="y1" value="153"/><int name="x2" value="-931"/><int name="y2" value="142"/><int name="prev" value="16"/><int name="next" value="4"/></imgdir><imgdir name="18"><int name="x1" value="-1124"/><int name="y1" value="112"/><int name="x2" value="-1035"/><int name="y2" value="112"/><int name="prev" value="0"/><int name="next" value="0"/></imgdir><imgdir name="19"><int name="x1" value="-1169"/><int name="y1" value="-99"/><int name="x2" value="-995"/><int name="y2" value="-98"/><int name="prev" value="0"/><int name="next" value="0"/></imgdir><imgdir name="20"><int name="x1" value="-1106"/><int name="y1" value="-121"/><int name="x2" value="-1053"/><int name="y2" value="-120"/><int name="prev" value="0"/><int name="next" value="0"/></imgdir><imgdir name="21"><int name="x1" value="-863"/><int name="y1" value="-207"/><int name="x2" value="-820"/><int name="y2" value="-220"/><int name="prev" value="0"/><int name="next" value="22"/></imgdir><imgdir name="22"><int name="x1" value="-820"/><int name="y1" value="-220"/><int name="x2" value="-785"/><int name="y2" value="-221"/><int name="prev" value="21"/><int name="next" value="23"/></imgdir><imgdir name="23"><int name="x1" value="-785"/><int name="y1" value="-221"/><int name="x2" value="-757"/><int name="y2" value="-219"/><int name="prev" value="22"/><int name="next" value="24"/></imgdir><imgdir name="24"><int name="x1" value="-757"/><int name="y1" value="-219"/><int name="x2" value="-733"/><int name="y2" value="-216"/><int name="prev" value="23"/><int name="next" value="25"/></imgdir><imgdir name="25"><int name="x1" value="-733"/><int name="y1" value="-216"/><int name="x2" value="-714"/><int name="y2" value="-217"/><int name="prev" value="24"/><int name="next" value="26"/></imgdir><imgdir name="26"><int name="x1" value="-714"/><int name="y1" value="-217"/><int name="x2" value="-692"/><int name="y2" value="-218"/><int name="prev" value="25"/><int name="next" value="27"/></imgdir><imgdir name="27"><int name="x1" value="-692"/><int name="y1" value="-218"/><int name="x2" value="-667"/><int name="y2" value="-217"/><int name="prev" value="26"/><int name="next" value="28"/></imgdir><imgdir name="28"><int name="x1" value="-667"/><int name="y1" value="-217"/><int name="x2" value="-641"/><int name="y2" value="-212"/><int name="prev" value="27"/><int name="next" value="29"/></imgdir><imgdir name="29"><int name="x1" value="-641"/><int name="y1" value="-212"/><int name="x2" value="-612"/><int name="y2" value="-215"/><int name="prev" value="28"/><int name="next" value="30"/></imgdir><imgdir name="30"><int name="x1" value="-612"/><int name="y1" value="-215"/><int name="x2" value="-588"/><int name="y2" value="-216"/><int name="prev" value="29"/><int name="next" value="31"/></imgdir><imgdir name="31"><int name="x1" value="-588"/><int name="y1" value="-216"/><int name="x2" value="-562"/><int name="y2" value="-211"/><int name="prev" value="30"/><int name="next" value="32"/></imgdir><imgdir name="32"><int name="x1" value="-562"/><int name="y1" value="-211"/><int name="x2" value="-473"/><int name="y2" value="-211"/><int name="prev" value="31"/><int name="next" value="0"/></imgdir></imgdir><imgdir name="11"><imgdir name="33"><int name="x1" value="-487"/><int name="y1" value="120"/><int name="x2" value="-393"/><int name="y2" value="122"/><int name="prev" value="12"/><int name="next" value="34"/></imgdir><imgdir name="34"><int name="x1" value="-393"/><int name="y1" value="122"/><int name="x2" value="-371"/><int name="y2" value="115"/><int name="prev" value="33"/><int name="next" value="35"/></imgdir><imgdir name="35"><int name="x1" value="-371"/><int name="y1" value="115"/><int name="x2" value="-337"/><int name="y2" value="116"/><int name="prev" value="34"/><int name="next" value="36"/></imgdir><imgdir name="36"><int name="x1" value="-337"/><int name="y1" value="116"/><int name="x2" value="-303"/><int name="y2" value="108"/><int name="prev" value="35"/><int name="next" value="37"/></imgdir><imgdir name="37"><int name="x1" value="-303"/><int name="y1" value="108"/><int name="x2" value="-279"/><int name="y2" value="106"/><int name="prev" value="36"/><int name="next" value="38"/></imgdir><imgdir name="38"><int name="x1" value="-279"/><int name="y1" value="106"/><int name="x2" value="-253"/><int name="y2" value="101"/><int name="prev" value="37"/><int name="next" value="39"/></imgdir><imgdir name="39"><int name="x1" value="-253"/><int name="y1" value="101"/><int name="x2" value="-131"/><int name="y2" value="104"/><int name="prev" value="38"/><int name="next" value="40"/></imgdir><imgdir name="40"><int name="x1" value="-131"/><int name="y1" value="104"/><int name="x2" value="-41"/><int name="y2" value="103"/><int name="prev" value="39"/><int name="next" value="41"/></imgdir><imgdir name="41"><int name="x1" value="-41"/><int name="y1" value="103"/><int name="x2" value="38"/><int name="y2" value="100"/><int name="prev" value="40"/><int name="next" value="42"/></imgdir><imgdir name="42"><int name="x1" value="38"/><int name="y1" value="100"/><int name="x2" value="65"/><int name="y2" value="130"/><int name="prev" value="41"/><int name="next" value="43"/></imgdir><imgdir name="43"><int name="x1" value="65"/><int name="y1" value="130"/><int name="x2" value="89"/><int name="y2" value="135"/><int name="prev" value="42"/><int name="next" value="44"/></imgdir><imgdir name="44"><int name="x1" value="89"/><int name="y1" value="135"/><int name="x2" value="115"/><int name="y2" value="137"/><int name="prev" value="43"/><int name="next" value="45"/></imgdir><imgdir name="45"><int name="x1" value="115"/><int name="y1" value="137"/><int name="x2" value="144"/><int name="y2" value="140"/><int name="prev" value="44"/><int name="next" value="46"/></imgdir><imgdir name="46"><int name="x1" value="144"/><int name="y1" value="140"/><int name="x2" value="156"/><int name="y2" value="146"/><int name="prev" value="45"/><int name="next" value="51"/></imgdir><imgdir name="47"><int name="x1" value="-355"/><int name="y1" value="101"/><int name="x2" value="-331"/><int name="y2" value="102"/><int name="prev" value="0"/><int name="next" value="48"/></imgdir><imgdir name="48"><int name="x1" value="-331"/><int name="y1" value="102"/><int name="x2" value="-302"/><int name="y2" value="102"/><int name="prev" value="47"/><int name="next" value="49"/></imgdir><imgdir name="49"><int name="x1" value="-302"/><int name="y1" value="102"/><int name="x2" value="-284"/><int name="y2" value="101"/><int name="prev" value="48"/><int name="next" value="50"/></imgdir><imgdir name="50"><int name="x1" value="-284"/><int name="y1" value="101"/><int name="x2" value="-267"/><int name="y2" value="101"/><int name="prev" value="49"/><int name="next" value="0"/></imgdir><imgdir name="51"><int name="x1" value="156"/><int name="y1" value="146"/><int name="x2" value="180"/><int name="y2" value="132"/><int name="prev" value="46"/><int name="next" value="52"/></imgdir><imgdir name="52"><int name="x1" value="180"/><int name="y1" value="132"/><int name="x2" value="231"/><int name="y2" value="112"/><int name="prev" value="51"/><int name="next" value="53"/></imgdir><imgdir name="53"><int name="x1" value="231"/><int name="y1" value="112"/><int name="x2" value="255"/><int name="y2" value="101"/><int name="prev" value="52"/><int name="next" value="54"/></imgdir><imgdir name="54"><int name="x1" value="255"/><int name="y1" value="101"/><int name="x2" value="286"/><int name="y2" value="101"/><int name="prev" value="53"/><int name="next" value="55"/></imgdir><imgdir name="55"><int name="x1" value="286"/><int name="y1" value="101"/><int name="x2" value="305"/><int name="y2" value="98"/><int name="prev" value="54"/><int name="next" value="56"/></imgdir><imgdir name="56"><int name="x1" value="305"/><int name="y1" value="98"/><int name="x2" value="324"/><int name="y2" value="102"/><int name="prev" value="55"/><int name="next" value="57"/></imgdir><imgdir name="57"><int name="x1" value="324"/><int name="y1" value="102"/><int name="x2" value="342"/><int name="y2" value="113"/><int name="prev" value="56"/><int name="next" value="58"/></imgdir><imgdir name="58"><int name="x1" value="342"/><int name="y1" value="113"/><int name="x2" value="356"/><int name="y2" value="127"/><int name="prev" value="57"/><int name="next" value="59"/></imgdir><imgdir name="59"><int name="x1" value="356"/><int name="y1" value="127"/><int name="x2" value="392"/><int name="y2" value="120"/><int name="prev" value="58"/><int name="next" value="60"/></imgdir><imgdir name="60"><int name="x1" value="392"/><int name="y1" value="120"/><int name="x2" value="408"/><int name="y2" value="115"/><int name="prev" value="59"/><int name="next" value="61"/></imgdir><imgdir name="61"><int name="x1" value="408"/><int name="y1" value="115"/><int name="x2" value="523"/><int name="y2" value="107"/><int name="prev" value="60"/><int name="next" value="103"/></imgdir><imgdir name="62"><int name="x1" value="566"/><int name="y1" value="104"/><int name="x2" value="569"/><int name="y2" value="106"/><int name="prev" value="105"/><int name="next" value="106"/></imgdir><imgdir name="63"><int name="x1" value="-42"/><int name="y1" value="-339"/><int name="x2" value="73"/><int name="y2" value="-340"/><int name="prev" value="0"/><int name="next" value="64"/></imgdir><imgdir name="64"><int name="x1" value="73"/><int name="y1" value="-340"/><int name="x2" value="138"/><int name="y2" value="-343"/><int name="prev" value="63"/><int name="next" value="65"/></imgdir><imgdir name="65"><int name="x1" value="138"/><int name="y1" value="-343"/><int name="x2" value="176"/><int name="y2" value="-354"/><int name="prev" value="64"/><int name="next" value="66"/></imgdir><imgdir name="66"><int name="x1" value="176"/><int name="y1" value="-354"/><int name="x2" value="205"/><int name="y2" value="-372"/><int name="prev" value="65"/><int name="next" value="67"/></imgdir><imgdir name="67"><int name="x1" value="205"/><int name="y1" value="-372"/><int name="x2" value="237"/><int name="y2" value="-390"/><int name="prev" value="66"/><int name="next" value="68"/></imgdir><imgdir name="68"><int name="x1" value="237"/><int name="y1" value="-390"/><int name="x2" value="274"/><int name="y2" value="-395"/><int name="prev" value="67"/><int name="next" value="69"/></imgdir><imgdir name="69"><int name="x1" value="274"/><int name="y1" value="-395"/><int name="x2" value="328"/><int name="y2" value="-379"/><int name="prev" value="68"/><int name="next" value="0"/></imgdir><imgdir name="70"><int name="x1" value="-369"/><int name="y1" value="-354"/><int name="x2" value="-330"/><int name="y2" value="-347"/><int name="prev" value="0"/><int name="next" value="71"/></imgdir><imgdir name="71"><int name="x1" value="-330"/><int name="y1" value="-347"/><int name="x2" value="-298"/><int name="y2" value="-343"/><int name="prev" value="70"/><int name="next" value="72"/></imgdir><imgdir name="72"><int name="x1" value="-298"/><int name="y1" value="-343"/><int name="x2" value="-275"/><int name="y2" value="-341"/><int name="prev" value="71"/><int name="next" value="73"/></imgdir><imgdir name="73"><int name="x1" value="-275"/><int name="y1" value="-341"/><int name="x2" value="-241"/><int name="y2" value="-345"/><int name="prev" value="72"/><int name="next" value="74"/></imgdir><imgdir name="74"><int name="x1" value="-241"/><int name="y1" value="-345"/><int name="x2" value="-211"/><int name="y2" value="-347"/><int name="prev" value="73"/><int name="next" value="75"/></imgdir><imgdir name="75"><int name="x1" value="-211"/><int name="y1" value="-347"/><int name="x2" value="-139"/><int name="y2" value="-342"/><int name="prev" value="74"/><int name="next" value="0"/></imgdir><imgdir name="76"><int name="x1" value="22"/><int name="y1" value="-212"/><int name="x2" value="58"/><int name="y2" value="-203"/><int name="prev" value="0"/><int name="next" value="77"/></imgdir><imgdir name="77"><int name="x1" value="58"/><int name="y1" value="-203"/><int name="x2" value="98"/><int name="y2" value="-185"/><int name="prev" value="76"/><int name="next" value="78"/></imgdir><imgdir name="78"><int name="x1" value="98"/><int name="y1" value="-185"/><int name="x2" value="132"/><int name="y2" value="-161"/><int name="prev" value="77"/><int name="next" value="79"/></imgdir><imgdir name="79"><int name="x1" value="132"/><int name="y1" value="-161"/><int name="x2" value="162"/><int name="y2" value="-137"/><int name="prev" value="78"/><int name="next" value="80"/></imgdir><imgdir name="80"><int name="x1" value="162"/><int name="y1" value="-137"/><int name="x2" value="176"/><int name="y2" value="-129"/><int name="prev" value="79"/><int name="next" value="81"/></imgdir><imgdir name="81"><int name="x1" value="176"/><int name="y1" value="-129"/><int name="x2" value="183"/><int name="y2" value="-127"/><int name="prev" value="80"/><int name="next" value="82"/></imgdir><imgdir name="82"><int name="x1" value="183"/><int name="y1" value="-127"/><int name="x2" value="216"/><int name="y2" value="-118"/><int name="prev" value="81"/><int name="next" value="83"/></imgdir><imgdir name="83"><int name="x1" value="216"/><int name="y1" value="-118"/><int name="x2" value="256"/><int name="y2" value="-100"/><int name="prev" value="82"/><int name="next" value="84"/></imgdir><imgdir name="84"><int name="x1" value="256"/><int name="y1" value="-100"/><int name="x2" value="290"/><int name="y2" value="-76"/><int name="prev" value="83"/><int name="next" value="85"/></imgdir><imgdir name="85"><int name="x1" value="290"/><int name="y1" value="-76"/><int name="x2" value="320"/><int name="y2" value="-52"/><int name="prev" value="84"/><int name="next" value="86"/></imgdir><imgdir name="86"><int name="x1" value="320"/><int name="y1" value="-52"/><int name="x2" value="334"/><int name="y2" value="-44"/><int name="prev" value="85"/><int name="next" value="87"/></imgdir><imgdir name="87"><int name="x1" value="334"/><int name="y1" value="-44"/><int name="x2" value="352"/><int name="y2" value="-37"/><int name="prev" value="86"/><int name="next" value="88"/></imgdir><imgdir name="88"><int name="x1" value="352"/><int name="y1" value="-37"/><int name="x2" value="358"/><int name="y2" value="-34"/><int name="prev" value="87"/><int name="next" value="89"/></imgdir><imgdir name="89"><int name="x1" value="358"/><int name="y1" value="-34"/><int name="x2" value="377"/><int name="y2" value="-29"/><int name="prev" value="88"/><int name="next" value="90"/></imgdir><imgdir name="90"><int name="x1" value="377"/><int name="y1" value="-29"/><int name="x2" value="417"/><int name="y2" value="-11"/><int name="prev" value="89"/><int name="next" value="91"/></imgdir><imgdir name="91"><int name="x1" value="417"/><int name="y1" value="-11"/><int name="x2" value="451"/><int name="y2" value="13"/><int name="prev" value="90"/><int name="next" value="92"/></imgdir><imgdir name="92"><int name="x1" value="451"/><int name="y1" value="13"/><int name="x2" value="481"/><int name="y2" value="37"/><int name="prev" value="91"/><int name="next" value="93"/></imgdir><imgdir name="93"><int name="x1" value="481"/><int name="y1" value="37"/><int name="x2" value="495"/><int name="y2" value="45"/><int name="prev" value="92"/><int name="next" value="94"/></imgdir><imgdir name="94"><int name="x1" value="495"/><int name="y1" value="45"/><int name="x2" value="513"/><int name="y2" value="52"/><int name="prev" value="93"/><int name="next" value="95"/></imgdir><imgdir name="95"><int name="x1" value="513"/><int name="y1" value="52"/><int name="x2" value="542"/><int name="y2" value="67"/><int name="prev" value="94"/><int name="next" value="0"/></imgdir><imgdir name="96"><int name="x1" value="594"/><int name="y1" value="-71"/><int name="x2" value="604"/><int name="y2" value="-77"/><int name="prev" value="0"/><int name="next" value="97"/></imgdir><imgdir name="97"><int name="x1" value="604"/><int name="y1" value="-77"/><int name="x2" value="617"/><int name="y2" value="-77"/><int name="prev" value="96"/><int name="next" value="98"/></imgdir><imgdir name="98"><int name="x1" value="617"/><int name="y1" value="-77"/><int name="x2" value="624"/><int name="y2" value="-83"/><int name="prev" value="97"/><int name="next" value="99"/></imgdir><imgdir name="99"><int name="x1" value="624"/><int name="y1" value="-83"/><int name="x2" value="678"/><int name="y2" value="-83"/><int name="prev" value="98"/><int name="next" value="100"/></imgdir><imgdir name="100"><int name="x1" value="678"/><int name="y1" value="-83"/><int name="x2" value="691"/><int name="y2" value="-81"/><int name="prev" value="99"/><int name="next" value="101"/></imgdir><imgdir name="101"><int name="x1" value="691"/><int name="y1" value="-81"/><int name="x2" value="816"/><int name="y2" value="-81"/><int name="prev" value="100"/><int name="next" value="0"/></imgdir><imgdir name="102"><int name="x1" value="576"/><int name="y1" value="-53"/><int name="x2" value="623"/><int name="y2" value="-53"/><int name="prev" value="0"/><int name="next" value="0"/></imgdir><imgdir name="103"><int name="x1" value="523"/><int name="y1" value="107"/><int name="x2" value="525"/><int name="y2" value="106"/><int name="prev" value="61"/><int name="next" value="104"/></imgdir><imgdir name="104"><int name="x1" value="525"/><int name="y1" value="106"/><int name="x2" value="536"/><int name="y2" value="107"/><int name="prev" value="103"/><int name="next" value="105"/></imgdir><imgdir name="105"><int name="x1" value="536"/><int name="y1" value="107"/><int name="x2" value="566"/><int name="y2" value="104"/><int name="prev" value="104"/><int name="next" value="62"/></imgdir><imgdir name="106"><int name="x1" value="569"/><int name="y1" value="106"/><int name="x2" value="681"/><int name="y2" value="107"/><int name="prev" value="62"/><int name="next" value="107"/></imgdir><imgdir name="107"><int name="x1" value="681"/><int name="y1" value="107"/><int name="x2" value="693"/><int name="y2" value="115"/><int name="prev" value="106"/><int name="next" value="108"/></imgdir><imgdir name="108"><int name="x1" value="693"/><int name="y1" value="115"/><int name="x2" value="754"/><int name="y2" value="115"/><int name="prev" value="107"/><int name="next" value="109"/></imgdir><imgdir name="109"><int name="x1" value="754"/><int name="y1" value="115"/><int name="x2" value="767"/><int name="y2" value="121"/><int name="prev" value="108"/><int name="next" value="110"/></imgdir><imgdir name="110"><int name="x1" value="767"/><int name="y1" value="121"/><int name="x2" value="767"/><int name="y2" value="-48"/><int name="prev" value="109"/><int name="next" value="0"/></imgdir></imgdir><imgdir name="29"><imgdir name="111"><int name="x1" value="-827"/><int name="y1" value="-1120"/><int name="x2" value="-712"/><int name="y2" value="-1121"/><int name="prev" value="0"/><int name="next" value="112"/></imgdir><imgdir name="112"><int name="x1" value="-712"/><int name="y1" value="-1121"/><int name="x2" value="-647"/><int name="y2" value="-1124"/><int name="prev" value="111"/><int name="next" value="113"/></imgdir><imgdir name="113"><int name="x1" value="-647"/><int name="y1" value="-1124"/><int name="x2" value="-609"/><int name="y2" value="-1135"/><int name="prev" value="112"/><int name="next" value="114"/></imgdir><imgdir name="114"><int name="x1" value="-609"/><int name="y1" value="-1135"/><int name="x2" value="-580"/><int name="y2" value="-1153"/><int name="prev" value="113"/><int name="next" value="115"/></imgdir><imgdir name="115"><int name="x1" value="-580"/><int name="y1" value="-1153"/><int name="x2" value="-548"/><int name="y2" value="-1171"/><int name="prev" value="114"/><int name="next" value="116"/></imgdir><imgdir name="116"><int name="x1" value="-548"/><int name="y1" value="-1171"/><int name="x2" value="-511"/><int name="y2" value="-1176"/><int name="prev" value="115"/><int name="next" value="117"/></imgdir><imgdir name="117"><int name="x1" value="-511"/><int name="y1" value="-1176"/><int name="x2" value="-457"/><int name="y2" value="-1160"/><int name="prev" value="116"/><int name="next" value="0"/></imgdir><imgdir name="118"><int name="x1" value="-1010"/><int name="y1" value="-988"/><int name="x2" value="-974"/><int name="y2" value="-979"/><int name="prev" value="0"/><int name="next" value="119"/></imgdir><imgdir name="119"><int name="x1" value="-974"/><int name="y1" value="-979"/><int name="x2" value="-934"/><int name="y2" value="-961"/><int name="prev" value="118"/><int name="next" value="120"/></imgdir><imgdir name="120"><int name="x1" value="-934"/><int name="y1" value="-961"/><int name="x2" value="-900"/><int name="y2" value="-937"/><int name="prev" value="119"/><int name="next" value="121"/></imgdir><imgdir name="121"><int name="x1" value="-900"/><int name="y1" value="-937"/><int name="x2" value="-870"/><int name="y2" value="-913"/><int name="prev" value="120"/><int name="next" value="122"/></imgdir><imgdir name="122"><int name="x1" value="-870"/><int name="y1" value="-913"/><int name="x2" value="-856"/><int name="y2" value="-905"/><int name="prev" value="121"/><int name="next" value="123"/></imgdir><imgdir name="123"><int name="x1" value="-856"/><int name="y1" value="-905"/><int name="x2" value="-842"/><int name="y2" value="-900"/><int name="prev" value="122"/><int name="next" value="124"/></imgdir><imgdir name="124"><int name="x1" value="-842"/><int name="y1" value="-900"/><int name="x2" value="-806"/><int name="y2" value="-894"/><int name="prev" value="123"/><int name="next" value="125"/></imgdir><imgdir name="125"><int name="x1" value="-806"/><int name="y1" value="-894"/><int name="x2" value="-777"/><int name="y2" value="-897"/><int name="prev" value="124"/><int name="next" value="126"/></imgdir><imgdir name="126"><int name="x1" value="-777"/><int name="y1" value="-897"/><int name="x2" value="-753"/><int name="y2" value="-898"/><int name="prev" value="125"/><int name="next" value="127"/></imgdir><imgdir name="127"><int name="x1" value="-753"/><int name="y1" value="-898"/><int name="x2" value="-727"/><int name="y2" value="-893"/><int name="prev" value="126"/><int name="next" value="128"/></imgdir><imgdir name="128"><int name="x1" value="-727"/><int name="y1" value="-893"/><int name="x2" value="-647"/><int name="y2" value="-893"/><int name="prev" value="127"/><int name="next" value="129"/></imgdir><imgdir name="129"><int name="x1" value="-647"/><int name="y1" value="-893"/><int name="x2" value="-642"/><int name="y2" value="-892"/><int name="prev" value="128"/><int name="next" value="130"/></imgdir><imgdir name="130"><int name="x1" value="-642"/><int name="y1" value="-892"/><int name="x2" value="-610"/><int name="y2" value="-888"/><int name="prev" value="129"/><int name="next" value="131"/></imgdir><imgdir name="131"><int name="x1" value="-610"/><int name="y1" value="-888"/><int name="x2" value="-587"/><int name="y2" value="-886"/><int name="prev" value="130"/><int name="next" value="132"/></imgdir><imgdir name="132"><int name="x1" value="-587"/><int name="y1" value="-886"/><int name="x2" value="-553"/><int name="y2" value="-890"/><int name="prev" value="131"/><int name="next" value="133"/></imgdir><imgdir name="133"><int name="x1" value="-553"/><int name="y1" value="-890"/><int name="x2" value="-523"/><int name="y2" value="-892"/><int name="prev" value="132"/><int name="next" value="134"/></imgdir><imgdir name="134"><int name="x1" value="-523"/><int name="y1" value="-892"/><int name="x2" value="-451"/><int name="y2" value="-887"/><int name="prev" value="133"/><int name="next" value="0"/></imgdir></imgdir><imgdir name="20"><imgdir name="135"><int name="x1" value="-1025"/><int name="y1" value="-537"/><int name="x2" value="-989"/><int name="y2" value="-528"/><int name="prev" value="0"/><int name="next" value="136"/></imgdir><imgdir name="136"><int name="x1" value="-989"/><int name="y1" value="-528"/><int name="x2" value="-949"/><int name="y2" value="-510"/><int name="prev" value="135"/><int name="next" value="137"/></imgdir><imgdir name="137"><int name="x1" value="-949"/><int name="y1" value="-510"/><int name="x2" value="-915"/><int name="y2" value="-486"/><int name="prev" value="136"/><int name="next" value="138"/></imgdir><imgdir name="138"><int name="x1" value="-915"/><int name="y1" value="-486"/><int name="x2" value="-885"/><int name="y2" value="-462"/><int name="prev" value="137"/><int name="next" value="139"/></imgdir><imgdir name="139"><int name="x1" value="-885"/><int name="y1" value="-462"/><int name="x2" value="-871"/><int name="y2" value="-454"/><int name="prev" value="138"/><int name="next" value="140"/></imgdir><imgdir name="140"><int name="x1" value="-871"/><int name="y1" value="-454"/><int name="x2" value="-853"/><int name="y2" value="-447"/><int name="prev" value="139"/><int name="next" value="141"/></imgdir><imgdir name="141"><int name="x1" value="-853"/><int name="y1" value="-447"/><int name="x2" value="-828"/><int name="y2" value="-435"/><int name="prev" value="140"/><int name="next" value="142"/></imgdir><imgdir name="142"><int name="x1" value="-828"/><int name="y1" value="-435"/><int name="x2" value="-781"/><int name="y2" value="-435"/><int name="prev" value="141"/><int name="next" value="143"/></imgdir><imgdir name="143"><int name="x1" value="-781"/><int name="y1" value="-435"/><int name="x2" value="-716"/><int name="y2" value="-438"/><int name="prev" value="142"/><int name="next" value="144"/></imgdir><imgdir name="144"><int name="x1" value="-716"/><int name="y1" value="-438"/><int name="x2" value="-678"/><int name="y2" value="-449"/><int name="prev" value="143"/><int name="next" value="145"/></imgdir><imgdir name="145"><int name="x1" value="-678"/><int name="y1" value="-449"/><int name="x2" value="-649"/><int name="y2" value="-467"/><int name="prev" value="144"/><int name="next" value="146"/></imgdir><imgdir name="146"><int name="x1" value="-649"/><int name="y1" value="-467"/><int name="x2" value="-617"/><int name="y2" value="-485"/><int name="prev" value="145"/><int name="next" value="147"/></imgdir><imgdir name="147"><int name="x1" value="-617"/><int name="y1" value="-485"/><int name="x2" value="-580"/><int name="y2" value="-490"/><int name="prev" value="146"/><int name="next" value="148"/></imgdir><imgdir name="148"><int name="x1" value="-580"/><int name="y1" value="-490"/><int name="x2" value="-526"/><int name="y2" value="-474"/><int name="prev" value="147"/><int name="next" value="0"/></imgdir></imgdir><imgdir name="25"><imgdir name="149"><int name="x1" value="-877"/><int name="y1" value="-681"/><int name="x2" value="-838"/><int name="y2" value="-674"/><int name="prev" value="0"/><int name="next" value="150"/></imgdir><imgdir name="150"><int name="x1" value="-838"/><int name="y1" value="-674"/><int name="x2" value="-806"/><int name="y2" value="-670"/><int name="prev" value="149"/><int name="next" value="151"/></imgdir><imgdir name="151"><int name="x1" value="-806"/><int name="y1" value="-670"/><int name="x2" value="-783"/><int name="y2" value="-668"/><int name="prev" value="150"/><int name="next" value="152"/></imgdir><imgdir name="152"><int name="x1" value="-783"/><int name="y1" value="-668"/><int name="x2" value="-749"/><int name="y2" value="-672"/><int name="prev" value="151"/><int name="next" value="153"/></imgdir><imgdir name="153"><int name="x1" value="-749"/><int name="y1" value="-672"/><int name="x2" value="-719"/><int name="y2" value="-674"/><int name="prev" value="152"/><int name="next" value="154"/></imgdir><imgdir name="154"><int name="x1" value="-719"/><int name="y1" value="-674"/><int name="x2" value="-647"/><int name="y2" value="-669"/><int name="prev" value="153"/><int name="next" value="0"/></imgdir></imgdir><imgdir name="28"><imgdir name="155"><int name="x1" value="-238"/><int name="y1" value="-1047"/><int name="x2" value="-123"/><int name="y2" value="-1048"/><int name="prev" value="0"/><int name="next" value="156"/></imgdir><imgdir name="156"><int name="x1" value="-123"/><int name="y1" value="-1048"/><int name="x2" value="-58"/><int name="y2" value="-1051"/><int name="prev" value="155"/><int name="next" value="157"/></imgdir><imgdir name="157"><int name="x1" value="-58"/><int name="y1" value="-1051"/><int name="x2" value="-20"/><int name="y2" value="-1062"/><int name="prev" value="156"/><int name="next" value="158"/></imgdir><imgdir name="158"><int name="x1" value="-20"/><int name="y1" value="-1062"/><int name="x2" value="9"/><int name="y2" value="-1080"/><int name="prev" value="157"/><int name="next" value="159"/></imgdir><imgdir name="159"><int name="x1" value="9"/><int name="y1" value="-1080"/><int name="x2" value="41"/><int name="y2" value="-1098"/><int name="prev" value="158"/><int name="next" value="160"/></imgdir><imgdir name="160"><int name="x1" value="41"/><int name="y1" value="-1098"/><int name="x2" value="78"/><int name="y2" value="-1103"/><int name="prev" value="159"/><int name="next" value="161"/></imgdir><imgdir name="161"><int name="x1" value="78"/><int name="y1" value="-1103"/><int name="x2" value="132"/><int name="y2" value="-1087"/><int name="prev" value="160"/><int name="next" value="0"/></imgdir><imgdir name="162"><int name="x1" value="-272"/><int name="y1" value="-902"/><int name="x2" value="-234"/><int name="y2" value="-896"/><int name="prev" value="0"/><int name="next" value="163"/></imgdir><imgdir name="163"><int name="x1" value="-234"/><int name="y1" value="-896"/><int name="x2" value="-205"/><int name="y2" value="-899"/><int name="prev" value="162"/><int name="next" value="164"/></imgdir><imgdir name="164"><int name="x1" value="-205"/><int name="y1" value="-899"/><int name="x2" value="-181"/><int name="y2" value="-900"/><int name="prev" value="163"/><int name="next" value="165"/></imgdir><imgdir name="165"><int name="x1" value="-181"/><int name="y1" value="-900"/><int name="x2" value="-155"/><int name="y2" value="-895"/><int name="prev" value="164"/><int name="next" value="166"/></imgdir><imgdir name="166"><int name="x1" value="-155"/><int name="y1" value="-895"/><int name="x2" value="-66"/><int name="y2" value="-895"/><int name="prev" value="165"/><int name="next" value="0"/></imgdir><imgdir name="167"><int name="x1" value="-42"/><int name="y1" value="-839"/><int name="x2" value="1"/><int name="y2" value="-852"/><int name="prev" value="0"/><int name="next" value="168"/></imgdir><imgdir name="168"><int name="x1" value="1"/><int name="y1" value="-852"/><int name="x2" value="36"/><int name="y2" value="-853"/><int name="prev" value="167"/><int name="next" value="169"/></imgdir><imgdir name="169"><int name="x1" value="36"/><int name="y1" value="-853"/><int name="x2" value="64"/><int name="y2" value="-851"/><int name="prev" value="168"/><int name="next" value="170"/></imgdir><imgdir name="170"><int name="x1" value="64"/><int name="y1" value="-851"/><int name="x2" value="88"/><int name="y2" value="-848"/><int name="prev" value="169"/><int name="next" value="171"/></imgdir><imgdir name="171"><int name="x1" value="88"/><int name="y1" value="-848"/><int name="x2" value="107"/><int name="y2" value="-849"/><int name="prev" value="170"/><int name="next" value="172"/></imgdir><imgdir name="172"><int name="x1" value="107"/><int name="y1" value="-849"/><int name="x2" value="129"/><int name="y2" value="-850"/><int name="prev" value="171"/><int name="next" value="173"/></imgdir><imgdir name="173"><int name="x1" value="129"/><int name="y1" value="-850"/><int name="x2" value="156"/><int name="y2" value="-848"/><int name="prev" value="172"/><int name="next" value="174"/></imgdir><imgdir name="174"><int name="x1" value="156"/><int name="y1" value="-848"/><int name="x2" value="181"/><int name="y2" value="-839"/><int name="prev" value="173"/><int name="next" value="0"/></imgdir></imgdir><imgdir name="33"><imgdir name="175"><int name="x1" value="192"/><int name="y1" value="-1207"/><int name="x2" value="256"/><int name="y2" value="-1211"/><int name="prev" value="0"/><int name="next" value="176"/></imgdir><imgdir name="176"><int name="x1" value="256"/><int name="y1" value="-1211"/><int name="x2" value="297"/><int name="y2" value="-1205"/><int name="prev" value="175"/><int name="next" value="177"/></imgdir><imgdir name="177"><int name="x1" value="297"/><int name="y1" value="-1205"/><int name="x2" value="337"/><int name="y2" value="-1187"/><int name="prev" value="176"/><int name="next" value="178"/></imgdir><imgdir name="178"><int name="x1" value="337"/><int name="y1" value="-1187"/><int name="x2" value="384"/><int name="y2" value="-1174"/><int name="prev" value="177"/><int name="next" value="179"/></imgdir><imgdir name="179"><int name="x1" value="384"/><int name="y1" value="-1174"/><int name="x2" value="431"/><int name="y2" value="-1173"/><int name="prev" value="178"/><int name="next" value="180"/></imgdir><imgdir name="180"><int name="x1" value="431"/><int name="y1" value="-1173"/><int name="x2" value="478"/><int name="y2" value="-1170"/><int name="prev" value="179"/><int name="next" value="181"/></imgdir><imgdir name="181"><int name="x1" value="478"/><int name="y1" value="-1170"/><int name="x2" value="532"/><int name="y2" value="-1174"/><int name="prev" value="180"/><int name="next" value="182"/></imgdir><imgdir name="182"><int name="x1" value="532"/><int name="y1" value="-1174"/><int name="x2" value="569"/><int name="y2" value="-1166"/><int name="prev" value="181"/><int name="next" value="0"/></imgdir><imgdir name="183"><int name="x1" value="332"/><int name="y1" value="-1000"/><int name="x2" value="368"/><int name="y2" value="-991"/><int name="prev" value="0"/><int name="next" value="184"/></imgdir><imgdir name="184"><int name="x1" value="368"/><int name="y1" value="-991"/><int name="x2" value="408"/><int name="y2" value="-973"/><int name="prev" value="183"/><int name="next" value="185"/></imgdir><imgdir name="185"><int name="x1" value="408"/><int name="y1" value="-973"/><int name="x2" value="442"/><int name="y2" value="-949"/><int name="prev" value="184"/><int name="next" value="186"/></imgdir><imgdir name="186"><int name="x1" value="442"/><int name="y1" value="-949"/><int name="x2" value="472"/><int name="y2" value="-925"/><int name="prev" value="185"/><int name="next" value="187"/></imgdir><imgdir name="187"><int name="x1" value="472"/><int name="y1" value="-925"/><int name="x2" value="486"/><int name="y2" value="-917"/><int name="prev" value="186"/><int name="next" value="188"/></imgdir><imgdir name="188"><int name="x1" value="486"/><int name="y1" value="-917"/><int name="x2" value="504"/><int name="y2" value="-910"/><int name="prev" value="187"/><int name="next" value="189"/></imgdir><imgdir name="189"><int name="x1" value="504"/><int name="y1" value="-910"/><int name="x2" value="533"/><int name="y2" value="-895"/><int name="prev" value="188"/><int name="next" value="0"/></imgdir></imgdir><imgdir name="24"><imgdir name="190"><int name="x1" value="-335"/><int name="y1" value="-630"/><int name="x2" value="-296"/><int name="y2" value="-623"/><int name="prev" value="0"/><int name="next" value="191"/></imgdir><imgdir name="191"><int name="x1" value="-296"/><int name="y1" value="-623"/><int name="x2" value="-264"/><int name="y2" value="-619"/><int name="prev" value="190"/><int name="next" value="192"/></imgdir><imgdir name="192"><int name="x1" value="-264"/><int name="y1" value="-619"/><int name="x2" value="-241"/><int name="y2" value="-617"/><int name="prev" value="191"/><int name="next" value="193"/></imgdir><imgdir name="193"><int name="x1" value="-241"/><int name="y1" value="-617"/><int name="x2" value="-207"/><int name="y2" value="-621"/><int name="prev" value="192"/><int name="next" value="194"/></imgdir><imgdir name="194"><int name="x1" value="-207"/><int name="y1" value="-621"/><int name="x2" value="-177"/><int name="y2" value="-623"/><int name="prev" value="193"/><int name="next" value="195"/></imgdir><imgdir name="195"><int name="x1" value="-177"/><int name="y1" value="-623"/><int name="x2" value="-124"/><int name="y2" value="-620"/><int name="prev" value="194"/><int name="next" value="196"/></imgdir><imgdir name="196"><int name="x1" value="-124"/><int name="y1" value="-620"/><int name="x2" value="-97"/><int name="y2" value="-615"/><int name="prev" value="195"/><int name="next" value="197"/></imgdir><imgdir name="197"><int name="x1" value="-97"/><int name="y1" value="-615"/><int name="x2" value="-68"/><int name="y2" value="-618"/><int name="prev" value="196"/><int name="next" value="198"/></imgdir><imgdir name="198"><int name="x1" value="-68"/><int name="y1" value="-618"/><int name="x2" value="-44"/><int name="y2" value="-619"/><int name="prev" value="197"/><int name="next" value="199"/></imgdir><imgdir name="199"><int name="x1" value="-44"/><int name="y1" value="-619"/><int name="x2" value="-18"/><int name="y2" value="-614"/><int name="prev" value="198"/><int name="next" value="200"/></imgdir><imgdir name="200"><int name="x1" value="-18"/><int name="y1" value="-614"/><int name="x2" value="46"/><int name="y2" value="-614"/><int name="prev" value="199"/><int name="next" value="201"/></imgdir><imgdir name="201"><int name="x1" value="46"/><int name="y1" value="-614"/><int name="x2" value="66"/><int name="y2" value="-609"/><int name="prev" value="200"/><int name="next" value="202"/></imgdir><imgdir name="202"><int name="x1" value="66"/><int name="y1" value="-609"/><int name="x2" value="106"/><int name="y2" value="-591"/><int name="prev" value="201"/><int name="next" value="203"/></imgdir><imgdir name="203"><int name="x1" value="106"/><int name="y1" value="-591"/><int name="x2" value="140"/><int name="y2" value="-567"/><int name="prev" value="202"/><int name="next" value="204"/></imgdir><imgdir name="204"><int name="x1" value="140"/><int name="y1" value="-567"/><int name="x2" value="170"/><int name="y2" value="-543"/><int name="prev" value="203"/><int name="next" value="205"/></imgdir><imgdir name="205"><int name="x1" value="170"/><int name="y1" value="-543"/><int name="x2" value="184"/><int name="y2" value="-535"/><int name="prev" value="204"/><int name="next" value="206"/></imgdir><imgdir name="206"><int name="x1" value="184"/><int name="y1" value="-535"/><int name="x2" value="202"/><int name="y2" value="-528"/><int name="prev" value="205"/><int name="next" value="207"/></imgdir><imgdir name="207"><int name="x1" value="202"/><int name="y1" value="-528"/><int name="x2" value="231"/><int name="y2" value="-513"/><int name="prev" value="206"/><int name="next" value="0"/></imgdir><imgdir name="208"><int name="x1" value="204"/><int name="y1" value="-670"/><int name="x2" value="319"/><int name="y2" value="-671"/><int name="prev" value="0"/><int name="next" value="209"/></imgdir><imgdir name="209"><int name="x1" value="319"/><int name="y1" value="-671"/><int name="x2" value="384"/><int name="y2" value="-674"/><int name="prev" value="208"/><int name="next" value="210"/></imgdir><imgdir name="210"><int name="x1" value="384"/><int name="y1" value="-674"/><int name="x2" value="422"/><int name="y2" value="-685"/><int name="prev" value="209"/><int name="next" value="211"/></imgdir><imgdir name="211"><int name="x1" value="422"/><int name="y1" value="-685"/><int name="x2" value="451"/><int name="y2" value="-703"/><int name="prev" value="210"/><int name="next" value="212"/></imgdir><imgdir name="212"><int name="x1" value="451"/><int name="y1" value="-703"/><int name="x2" value="483"/><int name="y2" value="-721"/><int name="prev" value="211"/><int name="next" value="213"/></imgdir><imgdir name="213"><int name="x1" value="483"/><int name="y1" value="-721"/><int name="x2" value="520"/><int name="y2" value="-726"/><int name="prev" value="212"/><int name="next" value="214"/></imgdir><imgdir name="214"><int name="x1" value="520"/><int name="y1" value="-726"/><int name="x2" value="574"/><int name="y2" value="-710"/><int name="prev" value="213"/><int name="next" value="0"/></imgdir></imgdir></imgdir></imgdir><imgdir name="ladderRope"><imgdir name="1"><int name="l" value="0"/><int name="uf" value="0"/><int name="x" value="-337"/><int name="y1" value="-1495"/><int name="y2" value="-998"/><int name="page" value="5"/></imgdir><imgdir name="2"><int name="l" value="0"/><int name="uf" value="0"/><int name="x" value="-1068"/><int name="y1" value="-1521"/><int name="y2" value="-122"/><int name="page" value="5"/></imgdir><imgdir name="3"><int name="l" value="0"/><int name="uf" value="0"/><int name="x" value="-437"/><int name="y1" value="-1471"/><int name="y2" value="84"/><int name="page" value="5"/></imgdir><imgdir name="4"><int name="l" value="0"/><int name="uf" value="0"/><int name="x" value="150"/><int name="y1" value="-1479"/><int name="y2" value="-920"/><int name="page" value="5"/></imgdir><imgdir name="5"><int name="l" value="0"/><int name="uf" value="1"/><int name="x" value="484"/><int name="y1" value="-916"/><int name="y2" value="-780"/><int name="page" value="5"/></imgdir><imgdir name="6"><int name="l" value="0"/><int name="uf" value="1"/><int name="x" value="138"/><int name="y1" value="-341"/><int name="y2" value="-202"/><int name="page" value="5"/></imgdir></imgdir><imgdir name="miniMap"><canvas name="canvas" width="149" height="129"></canvas><int name="width" value="2387"/><int name="height" value="2076"/><int name="centerX" value="1286"/><int name="centerY" value="1741"/><int name="mag" value="4"/></imgdir><imgdir name="portal"><imgdir name="0"><string name="pn" value="sp"/><int name="pt" value="0"/><int name="x" value="-1077"/><int name="y" value="81"/><int name="tm" value="999999999"/><string name="tn" value=""/></imgdir><imgdir name="1"><string name="pn" value="st00"/><int name="pt" value="1"/><int name="x" value="-1075"/><int name="y" value="106"/><int name="tm" value="999999999"/><string name="tn" value=""/></imgdir><imgdir name="2"><string name="pn" value="next00"/><int name="pt" value="5"/><int name="x" value="716"/><int name="y" value="106"/><int name="tm" value="103000801"/><string name="tn" value="st00"/></imgdir></imgdir></imgdir>