<?xml version="1.0" encoding="UTF-8" standalone="yes"?><imgdir name="103000003.img"><imgdir name="info"><int name="version" value="10"/><int name="cloud" value="0"/><int name="town" value="1"/><int name="returnMap" value="103000000"/><float name="mobRate" value="1.0"/><string name="bgm" value="Bgm01/BadGuys"/><int name="VRTop" value="-660"/><int name="VRLeft" value="-400"/><int name="VRBottom" value="300"/><int name="VRRight" value="400"/><string name="mapDesc" value=""/><int name="forcedReturn" value="999999999"/><string name="mapMark" value="KerningCity"/></imgdir><imgdir name="back"><imgdir name="0"><string name="bS" value=""/><int name="no" value="1"/><int name="x" value="38"/><int name="y" value="-302"/><int name="rx" value="0"/><int name="ry" value="0"/><int name="type" value="3"/><int name="cx" value="0"/><int name="cy" value="0"/><int name="a" value="255"/><int name="front" value="0"/><int name="ani" value="0"/><int name="f" value="0"/></imgdir></imgdir><imgdir name="life"><imgdir name="0"><string name="type" value="n"/><string name="id" value="1052001"/><int name="x" value="113"/><int name="y" value="122"/><int name="f" value="0"/><int name="fh" value="39"/><int name="cy" value="128"/><int name="rx0" value="63"/><int name="rx1" value="163"/></imgdir><imgdir name="1"><string name="type" value="n"/><string name="id" value="9901300"/><int name="x" value="218"/><int name="y" value="93"/><int name="mobTime" value="0"/><int name="f" value="0"/><int name="hide" value="1"/><int name="fh" value="34"/><int name="cy" value="96"/><int name="rx0" value="168"/><int name="rx1" value="268"/></imgdir><imgdir name="2"><string name="type" value="n"/><string name="id" value="9901301"/><int name="x" value="-202"/><int name="y" value="-185"/><int name="mobTime" value="0"/><int name="f" value="1"/><int name="hide" value="1"/><int name="fh" value="4"/><int name="cy" value="-180"/><int name="rx0" value="-252"/><int name="rx1" value="-152"/></imgdir><imgdir name="3"><string name="type" value="n"/><string name="id" value="9901302"/><int name="x" value="-136"/><int name="y" value="-141"/><int name="mobTime" value="0"/><int name="f" value="0"/><int name="hide" value="1"/><int name="fh" value="6"/><int name="cy" value="-137"/><int name="rx0" value="-186"/><int name="rx1" value="-86"/></imgdir><imgdir name="4"><string name="type" value="n"/><string name="id" value="9901303"/><int name="x" value="113"/><int name="y" value="175"/><int name="mobTime" value="0"/><int name="f" value="1"/><int name="hide" value="1"/><int name="fh" value="40"/><int name="cy" value="183"/><int name="rx0" value="63"/><int name="rx1" value="163"/></imgdir><imgdir name="5"><string name="type" value="n"/><string name="id" value="9901304"/><int name="x" value="158"/><int name="y" value="-102"/><int name="mobTime" value="0"/><int name="f" value="0"/><int name="hide" value="1"/><int name="fh" value="9"/><int name="cy" value="-95"/><int name="rx0" value="108"/><int name="rx1" value="208"/></imgdir><imgdir name="6"><string name="type" value="n"/><string name="id" value="9901305"/><int name="x" value="-48"/><int name="y" value="-100"/><int name="mobTime" value="0"/><int name="f" value="1"/><int name="hide" value="1"/><int name="fh" value="9"/><int name="cy" value="-95"/><int name="rx0" value="-98"/><int name="rx1" value="2"/></imgdir><imgdir name="7"><string name="type" value="n"/><string name="id" value="9901306"/><int name="x" value="-256"/><int name="y" value="179"/><int name="mobTime" value="0"/><int name="f" value="1"/><int name="hide" value="1"/><int name="fh" value="20"/><int name="cy" value="181"/><int name="rx0" value="-306"/><int name="rx1" value="-206"/></imgdir><imgdir name="8"><string name="type" value="n"/><string name="id" value="9901307"/><int name="x" value="94"/><int name="y" value="-97"/><int name="mobTime" value="0"/><int name="f" value="0"/><int name="hide" value="1"/><int name="fh" value="9"/><int name="cy" value="-95"/><int name="rx0" value="44"/><int name="rx1" value="144"/></imgdir><imgdir name="9"><string name="type" value="n"/><string name="id" value="9901308"/><int name="x" value="-71"/><int name="y" value="138"/><int name="mobTime" value="0"/><int name="f" value="1"/><int name="hide" value="1"/><int name="fh" value="32"/><int name="cy" value="143"/><int name="rx0" value="-121"/><int name="rx1" value="-21"/></imgdir><imgdir name="10"><string name="type" value="n"/><string name="id" value="9901309"/><int name="x" value="5"/><int name="y" value="-32"/><int name="mobTime" value="0"/><int name="f" value="0"/><int name="hide" value="1"/><int name="fh" value="32"/><int name="cy" value="143"/><int name="rx0" value="-45"/><int name="rx1" value="55"/></imgdir><imgdir name="11"><string name="type" value="n"/><string name="id" value="9901309"/><int name="x" value="-135"/><int name="y" value="85"/><int name="mobTime" value="0"/><int name="f" value="1"/><int name="hide" value="1"/><int name="fh" value="30"/><int name="cy" value="96"/><int name="rx0" value="-185"/><int name="rx1" value="-85"/></imgdir><imgdir name="12"><string name="type" value="n"/><string name="id" value="9901310"/><int name="x" value="-192"/><int name="y" value="-100"/><int name="mobTime" value="0"/><int name="f" value="1"/><int name="hide" value="1"/><int name="fh" value="9"/><int name="cy" value="-95"/><int name="rx0" value="-242"/><int name="rx1" value="-142"/></imgdir><imgdir name="13"><string name="type" value="n"/><string name="id" value="9901311"/><int name="x" value="63"/><int name="y" value="176"/><int name="mobTime" value="0"/><int name="f" value="0"/><int name="hide" value="1"/><int name="fh" value="40"/><int name="cy" value="183"/><int name="rx0" value="13"/><int name="rx1" value="113"/></imgdir><imgdir name="14"><string name="type" value="n"/><string name="id" value="9901312"/><int name="x" value="-100"/><int name="y" value="-119"/><int name="mobTime" value="0"/><int name="f" value="1"/><int name="hide" value="1"/><int name="fh" value="7"/><int name="cy" value="-116"/><int name="rx0" value="-150"/><int name="rx1" value="-50"/></imgdir><imgdir name="15"><string name="type" value="n"/><string name="id" value="9901313"/><int name="x" value="14"/><int name="y" value="178"/><int name="mobTime" value="0"/><int name="f" value="0"/><int name="hide" value="1"/><int name="fh" value="40"/><int name="cy" value="183"/><int name="rx0" value="-36"/><int name="rx1" value="64"/></imgdir><imgdir name="16"><string name="type" value="n"/><string name="id" value="9901314"/><int name="x" value="-139"/><int name="y" value="-100"/><int name="mobTime" value="0"/><int name="f" value="1"/><int name="hide" value="1"/><int name="fh" value="9"/><int name="cy" value="-95"/><int name="rx0" value="-189"/><int name="rx1" value="-89"/></imgdir><imgdir name="17"><string name="type" value="n"/><string name="id" value="9901315"/><int name="x" value="-37"/><int name="y" value="175"/><int name="mobTime" value="0"/><int name="f" value="0"/><int name="hide" value="1"/><int name="fh" value="40"/><int name="cy" value="183"/><int name="rx0" value="-87"/><int name="rx1" value="13"/></imgdir><imgdir name="18"><string name="type" value="n"/><string name="id" value="9901316"/><int name="x" value="27"/><int name="y" value="-100"/><int name="mobTime" value="0"/><int name="f" value="0"/><int name="hide" value="1"/><int name="fh" value="9"/><int name="cy" value="-95"/><int name="rx0" value="-23"/><int name="rx1" value="77"/></imgdir><imgdir name="19"><string name="type" value="n"/><string name="id" value="9901317"/><int name="x" value="300"/><int name="y" value="174"/><int name="mobTime" value="0"/><int name="f" value="0"/><int name="hide" value="1"/><int name="fh" value="37"/><int name="cy" value="181"/><int name="rx0" value="250"/><int name="rx1" value="347"/></imgdir><imgdir name="20"><string name="type" value="n"/><string name="id" value="9901318"/><int name="x" value="256"/><int name="y" value="-118"/><int name="mobTime" value="0"/><int name="f" value="0"/><int name="hide" value="1"/><int name="fh" value="18"/><int name="cy" value="-116"/><int name="rx0" value="206"/><int name="rx1" value="306"/></imgdir><imgdir name="21"><string name="type" value="n"/><string name="id" value="9901319"/><int name="x" value="-188"/><int name="y" value="128"/><int name="mobTime" value="0"/><int name="f" value="1"/><int name="hide" value="1"/><int name="fh" value="26"/><int name="cy" value="131"/><int name="rx0" value="-238"/><int name="rx1" value="-138"/></imgdir></imgdir><imgdir name="0"><imgdir name="info"></imgdir><imgdir name="tile"></imgdir><imgdir name="obj"><imgdir name="0"><string name="oS" value="job"/><string name="l0" value="job"/><string name="l1" value="rogue"/><string name="l2" value="0"/><int name="x" value="14"/><int name="y" value="-51"/><int name="z" value="3"/><int name="f" value="0"/><int name="zM" value="1"/></imgdir><imgdir name="1"><string name="oS" value="job"/><string name="l0" value="job"/><string name="l1" value="rogue"/><string name="l2" value="6"/><int name="x" value="297"/><int name="y" value="61"/><int name="z" value="4"/><int name="f" value="0"/><int name="zM" value="1"/></imgdir></imgdir></imgdir><imgdir name="1"><imgdir name="info"><string name="tS" value="brownBrick"/></imgdir><imgdir name="tile"><imgdir name="16"><int name="x" value="-270"/><int name="y" value="-540"/><string name="u" value="bsc"/><int name="no" value="1"/><int name="zM" value="6"/></imgdir><imgdir name="19"><int name="x" value="-180"/><int name="y" value="-540"/><string name="u" value="bsc"/><int name="no" value="4"/><int name="zM" value="6"/></imgdir><imgdir name="14"><int name="x" value="-270"/><int name="y" value="-480"/><string name="u" value="bsc"/><int name="no" value="2"/><int name="zM" value="6"/></imgdir><imgdir name="13"><int name="x" value="-270"/><int name="y" value="-420"/><string name="u" value="enH1"/><int name="no" value="1"/><int name="zM" value="6"/></imgdir><imgdir name="23"><int name="x" value="0"/><int name="y" value="-540"/><string name="u" value="bsc"/><int name="no" value="2"/><int name="zM" value="6"/></imgdir><imgdir name="20"><int name="x" value="-90"/><int name="y" value="-540"/><string name="u" value="bsc"/><int name="no" value="0"/><int name="zM" value="6"/></imgdir><imgdir name="10"><int name="x" value="180"/><int name="y" value="-420"/><string name="u" value="enH1"/><int name="no" value="2"/><int name="zM" value="6"/></imgdir><imgdir name="4"><int name="x" value="270"/><int name="y" value="-480"/><string name="u" value="bsc"/><int name="no" value="3"/><int name="zM" value="6"/></imgdir><imgdir name="6"><int name="x" value="360"/><int name="y" value="-480"/><string name="u" value="bsc"/><int name="no" value="4"/><int name="zM" value="6"/></imgdir><imgdir name="2"><int name="x" value="360"/><int name="y" value="-540"/><string name="u" value="bsc"/><int name="no" value="3"/><int name="zM" value="6"/></imgdir><imgdir name="3"><int name="x" value="180"/><int name="y" value="-480"/><string name="u" value="bsc"/><int name="no" value="1"/><int name="zM" value="6"/></imgdir><imgdir name="8"><int name="x" value="-360"/><int name="y" value="-420"/><string name="u" value="enH1"/><int name="no" value="1"/><int name="zM" value="6"/></imgdir><imgdir name="5"><int name="x" value="270"/><int name="y" value="-420"/><string name="u" value="enH1"/><int name="no" value="1"/><int name="zM" value="6"/></imgdir><imgdir name="9"><int name="x" value="-360"/><int name="y" value="-480"/><string name="u" value="bsc"/><int name="no" value="4"/><int name="zM" value="6"/></imgdir><imgdir name="21"><int name="x" value="-90"/><int name="y" value="-480"/><string name="u" value="edD"/><int name="no" value="0"/><int name="zM" value="6"/></imgdir><imgdir name="1"><int name="x" value="-450"/><int name="y" value="-420"/><string name="u" value="enH1"/><int name="no" value="0"/><int name="zM" value="6"/></imgdir><imgdir name="15"><int name="x" value="-360"/><int name="y" value="-540"/><string name="u" value="bsc"/><int name="no" value="0"/><int name="zM" value="6"/></imgdir><imgdir name="0"><int name="x" value="-180"/><int name="y" value="-480"/><string name="u" value="bsc"/><int name="no" value="3"/><int name="zM" value="6"/></imgdir><imgdir name="18"><int name="x" value="360"/><int name="y" value="-420"/><string name="u" value="enH1"/><int name="no" value="2"/><int name="zM" value="6"/></imgdir><imgdir name="17"><int name="x" value="-450"/><int name="y" value="-480"/><string name="u" value="bsc"/><int name="no" value="1"/><int name="zM" value="6"/></imgdir><imgdir name="12"><int name="x" value="180"/><int name="y" value="-540"/><string name="u" value="bsc"/><int name="no" value="2"/><int name="zM" value="6"/></imgdir><imgdir name="11"><int name="x" value="90"/><int name="y" value="-540"/><string name="u" value="bsc"/><int name="no" value="4"/><int name="zM" value="6"/></imgdir><imgdir name="7"><int name="x" value="270"/><int name="y" value="-540"/><string name="u" value="bsc"/><int name="no" value="2"/><int name="zM" value="6"/></imgdir><imgdir name="32"><int name="x" value="-180"/><int name="y" value="-600"/><string name="u" value="bsc"/><int name="no" value="4"/><int name="zM" value="6"/></imgdir><imgdir name="40"><int name="x" value="-360"/><int name="y" value="-660"/><string name="u" value="bsc"/><int name="no" value="1"/><int name="zM" value="6"/></imgdir><imgdir name="35"><int name="x" value="-270"/><int name="y" value="-660"/><string name="u" value="bsc"/><int name="no" value="3"/><int name="zM" value="6"/></imgdir><imgdir name="41"><int name="x" value="-270"/><int name="y" value="-600"/><string name="u" value="bsc"/><int name="no" value="3"/><int name="zM" value="6"/></imgdir><imgdir name="38"><int name="x" value="-180"/><int name="y" value="-660"/><string name="u" value="bsc"/><int name="no" value="0"/><int name="zM" value="6"/></imgdir><imgdir name="31"><int name="x" value="-90"/><int name="y" value="-600"/><string name="u" value="bsc"/><int name="no" value="0"/><int name="zM" value="6"/></imgdir><imgdir name="43"><int name="x" value="-90"/><int name="y" value="-660"/><string name="u" value="bsc"/><int name="no" value="2"/><int name="zM" value="6"/></imgdir><imgdir name="27"><int name="x" value="0"/><int name="y" value="-660"/><string name="u" value="bsc"/><int name="no" value="4"/><int name="zM" value="6"/></imgdir><imgdir name="30"><int name="x" value="90"/><int name="y" value="-660"/><string name="u" value="bsc"/><int name="no" value="0"/><int name="zM" value="6"/></imgdir><imgdir name="39"><int name="x" value="-450"/><int name="y" value="-540"/><string name="u" value="bsc"/><int name="no" value="4"/><int name="zM" value="6"/></imgdir><imgdir name="28"><int name="x" value="-450"/><int name="y" value="-660"/><string name="u" value="bsc"/><int name="no" value="0"/><int name="zM" value="6"/></imgdir><imgdir name="24"><int name="x" value="-450"/><int name="y" value="-600"/><string name="u" value="bsc"/><int name="no" value="2"/><int name="zM" value="6"/></imgdir><imgdir name="37"><int name="x" value="270"/><int name="y" value="-660"/><string name="u" value="bsc"/><int name="no" value="3"/><int name="zM" value="6"/></imgdir><imgdir name="34"><int name="x" value="360"/><int name="y" value="-660"/><string name="u" value="bsc"/><int name="no" value="2"/><int name="zM" value="6"/></imgdir><imgdir name="26"><int name="x" value="180"/><int name="y" value="-600"/><string name="u" value="bsc"/><int name="no" value="3"/><int name="zM" value="6"/></imgdir><imgdir name="42"><int name="x" value="90"/><int name="y" value="-600"/><string name="u" value="bsc"/><int name="no" value="1"/><int name="zM" value="6"/></imgdir><imgdir name="29"><int name="x" value="180"/><int name="y" value="-660"/><string name="u" value="bsc"/><int name="no" value="3"/><int name="zM" value="6"/></imgdir><imgdir name="22"><int name="x" value="360"/><int name="y" value="-600"/><string name="u" value="bsc"/><int name="no" value="1"/><int name="zM" value="6"/></imgdir><imgdir name="25"><int name="x" value="270"/><int name="y" value="-600"/><string name="u" value="bsc"/><int name="no" value="2"/><int name="zM" value="6"/></imgdir><imgdir name="33"><int name="x" value="0"/><int name="y" value="-600"/><string name="u" value="bsc"/><int name="no" value="2"/><int name="zM" value="6"/></imgdir><imgdir name="36"><int name="x" value="-360"/><int name="y" value="-600"/><string name="u" value="bsc"/><int name="no" value="2"/><int name="zM" value="6"/></imgdir></imgdir><imgdir name="obj"><imgdir name="0"><string name="oS" value="job"/><string name="l0" value="job"/><string name="l1" value="rogue"/><string name="l2" value="1"/><int name="x" value="15"/><int name="y" value="-52"/><int name="z" value="2"/><int name="f" value="0"/><int name="zM" value="3"/></imgdir><imgdir name="1"><string name="oS" value="job"/><string name="l0" value="job"/><string name="l1" value="rogue"/><string name="l2" value="3"/><int name="x" value="13"/><int name="y" value="-52"/><int name="z" value="1"/><int name="f" value="0"/><int name="zM" value="3"/></imgdir><imgdir name="2"><string name="oS" value="job"/><string name="l0" value="job"/><string name="l1" value="rogue"/><string name="l2" value="4"/><int name="x" value="-95"/><int name="y" value="-282"/><int name="z" value="4"/><int name="f" value="0"/><int name="zM" value="3"/></imgdir><imgdir name="3"><string name="oS" value="job"/><string name="l0" value="job"/><string name="l1" value="rogue"/><string name="l2" value="5"/><int name="x" value="-83"/><int name="y" value="-288"/><int name="z" value="5"/><int name="f" value="0"/><int name="zM" value="3"/></imgdir><imgdir name="4"><string name="oS" value="job"/><string name="l0" value="job"/><string name="l1" value="rogue"/><string name="l2" value="10"/><int name="x" value="-86"/><int name="y" value="-284"/><int name="z" value="5"/><int name="f" value="0"/><int name="zM" value="3"/></imgdir></imgdir></imgdir><imgdir name="2"><imgdir name="info"></imgdir><imgdir name="tile"></imgdir><imgdir name="obj"><imgdir name="0"><string name="oS" value="job"/><string name="l0" value="job"/><string name="l1" value="rogue"/><string name="l2" value="8"/><int name="x" value="213"/><int name="y" value="129"/><int name="z" value="3"/><int name="f" value="0"/><int name="zM" value="4"/></imgdir><imgdir name="1"><string name="oS" value="job"/><string name="l0" value="job"/><string name="l1" value="rogue"/><string name="l2" value="7"/><int name="x" value="-304"/><int name="y" value="-29"/><int name="z" value="3"/><int name="f" value="0"/><int name="zM" value="5"/></imgdir><imgdir name="2"><string name="oS" value="job"/><string name="l0" value="job"/><string name="l1" value="rogue"/><string name="l2" value="11"/><int name="x" value="143"/><int name="y" value="88"/><int name="z" value="2"/><int name="f" value="0"/><int name="zM" value="2"/></imgdir></imgdir></imgdir><imgdir name="3"><imgdir name="info"></imgdir><imgdir name="tile"></imgdir><imgdir name="obj"><imgdir name="0"><string name="oS" value="job"/><string name="l0" value="job"/><string name="l1" value="rogue"/><string name="l2" value="2"/><int name="x" value="14"/><int name="y" value="-52"/><int name="z" value="3"/><int name="f" value="0"/><int name="zM" value="0"/></imgdir><imgdir name="1"><string name="oS" value="job"/><string name="l0" value="job"/><string name="l1" value="rogue"/><string name="l2" value="12"/><int name="x" value="14"/><int name="y" value="-52"/><int name="z" value="3"/><int name="f" value="0"/><int name="zM" value="0"/><int name="r" value="0"/></imgdir></imgdir></imgdir><imgdir name="4"><imgdir name="info"></imgdir><imgdir name="tile"></imgdir><imgdir name="obj"></imgdir></imgdir><imgdir name="5"><imgdir name="info"></imgdir><imgdir name="tile"></imgdir><imgdir name="obj"></imgdir></imgdir><imgdir name="6"><imgdir name="info"></imgdir><imgdir name="tile"></imgdir><imgdir name="obj"></imgdir></imgdir><imgdir name="7"><imgdir name="info"></imgdir><imgdir name="tile"></imgdir><imgdir name="obj"></imgdir></imgdir><imgdir name="reactor"></imgdir><imgdir name="foothold"><imgdir name="1"><imgdir name="3"><imgdir name="1"><int name="x1" value="-345"/><int name="y1" value="-341"/><int name="x2" value="-345"/><int name="y2" value="-158"/><int name="prev" value="0"/><int name="next" value="2"/></imgdir><imgdir name="2"><int name="x1" value="-345"/><int name="y1" value="-158"/><int name="x2" value="-270"/><int name="y2" value="-158"/><int name="prev" value="1"/><int name="next" value="3"/></imgdir><imgdir name="3"><int name="x1" value="-270"/><int name="y1" value="-158"/><int name="x2" value="-270"/><int name="y2" value="-180"/><int name="prev" value="2"/><int name="next" value="4"/></imgdir><imgdir name="4"><int name="x1" value="-270"/><int name="y1" value="-180"/><int name="x2" value="-142"/><int name="y2" value="-180"/><int name="prev" value="3"/><int name="next" value="0"/></imgdir><imgdir name="5"><int name="x1" value="-206"/><int name="y1" value="-158"/><int name="x2" value="-123"/><int name="y2" value="-158"/><int name="prev" value="0"/><int name="next" value="0"/></imgdir><imgdir name="6"><int name="x1" value="-185"/><int name="y1" value="-137"/><int name="x2" value="-100"/><int name="y2" value="-137"/><int name="prev" value="0"/><int name="next" value="0"/></imgdir><imgdir name="7"><int name="x1" value="-167"/><int name="y1" value="-116"/><int name="x2" value="-76"/><int name="y2" value="-116"/><int name="prev" value="0"/><int name="next" value="0"/></imgdir><imgdir name="8"><int name="x1" value="-236"/><int name="y1" value="-177"/><int name="x2" value="-236"/><int name="y2" value="-95"/><int name="prev" value="0"/><int name="next" value="9"/></imgdir><imgdir name="9"><int name="x1" value="-236"/><int name="y1" value="-95"/><int name="x2" value="367"/><int name="y2" value="-95"/><int name="prev" value="8"/><int name="next" value="10"/></imgdir><imgdir name="10"><int name="x1" value="367"/><int name="y1" value="-95"/><int name="x2" value="367"/><int name="y2" value="-382"/><int name="prev" value="9"/><int name="next" value="0"/></imgdir><imgdir name="11"><int name="x1" value="153"/><int name="y1" value="-263"/><int name="x2" value="260"/><int name="y2" value="-263"/><int name="prev" value="0"/><int name="next" value="0"/></imgdir><imgdir name="12"><int name="x1" value="195"/><int name="y1" value="-243"/><int name="x2" value="280"/><int name="y2" value="-243"/><int name="prev" value="0"/><int name="next" value="0"/></imgdir><imgdir name="13"><int name="x1" value="217"/><int name="y1" value="-221"/><int name="x2" value="301"/><int name="y2" value="-221"/><int name="prev" value="0"/><int name="next" value="0"/></imgdir><imgdir name="14"><int name="x1" value="238"/><int name="y1" value="-200"/><int name="x2" value="323"/><int name="y2" value="-200"/><int name="prev" value="0"/><int name="next" value="0"/></imgdir><imgdir name="15"><int name="x1" value="256"/><int name="y1" value="-179"/><int name="x2" value="363"/><int name="y2" value="-179"/><int name="prev" value="0"/><int name="next" value="0"/></imgdir><imgdir name="16"><int name="x1" value="235"/><int name="y1" value="-159"/><int name="x2" value="321"/><int name="y2" value="-159"/><int name="prev" value="0"/><int name="next" value="0"/></imgdir><imgdir name="17"><int name="x1" value="214"/><int name="y1" value="-137"/><int name="x2" value="297"/><int name="y2" value="-137"/><int name="prev" value="0"/><int name="next" value="0"/></imgdir><imgdir name="18"><int name="x1" value="193"/><int name="y1" value="-116"/><int name="x2" value="277"/><int name="y2" value="-116"/><int name="prev" value="0"/><int name="next" value="0"/></imgdir><imgdir name="19"><int name="x1" value="-346"/><int name="y1" value="-171"/><int name="x2" value="-346"/><int name="y2" value="181"/><int name="prev" value="0"/><int name="next" value="20"/></imgdir><imgdir name="20"><int name="x1" value="-346"/><int name="y1" value="181"/><int name="x2" value="-228"/><int name="y2" value="181"/><int name="prev" value="19"/><int name="next" value="21"/></imgdir><imgdir name="21"><int name="x1" value="-228"/><int name="y1" value="181"/><int name="x2" value="-227"/><int name="y2" value="165"/><int name="prev" value="20"/><int name="next" value="22"/></imgdir><imgdir name="22"><int name="x1" value="-227"/><int name="y1" value="165"/><int name="x2" value="-210"/><int name="y2" value="166"/><int name="prev" value="21"/><int name="next" value="23"/></imgdir><imgdir name="23"><int name="x1" value="-210"/><int name="y1" value="166"/><int name="x2" value="-210"/><int name="y2" value="148"/><int name="prev" value="22"/><int name="next" value="24"/></imgdir><imgdir name="24"><int name="x1" value="-210"/><int name="y1" value="148"/><int name="x2" value="-194"/><int name="y2" value="148"/><int name="prev" value="23"/><int name="next" value="25"/></imgdir><imgdir name="25"><int name="x1" value="-194"/><int name="y1" value="148"/><int name="x2" value="-194"/><int name="y2" value="131"/><int name="prev" value="24"/><int name="next" value="26"/></imgdir><imgdir name="26"><int name="x1" value="-194"/><int name="y1" value="131"/><int name="x2" value="-176"/><int name="y2" value="131"/><int name="prev" value="25"/><int name="next" value="27"/></imgdir><imgdir name="27"><int name="x1" value="-176"/><int name="y1" value="131"/><int name="x2" value="-176"/><int name="y2" value="114"/><int name="prev" value="26"/><int name="next" value="28"/></imgdir><imgdir name="28"><int name="x1" value="-176"/><int name="y1" value="114"/><int name="x2" value="-159"/><int name="y2" value="114"/><int name="prev" value="27"/><int name="next" value="29"/></imgdir><imgdir name="29"><int name="x1" value="-159"/><int name="y1" value="114"/><int name="x2" value="-159"/><int name="y2" value="96"/><int name="prev" value="28"/><int name="next" value="30"/></imgdir><imgdir name="30"><int name="x1" value="-159"/><int name="y1" value="96"/><int name="x2" value="-109"/><int name="y2" value="96"/><int name="prev" value="29"/><int name="next" value="31"/></imgdir><imgdir name="31"><int name="x1" value="-109"/><int name="y1" value="96"/><int name="x2" value="-109"/><int name="y2" value="143"/><int name="prev" value="30"/><int name="next" value="32"/></imgdir><imgdir name="32"><int name="x1" value="-109"/><int name="y1" value="143"/><int name="x2" value="97"/><int name="y2" value="143"/><int name="prev" value="31"/><int name="next" value="33"/></imgdir><imgdir name="33"><int name="x1" value="97"/><int name="y1" value="143"/><int name="x2" value="97"/><int name="y2" value="96"/><int name="prev" value="32"/><int name="next" value="34"/></imgdir><imgdir name="34"><int name="x1" value="97"/><int name="y1" value="96"/><int name="x2" value="251"/><int name="y2" value="96"/><int name="prev" value="33"/><int name="next" value="35"/></imgdir><imgdir name="35"><int name="x1" value="251"/><int name="y1" value="96"/><int name="x2" value="251"/><int name="y2" value="-49"/><int name="prev" value="34"/><int name="next" value="0"/></imgdir><imgdir name="36"><int name="x1" value="162"/><int name="y1" value="98"/><int name="x2" value="162"/><int name="y2" value="181"/><int name="prev" value="0"/><int name="next" value="37"/></imgdir><imgdir name="37"><int name="x1" value="162"/><int name="y1" value="181"/><int name="x2" value="334"/><int name="y2" value="181"/><int name="prev" value="36"/><int name="next" value="38"/></imgdir><imgdir name="38"><int name="x1" value="334"/><int name="y1" value="181"/><int name="x2" value="334"/><int name="y2" value="16"/><int name="prev" value="37"/><int name="next" value="0"/></imgdir></imgdir></imgdir><imgdir name="2"><imgdir name="2"><imgdir name="39"><int name="x1" value="111"/><int name="y1" value="128"/><int name="x2" value="156"/><int name="y2" value="128"/><int name="prev" value="0"/><int name="next" value="0"/></imgdir><imgdir name="40"><int name="x1" value="-382"/><int name="y1" value="183"/><int name="x2" value="383"/><int name="y2" value="183"/><int name="prev" value="0"/><int name="next" value="0"/></imgdir></imgdir></imgdir></imgdir><imgdir name="ladderRope"><imgdir name="1"><int name="l" value="1"/><int name="uf" value="1"/><int name="x" value="213"/><int name="y1" value="98"/><int name="y2" value="179"/><int name="page" value="2"/></imgdir><imgdir name="2"><int name="l" value="1"/><int name="uf" value="1"/><int name="x" value="-304"/><int name="y1" value="-156"/><int name="y2" value="140"/><int name="page" value="2"/></imgdir></imgdir><imgdir name="miniMap"><canvas name="canvas" width="62" height="72"></canvas><int name="width" value="996"/><int name="height" value="1157"/><int name="centerX" value="498"/><int name="centerY" value="810"/><int name="mag" value="4"/></imgdir><imgdir name="portal"><imgdir name="0"><string name="pn" value="sp"/><int name="pt" value="0"/><int name="x" value="166"/><int name="y" value="-273"/><int name="tm" value="999999999"/><string name="tn" value=""/></imgdir><imgdir name="1"><string name="pn" value="sp"/><int name="pt" value="0"/><int name="x" value="198"/><int name="y" value="-278"/><int name="tm" value="999999999"/><string name="tn" value=""/></imgdir><imgdir name="2"><string name="pn" value="sp"/><int name="pt" value="0"/><int name="x" value="235"/><int name="y" value="-277"/><int name="tm" value="999999999"/><string name="tn" value=""/></imgdir><imgdir name="3"><string name="pn" value="out00"/><int name="pt" value="1"/><int name="x" value="201"/><int name="y" value="-266"/><int name="tm" value="103000000"/><string name="tn" value="in03"/></imgdir></imgdir></imgdir>