<?xml version="1.0" encoding="UTF-8" standalone="yes"?><imgdir name="103000801.img"><imgdir name="info"><int name="version" value="10"/><int name="cloud" value="0"/><int name="town" value="0"/><int name="returnMap" value="103000890"/><float name="mobRate" value="0.8"/><string name="bgm" value="Bgm02/JungleBook"/><string name="mapDesc" value=""/><int name="forcedReturn" value="103000890"/><string name="mapMark" value="KerningParty"/><int name="hideMinimap" value="0"/><int name="fieldLimit" value="270460"/><int name="VRTop" value="-630"/><int name="VRLeft" value="-1618"/><int name="VRBottom" value="280"/><int name="VRRight" value="-120"/><int name="swim" value="0"/></imgdir><imgdir name="back"><imgdir name="0"><string name="bS" value="darkSwamp"/><int name="no" value="0"/><int name="x" value="0"/><int name="y" value="0"/><int name="rx" value="-2"/><int name="ry" value="-2"/><int name="type" value="3"/><int name="cx" value="0"/><int name="cy" value="0"/><int name="a" value="255"/><int name="front" value="0"/><int name="ani" value="0"/><int name="f" value="0"/></imgdir><imgdir name="1"><string name="bS" value="darkSwamp"/><int name="no" value="1"/><int name="x" value="302"/><int name="y" value="100"/><int name="rx" value="0"/><int name="ry" value="-4"/><int name="type" value="1"/><int name="cx" value="0"/><int name="cy" value="0"/><int name="a" value="255"/><int name="front" value="0"/><int name="ani" value="0"/><int name="f" value="0"/></imgdir><imgdir name="2"><string name="bS" value="darkSwamp"/><int name="no" value="2"/><int name="x" value="-33"/><int name="y" value="-292"/><int name="rx" value="-10"/><int name="ry" value="-6"/><int name="type" value="1"/><int name="cx" value="0"/><int name="cy" value="0"/><int name="a" value="255"/><int name="front" value="0"/><int name="ani" value="0"/><int name="f" value="0"/></imgdir><imgdir name="3"><string name="bS" value="darkSwamp"/><int name="no" value="3"/><int name="x" value="-279"/><int name="y" value="-91"/><int name="rx" value="-14"/><int name="ry" value="-10"/><int name="type" value="1"/><int name="cx" value="400"/><int name="cy" value="0"/><int name="a" value="255"/><int name="front" value="0"/><int name="ani" value="0"/><int name="f" value="0"/></imgdir><imgdir name="6"><string name="bS" value="darkSwamp"/><int name="no" value="6"/><int name="x" value="398"/><int name="y" value="29"/><int name="rx" value="-20"/><int name="ry" value="-18"/><int name="type" value="1"/><int name="cx" value="1200"/><int name="cy" value="0"/><int name="a" value="255"/><int name="front" value="0"/><int name="ani" value="0"/><int name="f" value="0"/></imgdir><imgdir name="7"><string name="bS" value="darkSwamp"/><int name="no" value="7"/><int name="x" value="37"/><int name="y" value="-232"/><int name="rx" value="-25"/><int name="ry" value="-22"/><int name="type" value="1"/><int name="cx" value="1200"/><int name="cy" value="0"/><int name="a" value="255"/><int name="front" value="0"/><int name="ani" value="0"/><int name="f" value="0"/></imgdir><imgdir name="8"><string name="bS" value="darkSwamp"/><int name="no" value="8"/><int name="x" value="817"/><int name="y" value="-245"/><int name="rx" value="-30"/><int name="ry" value="-25"/><int name="type" value="1"/><int name="cx" value="1400"/><int name="cy" value="0"/><int name="a" value="255"/><int name="front" value="0"/><int name="ani" value="0"/><int name="f" value="0"/></imgdir><imgdir name="4"><string name="bS" value="darkSwamp"/><int name="no" value="5"/><int name="x" value="211"/><int name="y" value="-54"/><int name="rx" value="-17"/><int name="ry" value="-13"/><int name="type" value="1"/><int name="cx" value="680"/><int name="cy" value="0"/><int name="a" value="255"/><int name="front" value="0"/><int name="ani" value="0"/><int name="f" value="0"/></imgdir><imgdir name="5"><string name="bS" value="darkSwamp"/><int name="no" value="4"/><int name="x" value="-12"/><int name="y" value="-64"/><int name="rx" value="-18"/><int name="ry" value="-15"/><int name="type" value="1"/><int name="cx" value="800"/><int name="cy" value="0"/><int name="a" value="255"/><int name="front" value="0"/><int name="ani" value="0"/><int name="f" value="0"/></imgdir></imgdir><imgdir name="life"><imgdir name="0"><string name="type" value="n"/><string name="id" value="9020002"/><int name="x" value="-1373"/><int name="y" value="103"/><int name="mobTime" value="0"/><int name="f" value="1"/><int name="fh" value="8"/><int name="cy" value="105"/><int name="rx0" value="-1423"/><int name="rx1" value="-1323"/></imgdir><imgdir name="1"><string name="type" value="n"/><string name="id" value="9020001"/><int name="x" value="-348"/><int name="y" value="89"/><int name="mobTime" value="0"/><int name="f" value="0"/><int name="fh" value="82"/><int name="cy" value="90"/><int name="rx0" value="-398"/><int name="rx1" value="-298"/></imgdir></imgdir><imgdir name="0"><imgdir name="info"></imgdir><imgdir name="tile"></imgdir><imgdir name="obj"></imgdir></imgdir><imgdir name="1"><imgdir name="info"></imgdir><imgdir name="tile"></imgdir><imgdir name="obj"></imgdir></imgdir><imgdir name="2"><imgdir name="info"></imgdir><imgdir name="tile"></imgdir><imgdir name="obj"></imgdir></imgdir><imgdir name="3"><imgdir name="info"></imgdir><imgdir name="tile"></imgdir><imgdir name="obj"></imgdir></imgdir><imgdir name="4"><imgdir name="info"></imgdir><imgdir name="tile"></imgdir><imgdir name="obj"><imgdir name="0"><string name="oS" value="acc2"/><string name="l0" value="darkSwamp"/><string name="l1" value="artificiality"/><string name="l2" value="4"/><int name="x" value="-1268"/><int name="y" value="-18"/><int name="z" value="3"/><int name="f" value="0"/><int name="zM" value="9"/></imgdir><imgdir name="3"><string name="oS" value="acc2"/><string name="l0" value="darkSwamp"/><string name="l1" value="nature"/><string name="l2" value="0"/><int name="x" value="-318"/><int name="y" value="110"/><int name="z" value="1"/><int name="f" value="0"/><int name="zM" value="10"/></imgdir><imgdir name="4"><string name="oS" value="acc2"/><string name="l0" value="darkSwamp"/><string name="l1" value="foot"/><string name="l2" value="8"/><int name="x" value="-961"/><int name="y" value="-99"/><int name="z" value="3"/><int name="f" value="0"/><int name="zM" value="9"/></imgdir><imgdir name="5"><string name="oS" value="acc2"/><string name="l0" value="darkSwamp"/><string name="l1" value="foot"/><string name="l2" value="9"/><int name="x" value="-774"/><int name="y" value="-89"/><int name="z" value="2"/><int name="f" value="0"/><int name="zM" value="9"/></imgdir><imgdir name="6"><string name="oS" value="acc2"/><string name="l0" value="darkSwamp"/><string name="l1" value="foot"/><string name="l2" value="8"/><int name="x" value="-528"/><int name="y" value="-86"/><int name="z" value="3"/><int name="f" value="0"/><int name="zM" value="10"/></imgdir><imgdir name="7"><string name="oS" value="acc2"/><string name="l0" value="darkSwamp"/><string name="l1" value="foot"/><string name="l2" value="6"/><int name="x" value="-1021"/><int name="y" value="-285"/><int name="z" value="3"/><int name="f" value="0"/><int name="zM" value="9"/></imgdir><imgdir name="8"><string name="oS" value="acc2"/><string name="l0" value="darkSwamp"/><string name="l1" value="foot"/><string name="l2" value="8"/><int name="x" value="-791"/><int name="y" value="-298"/><int name="z" value="4"/><int name="f" value="0"/><int name="zM" value="9"/></imgdir><imgdir name="9"><string name="oS" value="acc2"/><string name="l0" value="darkSwamp"/><string name="l1" value="foot"/><string name="l2" value="9"/><int name="x" value="-608"/><int name="y" value="-286"/><int name="z" value="3"/><int name="f" value="0"/><int name="zM" value="9"/></imgdir><imgdir name="10"><string name="oS" value="acc2"/><string name="l0" value="darkSwamp"/><string name="l1" value="foot"/><string name="l2" value="5"/><int name="x" value="-376"/><int name="y" value="-292"/><int name="z" value="2"/><int name="f" value="0"/><int name="zM" value="9"/></imgdir><imgdir name="12"><string name="oS" value="acc2"/><string name="l0" value="darkSwamp"/><string name="l1" value="foot"/><string name="l2" value="3"/><int name="x" value="-895"/><int name="y" value="111"/><int name="z" value="2"/><int name="f" value="0"/><int name="zM" value="9"/></imgdir><imgdir name="13"><string name="oS" value="acc2"/><string name="l0" value="darkSwamp"/><string name="l1" value="foot"/><string name="l2" value="4"/><int name="x" value="-694"/><int name="y" value="123"/><int name="z" value="2"/><int name="f" value="0"/><int name="zM" value="9"/></imgdir><imgdir name="1"><string name="oS" value="effect"/><string name="l0" value="quest"/><string name="l1" value="gate"/><string name="l2" value="1"/><int name="x" value="-220"/><int name="y" value="21"/><int name="z" value="5"/><int name="f" value="0"/><int name="zM" value="10"/><string name="name" value="gate"/></imgdir><imgdir name="2"><string name="oS" value="acc2"/><string name="l0" value="darkSwamp"/><string name="l1" value="artificiality"/><string name="l2" value="1"/><int name="x" value="-270"/><int name="y" value="35"/><int name="z" value="3"/><int name="f" value="0"/><int name="zM" value="10"/></imgdir><imgdir name="11"><string name="oS" value="acc2"/><string name="l0" value="darkSwamp"/><string name="l1" value="foot"/><string name="l2" value="4"/><int name="x" value="-512"/><int name="y" value="115"/><int name="z" value="1"/><int name="f" value="0"/><int name="zM" value="9"/></imgdir></imgdir></imgdir><imgdir name="5"><imgdir name="info"></imgdir><imgdir name="tile"></imgdir><imgdir name="obj"><imgdir name="0"><string name="oS" value="acc2"/><string name="l0" value="darkSwamp"/><string name="l1" value="nature"/><string name="l2" value="4"/><int name="x" value="-38"/><int name="y" value="192"/><int name="z" value="7"/><int name="f" value="0"/><int name="zM" value="0"/></imgdir><imgdir name="8"><string name="oS" value="acc2"/><string name="l0" value="darkSwamp"/><string name="l1" value="nature"/><string name="l2" value="4"/><int name="x" value="-227"/><int name="y" value="192"/><int name="z" value="7"/><int name="f" value="0"/><int name="zM" value="4"/></imgdir><imgdir name="9"><string name="oS" value="acc2"/><string name="l0" value="darkSwamp"/><string name="l1" value="nature"/><string name="l2" value="4"/><int name="x" value="-416"/><int name="y" value="192"/><int name="z" value="7"/><int name="f" value="0"/><int name="zM" value="5"/></imgdir><imgdir name="10"><string name="oS" value="acc2"/><string name="l0" value="darkSwamp"/><string name="l1" value="nature"/><string name="l2" value="4"/><int name="x" value="-605"/><int name="y" value="192"/><int name="z" value="7"/><int name="f" value="0"/><int name="zM" value="6"/></imgdir><imgdir name="11"><string name="oS" value="acc2"/><string name="l0" value="darkSwamp"/><string name="l1" value="nature"/><string name="l2" value="4"/><int name="x" value="-794"/><int name="y" value="192"/><int name="z" value="7"/><int name="f" value="0"/><int name="zM" value="7"/></imgdir><imgdir name="12"><string name="oS" value="acc2"/><string name="l0" value="darkSwamp"/><string name="l1" value="nature"/><string name="l2" value="4"/><int name="x" value="-983"/><int name="y" value="192"/><int name="z" value="7"/><int name="f" value="0"/><int name="zM" value="8"/></imgdir><imgdir name="4"><string name="oS" value="connect"/><string name="l0" value="rope"/><string name="l1" value="7"/><string name="l2" value="0"/><int name="x" value="-337"/><int name="y" value="-1527"/><int name="z" value="3"/><int name="f" value="0"/><int name="zM" value="33"/></imgdir><imgdir name="3"><string name="oS" value="connect"/><string name="l0" value="rope"/><string name="l1" value="7"/><string name="l2" value="0"/><int name="x" value="-437"/><int name="y" value="-1503"/><int name="z" value="3"/><int name="f" value="0"/><int name="zM" value="32"/></imgdir><imgdir name="7"><string name="oS" value="connect"/><string name="l0" value="rope"/><string name="l1" value="7"/><string name="l2" value="0"/><int name="x" value="-1068"/><int name="y" value="-1553"/><int name="z" value="3"/><int name="f" value="0"/><int name="zM" value="34"/></imgdir><imgdir name="6"><string name="oS" value="acc2"/><string name="l0" value="darkSwamp"/><string name="l1" value="nature"/><string name="l2" value="4"/><int name="x" value="-1550"/><int name="y" value="192"/><int name="z" value="7"/><int name="f" value="0"/><int name="zM" value="3"/></imgdir><imgdir name="2"><string name="oS" value="acc2"/><string name="l0" value="darkSwamp"/><string name="l1" value="nature"/><string name="l2" value="4"/><int name="x" value="-1361"/><int name="y" value="192"/><int name="z" value="7"/><int name="f" value="0"/><int name="zM" value="1"/></imgdir><imgdir name="5"><string name="oS" value="acc2"/><string name="l0" value="darkSwamp"/><string name="l1" value="nature"/><string name="l2" value="4"/><int name="x" value="-1172"/><int name="y" value="192"/><int name="z" value="7"/><int name="f" value="0"/><int name="zM" value="2"/></imgdir><imgdir name="22"><string name="oS" value="connect"/><string name="l0" value="rope"/><string name="l1" value="7"/><string name="l2" value="0"/><int name="x" value="-753"/><int name="y" value="-130"/><int name="z" value="3"/><int name="f" value="0"/><int name="zM" value="18"/></imgdir><imgdir name="23"><string name="oS" value="connect"/><string name="l0" value="rope"/><string name="l1" value="7"/><string name="l2" value="2"/><int name="x" value="-753"/><int name="y" value="-84"/><int name="z" value="3"/><int name="f" value="0"/><int name="zM" value="16"/></imgdir><imgdir name="24"><string name="oS" value="connect"/><string name="l0" value="rope"/><string name="l1" value="7"/><string name="l2" value="1"/><int name="x" value="-753"/><int name="y" value="-11"/><int name="z" value="3"/><int name="f" value="0"/><int name="zM" value="14"/></imgdir><imgdir name="25"><string name="oS" value="connect"/><string name="l0" value="rope"/><string name="l1" value="7"/><string name="l2" value="3"/><int name="x" value="-753"/><int name="y" value="45"/><int name="z" value="3"/><int name="f" value="0"/><int name="zM" value="12"/></imgdir><imgdir name="15"><string name="oS" value="connect"/><string name="l0" value="rope"/><string name="l1" value="7"/><string name="l2" value="0"/><int name="x" value="-584"/><int name="y" value="-327"/><int name="z" value="3"/><int name="f" value="0"/><int name="zM" value="23"/></imgdir><imgdir name="14"><string name="oS" value="connect"/><string name="l0" value="rope"/><string name="l1" value="7"/><string name="l2" value="3"/><int name="x" value="-719"/><int name="y" value="-231"/><int name="z" value="3"/><int name="f" value="0"/><int name="zM" value="20"/></imgdir><imgdir name="13"><string name="oS" value="connect"/><string name="l0" value="rope"/><string name="l1" value="7"/><string name="l2" value="1"/><int name="x" value="-719"/><int name="y" value="-287"/><int name="z" value="3"/><int name="f" value="0"/><int name="zM" value="22"/></imgdir><imgdir name="18"><string name="oS" value="connect"/><string name="l0" value="rope"/><string name="l1" value="7"/><string name="l2" value="0"/><int name="x" value="-719"/><int name="y" value="-342"/><int name="z" value="3"/><int name="f" value="0"/><int name="zM" value="24"/></imgdir><imgdir name="17"><string name="oS" value="connect"/><string name="l0" value="rope"/><string name="l1" value="7"/><string name="l2" value="3"/><int name="x" value="-584"/><int name="y" value="-216"/><int name="z" value="3"/><int name="f" value="0"/><int name="zM" value="19"/></imgdir><imgdir name="16"><string name="oS" value="connect"/><string name="l0" value="rope"/><string name="l1" value="7"/><string name="l2" value="1"/><int name="x" value="-481"/><int name="y" value="-73"/><int name="z" value="3"/><int name="f" value="0"/><int name="zM" value="15"/></imgdir><imgdir name="19"><string name="oS" value="connect"/><string name="l0" value="rope"/><string name="l1" value="7"/><string name="l2" value="0"/><int name="x" value="-481"/><int name="y" value="-128"/><int name="z" value="3"/><int name="f" value="0"/><int name="zM" value="17"/></imgdir><imgdir name="20"><string name="oS" value="connect"/><string name="l0" value="rope"/><string name="l1" value="7"/><string name="l2" value="1"/><int name="x" value="-584"/><int name="y" value="-272"/><int name="z" value="3"/><int name="f" value="0"/><int name="zM" value="21"/></imgdir><imgdir name="21"><string name="oS" value="connect"/><string name="l0" value="rope"/><string name="l1" value="7"/><string name="l2" value="3"/><int name="x" value="-481"/><int name="y" value="47"/><int name="z" value="3"/><int name="f" value="0"/><int name="zM" value="11"/></imgdir><imgdir name="1"><string name="oS" value="connect"/><string name="l0" value="rope"/><string name="l1" value="7"/><string name="l2" value="2"/><int name="x" value="-481"/><int name="y" value="0"/><int name="z" value="3"/><int name="f" value="0"/><int name="zM" value="13"/></imgdir></imgdir></imgdir><imgdir name="6"><imgdir name="info"></imgdir><imgdir name="tile"></imgdir><imgdir name="obj"><imgdir name="0"><string name="oS" value="acc2"/><string name="l0" value="darkSwamp"/><string name="l1" value="nature"/><string name="l2" value="5"/><int name="x" value="-1517"/><int name="y" value="-1465"/><int name="z" value="3"/><int name="f" value="0"/><int name="zM" value="25"/></imgdir><imgdir name="1"><string name="oS" value="acc2"/><string name="l0" value="darkSwamp"/><string name="l1" value="nature"/><string name="l2" value="5"/><int name="x" value="-1266"/><int name="y" value="-1465"/><int name="z" value="3"/><int name="f" value="0"/><int name="zM" value="26"/></imgdir><imgdir name="2"><string name="oS" value="acc2"/><string name="l0" value="darkSwamp"/><string name="l1" value="nature"/><string name="l2" value="5"/><int name="x" value="-1015"/><int name="y" value="-1465"/><int name="z" value="3"/><int name="f" value="0"/><int name="zM" value="27"/></imgdir><imgdir name="3"><string name="oS" value="acc2"/><string name="l0" value="darkSwamp"/><string name="l1" value="nature"/><string name="l2" value="5"/><int name="x" value="-764"/><int name="y" value="-1465"/><int name="z" value="3"/><int name="f" value="0"/><int name="zM" value="28"/></imgdir><imgdir name="4"><string name="oS" value="acc2"/><string name="l0" value="darkSwamp"/><string name="l1" value="nature"/><string name="l2" value="5"/><int name="x" value="-513"/><int name="y" value="-1465"/><int name="z" value="3"/><int name="f" value="0"/><int name="zM" value="29"/></imgdir><imgdir name="5"><string name="oS" value="acc2"/><string name="l0" value="darkSwamp"/><string name="l1" value="nature"/><string name="l2" value="5"/><int name="x" value="-262"/><int name="y" value="-1465"/><int name="z" value="3"/><int name="f" value="0"/><int name="zM" value="30"/></imgdir><imgdir name="6"><string name="oS" value="acc2"/><string name="l0" value="darkSwamp"/><string name="l1" value="nature"/><string name="l2" value="5"/><int name="x" value="-11"/><int name="y" value="-1465"/><int name="z" value="3"/><int name="f" value="0"/><int name="zM" value="31"/></imgdir></imgdir></imgdir><imgdir name="7"><imgdir name="info"></imgdir><imgdir name="tile"></imgdir><imgdir name="obj"></imgdir></imgdir><imgdir name="area"><imgdir name="0"><int name="x1" value="-770"/><int name="y1" value="-132"/><int name="x2" value="-742"/><int name="y2" value="46"/></imgdir><imgdir name="1"><int name="x1" value="-495"/><int name="y1" value="-125"/><int name="x2" value="-471"/><int name="y2" value="40"/></imgdir><imgdir name="2"><int name="x1" value="-733"/><int name="y1" value="-337"/><int name="x2" value="-707"/><int name="y2" value="-232"/></imgdir><imgdir name="3"><int name="x1" value="-601"/><int name="y1" value="-328"/><int name="x2" value="-572"/><int name="y2" value="-223"/></imgdir></imgdir><imgdir name="reactor"></imgdir><imgdir name="foothold"><imgdir name="4"><imgdir name="9"><imgdir name="1"><int name="x1" value="-1617"/><int name="y1" value="191"/><int name="x2" value="-1617"/><int name="y2" value="124"/><int name="prev" value="0"/><int name="next" value="2"/></imgdir><imgdir name="2"><int name="x1" value="-1617"/><int name="y1" value="124"/><int name="x2" value="-1523"/><int name="y2" value="126"/><int name="prev" value="1"/><int name="next" value="3"/></imgdir><imgdir name="3"><int name="x1" value="-1523"/><int name="y1" value="126"/><int name="x2" value="-1501"/><int name="y2" value="119"/><int name="prev" value="2"/><int name="next" value="4"/></imgdir><imgdir name="4"><int name="x1" value="-1501"/><int name="y1" value="119"/><int name="x2" value="-1467"/><int name="y2" value="120"/><int name="prev" value="3"/><int name="next" value="5"/></imgdir><imgdir name="5"><int name="x1" value="-1467"/><int name="y1" value="120"/><int name="x2" value="-1433"/><int name="y2" value="112"/><int name="prev" value="4"/><int name="next" value="6"/></imgdir><imgdir name="6"><int name="x1" value="-1433"/><int name="y1" value="112"/><int name="x2" value="-1409"/><int name="y2" value="110"/><int name="prev" value="5"/><int name="next" value="7"/></imgdir><imgdir name="7"><int name="x1" value="-1409"/><int name="y1" value="110"/><int name="x2" value="-1383"/><int name="y2" value="105"/><int name="prev" value="6"/><int name="next" value="8"/></imgdir><imgdir name="8"><int name="x1" value="-1383"/><int name="y1" value="105"/><int name="x2" value="-1261"/><int name="y2" value="108"/><int name="prev" value="7"/><int name="next" value="9"/></imgdir><imgdir name="9"><int name="x1" value="-1261"/><int name="y1" value="108"/><int name="x2" value="-1171"/><int name="y2" value="107"/><int name="prev" value="8"/><int name="next" value="10"/></imgdir><imgdir name="10"><int name="x1" value="-1171"/><int name="y1" value="107"/><int name="x2" value="-1092"/><int name="y2" value="104"/><int name="prev" value="9"/><int name="next" value="11"/></imgdir><imgdir name="11"><int name="x1" value="-1092"/><int name="y1" value="104"/><int name="x2" value="-1065"/><int name="y2" value="134"/><int name="prev" value="10"/><int name="next" value="12"/></imgdir><imgdir name="12"><int name="x1" value="-1065"/><int name="y1" value="134"/><int name="x2" value="-1041"/><int name="y2" value="139"/><int name="prev" value="11"/><int name="next" value="13"/></imgdir><imgdir name="13"><int name="x1" value="-1041"/><int name="y1" value="139"/><int name="x2" value="-1015"/><int name="y2" value="141"/><int name="prev" value="12"/><int name="next" value="14"/></imgdir><imgdir name="14"><int name="x1" value="-1015"/><int name="y1" value="141"/><int name="x2" value="-986"/><int name="y2" value="144"/><int name="prev" value="13"/><int name="next" value="15"/></imgdir><imgdir name="15"><int name="x1" value="-986"/><int name="y1" value="144"/><int name="x2" value="-980"/><int name="y2" value="147"/><int name="prev" value="14"/><int name="next" value="61"/></imgdir><imgdir name="16"><int name="x1" value="-1485"/><int name="y1" value="105"/><int name="x2" value="-1461"/><int name="y2" value="106"/><int name="prev" value="0"/><int name="next" value="17"/></imgdir><imgdir name="17"><int name="x1" value="-1461"/><int name="y1" value="106"/><int name="x2" value="-1432"/><int name="y2" value="106"/><int name="prev" value="16"/><int name="next" value="18"/></imgdir><imgdir name="18"><int name="x1" value="-1432"/><int name="y1" value="106"/><int name="x2" value="-1414"/><int name="y2" value="105"/><int name="prev" value="17"/><int name="next" value="19"/></imgdir><imgdir name="19"><int name="x1" value="-1414"/><int name="y1" value="105"/><int name="x2" value="-1397"/><int name="y2" value="105"/><int name="prev" value="18"/><int name="next" value="0"/></imgdir><imgdir name="20"><int name="x1" value="-1072"/><int name="y1" value="-136"/><int name="x2" value="-1029"/><int name="y2" value="-149"/><int name="prev" value="0"/><int name="next" value="21"/></imgdir><imgdir name="21"><int name="x1" value="-1029"/><int name="y1" value="-149"/><int name="x2" value="-994"/><int name="y2" value="-150"/><int name="prev" value="20"/><int name="next" value="22"/></imgdir><imgdir name="22"><int name="x1" value="-994"/><int name="y1" value="-150"/><int name="x2" value="-966"/><int name="y2" value="-148"/><int name="prev" value="21"/><int name="next" value="23"/></imgdir><imgdir name="23"><int name="x1" value="-966"/><int name="y1" value="-148"/><int name="x2" value="-942"/><int name="y2" value="-145"/><int name="prev" value="22"/><int name="next" value="24"/></imgdir><imgdir name="24"><int name="x1" value="-942"/><int name="y1" value="-145"/><int name="x2" value="-923"/><int name="y2" value="-146"/><int name="prev" value="23"/><int name="next" value="25"/></imgdir><imgdir name="25"><int name="x1" value="-923"/><int name="y1" value="-146"/><int name="x2" value="-901"/><int name="y2" value="-147"/><int name="prev" value="24"/><int name="next" value="26"/></imgdir><imgdir name="26"><int name="x1" value="-901"/><int name="y1" value="-147"/><int name="x2" value="-874"/><int name="y2" value="-145"/><int name="prev" value="25"/><int name="next" value="27"/></imgdir><imgdir name="27"><int name="x1" value="-874"/><int name="y1" value="-145"/><int name="x2" value="-865"/><int name="y2" value="-142"/><int name="prev" value="26"/><int name="next" value="28"/></imgdir><imgdir name="28"><int name="x1" value="-865"/><int name="y1" value="-142"/><int name="x2" value="-840"/><int name="y2" value="-138"/><int name="prev" value="27"/><int name="next" value="29"/></imgdir><imgdir name="29"><int name="x1" value="-840"/><int name="y1" value="-138"/><int name="x2" value="-811"/><int name="y2" value="-141"/><int name="prev" value="28"/><int name="next" value="30"/></imgdir><imgdir name="30"><int name="x1" value="-811"/><int name="y1" value="-141"/><int name="x2" value="-787"/><int name="y2" value="-142"/><int name="prev" value="29"/><int name="next" value="31"/></imgdir><imgdir name="31"><int name="x1" value="-787"/><int name="y1" value="-142"/><int name="x2" value="-761"/><int name="y2" value="-137"/><int name="prev" value="30"/><int name="next" value="32"/></imgdir><imgdir name="32"><int name="x1" value="-761"/><int name="y1" value="-137"/><int name="x2" value="-672"/><int name="y2" value="-137"/><int name="prev" value="31"/><int name="next" value="0"/></imgdir><imgdir name="33"><int name="x1" value="-1209"/><int name="y1" value="-371"/><int name="x2" value="-1145"/><int name="y2" value="-375"/><int name="prev" value="0"/><int name="next" value="34"/></imgdir><imgdir name="34"><int name="x1" value="-1145"/><int name="y1" value="-375"/><int name="x2" value="-1104"/><int name="y2" value="-369"/><int name="prev" value="33"/><int name="next" value="35"/></imgdir><imgdir name="35"><int name="x1" value="-1104"/><int name="y1" value="-369"/><int name="x2" value="-1064"/><int name="y2" value="-351"/><int name="prev" value="34"/><int name="next" value="36"/></imgdir><imgdir name="36"><int name="x1" value="-1064"/><int name="y1" value="-351"/><int name="x2" value="-1017"/><int name="y2" value="-338"/><int name="prev" value="35"/><int name="next" value="37"/></imgdir><imgdir name="37"><int name="x1" value="-1017"/><int name="y1" value="-338"/><int name="x2" value="-970"/><int name="y2" value="-337"/><int name="prev" value="36"/><int name="next" value="38"/></imgdir><imgdir name="38"><int name="x1" value="-970"/><int name="y1" value="-337"/><int name="x2" value="-923"/><int name="y2" value="-334"/><int name="prev" value="37"/><int name="next" value="39"/></imgdir><imgdir name="39"><int name="x1" value="-923"/><int name="y1" value="-334"/><int name="x2" value="-899"/><int name="y2" value="-335"/><int name="prev" value="38"/><int name="next" value="40"/></imgdir><imgdir name="40"><int name="x1" value="-899"/><int name="y1" value="-335"/><int name="x2" value="-859"/><int name="y2" value="-348"/><int name="prev" value="39"/><int name="next" value="41"/></imgdir><imgdir name="41"><int name="x1" value="-859"/><int name="y1" value="-348"/><int name="x2" value="-824"/><int name="y2" value="-349"/><int name="prev" value="40"/><int name="next" value="42"/></imgdir><imgdir name="42"><int name="x1" value="-824"/><int name="y1" value="-349"/><int name="x2" value="-796"/><int name="y2" value="-347"/><int name="prev" value="41"/><int name="next" value="43"/></imgdir><imgdir name="43"><int name="x1" value="-796"/><int name="y1" value="-347"/><int name="x2" value="-772"/><int name="y2" value="-344"/><int name="prev" value="42"/><int name="next" value="44"/></imgdir><imgdir name="44"><int name="x1" value="-772"/><int name="y1" value="-344"/><int name="x2" value="-753"/><int name="y2" value="-345"/><int name="prev" value="43"/><int name="next" value="45"/></imgdir><imgdir name="45"><int name="x1" value="-753"/><int name="y1" value="-345"/><int name="x2" value="-731"/><int name="y2" value="-346"/><int name="prev" value="44"/><int name="next" value="46"/></imgdir><imgdir name="46"><int name="x1" value="-731"/><int name="y1" value="-346"/><int name="x2" value="-704"/><int name="y2" value="-344"/><int name="prev" value="45"/><int name="next" value="47"/></imgdir><imgdir name="47"><int name="x1" value="-704"/><int name="y1" value="-344"/><int name="x2" value="-682"/><int name="y2" value="-337"/><int name="prev" value="46"/><int name="next" value="48"/></imgdir><imgdir name="48"><int name="x1" value="-682"/><int name="y1" value="-337"/><int name="x2" value="-674"/><int name="y2" value="-335"/><int name="prev" value="47"/><int name="next" value="49"/></imgdir><imgdir name="49"><int name="x1" value="-674"/><int name="y1" value="-335"/><int name="x2" value="-645"/><int name="y2" value="-338"/><int name="prev" value="48"/><int name="next" value="50"/></imgdir><imgdir name="50"><int name="x1" value="-645"/><int name="y1" value="-338"/><int name="x2" value="-621"/><int name="y2" value="-339"/><int name="prev" value="49"/><int name="next" value="51"/></imgdir><imgdir name="51"><int name="x1" value="-621"/><int name="y1" value="-339"/><int name="x2" value="-595"/><int name="y2" value="-334"/><int name="prev" value="50"/><int name="next" value="52"/></imgdir><imgdir name="52"><int name="x1" value="-595"/><int name="y1" value="-334"/><int name="x2" value="-561"/><int name="y2" value="-334"/><int name="prev" value="51"/><int name="next" value="53"/></imgdir><imgdir name="53"><int name="x1" value="-561"/><int name="y1" value="-334"/><int name="x2" value="-446"/><int name="y2" value="-335"/><int name="prev" value="52"/><int name="next" value="54"/></imgdir><imgdir name="54"><int name="x1" value="-446"/><int name="y1" value="-335"/><int name="x2" value="-381"/><int name="y2" value="-338"/><int name="prev" value="53"/><int name="next" value="55"/></imgdir><imgdir name="55"><int name="x1" value="-381"/><int name="y1" value="-338"/><int name="x2" value="-343"/><int name="y2" value="-349"/><int name="prev" value="54"/><int name="next" value="56"/></imgdir><imgdir name="56"><int name="x1" value="-343"/><int name="y1" value="-349"/><int name="x2" value="-314"/><int name="y2" value="-367"/><int name="prev" value="55"/><int name="next" value="57"/></imgdir><imgdir name="57"><int name="x1" value="-314"/><int name="y1" value="-367"/><int name="x2" value="-282"/><int name="y2" value="-385"/><int name="prev" value="56"/><int name="next" value="58"/></imgdir><imgdir name="58"><int name="x1" value="-282"/><int name="y1" value="-385"/><int name="x2" value="-245"/><int name="y2" value="-390"/><int name="prev" value="57"/><int name="next" value="59"/></imgdir><imgdir name="59"><int name="x1" value="-245"/><int name="y1" value="-390"/><int name="x2" value="-191"/><int name="y2" value="-374"/><int name="prev" value="58"/><int name="next" value="0"/></imgdir><imgdir name="60"><int name="x1" value="-575"/><int name="y1" value="119"/><int name="x2" value="-420"/><int name="y2" value="98"/><int name="prev" value="73"/><int name="next" value="81"/></imgdir><imgdir name="61"><int name="x1" value="-980"/><int name="y1" value="147"/><int name="x2" value="-969"/><int name="y2" value="139"/><int name="prev" value="15"/><int name="next" value="62"/></imgdir><imgdir name="62"><int name="x1" value="-969"/><int name="y1" value="139"/><int name="x2" value="-918"/><int name="y2" value="119"/><int name="prev" value="61"/><int name="next" value="63"/></imgdir><imgdir name="63"><int name="x1" value="-918"/><int name="y1" value="119"/><int name="x2" value="-894"/><int name="y2" value="108"/><int name="prev" value="62"/><int name="next" value="64"/></imgdir><imgdir name="64"><int name="x1" value="-894"/><int name="y1" value="108"/><int name="x2" value="-863"/><int name="y2" value="108"/><int name="prev" value="63"/><int name="next" value="65"/></imgdir><imgdir name="65"><int name="x1" value="-863"/><int name="y1" value="108"/><int name="x2" value="-844"/><int name="y2" value="105"/><int name="prev" value="64"/><int name="next" value="66"/></imgdir><imgdir name="66"><int name="x1" value="-844"/><int name="y1" value="105"/><int name="x2" value="-825"/><int name="y2" value="109"/><int name="prev" value="65"/><int name="next" value="67"/></imgdir><imgdir name="67"><int name="x1" value="-825"/><int name="y1" value="109"/><int name="x2" value="-807"/><int name="y2" value="120"/><int name="prev" value="66"/><int name="next" value="68"/></imgdir><imgdir name="68"><int name="x1" value="-807"/><int name="y1" value="120"/><int name="x2" value="-791"/><int name="y2" value="136"/><int name="prev" value="67"/><int name="next" value="69"/></imgdir><imgdir name="69"><int name="x1" value="-791"/><int name="y1" value="136"/><int name="x2" value="-773"/><int name="y2" value="132"/><int name="prev" value="68"/><int name="next" value="70"/></imgdir><imgdir name="70"><int name="x1" value="-773"/><int name="y1" value="132"/><int name="x2" value="-757"/><int name="y2" value="127"/><int name="prev" value="69"/><int name="next" value="71"/></imgdir><imgdir name="71"><int name="x1" value="-757"/><int name="y1" value="127"/><int name="x2" value="-599"/><int name="y2" value="116"/><int name="prev" value="70"/><int name="next" value="72"/></imgdir><imgdir name="72"><int name="x1" value="-599"/><int name="y1" value="116"/><int name="x2" value="-590"/><int name="y2" value="124"/><int name="prev" value="71"/><int name="next" value="73"/></imgdir><imgdir name="73"><int name="x1" value="-590"/><int name="y1" value="124"/><int name="x2" value="-575"/><int name="y2" value="119"/><int name="prev" value="72"/><int name="next" value="60"/></imgdir></imgdir><imgdir name="10"><imgdir name="74"><int name="x1" value="-340"/><int name="y1" value="-87"/><int name="x2" value="-330"/><int name="y2" value="-93"/><int name="prev" value="0"/><int name="next" value="75"/></imgdir><imgdir name="75"><int name="x1" value="-330"/><int name="y1" value="-93"/><int name="x2" value="-317"/><int name="y2" value="-93"/><int name="prev" value="74"/><int name="next" value="76"/></imgdir><imgdir name="76"><int name="x1" value="-317"/><int name="y1" value="-93"/><int name="x2" value="-310"/><int name="y2" value="-99"/><int name="prev" value="75"/><int name="next" value="77"/></imgdir><imgdir name="77"><int name="x1" value="-310"/><int name="y1" value="-99"/><int name="x2" value="-256"/><int name="y2" value="-99"/><int name="prev" value="76"/><int name="next" value="78"/></imgdir><imgdir name="78"><int name="x1" value="-256"/><int name="y1" value="-99"/><int name="x2" value="-243"/><int name="y2" value="-97"/><int name="prev" value="77"/><int name="next" value="79"/></imgdir><imgdir name="79"><int name="x1" value="-243"/><int name="y1" value="-97"/><int name="x2" value="-118"/><int name="y2" value="-97"/><int name="prev" value="78"/><int name="next" value="0"/></imgdir><imgdir name="80"><int name="x1" value="-358"/><int name="y1" value="-69"/><int name="x2" value="-311"/><int name="y2" value="-69"/><int name="prev" value="0"/><int name="next" value="0"/></imgdir><imgdir name="81"><int name="x1" value="-420"/><int name="y1" value="98"/><int name="x2" value="-409"/><int name="y2" value="90"/><int name="prev" value="60"/><int name="next" value="82"/></imgdir><imgdir name="82"><int name="x1" value="-409"/><int name="y1" value="90"/><int name="x2" value="-253"/><int name="y2" value="91"/><int name="prev" value="81"/><int name="next" value="83"/></imgdir><imgdir name="83"><int name="x1" value="-253"/><int name="y1" value="91"/><int name="x2" value="-241"/><int name="y2" value="99"/><int name="prev" value="82"/><int name="next" value="84"/></imgdir><imgdir name="84"><int name="x1" value="-241"/><int name="y1" value="99"/><int name="x2" value="-180"/><int name="y2" value="99"/><int name="prev" value="83"/><int name="next" value="85"/></imgdir><imgdir name="85"><int name="x1" value="-180"/><int name="y1" value="99"/><int name="x2" value="-167"/><int name="y2" value="105"/><int name="prev" value="84"/><int name="next" value="86"/></imgdir><imgdir name="86"><int name="x1" value="-167"/><int name="y1" value="105"/><int name="x2" value="-167"/><int name="y2" value="-64"/><int name="prev" value="85"/><int name="next" value="0"/></imgdir><imgdir name="87"><int name="x1" value="-639"/><int name="y1" value="-123"/><int name="x2" value="-596"/><int name="y2" value="-136"/><int name="prev" value="0"/><int name="next" value="88"/></imgdir><imgdir name="88"><int name="x1" value="-596"/><int name="y1" value="-136"/><int name="x2" value="-561"/><int name="y2" value="-137"/><int name="prev" value="87"/><int name="next" value="89"/></imgdir><imgdir name="89"><int name="x1" value="-561"/><int name="y1" value="-137"/><int name="x2" value="-533"/><int name="y2" value="-135"/><int name="prev" value="88"/><int name="next" value="90"/></imgdir><imgdir name="90"><int name="x1" value="-533"/><int name="y1" value="-135"/><int name="x2" value="-509"/><int name="y2" value="-132"/><int name="prev" value="89"/><int name="next" value="91"/></imgdir><imgdir name="91"><int name="x1" value="-509"/><int name="y1" value="-132"/><int name="x2" value="-490"/><int name="y2" value="-133"/><int name="prev" value="90"/><int name="next" value="92"/></imgdir><imgdir name="92"><int name="x1" value="-490"/><int name="y1" value="-133"/><int name="x2" value="-468"/><int name="y2" value="-134"/><int name="prev" value="91"/><int name="next" value="93"/></imgdir><imgdir name="93"><int name="x1" value="-468"/><int name="y1" value="-134"/><int name="x2" value="-441"/><int name="y2" value="-132"/><int name="prev" value="92"/><int name="next" value="94"/></imgdir><imgdir name="94"><int name="x1" value="-441"/><int name="y1" value="-132"/><int name="x2" value="-416"/><int name="y2" value="-123"/><int name="prev" value="93"/><int name="next" value="0"/></imgdir></imgdir></imgdir></imgdir><imgdir name="ladderRope"><imgdir name="1"><int name="l" value="0"/><int name="uf" value="0"/><int name="x" value="-437"/><int name="y1" value="-1471"/><int name="y2" value="-1434"/><int name="page" value="5"/></imgdir><imgdir name="2"><int name="l" value="0"/><int name="uf" value="0"/><int name="x" value="-337"/><int name="y1" value="-1495"/><int name="y2" value="-1458"/><int name="page" value="5"/></imgdir><imgdir name="3"><int name="l" value="0"/><int name="uf" value="0"/><int name="x" value="-1068"/><int name="y1" value="-1521"/><int name="y2" value="-1484"/><int name="page" value="5"/></imgdir><imgdir name="4"><int name="l" value="0"/><int name="uf" value="1"/><int name="x" value="-719"/><int name="y1" value="-343"/><int name="y2" value="-187"/><int name="page" value="5"/></imgdir><imgdir name="5"><int name="l" value="0"/><int name="uf" value="1"/><int name="x" value="-584"/><int name="y1" value="-332"/><int name="y2" value="-172"/><int name="page" value="5"/></imgdir><imgdir name="6"><int name="l" value="0"/><int name="uf" value="1"/><int name="x" value="-481"/><int name="y1" value="-131"/><int name="y2" value="91"/><int name="page" value="5"/></imgdir><imgdir name="7"><int name="l" value="0"/><int name="uf" value="1"/><int name="x" value="-753"/><int name="y1" value="-135"/><int name="y2" value="89"/><int name="page" value="5"/></imgdir></imgdir><imgdir name="miniMap"><canvas name="canvas" width="116" height="129"></canvas><int name="width" value="1861"/><int name="height" value="2076"/><int name="centerX" value="1756"/><int name="centerY" value="1741"/><int name="mag" value="4"/></imgdir><imgdir name="portal"><imgdir name="0"><string name="pn" value="sp"/><int name="pt" value="0"/><int name="x" value="-607"/><int name="y" value="32"/><int name="tm" value="999999999"/><string name="tn" value=""/></imgdir><imgdir name="1"><string name="pn" value="st00"/><int name="pt" value="1"/><int name="x" value="-1295"/><int name="y" value="102"/><int name="tm" value="999999999"/><string name="tn" value=""/></imgdir><imgdir name="2"><string name="pn" value="next00"/><int name="pt" value="5"/><int name="x" value="-218"/><int name="y" value="91"/><int name="tm" value="103000802"/><string name="tn" value="st00"/></imgdir></imgdir></imgdir>