<?xml version="1.0" encoding="UTF-8" standalone="yes"?><imgdir name="103000006.img"><imgdir name="info"><int name="version" value="10"/><int name="cloud" value="0"/><string name="mapDesc" value=""/><int name="town" value="1"/><int name="returnMap" value="103000000"/><float name="mobRate" value="1.0"/><string name="bgm" value="Bgm01/BadGuys"/><int name="VRTop" value="-490"/><int name="VRLeft" value="-400"/><int name="VRBottom" value="300"/><int name="VRRight" value="400"/><int name="forcedReturn" value="999999999"/><string name="mapMark" value="KerningCity"/></imgdir><imgdir name="back"><imgdir name="0"><string name="bS" value=""/><int name="no" value="0"/><int name="x" value="0"/><int name="y" value="0"/><int name="rx" value="0"/><int name="ry" value="0"/><int name="type" value="0"/><int name="cx" value="0"/><int name="cy" value="0"/><int name="a" value="255"/></imgdir></imgdir><imgdir name="portal"><imgdir name="0"><string name="pn" value="sp"/><int name="pt" value="0"/><int name="x" value="127"/><int name="y" value="-194"/><int name="tm" value="999999999"/><string name="tn" value=""/></imgdir><imgdir name="1"><string name="pn" value="sp"/><int name="pt" value="0"/><int name="x" value="225"/><int name="y" value="-215"/><int name="tm" value="999999999"/><string name="tn" value=""/></imgdir><imgdir name="2"><string name="pn" value="sp"/><int name="pt" value="0"/><int name="x" value="27"/><int name="y" value="-316"/><int name="tm" value="999999999"/><string name="tn" value=""/></imgdir><imgdir name="3"><string name="pn" value="sp"/><int name="pt" value="0"/><int name="x" value="-116"/><int name="y" value="-258"/><int name="tm" value="999999999"/><string name="tn" value=""/></imgdir><imgdir name="4"><string name="pn" value="sp"/><int name="pt" value="0"/><int name="x" value="-199"/><int name="y" value="-134"/><int name="tm" value="999999999"/><string name="tn" value=""/></imgdir><imgdir name="5"><string name="pn" value="sp"/><int name="pt" value="0"/><int name="x" value="-212"/><int name="y" value="-17"/><int name="tm" value="999999999"/><string name="tn" value=""/></imgdir><imgdir name="6"><string name="pn" value="sp"/><int name="pt" value="0"/><int name="x" value="-161"/><int name="y" value="166"/><int name="tm" value="999999999"/><string name="tn" value=""/></imgdir><imgdir name="7"><string name="pn" value="sp"/><int name="pt" value="0"/><int name="x" value="10"/><int name="y" value="143"/><int name="tm" value="999999999"/><string name="tn" value=""/></imgdir><imgdir name="8"><string name="pn" value="sp"/><int name="pt" value="0"/><int name="x" value="131"/><int name="y" value="157"/><int name="tm" value="999999999"/><string name="tn" value=""/></imgdir><imgdir name="9"><string name="pn" value="out00"/><int name="pt" value="1"/><int name="x" value="278"/><int name="y" value="-248"/><int name="tm" value="103000000"/><string name="tn" value="in06"/></imgdir><imgdir name="10"><string name="pn" value="out01"/><int name="pt" value="1"/><int name="x" value="60"/><int name="y" value="-202"/><int name="tm" value="103000000"/><string name="tn" value="in06_1"/></imgdir></imgdir><imgdir name="life"><imgdir name="0"><string name="type" value="n"/><string name="id" value="1052003"/><int name="x" value="132"/><int name="y" value="29"/><int name="mobTime" value="0"/><int name="f" value="0"/><int name="fh" value="27"/><int name="cy" value="33"/><int name="rx0" value="82"/><int name="rx1" value="182"/></imgdir></imgdir><imgdir name="0"><imgdir name="info"><string name="tS" value="blueCave"/></imgdir><imgdir name="tile"></imgdir><imgdir name="obj"></imgdir></imgdir><imgdir name="1"><imgdir name="info"><string name="tS" value="blueCave"/></imgdir><imgdir name="tile"></imgdir><imgdir name="obj"><imgdir name="0"><string name="oS" value="shop2"/><string name="l0" value="shop"/><string name="l1" value="repairMC"/><string name="l2" value="0"/><int name="x" value="-12"/><int name="y" value="-125"/><int name="z" value="3"/><int name="f" value="0"/><int name="zM" value="1"/></imgdir><imgdir name="1"><string name="oS" value="shop2"/><string name="l0" value="shop"/><string name="l1" value="repairMC"/><string name="l2" value="3"/><int name="x" value="150"/><int name="y" value="-104"/><int name="z" value="4"/><int name="f" value="0"/><int name="zM" value="1"/></imgdir><imgdir name="2"><string name="oS" value="shop2"/><string name="l0" value="shop"/><string name="l1" value="repairMC"/><string name="l2" value="2"/><int name="x" value="150"/><int name="y" value="-77"/><int name="z" value="5"/><int name="f" value="0"/><int name="zM" value="1"/></imgdir></imgdir></imgdir><imgdir name="2"><imgdir name="info"><string name="tS" value="blueCave"/></imgdir><imgdir name="tile"></imgdir><imgdir name="obj"><imgdir name="0"><string name="oS" value="shop2"/><string name="l0" value="shop"/><string name="l1" value="repairMC"/><string name="l2" value="4"/><int name="x" value="-99"/><int name="y" value="-96"/><int name="z" value="3"/><int name="f" value="0"/><int name="zM" value="3"/></imgdir><imgdir name="1"><string name="oS" value="shop2"/><string name="l0" value="shop"/><string name="l1" value="repairMC"/><string name="l2" value="6"/><int name="x" value="-140"/><int name="y" value="40"/><int name="z" value="3"/><int name="f" value="0"/><int name="zM" value="2"/></imgdir><imgdir name="2"><string name="oS" value="shop2"/><string name="l0" value="shop"/><string name="l1" value="repairMC"/><string name="l2" value="5"/><int name="x" value="132"/><int name="y" value="-251"/><int name="z" value="3"/><int name="f" value="0"/><int name="zM" value="5"/></imgdir><imgdir name="3"><string name="oS" value="shop2"/><string name="l0" value="shop"/><string name="l1" value="repairMC"/><string name="l2" value="4"/><int name="x" value="-251"/><int name="y" value="-216"/><int name="z" value="3"/><int name="f" value="0"/><int name="zM" value="4"/></imgdir></imgdir></imgdir><imgdir name="3"><imgdir name="info"><string name="tS" value="blueCave"/></imgdir><imgdir name="tile"></imgdir><imgdir name="obj"><imgdir name="0"><string name="oS" value="shop2"/><string name="l0" value="shop"/><string name="l1" value="repairMC"/><string name="l2" value="1"/><int name="x" value="0"/><int name="y" value="-96"/><int name="z" value="3"/><int name="f" value="0"/><int name="zM" value="0"/></imgdir></imgdir></imgdir><imgdir name="4"><imgdir name="info"><string name="tS" value="blueCave"/></imgdir><imgdir name="tile"></imgdir><imgdir name="obj"></imgdir></imgdir><imgdir name="5"><imgdir name="info"><string name="tS" value="blueCave"/></imgdir><imgdir name="tile"></imgdir><imgdir name="obj"></imgdir></imgdir><imgdir name="6"><imgdir name="info"><string name="tS" value="blueCave"/></imgdir><imgdir name="tile"></imgdir><imgdir name="obj"></imgdir></imgdir><imgdir name="7"><imgdir name="info"><string name="tS" value="blueCave"/></imgdir><imgdir name="tile"></imgdir><imgdir name="obj"></imgdir></imgdir><imgdir name="foothold"><imgdir name="1"><imgdir name="1"><imgdir name="1"><int name="x1" value="-35"/><int name="y1" value="-182"/><int name="x2" value="351"/><int name="y2" value="-182"/><int name="prev" value="0"/><int name="next" value="0"/></imgdir><imgdir name="2"><int name="x1" value="169"/><int name="y1" value="-206"/><int name="x2" value="296"/><int name="y2" value="-206"/><int name="prev" value="0"/><int name="next" value="0"/></imgdir><imgdir name="3"><int name="x1" value="190"/><int name="y1" value="-227"/><int name="x2" value="317"/><int name="y2" value="-227"/><int name="prev" value="0"/><int name="next" value="0"/></imgdir><imgdir name="4"><int name="x1" value="211"/><int name="y1" value="-248"/><int name="x2" value="338"/><int name="y2" value="-248"/><int name="prev" value="0"/><int name="next" value="0"/></imgdir><imgdir name="5"><int name="x1" value="28"/><int name="y1" value="-203"/><int name="x2" value="90"/><int name="y2" value="-203"/><int name="prev" value="0"/><int name="next" value="0"/></imgdir><imgdir name="6"><int name="x1" value="-117"/><int name="y1" value="-299"/><int name="x2" value="181"/><int name="y2" value="-299"/><int name="prev" value="0"/><int name="next" value="0"/></imgdir><imgdir name="7"><int name="x1" value="-84"/><int name="y1" value="-362"/><int name="x2" value="2"/><int name="y2" value="-362"/><int name="prev" value="0"/><int name="next" value="0"/></imgdir><imgdir name="8"><int name="x1" value="31"/><int name="y1" value="-350"/><int name="x2" value="125"/><int name="y2" value="-350"/><int name="prev" value="0"/><int name="next" value="0"/></imgdir><imgdir name="9"><int name="x1" value="48"/><int name="y1" value="-390"/><int name="x2" value="120"/><int name="y2" value="-390"/><int name="prev" value="0"/><int name="next" value="0"/></imgdir><imgdir name="10"><int name="x1" value="-336"/><int name="y1" value="-248"/><int name="x2" value="-60"/><int name="y2" value="-248"/><int name="prev" value="0"/><int name="next" value="0"/></imgdir><imgdir name="11"><int name="x1" value="-334"/><int name="y1" value="-370"/><int name="x2" value="-234"/><int name="y2" value="-370"/><int name="prev" value="0"/><int name="next" value="0"/></imgdir><imgdir name="12"><int name="x1" value="-223"/><int name="y1" value="-370"/><int name="x2" value="-123"/><int name="y2" value="-370"/><int name="prev" value="0"/><int name="next" value="0"/></imgdir><imgdir name="13"><int name="x1" value="-334"/><int name="y1" value="-312"/><int name="x2" value="-234"/><int name="y2" value="-312"/><int name="prev" value="0"/><int name="next" value="0"/></imgdir><imgdir name="14"><int name="x1" value="-223"/><int name="y1" value="-312"/><int name="x2" value="-123"/><int name="y2" value="-312"/><int name="prev" value="0"/><int name="next" value="0"/></imgdir><imgdir name="15"><int name="x1" value="-337"/><int name="y1" value="-501"/><int name="x2" value="-337"/><int name="y2" value="180"/><int name="prev" value="0"/><int name="next" value="16"/></imgdir><imgdir name="16"><int name="x1" value="-337"/><int name="y1" value="180"/><int name="x2" value="352"/><int name="y2" value="180"/><int name="prev" value="15"/><int name="next" value="17"/></imgdir><imgdir name="17"><int name="x1" value="352"/><int name="y1" value="180"/><int name="x2" value="352"/><int name="y2" value="-425"/><int name="prev" value="16"/><int name="next" value="0"/></imgdir><imgdir name="18"><int name="x1" value="-336"/><int name="y1" value="-128"/><int name="x2" value="-60"/><int name="y2" value="-128"/><int name="prev" value="0"/><int name="next" value="0"/></imgdir><imgdir name="19"><int name="x1" value="-336"/><int name="y1" value="-8"/><int name="x2" value="-60"/><int name="y2" value="-8"/><int name="prev" value="0"/><int name="next" value="0"/></imgdir><imgdir name="20"><int name="x1" value="-332"/><int name="y1" value="-181"/><int name="x2" value="-295"/><int name="y2" value="-181"/><int name="prev" value="0"/><int name="next" value="0"/></imgdir><imgdir name="21"><int name="x1" value="-313"/><int name="y1" value="-72"/><int name="x2" value="-240"/><int name="y2" value="-72"/><int name="prev" value="0"/><int name="next" value="0"/></imgdir><imgdir name="22"><int name="x1" value="-227"/><int name="y1" value="-42"/><int name="x2" value="-171"/><int name="y2" value="-42"/><int name="prev" value="0"/><int name="next" value="0"/></imgdir><imgdir name="23"><int name="x1" value="-171"/><int name="y1" value="-38"/><int name="x2" value="-130"/><int name="y2" value="-38"/><int name="prev" value="0"/><int name="next" value="0"/></imgdir><imgdir name="24"><int name="x1" value="-322"/><int name="y1" value="130"/><int name="x2" value="-193"/><int name="y2" value="130"/><int name="prev" value="0"/><int name="next" value="0"/></imgdir><imgdir name="25"><int name="x1" value="-296"/><int name="y1" value="79"/><int name="x2" value="-213"/><int name="y2" value="79"/><int name="prev" value="0"/><int name="next" value="0"/></imgdir><imgdir name="26"><int name="x1" value="-33"/><int name="y1" value="157"/><int name="x2" value="60"/><int name="y2" value="157"/><int name="prev" value="0"/><int name="next" value="0"/></imgdir><imgdir name="27"><int name="x1" value="76"/><int name="y1" value="33"/><int name="x2" value="224"/><int name="y2" value="33"/><int name="prev" value="0"/><int name="next" value="0"/></imgdir></imgdir></imgdir></imgdir><imgdir name="ladderRope"><imgdir name="1"><int name="l" value="1"/><int name="uf" value="1"/><int name="x" value="-99"/><int name="y1" value="-126"/><int name="y2" value="-14"/><int name="page" value="2"/></imgdir><imgdir name="2"><int name="l" value="1"/><int name="uf" value="1"/><int name="x" value="-140"/><int name="y1" value="-6"/><int name="y2" value="140"/><int name="page" value="2"/></imgdir><imgdir name="3"><int name="l" value="1"/><int name="uf" value="1"/><int name="x" value="132"/><int name="y1" value="-297"/><int name="y2" value="-184"/><int name="page" value="2"/></imgdir><imgdir name="4"><int name="l" value="1"/><int name="uf" value="1"/><int name="x" value="-251"/><int name="y1" value="-246"/><int name="y2" value="-134"/><int name="page" value="2"/></imgdir></imgdir></imgdir>