<?xml version="1.0" encoding="UTF-8" standalone="yes"?><imgdir name="103000902.img"><imgdir name="info"><int name="version" value="10"/><int name="cloud" value="0"/><string name="streetName" value="커닝시티지하철"/><string name="mapName" value="2호선&lt;1구역&gt;"/><string name="mapDesc" value=""/><int name="town" value="0"/><int name="returnMap" value="103000000"/><float name="mobRate" value="0.4999999"/><string name="bgm" value="Bgm03/Subway"/><string name="mapMark" value="Quest"/><int name="hideMinimap" value="0"/><int name="forcedReturn" value="103000000"/><int name="moveLimit" value="0"/><int name="VRTop" value="230"/><int name="VRLeft" value="-990"/><int name="VRBottom" value="1090"/><int name="VRRight" value="1260"/><int name="fieldLimit" value="139854"/><int name="fieldType" value="6"/><int name="timeLimit" value="5940"/><int name="swim" value="0"/></imgdir><imgdir name="back"><imgdir name="0"><string name="bS" value="metroSubway"/><int name="no" value="0"/><int name="x" value="0"/><int name="y" value="-76"/><int name="rx" value="-50"/><int name="ry" value="-100"/><int name="type" value="3"/><int name="cx" value="0"/><int name="cy" value="720"/><int name="a" value="255"/><int name="front" value="0"/><int name="ani" value="0"/><int name="f" value="0"/></imgdir><imgdir name="1"><string name="bS" value="metroSubway"/><int name="no" value="2"/><int name="x" value="-126"/><int name="y" value="60"/><int name="rx" value="-50"/><int name="ry" value="-100"/><int name="type" value="3"/><int name="cx" value="700"/><int name="cy" value="720"/><int name="a" value="255"/><int name="front" value="0"/><int name="ani" value="0"/><int name="f" value="0"/></imgdir><imgdir name="2"><string name="bS" value="metroSubway"/><int name="no" value="8"/><int name="x" value="-299"/><int name="y" value="25"/><int name="rx" value="-50"/><int name="ry" value="-100"/><int name="type" value="3"/><int name="cx" value="700"/><int name="cy" value="720"/><int name="a" value="255"/><int name="front" value="0"/><int name="ani" value="0"/><int name="f" value="0"/></imgdir><imgdir name="4"><string name="bS" value="metroSubway"/><int name="no" value="6"/><int name="x" value="-192"/><int name="y" value="-166"/><int name="rx" value="-50"/><int name="ry" value="-100"/><int name="type" value="3"/><int name="cx" value="0"/><int name="cy" value="720"/><int name="a" value="255"/><int name="front" value="0"/><int name="ani" value="0"/><int name="f" value="0"/></imgdir><imgdir name="3"><string name="bS" value="metroSubway"/><int name="no" value="7"/><int name="x" value="-201"/><int name="y" value="-188"/><int name="rx" value="-50"/><int name="ry" value="-100"/><int name="type" value="3"/><int name="cx" value="700"/><int name="cy" value="720"/><int name="a" value="255"/><int name="front" value="0"/><int name="ani" value="0"/><int name="f" value="0"/></imgdir><imgdir name="5"><string name="bS" value="metroSubway"/><int name="no" value="3"/><int name="x" value="-315"/><int name="y" value="103"/><int name="rx" value="-50"/><int name="ry" value="-100"/><int name="type" value="3"/><int name="cx" value="0"/><int name="cy" value="720"/><int name="a" value="255"/><int name="front" value="0"/><int name="ani" value="0"/><int name="f" value="0"/></imgdir><imgdir name="6"><string name="bS" value="metroSubway"/><int name="no" value="1"/><int name="x" value="-312"/><int name="y" value="162"/><int name="rx" value="-50"/><int name="ry" value="-100"/><int name="type" value="3"/><int name="cx" value="0"/><int name="cy" value="720"/><int name="a" value="255"/><int name="front" value="0"/><int name="ani" value="0"/><int name="f" value="0"/></imgdir><imgdir name="7"><string name="bS" value="metroSubway"/><int name="no" value="10"/><int name="x" value="-134"/><int name="y" value="-255"/><int name="rx" value="-50"/><int name="ry" value="-100"/><int name="type" value="3"/><int name="cx" value="0"/><int name="cy" value="720"/><int name="a" value="255"/><int name="front" value="0"/><int name="ani" value="0"/><int name="f" value="0"/></imgdir><imgdir name="8"><string name="bS" value="metroSubway"/><int name="no" value="11"/><int name="x" value="14"/><int name="y" value="-259"/><int name="rx" value="-80"/><int name="ry" value="-100"/><int name="type" value="3"/><int name="cx" value="600"/><int name="cy" value="720"/><int name="a" value="255"/><int name="front" value="0"/><int name="ani" value="0"/><int name="f" value="0"/></imgdir><imgdir name="9"><string name="bS" value="metroSubway"/><int name="no" value="12"/><int name="x" value="-103"/><int name="y" value="-187"/><int name="rx" value="-80"/><int name="ry" value="-100"/><int name="type" value="3"/><int name="cx" value="0"/><int name="cy" value="720"/><int name="a" value="255"/><int name="front" value="0"/><int name="ani" value="0"/><int name="f" value="0"/></imgdir><imgdir name="10"><string name="bS" value="metroSubway"/><int name="no" value="13"/><int name="x" value="-320"/><int name="y" value="-60"/><int name="rx" value="-100"/><int name="ry" value="-100"/><int name="type" value="3"/><int name="cx" value="400"/><int name="cy" value="720"/><int name="a" value="255"/><int name="front" value="0"/><int name="ani" value="0"/><int name="f" value="0"/></imgdir></imgdir><imgdir name="life"><imgdir name="0"><string name="type" value="m"/><string name="id" value="1210103"/><int name="x" value="-374"/><int name="y" value="790"/><int name="mobTime" value="0"/><int name="f" value="0"/><int name="fh" value="28"/><int name="cy" value="812"/><int name="rx0" value="-493"/><int name="rx1" value="800"/></imgdir><imgdir name="1"><string name="type" value="m"/><string name="id" value="1210103"/><int name="x" value="-159"/><int name="y" value="791"/><int name="mobTime" value="0"/><int name="f" value="0"/><int name="fh" value="28"/><int name="cy" value="812"/><int name="rx0" value="-493"/><int name="rx1" value="800"/></imgdir><imgdir name="2"><string name="type" value="m"/><string name="id" value="1210103"/><int name="x" value="35"/><int name="y" value="814"/><int name="mobTime" value="0"/><int name="f" value="0"/><int name="fh" value="30"/><int name="cy" value="839"/><int name="rx0" value="-493"/><int name="rx1" value="800"/></imgdir><imgdir name="3"><string name="type" value="m"/><string name="id" value="1210103"/><int name="x" value="347"/><int name="y" value="791"/><int name="mobTime" value="0"/><int name="f" value="0"/><int name="fh" value="32"/><int name="cy" value="812"/><int name="rx0" value="-493"/><int name="rx1" value="800"/></imgdir><imgdir name="4"><string name="type" value="m"/><string name="id" value="1210103"/><int name="x" value="512"/><int name="y" value="795"/><int name="mobTime" value="0"/><int name="f" value="0"/><int name="fh" value="32"/><int name="cy" value="812"/><int name="rx0" value="-493"/><int name="rx1" value="800"/></imgdir><imgdir name="5"><string name="type" value="m"/><string name="id" value="1210103"/><int name="x" value="-253"/><int name="y" value="792"/><int name="mobTime" value="0"/><int name="f" value="0"/><int name="fh" value="28"/><int name="cy" value="812"/><int name="rx0" value="-493"/><int name="rx1" value="800"/></imgdir><imgdir name="6"><string name="type" value="m"/><string name="id" value="1210103"/><int name="x" value="211"/><int name="y" value="792"/><int name="mobTime" value="0"/><int name="f" value="0"/><int name="fh" value="32"/><int name="cy" value="812"/><int name="rx0" value="-493"/><int name="rx1" value="800"/></imgdir><imgdir name="7"><string name="type" value="m"/><string name="id" value="1210103"/><int name="x" value="733"/><int name="y" value="792"/><int name="mobTime" value="0"/><int name="f" value="0"/><int name="fh" value="32"/><int name="cy" value="812"/><int name="rx0" value="-493"/><int name="rx1" value="800"/></imgdir><imgdir name="8"><string name="type" value="m"/><string name="id" value="1210103"/><int name="x" value="618"/><int name="y" value="794"/><int name="mobTime" value="0"/><int name="f" value="0"/><int name="fh" value="32"/><int name="cy" value="812"/><int name="rx0" value="-493"/><int name="rx1" value="800"/></imgdir><imgdir name="9"><string name="type" value="n"/><string name="id" value="1052008"/><int name="x" value="107"/><int name="y" value="552"/><int name="mobTime" value="0"/><int name="f" value="0"/><int name="fh" value="10"/><int name="cy" value="553"/><int name="rx0" value="57"/><int name="rx1" value="157"/></imgdir></imgdir><imgdir name="0"><imgdir name="info"></imgdir><imgdir name="tile"></imgdir><imgdir name="obj"></imgdir></imgdir><imgdir name="1"><imgdir name="info"></imgdir><imgdir name="tile"></imgdir><imgdir name="obj"></imgdir></imgdir><imgdir name="2"><imgdir name="info"><string name="tS" value="rustSubway"/></imgdir><imgdir name="tile"><imgdir name="10"><int name="x" value="405"/><int name="y" value="570"/><string name="u" value="enH0"/><int name="no" value="1"/><int name="zM" value="12"/></imgdir><imgdir name="11"><int name="x" value="405"/><int name="y" value="570"/><string name="u" value="enH1"/><int name="no" value="1"/><int name="zM" value="12"/></imgdir><imgdir name="6"><int name="x" value="495"/><int name="y" value="570"/><string name="u" value="enH1"/><int name="no" value="0"/><int name="zM" value="12"/></imgdir><imgdir name="7"><int name="x" value="495"/><int name="y" value="570"/><string name="u" value="enH0"/><int name="no" value="3"/><int name="zM" value="12"/></imgdir><imgdir name="4"><int name="x" value="585"/><int name="y" value="570"/><string name="u" value="enH1"/><int name="no" value="0"/><int name="zM" value="12"/></imgdir><imgdir name="5"><int name="x" value="585"/><int name="y" value="570"/><string name="u" value="enH0"/><int name="no" value="3"/><int name="zM" value="12"/></imgdir><imgdir name="2"><int name="x" value="675"/><int name="y" value="570"/><string name="u" value="enH1"/><int name="no" value="0"/><int name="zM" value="12"/></imgdir><imgdir name="3"><int name="x" value="675"/><int name="y" value="570"/><string name="u" value="enH0"/><int name="no" value="3"/><int name="zM" value="12"/></imgdir><imgdir name="18"><int name="x" value="45"/><int name="y" value="570"/><string name="u" value="enH1"/><int name="no" value="0"/><int name="zM" value="12"/></imgdir><imgdir name="19"><int name="x" value="45"/><int name="y" value="570"/><string name="u" value="enH0"/><int name="no" value="1"/><int name="zM" value="12"/></imgdir><imgdir name="16"><int name="x" value="135"/><int name="y" value="570"/><string name="u" value="enH1"/><int name="no" value="1"/><int name="zM" value="12"/></imgdir><imgdir name="17"><int name="x" value="135"/><int name="y" value="570"/><string name="u" value="enH0"/><int name="no" value="3"/><int name="zM" value="12"/></imgdir><imgdir name="14"><int name="x" value="225"/><int name="y" value="570"/><string name="u" value="enH1"/><int name="no" value="0"/><int name="zM" value="12"/></imgdir><imgdir name="15"><int name="x" value="225"/><int name="y" value="570"/><string name="u" value="enH0"/><int name="no" value="3"/><int name="zM" value="12"/></imgdir><imgdir name="12"><int name="x" value="315"/><int name="y" value="570"/><string name="u" value="enH1"/><int name="no" value="1"/><int name="zM" value="12"/></imgdir><imgdir name="13"><int name="x" value="315"/><int name="y" value="570"/><string name="u" value="enH0"/><int name="no" value="3"/><int name="zM" value="12"/></imgdir><imgdir name="8"><int name="x" value="-45"/><int name="y" value="570"/><string name="u" value="enH1"/><int name="no" value="0"/><int name="zM" value="12"/></imgdir><imgdir name="9"><int name="x" value="-45"/><int name="y" value="570"/><string name="u" value="enH0"/><int name="no" value="3"/><int name="zM" value="12"/></imgdir><imgdir name="20"><int name="x" value="-135"/><int name="y" value="570"/><string name="u" value="enH1"/><int name="no" value="1"/><int name="zM" value="12"/></imgdir><imgdir name="21"><int name="x" value="-135"/><int name="y" value="570"/><string name="u" value="enH0"/><int name="no" value="2"/><int name="zM" value="12"/></imgdir><imgdir name="26"><int name="x" value="-405"/><int name="y" value="570"/><string name="u" value="enH1"/><int name="no" value="0"/><int name="zM" value="12"/></imgdir><imgdir name="27"><int name="x" value="-405"/><int name="y" value="570"/><string name="u" value="enH0"/><int name="no" value="1"/><int name="zM" value="12"/></imgdir><imgdir name="25"><int name="x" value="-225"/><int name="y" value="570"/><string name="u" value="enH0"/><int name="no" value="1"/><int name="zM" value="12"/></imgdir><imgdir name="24"><int name="x" value="-225"/><int name="y" value="570"/><string name="u" value="enH1"/><int name="no" value="1"/><int name="zM" value="12"/></imgdir><imgdir name="22"><int name="x" value="-315"/><int name="y" value="570"/><string name="u" value="enH0"/><int name="no" value="3"/><int name="zM" value="12"/></imgdir><imgdir name="23"><int name="x" value="-315"/><int name="y" value="570"/><string name="u" value="enH1"/><int name="no" value="1"/><int name="zM" value="12"/></imgdir><imgdir name="1"><int name="x" value="-495"/><int name="y" value="570"/><string name="u" value="enH1"/><int name="no" value="0"/><int name="zM" value="12"/></imgdir><imgdir name="0"><int name="x" value="-495"/><int name="y" value="570"/><string name="u" value="enH0"/><int name="no" value="2"/><int name="zM" value="12"/></imgdir><imgdir name="30"><int name="x" value="765"/><int name="y" value="570"/><string name="u" value="enH1"/><int name="no" value="0"/><int name="zM" value="12"/></imgdir><imgdir name="31"><int name="x" value="765"/><int name="y" value="570"/><string name="u" value="enH0"/><int name="no" value="2"/><int name="zM" value="12"/></imgdir><imgdir name="35"><int name="x" value="-585"/><int name="y" value="570"/><string name="u" value="edD"/><int name="no" value="0"/><int name="zM" value="12"/></imgdir><imgdir name="28"><int name="x" value="-585"/><int name="y" value="570"/><string name="u" value="enH1"/><int name="no" value="0"/><int name="zM" value="12"/></imgdir><imgdir name="29"><int name="x" value="-585"/><int name="y" value="570"/><string name="u" value="enH0"/><int name="no" value="2"/><int name="zM" value="12"/></imgdir><imgdir name="37"><int name="x" value="945"/><int name="y" value="570"/><string name="u" value="edD"/><int name="no" value="0"/><int name="zM" value="12"/></imgdir><imgdir name="32"><int name="x" value="855"/><int name="y" value="570"/><string name="u" value="enH1"/><int name="no" value="0"/><int name="zM" value="12"/></imgdir><imgdir name="33"><int name="x" value="855"/><int name="y" value="570"/><string name="u" value="enH0"/><int name="no" value="2"/><int name="zM" value="12"/></imgdir><imgdir name="38"><int name="x" value="-585"/><int name="y" value="510"/><string name="u" value="edU"/><int name="no" value="0"/><int name="zM" value="12"/></imgdir><imgdir name="39"><int name="x" value="-585"/><int name="y" value="510"/><string name="u" value="enV1"/><int name="no" value="1"/><int name="zM" value="12"/></imgdir><imgdir name="34"><int name="x" value="-585"/><int name="y" value="510"/><string name="u" value="enV0"/><int name="no" value="1"/><int name="zM" value="12"/></imgdir><imgdir name="40"><int name="x" value="945"/><int name="y" value="510"/><string name="u" value="edU"/><int name="no" value="0"/><int name="zM" value="12"/></imgdir><imgdir name="41"><int name="x" value="945"/><int name="y" value="510"/><string name="u" value="enV1"/><int name="no" value="1"/><int name="zM" value="12"/></imgdir><imgdir name="36"><int name="x" value="945"/><int name="y" value="510"/><string name="u" value="enV0"/><int name="no" value="1"/><int name="zM" value="12"/></imgdir></imgdir><imgdir name="obj"><imgdir name="0"><string name="oS" value="dungeon"/><string name="l0" value="metroSubway"/><string name="l1" value="acc"/><string name="l2" value="18"/><int name="x" value="153"/><int name="y" value="755"/><int name="z" value="3"/><int name="f" value="0"/><int name="zM" value="7"/></imgdir><imgdir name="1"><string name="oS" value="dungeon"/><string name="l0" value="metroSubway"/><string name="l1" value="acc"/><string name="l2" value="1"/><int name="x" value="-492"/><int name="y" value="454"/><int name="z" value="3"/><int name="f" value="0"/><int name="zM" value="12"/></imgdir><imgdir name="2"><string name="oS" value="dungeon"/><string name="l0" value="metroSubway"/><string name="l1" value="acc"/><string name="l2" value="1"/><int name="x" value="-283"/><int name="y" value="455"/><int name="z" value="3"/><int name="f" value="0"/><int name="zM" value="12"/></imgdir><imgdir name="3"><string name="oS" value="dungeon"/><string name="l0" value="metroSubway"/><string name="l1" value="acc"/><string name="l2" value="1"/><int name="x" value="7"/><int name="y" value="456"/><int name="z" value="3"/><int name="f" value="0"/><int name="zM" value="12"/></imgdir><imgdir name="4"><string name="oS" value="dungeon"/><string name="l0" value="metroSubway"/><string name="l1" value="acc"/><string name="l2" value="1"/><int name="x" value="243"/><int name="y" value="455"/><int name="z" value="3"/><int name="f" value="0"/><int name="zM" value="12"/></imgdir><imgdir name="5"><string name="oS" value="dungeon"/><string name="l0" value="metroSubway"/><string name="l1" value="acc"/><string name="l2" value="1"/><int name="x" value="573"/><int name="y" value="454"/><int name="z" value="3"/><int name="f" value="0"/><int name="zM" value="12"/></imgdir><imgdir name="6"><string name="oS" value="dungeon"/><string name="l0" value="metroSubway"/><string name="l1" value="acc"/><string name="l2" value="1"/><int name="x" value="831"/><int name="y" value="454"/><int name="z" value="3"/><int name="f" value="0"/><int name="zM" value="12"/></imgdir><imgdir name="8"><string name="oS" value="dungeon"/><string name="l0" value="metroSubway"/><string name="l1" value="acc"/><string name="l2" value="7"/><int name="x" value="840"/><int name="y" value="844"/><int name="z" value="3"/><int name="f" value="0"/><int name="zM" value="7"/></imgdir><imgdir name="7"><string name="oS" value="dungeon"/><string name="l0" value="metroSubway"/><string name="l1" value="gate"/><string name="l2" value="3"/><int name="x" value="-743"/><int name="y" value="864"/><int name="z" value="3"/><int name="f" value="0"/><int name="zM" value="8"/></imgdir><imgdir name="9"><string name="oS" value="dungeon"/><string name="l0" value="metroSubway"/><string name="l1" value="acc"/><string name="l2" value="8"/><int name="x" value="-723"/><int name="y" value="871"/><int name="z" value="4"/><int name="f" value="0"/><int name="zM" value="8"/></imgdir><imgdir name="10"><string name="oS" value="dungeon"/><string name="l0" value="metroSubway"/><string name="l1" value="acc"/><string name="l2" value="8"/><int name="x" value="-370"/><int name="y" value="501"/><int name="z" value="3"/><int name="f" value="0"/><int name="zM" value="12"/></imgdir><imgdir name="11"><string name="oS" value="dungeon"/><string name="l0" value="metroSubway"/><string name="l1" value="acc"/><string name="l2" value="8"/><int name="x" value="999"/><int name="y" value="875"/><int name="z" value="3"/><int name="f" value="0"/><int name="zM" value="6"/></imgdir></imgdir></imgdir><imgdir name="3"><imgdir name="info"></imgdir><imgdir name="tile"></imgdir><imgdir name="obj"><imgdir name="0"><string name="oS" value="connect"/><string name="l0" value="ladder"/><string name="l1" value="5"/><string name="l2" value="0"/><int name="x" value="313"/><int name="y" value="558"/><int name="z" value="3"/><int name="f" value="0"/><int name="zM" value="13"/></imgdir><imgdir name="1"><string name="oS" value="connect"/><string name="l0" value="ladder"/><string name="l1" value="5"/><string name="l2" value="3"/><int name="x" value="313"/><int name="y" value="597"/><int name="z" value="3"/><int name="f" value="0"/><int name="zM" value="11"/></imgdir><imgdir name="2"><string name="oS" value="connect"/><string name="l0" value="ladder"/><string name="l1" value="5"/><string name="l2" value="2"/><int name="x" value="313"/><int name="y" value="634"/><int name="z" value="3"/><int name="f" value="0"/><int name="zM" value="10"/></imgdir></imgdir></imgdir><imgdir name="4"><imgdir name="info"></imgdir><imgdir name="tile"></imgdir><imgdir name="obj"><imgdir name="0"><string name="oS" value="dungeon"/><string name="l0" value="metroSubway"/><string name="l1" value="acc"/><string name="l2" value="19"/><int name="x" value="158"/><int name="y" value="773"/><int name="z" value="2"/><int name="f" value="0"/><int name="zM" value="9"/></imgdir></imgdir></imgdir><imgdir name="5"><imgdir name="info"><string name="tS" value="graySubway"/></imgdir><imgdir name="obj"></imgdir><imgdir name="tile"><imgdir name="27"><int name="x" value="90"/><int name="y" value="1080"/><string name="u" value="enH1"/><int name="no" value="1"/><int name="zM" value="0"/></imgdir><imgdir name="26"><int name="x" value="-90"/><int name="y" value="1080"/><string name="u" value="enH1"/><int name="no" value="1"/><int name="zM" value="0"/></imgdir><imgdir name="23"><int name="x" value="0"/><int name="y" value="1080"/><string name="u" value="enH1"/><int name="no" value="1"/><int name="zM" value="0"/></imgdir><imgdir name="20"><int name="x" value="-180"/><int name="y" value="1080"/><string name="u" value="enH1"/><int name="no" value="0"/><int name="zM" value="0"/></imgdir><imgdir name="25"><int name="x" value="-270"/><int name="y" value="1080"/><string name="u" value="enH1"/><int name="no" value="1"/><int name="zM" value="0"/></imgdir><imgdir name="21"><int name="x" value="-360"/><int name="y" value="1080"/><string name="u" value="enH1"/><int name="no" value="1"/><int name="zM" value="0"/></imgdir><imgdir name="18"><int name="x" value="-450"/><int name="y" value="1080"/><string name="u" value="enH1"/><int name="no" value="0"/><int name="zM" value="0"/></imgdir><imgdir name="33"><int name="x" value="-540"/><int name="y" value="1080"/><string name="u" value="enH1"/><int name="no" value="1"/><int name="zM" value="0"/></imgdir><imgdir name="38"><int name="x" value="-810"/><int name="y" value="1080"/><string name="u" value="enH1"/><int name="no" value="1"/><int name="zM" value="0"/></imgdir><imgdir name="44"><int name="x" value="-990"/><int name="y" value="1080"/><string name="u" value="enH1"/><int name="no" value="0"/><int name="zM" value="0"/></imgdir><imgdir name="45"><int name="x" value="-990"/><int name="y" value="960"/><string name="u" value="bsc"/><int name="no" value="1"/><int name="zM" value="0"/></imgdir><imgdir name="19"><int name="x" value="180"/><int name="y" value="1080"/><string name="u" value="enH1"/><int name="no" value="0"/><int name="zM" value="0"/></imgdir><imgdir name="65"><int name="x" value="450"/><int name="y" value="1080"/><string name="u" value="enH1"/><int name="no" value="1"/><int name="zM" value="0"/></imgdir><imgdir name="97"><int name="x" value="360"/><int name="y" value="1080"/><string name="u" value="enH1"/><int name="no" value="1"/><int name="zM" value="0"/></imgdir><imgdir name="93"><int name="x" value="270"/><int name="y" value="1080"/><string name="u" value="enH1"/><int name="no" value="1"/><int name="zM" value="0"/></imgdir><imgdir name="1"><int name="x" value="-630"/><int name="y" value="1080"/><string name="u" value="enH1"/><int name="no" value="1"/><int name="zM" value="0"/></imgdir><imgdir name="3"><int name="x" value="-720"/><int name="y" value="1080"/><string name="u" value="enH1"/><int name="no" value="0"/><int name="zM" value="0"/></imgdir><imgdir name="8"><int name="x" value="-990"/><int name="y" value="480"/><string name="u" value="enV0"/><int name="no" value="1"/><int name="zM" value="0"/></imgdir><imgdir name="31"><int name="x" value="-990"/><int name="y" value="420"/><string name="u" value="enV0"/><int name="no" value="0"/><int name="zM" value="0"/></imgdir><imgdir name="30"><int name="x" value="-990"/><int name="y" value="420"/><string name="u" value="bsc"/><int name="no" value="1"/><int name="zM" value="0"/></imgdir><imgdir name="117"><int name="x" value="-900"/><int name="y" value="480"/><string name="u" value="bsc"/><int name="no" value="1"/><int name="zM" value="0"/></imgdir><imgdir name="66"><int name="x" value="-990"/><int name="y" value="660"/><string name="u" value="bsc"/><int name="no" value="1"/><int name="zM" value="0"/></imgdir><imgdir name="67"><int name="x" value="-990"/><int name="y" value="480"/><string name="u" value="bsc"/><int name="no" value="0"/><int name="zM" value="0"/></imgdir><imgdir name="15"><int name="x" value="-900"/><int name="y" value="600"/><string name="u" value="bsc"/><int name="no" value="0"/><int name="zM" value="0"/></imgdir><imgdir name="14"><int name="x" value="-990"/><int name="y" value="600"/><string name="u" value="enV0"/><int name="no" value="0"/><int name="zM" value="0"/></imgdir><imgdir name="11"><int name="x" value="-900"/><int name="y" value="720"/><string name="u" value="bsc"/><int name="no" value="0"/><int name="zM" value="0"/></imgdir><imgdir name="69"><int name="x" value="-900"/><int name="y" value="900"/><string name="u" value="bsc"/><int name="no" value="0"/><int name="zM" value="0"/></imgdir><imgdir name="102"><int name="x" value="-990"/><int name="y" value="720"/><string name="u" value="enV0"/><int name="no" value="1"/><int name="zM" value="0"/></imgdir><imgdir name="122"><int name="x" value="-900"/><int name="y" value="840"/><string name="u" value="bsc"/><int name="no" value="0"/><int name="zM" value="0"/></imgdir><imgdir name="111"><int name="x" value="-990"/><int name="y" value="780"/><string name="u" value="enV0"/><int name="no" value="1"/><int name="zM" value="0"/></imgdir><imgdir name="112"><int name="x" value="-990"/><int name="y" value="840"/><string name="u" value="enV0"/><int name="no" value="1"/><int name="zM" value="0"/></imgdir><imgdir name="88"><int name="x" value="-900"/><int name="y" value="1020"/><string name="u" value="bsc"/><int name="no" value="0"/><int name="zM" value="0"/></imgdir><imgdir name="105"><int name="x" value="-990"/><int name="y" value="900"/><string name="u" value="enV0"/><int name="no" value="0"/><int name="zM" value="0"/></imgdir><imgdir name="62"><int name="x" value="-990"/><int name="y" value="1020"/><string name="u" value="bsc"/><int name="no" value="1"/><int name="zM" value="0"/></imgdir><imgdir name="0"><int name="x" value="-720"/><int name="y" value="1020"/><string name="u" value="bsc"/><int name="no" value="0"/><int name="zM" value="0"/></imgdir><imgdir name="4"><int name="x" value="-630"/><int name="y" value="1020"/><string name="u" value="bsc"/><int name="no" value="2"/><int name="zM" value="0"/></imgdir><imgdir name="32"><int name="x" value="-540"/><int name="y" value="1020"/><string name="u" value="bsc"/><int name="no" value="2"/><int name="zM" value="0"/></imgdir><imgdir name="2"><int name="x" value="-450"/><int name="y" value="1020"/><string name="u" value="bsc"/><int name="no" value="0"/><int name="zM" value="0"/></imgdir><imgdir name="41"><int name="x" value="-360"/><int name="y" value="960"/><string name="u" value="bsc"/><int name="no" value="1"/><int name="zM" value="0"/></imgdir><imgdir name="5"><int name="x" value="-270"/><int name="y" value="1020"/><string name="u" value="bsc"/><int name="no" value="2"/><int name="zM" value="0"/></imgdir><imgdir name="28"><int name="x" value="-180"/><int name="y" value="960"/><string name="u" value="bsc"/><int name="no" value="2"/><int name="zM" value="0"/></imgdir><imgdir name="22"><int name="x" value="0"/><int name="y" value="960"/><string name="u" value="enH0"/><int name="no" value="0"/><int name="zM" value="0"/></imgdir><imgdir name="16"><int name="x" value="90"/><int name="y" value="1020"/><string name="u" value="bsc"/><int name="no" value="1"/><int name="zM" value="0"/></imgdir><imgdir name="90"><int name="x" value="540"/><int name="y" value="1080"/><string name="u" value="enH1"/><int name="no" value="0"/><int name="zM" value="0"/></imgdir><imgdir name="50"><int name="x" value="630"/><int name="y" value="1080"/><string name="u" value="enH1"/><int name="no" value="1"/><int name="zM" value="0"/></imgdir><imgdir name="49"><int name="x" value="810"/><int name="y" value="1080"/><string name="u" value="enH1"/><int name="no" value="1"/><int name="zM" value="0"/></imgdir><imgdir name="104"><int name="x" value="810"/><int name="y" value="1020"/><string name="u" value="bsc"/><int name="no" value="1"/><int name="zM" value="0"/></imgdir><imgdir name="109"><int name="x" value="720"/><int name="y" value="1020"/><string name="u" value="bsc"/><int name="no" value="1"/><int name="zM" value="0"/></imgdir><imgdir name="108"><int name="x" value="630"/><int name="y" value="1020"/><string name="u" value="bsc"/><int name="no" value="1"/><int name="zM" value="0"/></imgdir><imgdir name="113"><int name="x" value="720"/><int name="y" value="960"/><string name="u" value="enH0"/><int name="no" value="0"/><int name="zM" value="0"/></imgdir><imgdir name="56"><int name="x" value="810"/><int name="y" value="960"/><string name="u" value="enH0"/><int name="no" value="1"/><int name="zM" value="0"/></imgdir><imgdir name="53"><int name="x" value="810"/><int name="y" value="960"/><string name="u" value="bsc"/><int name="no" value="0"/><int name="zM" value="0"/></imgdir><imgdir name="107"><int name="x" value="630"/><int name="y" value="960"/><string name="u" value="enH0"/><int name="no" value="0"/><int name="zM" value="0"/></imgdir><imgdir name="91"><int name="x" value="630"/><int name="y" value="960"/><string name="u" value="bsc"/><int name="no" value="2"/><int name="zM" value="0"/></imgdir><imgdir name="110"><int name="x" value="540"/><int name="y" value="960"/><string name="u" value="enH0"/><int name="no" value="0"/><int name="zM" value="0"/></imgdir><imgdir name="124"><int name="x" value="360"/><int name="y" value="1020"/><string name="u" value="bsc"/><int name="no" value="0"/><int name="zM" value="0"/></imgdir><imgdir name="13"><int name="x" value="450"/><int name="y" value="1020"/><string name="u" value="bsc"/><int name="no" value="1"/><int name="zM" value="0"/></imgdir><imgdir name="123"><int name="x" value="270"/><int name="y" value="960"/><string name="u" value="enH0"/><int name="no" value="1"/><int name="zM" value="0"/></imgdir><imgdir name="60"><int name="x" value="180"/><int name="y" value="1020"/><string name="u" value="bsc"/><int name="no" value="2"/><int name="zM" value="0"/></imgdir><imgdir name="58"><int name="x" value="720"/><int name="y" value="1080"/><string name="u" value="enH1"/><int name="no" value="1"/><int name="zM" value="0"/></imgdir><imgdir name="114"><int name="x" value="0"/><int name="y" value="1020"/><string name="u" value="bsc"/><int name="no" value="2"/><int name="zM" value="0"/></imgdir><imgdir name="64"><int name="x" value="450"/><int name="y" value="960"/><string name="u" value="bsc"/><int name="no" value="0"/><int name="zM" value="0"/></imgdir><imgdir name="70"><int name="x" value="270"/><int name="y" value="960"/><string name="u" value="bsc"/><int name="no" value="1"/><int name="zM" value="0"/></imgdir><imgdir name="68"><int name="x" value="180"/><int name="y" value="960"/><string name="u" value="enH0"/><int name="no" value="0"/><int name="zM" value="0"/></imgdir><imgdir name="54"><int name="x" value="180"/><int name="y" value="960"/><string name="u" value="bsc"/><int name="no" value="1"/><int name="zM" value="0"/></imgdir><imgdir name="59"><int name="x" value="-90"/><int name="y" value="960"/><string name="u" value="enH0"/><int name="no" value="0"/><int name="zM" value="0"/></imgdir><imgdir name="61"><int name="x" value="0"/><int name="y" value="960"/><string name="u" value="bsc"/><int name="no" value="0"/><int name="zM" value="0"/></imgdir><imgdir name="51"><int name="x" value="-180"/><int name="y" value="960"/><string name="u" value="enH0"/><int name="no" value="1"/><int name="zM" value="0"/></imgdir><imgdir name="106"><int name="x" value="-180"/><int name="y" value="1020"/><string name="u" value="bsc"/><int name="no" value="0"/><int name="zM" value="0"/></imgdir><imgdir name="84"><int name="x" value="-270"/><int name="y" value="960"/><string name="u" value="bsc"/><int name="no" value="2"/><int name="zM" value="0"/></imgdir><imgdir name="100"><int name="x" value="-360"/><int name="y" value="1020"/><string name="u" value="bsc"/><int name="no" value="1"/><int name="zM" value="0"/></imgdir><imgdir name="57"><int name="x" value="-810"/><int name="y" value="1020"/><string name="u" value="bsc"/><int name="no" value="0"/><int name="zM" value="0"/></imgdir><imgdir name="89"><int name="x" value="-540"/><int name="y" value="960"/><string name="u" value="bsc"/><int name="no" value="1"/><int name="zM" value="0"/></imgdir><imgdir name="92"><int name="x" value="-540"/><int name="y" value="960"/><string name="u" value="enH0"/><int name="no" value="0"/><int name="zM" value="0"/></imgdir><imgdir name="119"><int name="x" value="-450"/><int name="y" value="960"/><string name="u" value="enH0"/><int name="no" value="1"/><int name="zM" value="0"/></imgdir><imgdir name="71"><int name="x" value="-450"/><int name="y" value="960"/><string name="u" value="bsc"/><int name="no" value="1"/><int name="zM" value="0"/></imgdir><imgdir name="95"><int name="x" value="-630"/><int name="y" value="960"/><string name="u" value="enH0"/><int name="no" value="0"/><int name="zM" value="0"/></imgdir><imgdir name="120"><int name="x" value="-720"/><int name="y" value="960"/><string name="u" value="enH0"/><int name="no" value="0"/><int name="zM" value="0"/></imgdir><imgdir name="74"><int name="x" value="-810"/><int name="y" value="960"/><string name="u" value="bsc"/><int name="no" value="0"/><int name="zM" value="0"/></imgdir><imgdir name="80"><int name="x" value="-900"/><int name="y" value="660"/><string name="u" value="bsc"/><int name="no" value="2"/><int name="zM" value="0"/></imgdir><imgdir name="72"><int name="x" value="-990"/><int name="y" value="960"/><string name="u" value="enV0"/><int name="no" value="1"/><int name="zM" value="0"/></imgdir><imgdir name="73"><int name="x" value="-990"/><int name="y" value="1080"/><string name="u" value="edD"/><int name="no" value="0"/><int name="zM" value="0"/></imgdir><imgdir name="94"><int name="x" value="-900"/><int name="y" value="1080"/><string name="u" value="enH1"/><int name="no" value="0"/><int name="zM" value="0"/></imgdir><imgdir name="118"><int name="x" value="-990"/><int name="y" value="720"/><string name="u" value="bsc"/><int name="no" value="1"/><int name="zM" value="0"/></imgdir><imgdir name="87"><int name="x" value="-990"/><int name="y" value="540"/><string name="u" value="bsc"/><int name="no" value="0"/><int name="zM" value="0"/></imgdir><imgdir name="82"><int name="x" value="-810"/><int name="y" value="840"/><string name="u" value="enV1"/><int name="no" value="1"/><int name="zM" value="0"/></imgdir><imgdir name="86"><int name="x" value="-990"/><int name="y" value="780"/><string name="u" value="bsc"/><int name="no" value="0"/><int name="zM" value="0"/></imgdir><imgdir name="77"><int name="x" value="-990"/><int name="y" value="540"/><string name="u" value="enV0"/><int name="no" value="1"/><int name="zM" value="0"/></imgdir><imgdir name="103"><int name="x" value="-810"/><int name="y" value="660"/><string name="u" value="enV1"/><int name="no" value="1"/><int name="zM" value="0"/></imgdir><imgdir name="78"><int name="x" value="-900"/><int name="y" value="420"/><string name="u" value="bsc"/><int name="no" value="1"/><int name="zM" value="0"/></imgdir><imgdir name="81"><int name="x" value="-810"/><int name="y" value="600"/><string name="u" value="enV1"/><int name="no" value="0"/><int name="zM" value="0"/></imgdir><imgdir name="99"><int name="x" value="-810"/><int name="y" value="540"/><string name="u" value="enV1"/><int name="no" value="1"/><int name="zM" value="0"/></imgdir><imgdir name="98"><int name="x" value="-810"/><int name="y" value="480"/><string name="u" value="enV1"/><int name="no" value="1"/><int name="zM" value="0"/></imgdir><imgdir name="47"><int name="x" value="-630"/><int name="y" value="960"/><string name="u" value="bsc"/><int name="no" value="0"/><int name="zM" value="0"/></imgdir><imgdir name="46"><int name="x" value="-90"/><int name="y" value="1020"/><string name="u" value="bsc"/><int name="no" value="0"/><int name="zM" value="0"/></imgdir><imgdir name="39"><int name="x" value="-810"/><int name="y" value="420"/><string name="u" value="enV1"/><int name="no" value="1"/><int name="zM" value="0"/></imgdir><imgdir name="115"><int name="x" value="-900"/><int name="y" value="780"/><string name="u" value="bsc"/><int name="no" value="0"/><int name="zM" value="0"/></imgdir><imgdir name="42"><int name="x" value="-990"/><int name="y" value="600"/><string name="u" value="bsc"/><int name="no" value="0"/><int name="zM" value="0"/></imgdir><imgdir name="6"><int name="x" value="90"/><int name="y" value="960"/><string name="u" value="enH0"/><int name="no" value="0"/><int name="zM" value="0"/></imgdir><imgdir name="83"><int name="x" value="-810"/><int name="y" value="720"/><string name="u" value="enV1"/><int name="no" value="1"/><int name="zM" value="0"/></imgdir><imgdir name="96"><int name="x" value="540"/><int name="y" value="960"/><string name="u" value="bsc"/><int name="no" value="0"/><int name="zM" value="0"/></imgdir><imgdir name="76"><int name="x" value="-990"/><int name="y" value="900"/><string name="u" value="bsc"/><int name="no" value="0"/><int name="zM" value="0"/></imgdir><imgdir name="40"><int name="x" value="-810"/><int name="y" value="900"/><string name="u" value="enV1"/><int name="no" value="0"/><int name="zM" value="0"/></imgdir><imgdir name="75"><int name="x" value="-990"/><int name="y" value="1020"/><string name="u" value="enV0"/><int name="no" value="0"/><int name="zM" value="0"/></imgdir><imgdir name="116"><int name="x" value="-810"/><int name="y" value="960"/><string name="u" value="enH0"/><int name="no" value="0"/><int name="zM" value="0"/></imgdir><imgdir name="7"><int name="x" value="-720"/><int name="y" value="960"/><string name="u" value="bsc"/><int name="no" value="2"/><int name="zM" value="0"/></imgdir><imgdir name="34"><int name="x" value="-900"/><int name="y" value="960"/><string name="u" value="bsc"/><int name="no" value="0"/><int name="zM" value="0"/></imgdir><imgdir name="36"><int name="x" value="720"/><int name="y" value="960"/><string name="u" value="bsc"/><int name="no" value="2"/><int name="zM" value="0"/></imgdir><imgdir name="43"><int name="x" value="-270"/><int name="y" value="960"/><string name="u" value="enH0"/><int name="no" value="0"/><int name="zM" value="0"/></imgdir><imgdir name="63"><int name="x" value="-990"/><int name="y" value="840"/><string name="u" value="bsc"/><int name="no" value="1"/><int name="zM" value="0"/></imgdir><imgdir name="9"><int name="x" value="360"/><int name="y" value="960"/><string name="u" value="bsc"/><int name="no" value="2"/><int name="zM" value="0"/></imgdir><imgdir name="24"><int name="x" value="270"/><int name="y" value="1020"/><string name="u" value="bsc"/><int name="no" value="2"/><int name="zM" value="0"/></imgdir><imgdir name="85"><int name="x" value="-990"/><int name="y" value="660"/><string name="u" value="enV0"/><int name="no" value="1"/><int name="zM" value="0"/></imgdir><imgdir name="35"><int name="x" value="540"/><int name="y" value="1020"/><string name="u" value="bsc"/><int name="no" value="0"/><int name="zM" value="0"/></imgdir><imgdir name="101"><int name="x" value="-360"/><int name="y" value="960"/><string name="u" value="enH0"/><int name="no" value="0"/><int name="zM" value="0"/></imgdir><imgdir name="79"><int name="x" value="-900"/><int name="y" value="540"/><string name="u" value="bsc"/><int name="no" value="1"/><int name="zM" value="0"/></imgdir><imgdir name="37"><int name="x" value="450"/><int name="y" value="960"/><string name="u" value="enH0"/><int name="no" value="0"/><int name="zM" value="0"/></imgdir><imgdir name="10"><int name="x" value="-810"/><int name="y" value="780"/><string name="u" value="enV1"/><int name="no" value="1"/><int name="zM" value="0"/></imgdir><imgdir name="29"><int name="x" value="360"/><int name="y" value="960"/><string name="u" value="enH0"/><int name="no" value="1"/><int name="zM" value="0"/></imgdir><imgdir name="121"><int name="x" value="-90"/><int name="y" value="960"/><string name="u" value="bsc"/><int name="no" value="1"/><int name="zM" value="0"/></imgdir><imgdir name="55"><int name="x" value="90"/><int name="y" value="960"/><string name="u" value="bsc"/><int name="no" value="2"/><int name="zM" value="0"/></imgdir><imgdir name="126"><int name="x" value="-810"/><int name="y" value="360"/><string name="u" value="enV1"/><int name="no" value="1"/><int name="zM" value="0"/></imgdir><imgdir name="133"><int name="x" value="-810"/><int name="y" value="360"/><string name="u" value="enH1"/><int name="no" value="0"/><int name="zM" value="0"/></imgdir><imgdir name="128"><int name="x" value="-720"/><int name="y" value="360"/><string name="u" value="enH1"/><int name="no" value="1"/><int name="zM" value="0"/></imgdir><imgdir name="125"><int name="x" value="-900"/><int name="y" value="360"/><string name="u" value="bsc"/><int name="no" value="1"/><int name="zM" value="0"/></imgdir><imgdir name="127"><int name="x" value="-990"/><int name="y" value="360"/><string name="u" value="enV0"/><int name="no" value="0"/><int name="zM" value="0"/></imgdir><imgdir name="134"><int name="x" value="-990"/><int name="y" value="360"/><string name="u" value="bsc"/><int name="no" value="0"/><int name="zM" value="0"/></imgdir><imgdir name="140"><int name="x" value="-990"/><int name="y" value="240"/><string name="u" value="edU"/><int name="no" value="0"/><int name="zM" value="0"/></imgdir><imgdir name="138"><int name="x" value="-990"/><int name="y" value="240"/><string name="u" value="enV0"/><int name="no" value="1"/><int name="zM" value="0"/></imgdir><imgdir name="137"><int name="x" value="-990"/><int name="y" value="300"/><string name="u" value="enV0"/><int name="no" value="0"/><int name="zM" value="0"/></imgdir><imgdir name="144"><int name="x" value="-990"/><int name="y" value="240"/><string name="u" value="enH0"/><int name="no" value="1"/><int name="zM" value="0"/></imgdir><imgdir name="143"><int name="x" value="-900"/><int name="y" value="240"/><string name="u" value="enH0"/><int name="no" value="1"/><int name="zM" value="0"/></imgdir><imgdir name="147"><int name="x" value="-810"/><int name="y" value="300"/><string name="u" value="bsc"/><int name="no" value="2"/><int name="zM" value="0"/></imgdir><imgdir name="142"><int name="x" value="-900"/><int name="y" value="240"/><string name="u" value="bsc"/><int name="no" value="0"/><int name="zM" value="0"/></imgdir><imgdir name="145"><int name="x" value="-990"/><int name="y" value="240"/><string name="u" value="bsc"/><int name="no" value="0"/><int name="zM" value="0"/></imgdir><imgdir name="132"><int name="x" value="-900"/><int name="y" value="300"/><string name="u" value="bsc"/><int name="no" value="1"/><int name="zM" value="0"/></imgdir><imgdir name="141"><int name="x" value="-990"/><int name="y" value="300"/><string name="u" value="bsc"/><int name="no" value="0"/><int name="zM" value="0"/></imgdir><imgdir name="153"><int name="x" value="-810"/><int name="y" value="240"/><string name="u" value="enH0"/><int name="no" value="1"/><int name="zM" value="0"/></imgdir><imgdir name="158"><int name="x" value="-630"/><int name="y" value="240"/><string name="u" value="enH0"/><int name="no" value="1"/><int name="zM" value="0"/></imgdir><imgdir name="160"><int name="x" value="-720"/><int name="y" value="240"/><string name="u" value="bsc"/><int name="no" value="1"/><int name="zM" value="0"/></imgdir><imgdir name="150"><int name="x" value="-720"/><int name="y" value="240"/><string name="u" value="enH0"/><int name="no" value="1"/><int name="zM" value="0"/></imgdir><imgdir name="135"><int name="x" value="-630"/><int name="y" value="240"/><string name="u" value="bsc"/><int name="no" value="0"/><int name="zM" value="0"/></imgdir><imgdir name="139"><int name="x" value="-810"/><int name="y" value="240"/><string name="u" value="bsc"/><int name="no" value="1"/><int name="zM" value="0"/></imgdir><imgdir name="155"><int name="x" value="-540"/><int name="y" value="240"/><string name="u" value="bsc"/><int name="no" value="2"/><int name="zM" value="0"/></imgdir><imgdir name="154"><int name="x" value="-540"/><int name="y" value="240"/><string name="u" value="enH0"/><int name="no" value="1"/><int name="zM" value="0"/></imgdir><imgdir name="149"><int name="x" value="-720"/><int name="y" value="300"/><string name="u" value="bsc"/><int name="no" value="1"/><int name="zM" value="0"/></imgdir><imgdir name="131"><int name="x" value="-630"/><int name="y" value="360"/><string name="u" value="enH1"/><int name="no" value="0"/><int name="zM" value="0"/></imgdir><imgdir name="162"><int name="x" value="-540"/><int name="y" value="360"/><string name="u" value="enH1"/><int name="no" value="1"/><int name="zM" value="0"/></imgdir><imgdir name="161"><int name="x" value="-540"/><int name="y" value="300"/><string name="u" value="bsc"/><int name="no" value="2"/><int name="zM" value="0"/></imgdir><imgdir name="146"><int name="x" value="-450"/><int name="y" value="300"/><string name="u" value="bsc"/><int name="no" value="1"/><int name="zM" value="0"/></imgdir><imgdir name="152"><int name="x" value="-630"/><int name="y" value="300"/><string name="u" value="bsc"/><int name="no" value="2"/><int name="zM" value="0"/></imgdir><imgdir name="130"><int name="x" value="-450"/><int name="y" value="360"/><string name="u" value="enH1"/><int name="no" value="0"/><int name="zM" value="0"/></imgdir><imgdir name="169"><int name="x" value="-270"/><int name="y" value="240"/><string name="u" value="enH0"/><int name="no" value="1"/><int name="zM" value="0"/></imgdir><imgdir name="167"><int name="x" value="-360"/><int name="y" value="240"/><string name="u" value="enH0"/><int name="no" value="0"/><int name="zM" value="0"/></imgdir><imgdir name="157"><int name="x" value="-450"/><int name="y" value="240"/><string name="u" value="bsc"/><int name="no" value="1"/><int name="zM" value="0"/></imgdir><imgdir name="136"><int name="x" value="-180"/><int name="y" value="240"/><string name="u" value="enH0"/><int name="no" value="1"/><int name="zM" value="0"/></imgdir><imgdir name="156"><int name="x" value="-450"/><int name="y" value="240"/><string name="u" value="enH0"/><int name="no" value="0"/><int name="zM" value="0"/></imgdir><imgdir name="166"><int name="x" value="-360"/><int name="y" value="240"/><string name="u" value="bsc"/><int name="no" value="1"/><int name="zM" value="0"/></imgdir><imgdir name="172"><int name="x" value="0"/><int name="y" value="240"/><string name="u" value="enH0"/><int name="no" value="0"/><int name="zM" value="0"/></imgdir><imgdir name="179"><int name="x" value="-90"/><int name="y" value="240"/><string name="u" value="bsc"/><int name="no" value="0"/><int name="zM" value="0"/></imgdir><imgdir name="164"><int name="x" value="-90"/><int name="y" value="240"/><string name="u" value="enH0"/><int name="no" value="0"/><int name="zM" value="0"/></imgdir><imgdir name="180"><int name="x" value="90"/><int name="y" value="240"/><string name="u" value="bsc"/><int name="no" value="2"/><int name="zM" value="0"/></imgdir><imgdir name="168"><int name="x" value="-270"/><int name="y" value="240"/><string name="u" value="bsc"/><int name="no" value="2"/><int name="zM" value="0"/></imgdir><imgdir name="151"><int name="x" value="-180"/><int name="y" value="240"/><string name="u" value="bsc"/><int name="no" value="2"/><int name="zM" value="0"/></imgdir><imgdir name="174"><int name="x" value="0"/><int name="y" value="240"/><string name="u" value="bsc"/><int name="no" value="2"/><int name="zM" value="0"/></imgdir><imgdir name="176"><int name="x" value="90"/><int name="y" value="240"/><string name="u" value="enH0"/><int name="no" value="1"/><int name="zM" value="0"/></imgdir><imgdir name="163"><int name="x" value="-360"/><int name="y" value="360"/><string name="u" value="enH1"/><int name="no" value="1"/><int name="zM" value="0"/></imgdir><imgdir name="183"><int name="x" value="-270"/><int name="y" value="360"/><string name="u" value="enH1"/><int name="no" value="1"/><int name="zM" value="0"/></imgdir><imgdir name="181"><int name="x" value="-180"/><int name="y" value="360"/><string name="u" value="enH1"/><int name="no" value="1"/><int name="zM" value="0"/></imgdir><imgdir name="159"><int name="x" value="-270"/><int name="y" value="300"/><string name="u" value="bsc"/><int name="no" value="2"/><int name="zM" value="0"/></imgdir><imgdir name="148"><int name="x" value="-360"/><int name="y" value="300"/><string name="u" value="bsc"/><int name="no" value="2"/><int name="zM" value="0"/></imgdir><imgdir name="178"><int name="x" value="-180"/><int name="y" value="300"/><string name="u" value="bsc"/><int name="no" value="0"/><int name="zM" value="0"/></imgdir><imgdir name="182"><int name="x" value="0"/><int name="y" value="360"/><string name="u" value="enH1"/><int name="no" value="0"/><int name="zM" value="0"/></imgdir><imgdir name="165"><int name="x" value="-90"/><int name="y" value="300"/><string name="u" value="bsc"/><int name="no" value="1"/><int name="zM" value="0"/></imgdir><imgdir name="175"><int name="x" value="0"/><int name="y" value="300"/><string name="u" value="bsc"/><int name="no" value="1"/><int name="zM" value="0"/></imgdir><imgdir name="129"><int name="x" value="-90"/><int name="y" value="360"/><string name="u" value="enH1"/><int name="no" value="0"/><int name="zM" value="0"/></imgdir><imgdir name="173"><int name="x" value="90"/><int name="y" value="300"/><string name="u" value="bsc"/><int name="no" value="2"/><int name="zM" value="0"/></imgdir><imgdir name="185"><int name="x" value="90"/><int name="y" value="360"/><string name="u" value="enH1"/><int name="no" value="1"/><int name="zM" value="0"/></imgdir><imgdir name="197"><int name="x" value="360"/><int name="y" value="360"/><string name="u" value="enH1"/><int name="no" value="0"/><int name="zM" value="0"/></imgdir><imgdir name="188"><int name="x" value="270"/><int name="y" value="360"/><string name="u" value="enH1"/><int name="no" value="0"/><int name="zM" value="0"/></imgdir><imgdir name="192"><int name="x" value="630"/><int name="y" value="360"/><string name="u" value="enH1"/><int name="no" value="0"/><int name="zM" value="0"/></imgdir><imgdir name="184"><int name="x" value="180"/><int name="y" value="360"/><string name="u" value="enH1"/><int name="no" value="0"/><int name="zM" value="0"/></imgdir><imgdir name="187"><int name="x" value="540"/><int name="y" value="360"/><string name="u" value="enH1"/><int name="no" value="0"/><int name="zM" value="0"/></imgdir><imgdir name="189"><int name="x" value="270"/><int name="y" value="300"/><string name="u" value="bsc"/><int name="no" value="1"/><int name="zM" value="0"/></imgdir><imgdir name="202"><int name="x" value="180"/><int name="y" value="300"/><string name="u" value="bsc"/><int name="no" value="2"/><int name="zM" value="0"/></imgdir><imgdir name="170"><int name="x" value="180"/><int name="y" value="240"/><string name="u" value="bsc"/><int name="no" value="2"/><int name="zM" value="0"/></imgdir><imgdir name="171"><int name="x" value="180"/><int name="y" value="240"/><string name="u" value="enH0"/><int name="no" value="1"/><int name="zM" value="0"/></imgdir><imgdir name="210"><int name="x" value="270"/><int name="y" value="240"/><string name="u" value="enH0"/><int name="no" value="1"/><int name="zM" value="0"/></imgdir><imgdir name="207"><int name="x" value="270"/><int name="y" value="240"/><string name="u" value="bsc"/><int name="no" value="2"/><int name="zM" value="0"/></imgdir><imgdir name="186"><int name="x" value="630"/><int name="y" value="240"/><string name="u" value="bsc"/><int name="no" value="0"/><int name="zM" value="0"/></imgdir><imgdir name="208"><int name="x" value="360"/><int name="y" value="240"/><string name="u" value="bsc"/><int name="no" value="0"/><int name="zM" value="0"/></imgdir><imgdir name="209"><int name="x" value="450"/><int name="y" value="240"/><string name="u" value="enH0"/><int name="no" value="1"/><int name="zM" value="0"/></imgdir><imgdir name="177"><int name="x" value="360"/><int name="y" value="240"/><string name="u" value="enH0"/><int name="no" value="1"/><int name="zM" value="0"/></imgdir><imgdir name="211"><int name="x" value="450"/><int name="y" value="240"/><string name="u" value="bsc"/><int name="no" value="1"/><int name="zM" value="0"/></imgdir><imgdir name="203"><int name="x" value="540"/><int name="y" value="240"/><string name="u" value="enH0"/><int name="no" value="0"/><int name="zM" value="0"/></imgdir><imgdir name="190"><int name="x" value="450"/><int name="y" value="360"/><string name="u" value="enH1"/><int name="no" value="1"/><int name="zM" value="0"/></imgdir><imgdir name="198"><int name="x" value="630"/><int name="y" value="240"/><string name="u" value="enH0"/><int name="no" value="1"/><int name="zM" value="0"/></imgdir><imgdir name="204"><int name="x" value="450"/><int name="y" value="300"/><string name="u" value="bsc"/><int name="no" value="2"/><int name="zM" value="0"/></imgdir><imgdir name="205"><int name="x" value="360"/><int name="y" value="300"/><string name="u" value="bsc"/><int name="no" value="0"/><int name="zM" value="0"/></imgdir><imgdir name="200"><int name="x" value="630"/><int name="y" value="300"/><string name="u" value="bsc"/><int name="no" value="1"/><int name="zM" value="0"/></imgdir><imgdir name="193"><int name="x" value="540"/><int name="y" value="240"/><string name="u" value="bsc"/><int name="no" value="0"/><int name="zM" value="0"/></imgdir><imgdir name="194"><int name="x" value="540"/><int name="y" value="300"/><string name="u" value="bsc"/><int name="no" value="1"/><int name="zM" value="0"/></imgdir><imgdir name="195"><int name="x" value="720"/><int name="y" value="360"/><string name="u" value="enH1"/><int name="no" value="1"/><int name="zM" value="0"/></imgdir><imgdir name="196"><int name="x" value="720"/><int name="y" value="240"/><string name="u" value="bsc"/><int name="no" value="1"/><int name="zM" value="0"/></imgdir><imgdir name="191"><int name="x" value="720"/><int name="y" value="240"/><string name="u" value="enH0"/><int name="no" value="1"/><int name="zM" value="0"/></imgdir><imgdir name="206"><int name="x" value="810"/><int name="y" value="240"/><string name="u" value="bsc"/><int name="no" value="1"/><int name="zM" value="0"/></imgdir><imgdir name="199"><int name="x" value="810"/><int name="y" value="240"/><string name="u" value="enH0"/><int name="no" value="1"/><int name="zM" value="0"/></imgdir><imgdir name="214"><int name="x" value="900"/><int name="y" value="240"/><string name="u" value="enH0"/><int name="no" value="0"/><int name="zM" value="0"/></imgdir><imgdir name="213"><int name="x" value="810"/><int name="y" value="360"/><string name="u" value="enH1"/><int name="no" value="1"/><int name="zM" value="0"/></imgdir><imgdir name="215"><int name="x" value="900"/><int name="y" value="360"/><string name="u" value="enH1"/><int name="no" value="1"/><int name="zM" value="0"/></imgdir><imgdir name="217"><int name="x" value="720"/><int name="y" value="300"/><string name="u" value="bsc"/><int name="no" value="2"/><int name="zM" value="0"/></imgdir><imgdir name="201"><int name="x" value="900"/><int name="y" value="240"/><string name="u" value="bsc"/><int name="no" value="2"/><int name="zM" value="0"/></imgdir><imgdir name="221"><int name="x" value="810"/><int name="y" value="300"/><string name="u" value="bsc"/><int name="no" value="1"/><int name="zM" value="0"/></imgdir><imgdir name="219"><int name="x" value="900"/><int name="y" value="300"/><string name="u" value="bsc"/><int name="no" value="2"/><int name="zM" value="0"/></imgdir><imgdir name="220"><int name="x" value="990"/><int name="y" value="300"/><string name="u" value="bsc"/><int name="no" value="2"/><int name="zM" value="0"/></imgdir><imgdir name="216"><int name="x" value="990"/><int name="y" value="240"/><string name="u" value="bsc"/><int name="no" value="0"/><int name="zM" value="0"/></imgdir><imgdir name="212"><int name="x" value="990"/><int name="y" value="240"/><string name="u" value="enH0"/><int name="no" value="0"/><int name="zM" value="0"/></imgdir><imgdir name="250"><int name="x" value="900"/><int name="y" value="960"/><string name="u" value="enH0"/><int name="no" value="0"/><int name="zM" value="0"/></imgdir><imgdir name="248"><int name="x" value="990"/><int name="y" value="960"/><string name="u" value="bsc"/><int name="no" value="0"/><int name="zM" value="0"/></imgdir><imgdir name="246"><int name="x" value="990"/><int name="y" value="1020"/><string name="u" value="bsc"/><int name="no" value="0"/><int name="zM" value="0"/></imgdir><imgdir name="52"><int name="x" value="900"/><int name="y" value="1080"/><string name="u" value="enH1"/><int name="no" value="1"/><int name="zM" value="0"/></imgdir><imgdir name="12"><int name="x" value="900"/><int name="y" value="960"/><string name="u" value="bsc"/><int name="no" value="2"/><int name="zM" value="0"/></imgdir><imgdir name="48"><int name="x" value="990"/><int name="y" value="1080"/><string name="u" value="enH1"/><int name="no" value="0"/><int name="zM" value="0"/></imgdir><imgdir name="251"><int name="x" value="900"/><int name="y" value="1020"/><string name="u" value="bsc"/><int name="no" value="2"/><int name="zM" value="0"/></imgdir><imgdir name="17"><int name="x" value="1080"/><int name="y" value="1080"/><string name="u" value="enH1"/><int name="no" value="1"/><int name="zM" value="0"/></imgdir><imgdir name="247"><int name="x" value="1080"/><int name="y" value="1020"/><string name="u" value="bsc"/><int name="no" value="2"/><int name="zM" value="0"/></imgdir><imgdir name="241"><int name="x" value="1080"/><int name="y" value="840"/><string name="u" value="bsc"/><int name="no" value="2"/><int name="zM" value="0"/></imgdir><imgdir name="245"><int name="x" value="1080"/><int name="y" value="900"/><string name="u" value="bsc"/><int name="no" value="1"/><int name="zM" value="0"/></imgdir><imgdir name="237"><int name="x" value="1080"/><int name="y" value="720"/><string name="u" value="bsc"/><int name="no" value="0"/><int name="zM" value="0"/></imgdir><imgdir name="243"><int name="x" value="1080"/><int name="y" value="780"/><string name="u" value="bsc"/><int name="no" value="2"/><int name="zM" value="0"/></imgdir><imgdir name="225"><int name="x" value="1080"/><int name="y" value="240"/><string name="u" value="bsc"/><int name="no" value="1"/><int name="zM" value="0"/></imgdir><imgdir name="224"><int name="x" value="1080"/><int name="y" value="240"/><string name="u" value="enH0"/><int name="no" value="0"/><int name="zM" value="0"/></imgdir><imgdir name="222"><int name="x" value="1080"/><int name="y" value="300"/><string name="u" value="bsc"/><int name="no" value="0"/><int name="zM" value="0"/></imgdir><imgdir name="227"><int name="x" value="1080"/><int name="y" value="360"/><string name="u" value="bsc"/><int name="no" value="2"/><int name="zM" value="0"/></imgdir><imgdir name="231"><int name="x" value="1080"/><int name="y" value="420"/><string name="u" value="bsc"/><int name="no" value="0"/><int name="zM" value="0"/></imgdir><imgdir name="235"><int name="x" value="1080"/><int name="y" value="480"/><string name="u" value="bsc"/><int name="no" value="1"/><int name="zM" value="0"/></imgdir><imgdir name="254"><int name="x" value="1080"/><int name="y" value="600"/><string name="u" value="bsc"/><int name="no" value="2"/><int name="zM" value="0"/></imgdir><imgdir name="256"><int name="x" value="1080"/><int name="y" value="660"/><string name="u" value="bsc"/><int name="no" value="0"/><int name="zM" value="0"/></imgdir><imgdir name="230"><int name="x" value="1080"/><int name="y" value="960"/><string name="u" value="bsc"/><int name="no" value="1"/><int name="zM" value="0"/></imgdir><imgdir name="228"><int name="x" value="1080"/><int name="y" value="540"/><string name="u" value="bsc"/><int name="no" value="2"/><int name="zM" value="0"/></imgdir><imgdir name="258"><int name="x" value="1080"/><int name="y" value="900"/><string name="u" value="enV0"/><int name="no" value="1"/><int name="zM" value="0"/></imgdir><imgdir name="260"><int name="x" value="990"/><int name="y" value="960"/><string name="u" value="enH0"/><int name="no" value="1"/><int name="zM" value="0"/></imgdir><imgdir name="261"><int name="x" value="1080"/><int name="y" value="780"/><string name="u" value="enV0"/><int name="no" value="0"/><int name="zM" value="0"/></imgdir><imgdir name="264"><int name="x" value="1080"/><int name="y" value="720"/><string name="u" value="enV0"/><int name="no" value="0"/><int name="zM" value="0"/></imgdir><imgdir name="263"><int name="x" value="1080"/><int name="y" value="840"/><string name="u" value="enV0"/><int name="no" value="0"/><int name="zM" value="0"/></imgdir><imgdir name="259"><int name="x" value="1080"/><int name="y" value="660"/><string name="u" value="enV0"/><int name="no" value="1"/><int name="zM" value="0"/></imgdir><imgdir name="265"><int name="x" value="1080"/><int name="y" value="600"/><string name="u" value="enV0"/><int name="no" value="1"/><int name="zM" value="0"/></imgdir><imgdir name="262"><int name="x" value="1080"/><int name="y" value="420"/><string name="u" value="enV0"/><int name="no" value="1"/><int name="zM" value="0"/></imgdir><imgdir name="218"><int name="x" value="1080"/><int name="y" value="480"/><string name="u" value="enV0"/><int name="no" value="1"/><int name="zM" value="0"/></imgdir><imgdir name="252"><int name="x" value="1080"/><int name="y" value="540"/><string name="u" value="enV0"/><int name="no" value="1"/><int name="zM" value="0"/></imgdir><imgdir name="266"><int name="x" value="990"/><int name="y" value="360"/><string name="u" value="enH1"/><int name="no" value="1"/><int name="zM" value="0"/></imgdir><imgdir name="267"><int name="x" value="1080"/><int name="y" value="360"/><string name="u" value="enV0"/><int name="no" value="0"/><int name="zM" value="0"/></imgdir><imgdir name="269"><int name="x" value="1260"/><int name="y" value="1080"/><string name="u" value="edD"/><int name="no" value="0"/><int name="zM" value="0"/></imgdir><imgdir name="249"><int name="x" value="1170"/><int name="y" value="1080"/><string name="u" value="enH1"/><int name="no" value="1"/><int name="zM" value="0"/></imgdir><imgdir name="240"><int name="x" value="1170"/><int name="y" value="780"/><string name="u" value="bsc"/><int name="no" value="1"/><int name="zM" value="0"/></imgdir><imgdir name="275"><int name="x" value="1260"/><int name="y" value="840"/><string name="u" value="enV1"/><int name="no" value="0"/><int name="zM" value="0"/></imgdir><imgdir name="232"><int name="x" value="1170"/><int name="y" value="840"/><string name="u" value="bsc"/><int name="no" value="2"/><int name="zM" value="0"/></imgdir><imgdir name="273"><int name="x" value="1260"/><int name="y" value="900"/><string name="u" value="enV1"/><int name="no" value="0"/><int name="zM" value="0"/></imgdir><imgdir name="271"><int name="x" value="1260"/><int name="y" value="960"/><string name="u" value="enV1"/><int name="no" value="0"/><int name="zM" value="0"/></imgdir><imgdir name="274"><int name="x" value="1170"/><int name="y" value="1020"/><string name="u" value="bsc"/><int name="no" value="0"/><int name="zM" value="0"/></imgdir><imgdir name="244"><int name="x" value="1170"/><int name="y" value="900"/><string name="u" value="bsc"/><int name="no" value="1"/><int name="zM" value="0"/></imgdir><imgdir name="270"><int name="x" value="1260"/><int name="y" value="780"/><string name="u" value="enV1"/><int name="no" value="0"/><int name="zM" value="0"/></imgdir><imgdir name="272"><int name="x" value="1260"/><int name="y" value="1020"/><string name="u" value="enV1"/><int name="no" value="0"/><int name="zM" value="0"/></imgdir><imgdir name="268"><int name="x" value="1170"/><int name="y" value="960"/><string name="u" value="bsc"/><int name="no" value="1"/><int name="zM" value="0"/></imgdir><imgdir name="226"><int name="x" value="1170"/><int name="y" value="600"/><string name="u" value="bsc"/><int name="no" value="2"/><int name="zM" value="0"/></imgdir><imgdir name="278"><int name="x" value="1260"/><int name="y" value="600"/><string name="u" value="enV1"/><int name="no" value="0"/><int name="zM" value="0"/></imgdir><imgdir name="276"><int name="x" value="1260"/><int name="y" value="660"/><string name="u" value="enV1"/><int name="no" value="0"/><int name="zM" value="0"/></imgdir><imgdir name="238"><int name="x" value="1170"/><int name="y" value="660"/><string name="u" value="bsc"/><int name="no" value="0"/><int name="zM" value="0"/></imgdir><imgdir name="277"><int name="x" value="1260"/><int name="y" value="720"/><string name="u" value="enV1"/><int name="no" value="1"/><int name="zM" value="0"/></imgdir><imgdir name="234"><int name="x" value="1170"/><int name="y" value="720"/><string name="u" value="bsc"/><int name="no" value="2"/><int name="zM" value="0"/></imgdir><imgdir name="257"><int name="x" value="1170"/><int name="y" value="540"/><string name="u" value="bsc"/><int name="no" value="0"/><int name="zM" value="0"/></imgdir><imgdir name="236"><int name="x" value="1260"/><int name="y" value="480"/><string name="u" value="enV1"/><int name="no" value="1"/><int name="zM" value="0"/></imgdir><imgdir name="255"><int name="x" value="1170"/><int name="y" value="480"/><string name="u" value="bsc"/><int name="no" value="2"/><int name="zM" value="0"/></imgdir><imgdir name="279"><int name="x" value="1260"/><int name="y" value="540"/><string name="u" value="enV1"/><int name="no" value="0"/><int name="zM" value="0"/></imgdir><imgdir name="233"><int name="x" value="1170"/><int name="y" value="300"/><string name="u" value="bsc"/><int name="no" value="0"/><int name="zM" value="0"/></imgdir><imgdir name="283"><int name="x" value="1260"/><int name="y" value="300"/><string name="u" value="enV1"/><int name="no" value="1"/><int name="zM" value="0"/></imgdir><imgdir name="281"><int name="x" value="1260"/><int name="y" value="360"/><string name="u" value="enV1"/><int name="no" value="0"/><int name="zM" value="0"/></imgdir><imgdir name="282"><int name="x" value="1260"/><int name="y" value="420"/><string name="u" value="enV1"/><int name="no" value="1"/><int name="zM" value="0"/></imgdir><imgdir name="253"><int name="x" value="1170"/><int name="y" value="360"/><string name="u" value="bsc"/><int name="no" value="2"/><int name="zM" value="0"/></imgdir><imgdir name="280"><int name="x" value="1170"/><int name="y" value="420"/><string name="u" value="bsc"/><int name="no" value="0"/><int name="zM" value="0"/></imgdir><imgdir name="223"><int name="x" value="1170"/><int name="y" value="240"/><string name="u" value="bsc"/><int name="no" value="2"/><int name="zM" value="0"/></imgdir><imgdir name="229"><int name="x" value="1170"/><int name="y" value="240"/><string name="u" value="enH0"/><int name="no" value="0"/><int name="zM" value="0"/></imgdir><imgdir name="239"><int name="x" value="1260"/><int name="y" value="240"/><string name="u" value="enV1"/><int name="no" value="0"/><int name="zM" value="0"/></imgdir><imgdir name="242"><int name="x" value="1260"/><int name="y" value="240"/><string name="u" value="edU"/><int name="no" value="0"/><int name="zM" value="0"/></imgdir></imgdir></imgdir><imgdir name="6"><imgdir name="info"></imgdir><imgdir name="tile"></imgdir><imgdir name="obj"><imgdir name="0"><string name="oS" value="dungeon"/><string name="l0" value="metroSubway"/><string name="l1" value="acc"/><string name="l2" value="3"/><int name="x" value="-559"/><int name="y" value="913"/><int name="z" value="3"/><int name="f" value="0"/><int name="zM" value="1"/></imgdir><imgdir name="1"><string name="oS" value="dungeon"/><string name="l0" value="metroSubway"/><string name="l1" value="acc"/><string name="l2" value="3"/><int name="x" value="-249"/><int name="y" value="913"/><int name="z" value="3"/><int name="f" value="0"/><int name="zM" value="2"/></imgdir><imgdir name="2"><string name="oS" value="dungeon"/><string name="l0" value="metroSubway"/><string name="l1" value="acc"/><string name="l2" value="3"/><int name="x" value="587"/><int name="y" value="913"/><int name="z" value="3"/><int name="f" value="0"/><int name="zM" value="3"/></imgdir><imgdir name="3"><string name="oS" value="dungeon"/><string name="l0" value="metroSubway"/><string name="l1" value="acc"/><string name="l2" value="4"/><int name="x" value="872"/><int name="y" value="849"/><int name="z" value="3"/><int name="f" value="0"/><int name="zM" value="4"/></imgdir><imgdir name="4"><string name="oS" value="dungeon"/><string name="l0" value="metroSubway"/><string name="l1" value="acc"/><string name="l2" value="4"/><int name="x" value="-445"/><int name="y" value="849"/><int name="z" value="3"/><int name="f" value="0"/><int name="zM" value="5"/></imgdir><imgdir name="5"><string name="oS" value="dungeon"/><string name="l0" value="metroSubway"/><string name="l1" value="acc"/><string name="l2" value="15"/><int name="x" value="-716"/><int name="y" value="456"/><int name="z" value="3"/><int name="f" value="0"/><int name="zM" value="15"/></imgdir><imgdir name="6"><string name="oS" value="dungeon"/><string name="l0" value="metroSubway"/><string name="l1" value="acc"/><string name="l2" value="15"/><int name="x" value="74"/><int name="y" value="461"/><int name="z" value="3"/><int name="f" value="0"/><int name="zM" value="14"/></imgdir><imgdir name="7"><string name="oS" value="dungeon"/><string name="l0" value="metroSubway"/><string name="l1" value="acc"/><string name="l2" value="16"/><int name="x" value="210"/><int name="y" value="462"/><int name="z" value="2"/><int name="f" value="0"/><int name="zM" value="14"/></imgdir><imgdir name="8"><string name="oS" value="dungeon"/><string name="l0" value="metroSubway"/><string name="l1" value="acc"/><string name="l2" value="17"/><int name="x" value="984"/><int name="y" value="444"/><int name="z" value="3"/><int name="f" value="0"/><int name="zM" value="16"/></imgdir></imgdir></imgdir><imgdir name="7"><imgdir name="info"></imgdir><imgdir name="tile"></imgdir><imgdir name="obj"></imgdir></imgdir><imgdir name="reactor"></imgdir><imgdir name="foothold"><imgdir name="2"><imgdir name="12"><imgdir name="1"><int name="x1" value="-495"/><int name="y1" value="553"/><int name="x2" value="-405"/><int name="y2" value="553"/><int name="prev" value="23"/><int name="next" value="14"/></imgdir><imgdir name="2"><int name="x1" value="675"/><int name="y1" value="553"/><int name="x2" value="765"/><int name="y2" value="553"/><int name="prev" value="3"/><int name="next" value="15"/></imgdir><imgdir name="3"><int name="x1" value="585"/><int name="y1" value="553"/><int name="x2" value="675"/><int name="y2" value="553"/><int name="prev" value="4"/><int name="next" value="2"/></imgdir><imgdir name="4"><int name="x1" value="495"/><int name="y1" value="553"/><int name="x2" value="585"/><int name="y2" value="553"/><int name="prev" value="6"/><int name="next" value="3"/></imgdir><imgdir name="5"><int name="x1" value="-45"/><int name="y1" value="553"/><int name="x2" value="45"/><int name="y2" value="553"/><int name="prev" value="11"/><int name="next" value="10"/></imgdir><imgdir name="6"><int name="x1" value="405"/><int name="y1" value="553"/><int name="x2" value="495"/><int name="y2" value="553"/><int name="prev" value="7"/><int name="next" value="4"/></imgdir><imgdir name="7"><int name="x1" value="315"/><int name="y1" value="553"/><int name="x2" value="405"/><int name="y2" value="553"/><int name="prev" value="8"/><int name="next" value="6"/></imgdir><imgdir name="8"><int name="x1" value="225"/><int name="y1" value="553"/><int name="x2" value="315"/><int name="y2" value="553"/><int name="prev" value="9"/><int name="next" value="7"/></imgdir><imgdir name="9"><int name="x1" value="135"/><int name="y1" value="553"/><int name="x2" value="225"/><int name="y2" value="553"/><int name="prev" value="10"/><int name="next" value="8"/></imgdir><imgdir name="10"><int name="x1" value="45"/><int name="y1" value="553"/><int name="x2" value="135"/><int name="y2" value="553"/><int name="prev" value="5"/><int name="next" value="9"/></imgdir><imgdir name="11"><int name="x1" value="-135"/><int name="y1" value="553"/><int name="x2" value="-45"/><int name="y2" value="553"/><int name="prev" value="13"/><int name="next" value="5"/></imgdir><imgdir name="12"><int name="x1" value="-315"/><int name="y1" value="553"/><int name="x2" value="-225"/><int name="y2" value="553"/><int name="prev" value="14"/><int name="next" value="13"/></imgdir><imgdir name="13"><int name="x1" value="-225"/><int name="y1" value="553"/><int name="x2" value="-135"/><int name="y2" value="553"/><int name="prev" value="12"/><int name="next" value="11"/></imgdir><imgdir name="14"><int name="x1" value="-405"/><int name="y1" value="553"/><int name="x2" value="-315"/><int name="y2" value="553"/><int name="prev" value="1"/><int name="next" value="12"/></imgdir><imgdir name="15"><int name="x1" value="765"/><int name="y1" value="553"/><int name="x2" value="855"/><int name="y2" value="553"/><int name="prev" value="2"/><int name="next" value="16"/></imgdir><imgdir name="16"><int name="x1" value="855"/><int name="y1" value="553"/><int name="x2" value="900"/><int name="y2" value="553"/><int name="prev" value="15"/><int name="next" value="18"/></imgdir><imgdir name="17"><int name="x1" value="-630"/><int name="y1" value="570"/><int name="x2" value="-630"/><int name="y2" value="510"/><int name="prev" value="0"/><int name="next" value="19"/></imgdir><imgdir name="18"><int name="x1" value="900"/><int name="y1" value="553"/><int name="x2" value="900"/><int name="y2" value="510"/><int name="prev" value="16"/><int name="next" value="24"/></imgdir><imgdir name="19"><int name="x1" value="-630"/><int name="y1" value="510"/><int name="x2" value="-630"/><int name="y2" value="493"/><int name="prev" value="17"/><int name="next" value="20"/></imgdir><imgdir name="20"><int name="x1" value="-630"/><int name="y1" value="493"/><int name="x2" value="-565"/><int name="y2" value="493"/><int name="prev" value="19"/><int name="next" value="21"/></imgdir><imgdir name="21"><int name="x1" value="-565"/><int name="y1" value="493"/><int name="x2" value="-565"/><int name="y2" value="510"/><int name="prev" value="20"/><int name="next" value="22"/></imgdir><imgdir name="22"><int name="x1" value="-565"/><int name="y1" value="510"/><int name="x2" value="-565"/><int name="y2" value="553"/><int name="prev" value="21"/><int name="next" value="23"/></imgdir><imgdir name="23"><int name="x1" value="-565"/><int name="y1" value="553"/><int name="x2" value="-495"/><int name="y2" value="553"/><int name="prev" value="22"/><int name="next" value="1"/></imgdir><imgdir name="24"><int name="x1" value="900"/><int name="y1" value="510"/><int name="x2" value="900"/><int name="y2" value="493"/><int name="prev" value="18"/><int name="next" value="25"/></imgdir><imgdir name="25"><int name="x1" value="900"/><int name="y1" value="493"/><int name="x2" value="965"/><int name="y2" value="493"/><int name="prev" value="24"/><int name="next" value="26"/></imgdir><imgdir name="26"><int name="x1" value="965"/><int name="y1" value="493"/><int name="x2" value="965"/><int name="y2" value="510"/><int name="prev" value="25"/><int name="next" value="27"/></imgdir><imgdir name="27"><int name="x1" value="965"/><int name="y1" value="510"/><int name="x2" value="965"/><int name="y2" value="570"/><int name="prev" value="26"/><int name="next" value="0"/></imgdir></imgdir><imgdir name="7"><imgdir name="28"><int name="x1" value="-513"/><int name="y1" value="812"/><int name="x2" value="-134"/><int name="y2" value="812"/><int name="prev" value="0"/><int name="next" value="29"/></imgdir><imgdir name="29"><int name="x1" value="-134"/><int name="y1" value="812"/><int name="x2" value="-76"/><int name="y2" value="839"/><int name="prev" value="28"/><int name="next" value="30"/></imgdir><imgdir name="30"><int name="x1" value="-76"/><int name="y1" value="839"/><int name="x2" value="54"/><int name="y2" value="839"/><int name="prev" value="29"/><int name="next" value="31"/></imgdir><imgdir name="31"><int name="x1" value="54"/><int name="y1" value="839"/><int name="x2" value="118"/><int name="y2" value="812"/><int name="prev" value="30"/><int name="next" value="32"/></imgdir><imgdir name="32"><int name="x1" value="118"/><int name="y1" value="812"/><int name="x2" value="820"/><int name="y2" value="812"/><int name="prev" value="31"/><int name="next" value="0"/></imgdir></imgdir></imgdir><imgdir name="5"><imgdir name="0"><imgdir name="33"><int name="x1" value="90"/><int name="y1" value="923"/><int name="x2" value="180"/><int name="y2" value="923"/><int name="prev" value="37"/><int name="next" value="47"/></imgdir><imgdir name="34"><int name="x1" value="-1045"/><int name="y1" value="540"/><int name="x2" value="-1045"/><int name="y2" value="480"/><int name="prev" value="50"/><int name="next" value="39"/></imgdir><imgdir name="35"><int name="x1" value="-755"/><int name="y1" value="780"/><int name="x2" value="-755"/><int name="y2" value="840"/><int name="prev" value="53"/><int name="next" value="52"/></imgdir><imgdir name="36"><int name="x1" value="-1045"/><int name="y1" value="660"/><int name="x2" value="-1045"/><int name="y2" value="600"/><int name="prev" value="54"/><int name="next" value="50"/></imgdir><imgdir name="37"><int name="x1" value="0"/><int name="y1" value="923"/><int name="x2" value="90"/><int name="y2" value="923"/><int name="prev" value="46"/><int name="next" value="33"/></imgdir><imgdir name="38"><int name="x1" value="360"/><int name="y1" value="923"/><int name="x2" value="450"/><int name="y2" value="923"/><int name="prev" value="71"/><int name="next" value="40"/></imgdir><imgdir name="39"><int name="x1" value="-1045"/><int name="y1" value="480"/><int name="x2" value="-1045"/><int name="y2" value="420"/><int name="prev" value="34"/><int name="next" value="73"/></imgdir><imgdir name="40"><int name="x1" value="450"/><int name="y1" value="923"/><int name="x2" value="540"/><int name="y2" value="923"/><int name="prev" value="38"/><int name="next" value="64"/></imgdir><imgdir name="41"><int name="x1" value="-755"/><int name="y1" value="420"/><int name="x2" value="-755"/><int name="y2" value="480"/><int name="prev" value="72"/><int name="next" value="57"/></imgdir><imgdir name="42"><int name="x1" value="-755"/><int name="y1" value="900"/><int name="x2" value="-755"/><int name="y2" value="923"/><int name="prev" value="52"/><int name="next" value="68"/></imgdir><imgdir name="43"><int name="x1" value="-270"/><int name="y1" value="923"/><int name="x2" value="-180"/><int name="y2" value="923"/><int name="prev" value="59"/><int name="next" value="44"/></imgdir><imgdir name="44"><int name="x1" value="-180"/><int name="y1" value="923"/><int name="x2" value="-90"/><int name="y2" value="923"/><int name="prev" value="43"/><int name="next" value="46"/></imgdir><imgdir name="45"><int name="x1" value="810"/><int name="y1" value="923"/><int name="x2" value="900"/><int name="y2" value="923"/><int name="prev" value="67"/><int name="next" value="109"/></imgdir><imgdir name="46"><int name="x1" value="-90"/><int name="y1" value="923"/><int name="x2" value="0"/><int name="y2" value="923"/><int name="prev" value="44"/><int name="next" value="37"/></imgdir><imgdir name="47"><int name="x1" value="180"/><int name="y1" value="923"/><int name="x2" value="270"/><int name="y2" value="923"/><int name="prev" value="33"/><int name="next" value="71"/></imgdir><imgdir name="48"><int name="x1" value="-1045"/><int name="y1" value="1020"/><int name="x2" value="-1045"/><int name="y2" value="960"/><int name="prev" value="49"/><int name="next" value="62"/></imgdir><imgdir name="49"><int name="x1" value="-1045"/><int name="y1" value="1080"/><int name="x2" value="-1045"/><int name="y2" value="1020"/><int name="prev" value="0"/><int name="next" value="48"/></imgdir><imgdir name="50"><int name="x1" value="-1045"/><int name="y1" value="600"/><int name="x2" value="-1045"/><int name="y2" value="540"/><int name="prev" value="36"/><int name="next" value="34"/></imgdir><imgdir name="51"><int name="x1" value="-755"/><int name="y1" value="600"/><int name="x2" value="-755"/><int name="y2" value="660"/><int name="prev" value="58"/><int name="next" value="61"/></imgdir><imgdir name="52"><int name="x1" value="-755"/><int name="y1" value="840"/><int name="x2" value="-755"/><int name="y2" value="900"/><int name="prev" value="35"/><int name="next" value="42"/></imgdir><imgdir name="53"><int name="x1" value="-755"/><int name="y1" value="720"/><int name="x2" value="-755"/><int name="y2" value="780"/><int name="prev" value="61"/><int name="next" value="35"/></imgdir><imgdir name="54"><int name="x1" value="-1045"/><int name="y1" value="720"/><int name="x2" value="-1045"/><int name="y2" value="660"/><int name="prev" value="60"/><int name="next" value="36"/></imgdir><imgdir name="55"><int name="x1" value="-540"/><int name="y1" value="923"/><int name="x2" value="-450"/><int name="y2" value="923"/><int name="prev" value="56"/><int name="next" value="69"/></imgdir><imgdir name="56"><int name="x1" value="-630"/><int name="y1" value="923"/><int name="x2" value="-540"/><int name="y2" value="923"/><int name="prev" value="70"/><int name="next" value="55"/></imgdir><imgdir name="57"><int name="x1" value="-755"/><int name="y1" value="480"/><int name="x2" value="-755"/><int name="y2" value="540"/><int name="prev" value="41"/><int name="next" value="58"/></imgdir><imgdir name="58"><int name="x1" value="-755"/><int name="y1" value="540"/><int name="x2" value="-755"/><int name="y2" value="600"/><int name="prev" value="57"/><int name="next" value="51"/></imgdir><imgdir name="59"><int name="x1" value="-360"/><int name="y1" value="923"/><int name="x2" value="-270"/><int name="y2" value="923"/><int name="prev" value="69"/><int name="next" value="43"/></imgdir><imgdir name="60"><int name="x1" value="-1045"/><int name="y1" value="780"/><int name="x2" value="-1045"/><int name="y2" value="720"/><int name="prev" value="65"/><int name="next" value="54"/></imgdir><imgdir name="61"><int name="x1" value="-755"/><int name="y1" value="660"/><int name="x2" value="-755"/><int name="y2" value="720"/><int name="prev" value="51"/><int name="next" value="53"/></imgdir><imgdir name="62"><int name="x1" value="-1045"/><int name="y1" value="960"/><int name="x2" value="-1045"/><int name="y2" value="900"/><int name="prev" value="48"/><int name="next" value="66"/></imgdir><imgdir name="63"><int name="x1" value="630"/><int name="y1" value="923"/><int name="x2" value="720"/><int name="y2" value="923"/><int name="prev" value="64"/><int name="next" value="67"/></imgdir><imgdir name="64"><int name="x1" value="540"/><int name="y1" value="923"/><int name="x2" value="630"/><int name="y2" value="923"/><int name="prev" value="40"/><int name="next" value="63"/></imgdir><imgdir name="65"><int name="x1" value="-1045"/><int name="y1" value="840"/><int name="x2" value="-1045"/><int name="y2" value="780"/><int name="prev" value="66"/><int name="next" value="60"/></imgdir><imgdir name="66"><int name="x1" value="-1045"/><int name="y1" value="900"/><int name="x2" value="-1045"/><int name="y2" value="840"/><int name="prev" value="62"/><int name="next" value="65"/></imgdir><imgdir name="67"><int name="x1" value="720"/><int name="y1" value="923"/><int name="x2" value="810"/><int name="y2" value="923"/><int name="prev" value="63"/><int name="next" value="45"/></imgdir><imgdir name="68"><int name="x1" value="-755"/><int name="y1" value="923"/><int name="x2" value="-720"/><int name="y2" value="923"/><int name="prev" value="42"/><int name="next" value="70"/></imgdir><imgdir name="69"><int name="x1" value="-450"/><int name="y1" value="923"/><int name="x2" value="-360"/><int name="y2" value="923"/><int name="prev" value="55"/><int name="next" value="59"/></imgdir><imgdir name="70"><int name="x1" value="-720"/><int name="y1" value="923"/><int name="x2" value="-630"/><int name="y2" value="923"/><int name="prev" value="68"/><int name="next" value="56"/></imgdir><imgdir name="71"><int name="x1" value="270"/><int name="y1" value="923"/><int name="x2" value="360"/><int name="y2" value="923"/><int name="prev" value="47"/><int name="next" value="38"/></imgdir><imgdir name="72"><int name="x1" value="-755"/><int name="y1" value="360"/><int name="x2" value="-755"/><int name="y2" value="420"/><int name="prev" value="0"/><int name="next" value="41"/></imgdir><imgdir name="73"><int name="x1" value="-1045"/><int name="y1" value="420"/><int name="x2" value="-1045"/><int name="y2" value="360"/><int name="prev" value="39"/><int name="next" value="75"/></imgdir><imgdir name="74"><int name="x1" value="-180"/><int name="y1" value="203"/><int name="x2" value="-90"/><int name="y2" value="203"/><int name="prev" value="88"/><int name="next" value="86"/></imgdir><imgdir name="75"><int name="x1" value="-1045"/><int name="y1" value="360"/><int name="x2" value="-1045"/><int name="y2" value="300"/><int name="prev" value="73"/><int name="next" value="76"/></imgdir><imgdir name="76"><int name="x1" value="-1045"/><int name="y1" value="300"/><int name="x2" value="-1045"/><int name="y2" value="240"/><int name="prev" value="75"/><int name="next" value="77"/></imgdir><imgdir name="77"><int name="x1" value="-1045"/><int name="y1" value="240"/><int name="x2" value="-1045"/><int name="y2" value="203"/><int name="prev" value="76"/><int name="next" value="78"/></imgdir><imgdir name="78"><int name="x1" value="-1045"/><int name="y1" value="203"/><int name="x2" value="-935"/><int name="y2" value="203"/><int name="prev" value="77"/><int name="next" value="80"/></imgdir><imgdir name="79"><int name="x1" value="-900"/><int name="y1" value="203"/><int name="x2" value="-810"/><int name="y2" value="203"/><int name="prev" value="80"/><int name="next" value="82"/></imgdir><imgdir name="80"><int name="x1" value="-935"/><int name="y1" value="203"/><int name="x2" value="-900"/><int name="y2" value="203"/><int name="prev" value="78"/><int name="next" value="79"/></imgdir><imgdir name="81"><int name="x1" value="-720"/><int name="y1" value="203"/><int name="x2" value="-630"/><int name="y2" value="203"/><int name="prev" value="82"/><int name="next" value="85"/></imgdir><imgdir name="82"><int name="x1" value="-810"/><int name="y1" value="203"/><int name="x2" value="-720"/><int name="y2" value="203"/><int name="prev" value="79"/><int name="next" value="81"/></imgdir><imgdir name="83"><int name="x1" value="-540"/><int name="y1" value="203"/><int name="x2" value="-450"/><int name="y2" value="203"/><int name="prev" value="85"/><int name="next" value="84"/></imgdir><imgdir name="84"><int name="x1" value="-450"/><int name="y1" value="203"/><int name="x2" value="-360"/><int name="y2" value="203"/><int name="prev" value="83"/><int name="next" value="87"/></imgdir><imgdir name="85"><int name="x1" value="-630"/><int name="y1" value="203"/><int name="x2" value="-540"/><int name="y2" value="203"/><int name="prev" value="81"/><int name="next" value="83"/></imgdir><imgdir name="86"><int name="x1" value="-90"/><int name="y1" value="203"/><int name="x2" value="0"/><int name="y2" value="203"/><int name="prev" value="74"/><int name="next" value="90"/></imgdir><imgdir name="87"><int name="x1" value="-360"/><int name="y1" value="203"/><int name="x2" value="-270"/><int name="y2" value="203"/><int name="prev" value="84"/><int name="next" value="88"/></imgdir><imgdir name="88"><int name="x1" value="-270"/><int name="y1" value="203"/><int name="x2" value="-180"/><int name="y2" value="203"/><int name="prev" value="87"/><int name="next" value="74"/></imgdir><imgdir name="89"><int name="x1" value="180"/><int name="y1" value="203"/><int name="x2" value="270"/><int name="y2" value="203"/><int name="prev" value="91"/><int name="next" value="98"/></imgdir><imgdir name="90"><int name="x1" value="0"/><int name="y1" value="203"/><int name="x2" value="90"/><int name="y2" value="203"/><int name="prev" value="86"/><int name="next" value="91"/></imgdir><imgdir name="91"><int name="x1" value="90"/><int name="y1" value="203"/><int name="x2" value="180"/><int name="y2" value="203"/><int name="prev" value="90"/><int name="next" value="89"/></imgdir><imgdir name="92"><int name="x1" value="360"/><int name="y1" value="203"/><int name="x2" value="450"/><int name="y2" value="203"/><int name="prev" value="98"/><int name="next" value="97"/></imgdir><imgdir name="93"><int name="x1" value="720"/><int name="y1" value="203"/><int name="x2" value="810"/><int name="y2" value="203"/><int name="prev" value="94"/><int name="next" value="95"/></imgdir><imgdir name="94"><int name="x1" value="630"/><int name="y1" value="203"/><int name="x2" value="720"/><int name="y2" value="203"/><int name="prev" value="96"/><int name="next" value="93"/></imgdir><imgdir name="95"><int name="x1" value="810"/><int name="y1" value="203"/><int name="x2" value="900"/><int name="y2" value="203"/><int name="prev" value="93"/><int name="next" value="100"/></imgdir><imgdir name="96"><int name="x1" value="540"/><int name="y1" value="203"/><int name="x2" value="630"/><int name="y2" value="203"/><int name="prev" value="97"/><int name="next" value="94"/></imgdir><imgdir name="97"><int name="x1" value="450"/><int name="y1" value="203"/><int name="x2" value="540"/><int name="y2" value="203"/><int name="prev" value="92"/><int name="next" value="96"/></imgdir><imgdir name="98"><int name="x1" value="270"/><int name="y1" value="203"/><int name="x2" value="360"/><int name="y2" value="203"/><int name="prev" value="89"/><int name="next" value="92"/></imgdir><imgdir name="99"><int name="x1" value="990"/><int name="y1" value="203"/><int name="x2" value="1080"/><int name="y2" value="203"/><int name="prev" value="100"/><int name="next" value="102"/></imgdir><imgdir name="100"><int name="x1" value="900"/><int name="y1" value="203"/><int name="x2" value="990"/><int name="y2" value="203"/><int name="prev" value="95"/><int name="next" value="99"/></imgdir><imgdir name="101"><int name="x1" value="1025"/><int name="y1" value="540"/><int name="x2" value="1025"/><int name="y2" value="480"/><int name="prev" value="110"/><int name="next" value="115"/></imgdir><imgdir name="102"><int name="x1" value="1080"/><int name="y1" value="203"/><int name="x2" value="1170"/><int name="y2" value="203"/><int name="prev" value="99"/><int name="next" value="103"/></imgdir><imgdir name="103"><int name="x1" value="1170"/><int name="y1" value="203"/><int name="x2" value="1205"/><int name="y2" value="203"/><int name="prev" value="102"/><int name="next" value="106"/></imgdir><imgdir name="104"><int name="x1" value="1315"/><int name="y1" value="480"/><int name="x2" value="1315"/><int name="y2" value="540"/><int name="prev" value="130"/><int name="next" value="128"/></imgdir><imgdir name="105"><int name="x1" value="1315"/><int name="y1" value="240"/><int name="x2" value="1315"/><int name="y2" value="300"/><int name="prev" value="108"/><int name="next" value="131"/></imgdir><imgdir name="106"><int name="x1" value="1205"/><int name="y1" value="203"/><int name="x2" value="1260"/><int name="y2" value="203"/><int name="prev" value="103"/><int name="next" value="107"/></imgdir><imgdir name="107"><int name="x1" value="1260"/><int name="y1" value="203"/><int name="x2" value="1315"/><int name="y2" value="203"/><int name="prev" value="106"/><int name="next" value="108"/></imgdir><imgdir name="108"><int name="x1" value="1315"/><int name="y1" value="203"/><int name="x2" value="1315"/><int name="y2" value="240"/><int name="prev" value="107"/><int name="next" value="105"/></imgdir><imgdir name="109"><int name="x1" value="900"/><int name="y1" value="923"/><int name="x2" value="990"/><int name="y2" value="923"/><int name="prev" value="45"/><int name="next" value="112"/></imgdir><imgdir name="110"><int name="x1" value="1025"/><int name="y1" value="600"/><int name="x2" value="1025"/><int name="y2" value="540"/><int name="prev" value="118"/><int name="next" value="101"/></imgdir><imgdir name="111"><int name="x1" value="1025"/><int name="y1" value="720"/><int name="x2" value="1025"/><int name="y2" value="660"/><int name="prev" value="117"/><int name="next" value="118"/></imgdir><imgdir name="112"><int name="x1" value="990"/><int name="y1" value="923"/><int name="x2" value="1025"/><int name="y2" value="923"/><int name="prev" value="109"/><int name="next" value="113"/></imgdir><imgdir name="113"><int name="x1" value="1025"/><int name="y1" value="923"/><int name="x2" value="1025"/><int name="y2" value="900"/><int name="prev" value="112"/><int name="next" value="116"/></imgdir><imgdir name="114"><int name="x1" value="1025"/><int name="y1" value="840"/><int name="x2" value="1025"/><int name="y2" value="780"/><int name="prev" value="116"/><int name="next" value="117"/></imgdir><imgdir name="115"><int name="x1" value="1025"/><int name="y1" value="480"/><int name="x2" value="1025"/><int name="y2" value="420"/><int name="prev" value="101"/><int name="next" value="119"/></imgdir><imgdir name="116"><int name="x1" value="1025"/><int name="y1" value="900"/><int name="x2" value="1025"/><int name="y2" value="840"/><int name="prev" value="113"/><int name="next" value="114"/></imgdir><imgdir name="117"><int name="x1" value="1025"/><int name="y1" value="780"/><int name="x2" value="1025"/><int name="y2" value="720"/><int name="prev" value="114"/><int name="next" value="111"/></imgdir><imgdir name="118"><int name="x1" value="1025"/><int name="y1" value="660"/><int name="x2" value="1025"/><int name="y2" value="600"/><int name="prev" value="111"/><int name="next" value="110"/></imgdir><imgdir name="119"><int name="x1" value="1025"/><int name="y1" value="420"/><int name="x2" value="1025"/><int name="y2" value="360"/><int name="prev" value="115"/><int name="next" value="0"/></imgdir><imgdir name="120"><int name="x1" value="1315"/><int name="y1" value="780"/><int name="x2" value="1315"/><int name="y2" value="840"/><int name="prev" value="126"/><int name="next" value="124"/></imgdir><imgdir name="121"><int name="x1" value="1315"/><int name="y1" value="960"/><int name="x2" value="1315"/><int name="y2" value="1020"/><int name="prev" value="123"/><int name="next" value="122"/></imgdir><imgdir name="122"><int name="x1" value="1315"/><int name="y1" value="1020"/><int name="x2" value="1315"/><int name="y2" value="1080"/><int name="prev" value="121"/><int name="next" value="0"/></imgdir><imgdir name="123"><int name="x1" value="1315"/><int name="y1" value="900"/><int name="x2" value="1315"/><int name="y2" value="960"/><int name="prev" value="124"/><int name="next" value="121"/></imgdir><imgdir name="124"><int name="x1" value="1315"/><int name="y1" value="840"/><int name="x2" value="1315"/><int name="y2" value="900"/><int name="prev" value="120"/><int name="next" value="123"/></imgdir><imgdir name="125"><int name="x1" value="1315"/><int name="y1" value="660"/><int name="x2" value="1315"/><int name="y2" value="720"/><int name="prev" value="127"/><int name="next" value="126"/></imgdir><imgdir name="126"><int name="x1" value="1315"/><int name="y1" value="720"/><int name="x2" value="1315"/><int name="y2" value="780"/><int name="prev" value="125"/><int name="next" value="120"/></imgdir><imgdir name="127"><int name="x1" value="1315"/><int name="y1" value="600"/><int name="x2" value="1315"/><int name="y2" value="660"/><int name="prev" value="128"/><int name="next" value="125"/></imgdir><imgdir name="128"><int name="x1" value="1315"/><int name="y1" value="540"/><int name="x2" value="1315"/><int name="y2" value="600"/><int name="prev" value="104"/><int name="next" value="127"/></imgdir><imgdir name="129"><int name="x1" value="1315"/><int name="y1" value="360"/><int name="x2" value="1315"/><int name="y2" value="420"/><int name="prev" value="131"/><int name="next" value="130"/></imgdir><imgdir name="130"><int name="x1" value="1315"/><int name="y1" value="420"/><int name="x2" value="1315"/><int name="y2" value="480"/><int name="prev" value="129"/><int name="next" value="104"/></imgdir><imgdir name="131"><int name="x1" value="1315"/><int name="y1" value="300"/><int name="x2" value="1315"/><int name="y2" value="360"/><int name="prev" value="105"/><int name="next" value="129"/></imgdir></imgdir></imgdir></imgdir><imgdir name="ladderRope"><imgdir name="1"><int name="l" value="1"/><int name="uf" value="1"/><int name="x" value="313"/><int name="y1" value="555"/><int name="y2" value="667"/><int name="page" value="3"/></imgdir></imgdir><imgdir name="miniMap"><canvas name="canvas" width="154" height="71"></canvas><int name="width" value="2476"/><int name="height" value="1138"/><int name="centerX" value="1102"/><int name="centerY" value="-46"/><int name="mag" value="4"/></imgdir><imgdir name="portal"><imgdir name="0"><string name="pn" value="sp"/><int name="pt" value="0"/><int name="x" value="-586"/><int name="y" value="773"/><int name="tm" value="999999999"/><string name="tn" value=""/></imgdir><imgdir name="1"><string name="pn" value="st00"/><int name="pt" value="1"/><int name="x" value="253"/><int name="y" value="921"/><int name="tm" value="999999999"/><string name="tn" value=""/></imgdir><imgdir name="2"><string name="pn" value="h002"/><int name="pt" value="1"/><int name="x" value="-368"/><int name="y" value="550"/><int name="tm" value="999999999"/><string name="tn" value=""/></imgdir><imgdir name="3"><string name="pn" value="h001"/><int name="pt" value="3"/><int name="x" value="-740"/><int name="y" value="922"/><int name="tm" value="103000902"/><string name="tn" value="h002"/></imgdir><imgdir name="4"><string name="pn" value="h003"/><int name="pt" value="3"/><int name="x" value="1024"/><int name="y" value="926"/><int name="tm" value="103000902"/><string name="tn" value="h002"/></imgdir></imgdir></imgdir>