<?xml version="1.0" encoding="UTF-8" standalone="yes"?><imgdir name="103000803.img"><imgdir name="info"><int name="version" value="10"/><int name="cloud" value="0"/><int name="town" value="0"/><int name="returnMap" value="103000890"/><int name="forcedReturn" value="103000890"/><float name="mobRate" value="1.0"/><string name="bgm" value="Bgm00/SleepyWood"/><string name="mapMark" value="KerningParty"/><int name="hideMinimap" value="0"/><int name="fieldLimit" value="270460"/><int name="swim" value="0"/></imgdir><imgdir name="back"><imgdir name="0"><string name="bS" value="darkWood"/><int name="front" value="0"/><int name="ani" value="0"/><int name="no" value="0"/><int name="x" value="0"/><int name="y" value="0"/><int name="rx" value="-5"/><int name="ry" value="-5"/><int name="type" value="3"/><int name="cx" value="0"/><int name="cy" value="0"/><int name="a" value="255"/><int name="f" value="0"/></imgdir><imgdir name="1"><string name="bS" value="darkWood"/><int name="front" value="0"/><int name="ani" value="0"/><int name="no" value="1"/><int name="x" value="-23"/><int name="y" value="1"/><int name="rx" value="-10"/><int name="ry" value="-10"/><int name="type" value="3"/><int name="cx" value="0"/><int name="cy" value="0"/><int name="a" value="255"/><int name="f" value="0"/></imgdir><imgdir name="2"><string name="bS" value="darkWood"/><int name="front" value="0"/><int name="ani" value="0"/><int name="no" value="2"/><int name="x" value="-130"/><int name="y" value="69"/><int name="rx" value="-15"/><int name="ry" value="-15"/><int name="type" value="3"/><int name="cx" value="350"/><int name="cy" value="0"/><int name="a" value="255"/><int name="f" value="0"/></imgdir><imgdir name="3"><string name="bS" value="darkWood"/><int name="front" value="0"/><int name="ani" value="0"/><int name="no" value="6"/><int name="x" value="-222"/><int name="y" value="-10"/><int name="rx" value="-20"/><int name="ry" value="-20"/><int name="type" value="3"/><int name="cx" value="300"/><int name="cy" value="0"/><int name="a" value="255"/><int name="f" value="0"/></imgdir><imgdir name="4"><string name="bS" value="darkWood"/><int name="front" value="0"/><int name="ani" value="0"/><int name="no" value="5"/><int name="x" value="-153"/><int name="y" value="-42"/><int name="rx" value="-30"/><int name="ry" value="-30"/><int name="type" value="3"/><int name="cx" value="450"/><int name="cy" value="0"/><int name="a" value="255"/><int name="f" value="0"/></imgdir></imgdir><imgdir name="life"><imgdir name="0"><string name="type" value="n"/><string name="id" value="9020002"/><int name="x" value="464"/><int name="y" value="519"/><int name="mobTime" value="0"/><int name="f" value="1"/><int name="fh" value="101"/><int name="cy" value="525"/><int name="rx0" value="414"/><int name="rx1" value="514"/></imgdir><imgdir name="1"><string name="type" value="n"/><string name="id" value="9020001"/><int name="x" value="1147"/><int name="y" value="-81"/><int name="mobTime" value="0"/><int name="f" value="0"/><int name="fh" value="6"/><int name="cy" value="-75"/><int name="rx0" value="1097"/><int name="rx1" value="1197"/></imgdir></imgdir><imgdir name="0"><imgdir name="info"></imgdir><imgdir name="tile"></imgdir><imgdir name="obj"></imgdir></imgdir><imgdir name="1"><imgdir name="info"></imgdir><imgdir name="tile"></imgdir><imgdir name="obj"><imgdir name="0"><string name="oS" value="acc1"/><string name="l0" value="grassySoil"/><string name="l1" value="artificiality"/><string name="l2" value="10"/><int name="x" value="997"/><int name="y" value="-104"/><int name="z" value="3"/><int name="f" value="0"/><int name="zM" value="6"/></imgdir><imgdir name="1"><string name="oS" value="acc1"/><string name="l0" value="grassySoil"/><string name="l1" value="artificiality"/><string name="l2" value="10"/><int name="x" value="964"/><int name="y" value="-156"/><int name="z" value="3"/><int name="f" value="0"/><int name="zM" value="7"/></imgdir><imgdir name="2"><string name="oS" value="acc1"/><string name="l0" value="grassySoil"/><string name="l1" value="artificiality"/><string name="l2" value="10"/><int name="x" value="929"/><int name="y" value="-104"/><int name="z" value="3"/><int name="f" value="0"/><int name="zM" value="4"/></imgdir><imgdir name="3"><string name="oS" value="acc1"/><string name="l0" value="grassySoil"/><string name="l1" value="artificiality"/><string name="l2" value="10"/><int name="x" value="895"/><int name="y" value="-156"/><int name="z" value="3"/><int name="f" value="0"/><int name="zM" value="8"/></imgdir><imgdir name="4"><string name="oS" value="acc1"/><string name="l0" value="grassySoil"/><string name="l1" value="artificiality"/><string name="l2" value="10"/><int name="x" value="862"/><int name="y" value="-104"/><int name="z" value="3"/><int name="f" value="0"/><int name="zM" value="5"/></imgdir><imgdir name="5"><string name="oS" value="acc1"/><string name="l0" value="grassySoil"/><string name="l1" value="artificiality"/><string name="l2" value="10"/><int name="x" value="929"/><int name="y" value="-208"/><int name="z" value="3"/><int name="f" value="0"/><int name="zM" value="9"/></imgdir><imgdir name="7"><string name="oS" value="acc1"/><string name="l0" value="darkWood"/><string name="l1" value="artificiality"/><string name="l2" value="3"/><int name="x" value="1344"/><int name="y" value="-124"/><int name="z" value="4"/><int name="f" value="0"/><int name="zM" value="3"/></imgdir><imgdir name="8"><string name="oS" value="effect"/><string name="l0" value="quest"/><string name="l1" value="gate"/><string name="l2" value="2"/><int name="x" value="1363"/><int name="y" value="-237"/><int name="z" value="2"/><int name="f" value="0"/><int name="zM" value="3"/></imgdir><imgdir name="6"><string name="oS" value="effect"/><string name="l0" value="quest"/><string name="l1" value="gate"/><string name="l2" value="3"/><int name="x" value="1356"/><int name="y" value="-236"/><int name="z" value="3"/><int name="f" value="0"/><int name="zM" value="3"/><string name="name" value="gate"/></imgdir><imgdir name="9"><string name="oS" value="guide"/><string name="l0" value="darkWood"/><string name="l1" value="number"/><string name="l2" value="0"/><int name="x" value="921"/><int name="y" value="-210"/><int name="z" value="4"/><int name="f" value="0"/><int name="zM" value="0"/></imgdir><imgdir name="10"><string name="oS" value="guide"/><string name="l0" value="darkWood"/><string name="l1" value="number"/><string name="l2" value="1"/><int name="x" value="888"/><int name="y" value="-157"/><int name="z" value="4"/><int name="f" value="0"/><int name="zM" value="0"/></imgdir><imgdir name="11"><string name="oS" value="guide"/><string name="l0" value="darkWood"/><string name="l1" value="number"/><string name="l2" value="2"/><int name="x" value="958"/><int name="y" value="-158"/><int name="z" value="4"/><int name="f" value="0"/><int name="zM" value="0"/></imgdir><imgdir name="12"><string name="oS" value="guide"/><string name="l0" value="darkWood"/><string name="l1" value="number"/><string name="l2" value="3"/><int name="x" value="854"/><int name="y" value="-105"/><int name="z" value="4"/><int name="f" value="0"/><int name="zM" value="0"/></imgdir><imgdir name="13"><string name="oS" value="guide"/><string name="l0" value="darkWood"/><string name="l1" value="number"/><string name="l2" value="4"/><int name="x" value="920"/><int name="y" value="-106"/><int name="z" value="4"/><int name="f" value="0"/><int name="zM" value="0"/></imgdir><imgdir name="14"><string name="oS" value="guide"/><string name="l0" value="darkWood"/><string name="l1" value="number"/><string name="l2" value="5"/><int name="x" value="988"/><int name="y" value="-106"/><int name="z" value="4"/><int name="f" value="0"/><int name="zM" value="0"/></imgdir></imgdir></imgdir><imgdir name="2"><imgdir name="info"></imgdir><imgdir name="tile"></imgdir><imgdir name="obj"></imgdir></imgdir><imgdir name="3"><imgdir name="info"><string name="tS" value="darkWood"/><int name="tSMag" value="1"/></imgdir><imgdir name="tile"><imgdir name="41"><int name="x" value="1530"/><int name="y" value="60"/><string name="u" value="enV1"/><int name="no" value="0"/><int name="zM" value="2"/></imgdir><imgdir name="6"><int name="x" value="1530"/><int name="y" value="-60"/><string name="u" value="enV1"/><int name="no" value="0"/><int name="zM" value="2"/></imgdir><imgdir name="43"><int name="x" value="1170"/><int name="y" value="-60"/><string name="u" value="bsc"/><int name="no" value="1"/><int name="zM" value="2"/></imgdir><imgdir name="26"><int name="x" value="1260"/><int name="y" value="-60"/><string name="u" value="enH0"/><int name="no" value="0"/><int name="zM" value="2"/></imgdir><imgdir name="0"><int name="x" value="1080"/><int name="y" value="-60"/><string name="u" value="bsc"/><int name="no" value="2"/><int name="zM" value="2"/></imgdir><imgdir name="7"><int name="x" value="1170"/><int name="y" value="-60"/><string name="u" value="enH0"/><int name="no" value="0"/><int name="zM" value="2"/></imgdir><imgdir name="13"><int name="x" value="1440"/><int name="y" value="-60"/><string name="u" value="bsc"/><int name="no" value="0"/><int name="zM" value="2"/></imgdir><imgdir name="14"><int name="x" value="1170"/><int name="y" value="0"/><string name="u" value="bsc"/><int name="no" value="0"/><int name="zM" value="2"/></imgdir><imgdir name="11"><int name="x" value="1350"/><int name="y" value="-60"/><string name="u" value="enH0"/><int name="no" value="0"/><int name="zM" value="2"/></imgdir><imgdir name="27"><int name="x" value="1080"/><int name="y" value="0"/><string name="u" value="bsc"/><int name="no" value="2"/><int name="zM" value="2"/></imgdir><imgdir name="12"><int name="x" value="990"/><int name="y" value="0"/><string name="u" value="bsc"/><int name="no" value="1"/><int name="zM" value="2"/></imgdir><imgdir name="28"><int name="x" value="1440"/><int name="y" value="-60"/><string name="u" value="enH0"/><int name="no" value="0"/><int name="zM" value="2"/></imgdir><imgdir name="9"><int name="x" value="990"/><int name="y" value="60"/><string name="u" value="bsc"/><int name="no" value="2"/><int name="zM" value="2"/></imgdir><imgdir name="19"><int name="x" value="1080"/><int name="y" value="60"/><string name="u" value="bsc"/><int name="no" value="2"/><int name="zM" value="2"/></imgdir><imgdir name="37"><int name="x" value="1260"/><int name="y" value="60"/><string name="u" value="bsc"/><int name="no" value="2"/><int name="zM" value="2"/></imgdir><imgdir name="38"><int name="x" value="1350"/><int name="y" value="60"/><string name="u" value="bsc"/><int name="no" value="0"/><int name="zM" value="2"/></imgdir><imgdir name="39"><int name="x" value="1170"/><int name="y" value="60"/><string name="u" value="bsc"/><int name="no" value="1"/><int name="zM" value="2"/></imgdir><imgdir name="34"><int name="x" value="1350"/><int name="y" value="-60"/><string name="u" value="bsc"/><int name="no" value="0"/><int name="zM" value="2"/></imgdir><imgdir name="35"><int name="x" value="1260"/><int name="y" value="-60"/><string name="u" value="bsc"/><int name="no" value="2"/><int name="zM" value="2"/></imgdir><imgdir name="18"><int name="x" value="1440"/><int name="y" value="60"/><string name="u" value="bsc"/><int name="no" value="2"/><int name="zM" value="2"/></imgdir><imgdir name="22"><int name="x" value="1260"/><int name="y" value="0"/><string name="u" value="bsc"/><int name="no" value="0"/><int name="zM" value="2"/></imgdir><imgdir name="20"><int name="x" value="1530"/><int name="y" value="-60"/><string name="u" value="edU"/><int name="no" value="0"/><int name="zM" value="2"/></imgdir><imgdir name="21"><int name="x" value="900"/><int name="y" value="60"/><string name="u" value="bsc"/><int name="no" value="0"/><int name="zM" value="2"/></imgdir><imgdir name="33"><int name="x" value="1440"/><int name="y" value="0"/><string name="u" value="bsc"/><int name="no" value="2"/><int name="zM" value="2"/></imgdir><imgdir name="32"><int name="x" value="1350"/><int name="y" value="0"/><string name="u" value="bsc"/><int name="no" value="2"/><int name="zM" value="2"/></imgdir><imgdir name="16"><int name="x" value="1080"/><int name="y" value="-60"/><string name="u" value="enH0"/><int name="no" value="0"/><int name="zM" value="2"/></imgdir><imgdir name="17"><int name="x" value="1530"/><int name="y" value="0"/><string name="u" value="enV1"/><int name="no" value="0"/><int name="zM" value="2"/></imgdir><imgdir name="10"><int name="x" value="990"/><int name="y" value="-60"/><string name="u" value="bsc"/><int name="no" value="1"/><int name="zM" value="2"/></imgdir><imgdir name="29"><int name="x" value="990"/><int name="y" value="-60"/><string name="u" value="enH0"/><int name="no" value="0"/><int name="zM" value="2"/></imgdir><imgdir name="36"><int name="x" value="900"/><int name="y" value="-60"/><string name="u" value="bsc"/><int name="no" value="2"/><int name="zM" value="2"/></imgdir><imgdir name="45"><int name="x" value="900"/><int name="y" value="-60"/><string name="u" value="enH0"/><int name="no" value="0"/><int name="zM" value="2"/></imgdir><imgdir name="48"><int name="x" value="900"/><int name="y" value="0"/><string name="u" value="bsc"/><int name="no" value="2"/><int name="zM" value="2"/></imgdir><imgdir name="44"><int name="x" value="810"/><int name="y" value="-60"/><string name="u" value="bsc"/><int name="no" value="2"/><int name="zM" value="2"/></imgdir><imgdir name="4"><int name="x" value="810"/><int name="y" value="-60"/><string name="u" value="enH0"/><int name="no" value="0"/><int name="zM" value="2"/></imgdir><imgdir name="46"><int name="x" value="720"/><int name="y" value="-60"/><string name="u" value="enV0"/><int name="no" value="0"/><int name="zM" value="2"/></imgdir><imgdir name="50"><int name="x" value="720"/><int name="y" value="-60"/><string name="u" value="bsc"/><int name="no" value="2"/><int name="zM" value="2"/></imgdir><imgdir name="51"><int name="x" value="720"/><int name="y" value="-60"/><string name="u" value="edU"/><int name="no" value="0"/><int name="zM" value="2"/></imgdir><imgdir name="49"><int name="x" value="720"/><int name="y" value="-60"/><string name="u" value="enH0"/><int name="no" value="0"/><int name="zM" value="2"/></imgdir><imgdir name="52"><int name="x" value="630"/><int name="y" value="0"/><string name="u" value="edU"/><int name="no" value="0"/><int name="zM" value="2"/></imgdir><imgdir name="54"><int name="x" value="630"/><int name="y" value="0"/><string name="u" value="enH0"/><int name="no" value="0"/><int name="zM" value="2"/></imgdir><imgdir name="47"><int name="x" value="630"/><int name="y" value="0"/><string name="u" value="bsc"/><int name="no" value="2"/><int name="zM" value="2"/></imgdir><imgdir name="57"><int name="x" value="630"/><int name="y" value="0"/><string name="u" value="enV0"/><int name="no" value="0"/><int name="zM" value="2"/></imgdir><imgdir name="59"><int name="x" value="540"/><int name="y" value="60"/><string name="u" value="edU"/><int name="no" value="0"/><int name="zM" value="2"/></imgdir><imgdir name="61"><int name="x" value="540"/><int name="y" value="60"/><string name="u" value="enH0"/><int name="no" value="0"/><int name="zM" value="2"/></imgdir><imgdir name="56"><int name="x" value="540"/><int name="y" value="60"/><string name="u" value="bsc"/><int name="no" value="1"/><int name="zM" value="2"/></imgdir><imgdir name="60"><int name="x" value="540"/><int name="y" value="60"/><string name="u" value="enV0"/><int name="no" value="0"/><int name="zM" value="2"/></imgdir><imgdir name="24"><int name="x" value="810"/><int name="y" value="60"/><string name="u" value="bsc"/><int name="no" value="0"/><int name="zM" value="2"/></imgdir><imgdir name="53"><int name="x" value="630"/><int name="y" value="60"/><string name="u" value="bsc"/><int name="no" value="0"/><int name="zM" value="2"/></imgdir><imgdir name="62"><int name="x" value="720"/><int name="y" value="60"/><string name="u" value="bsc"/><int name="no" value="1"/><int name="zM" value="2"/></imgdir><imgdir name="42"><int name="x" value="810"/><int name="y" value="0"/><string name="u" value="bsc"/><int name="no" value="1"/><int name="zM" value="2"/></imgdir><imgdir name="15"><int name="x" value="720"/><int name="y" value="0"/><string name="u" value="bsc"/><int name="no" value="0"/><int name="zM" value="2"/></imgdir><imgdir name="69"><int name="x" value="1530"/><int name="y" value="360"/><string name="u" value="edD"/><int name="no" value="0"/><int name="zM" value="2"/></imgdir><imgdir name="67"><int name="x" value="1530"/><int name="y" value="240"/><string name="u" value="enV1"/><int name="no" value="0"/><int name="zM" value="2"/></imgdir><imgdir name="1"><int name="x" value="1530"/><int name="y" value="120"/><string name="u" value="enV1"/><int name="no" value="0"/><int name="zM" value="2"/></imgdir><imgdir name="65"><int name="x" value="1530"/><int name="y" value="180"/><string name="u" value="enV1"/><int name="no" value="0"/><int name="zM" value="2"/></imgdir><imgdir name="71"><int name="x" value="1530"/><int name="y" value="300"/><string name="u" value="enV1"/><int name="no" value="0"/><int name="zM" value="2"/></imgdir><imgdir name="83"><int name="x" value="1080"/><int name="y" value="360"/><string name="u" value="enH1"/><int name="no" value="0"/><int name="zM" value="2"/></imgdir><imgdir name="78"><int name="x" value="1170"/><int name="y" value="360"/><string name="u" value="enH1"/><int name="no" value="0"/><int name="zM" value="2"/></imgdir><imgdir name="76"><int name="x" value="1260"/><int name="y" value="360"/><string name="u" value="enH1"/><int name="no" value="0"/><int name="zM" value="2"/></imgdir><imgdir name="74"><int name="x" value="1350"/><int name="y" value="360"/><string name="u" value="enH1"/><int name="no" value="0"/><int name="zM" value="2"/></imgdir><imgdir name="72"><int name="x" value="1440"/><int name="y" value="360"/><string name="u" value="enH1"/><int name="no" value="0"/><int name="zM" value="2"/></imgdir><imgdir name="85"><int name="x" value="1080"/><int name="y" value="300"/><string name="u" value="bsc"/><int name="no" value="0"/><int name="zM" value="2"/></imgdir><imgdir name="25"><int name="x" value="1080"/><int name="y" value="120"/><string name="u" value="bsc"/><int name="no" value="1"/><int name="zM" value="2"/></imgdir><imgdir name="88"><int name="x" value="1080"/><int name="y" value="180"/><string name="u" value="bsc"/><int name="no" value="0"/><int name="zM" value="2"/></imgdir><imgdir name="92"><int name="x" value="1080"/><int name="y" value="240"/><string name="u" value="bsc"/><int name="no" value="1"/><int name="zM" value="2"/></imgdir><imgdir name="82"><int name="x" value="1170"/><int name="y" value="300"/><string name="u" value="bsc"/><int name="no" value="1"/><int name="zM" value="2"/></imgdir><imgdir name="87"><int name="x" value="1170"/><int name="y" value="240"/><string name="u" value="bsc"/><int name="no" value="1"/><int name="zM" value="2"/></imgdir><imgdir name="5"><int name="x" value="1170"/><int name="y" value="120"/><string name="u" value="bsc"/><int name="no" value="0"/><int name="zM" value="2"/></imgdir><imgdir name="89"><int name="x" value="1170"/><int name="y" value="180"/><string name="u" value="bsc"/><int name="no" value="1"/><int name="zM" value="2"/></imgdir><imgdir name="91"><int name="x" value="1260"/><int name="y" value="180"/><string name="u" value="bsc"/><int name="no" value="2"/><int name="zM" value="2"/></imgdir><imgdir name="8"><int name="x" value="1260"/><int name="y" value="120"/><string name="u" value="bsc"/><int name="no" value="0"/><int name="zM" value="2"/></imgdir><imgdir name="79"><int name="x" value="1260"/><int name="y" value="300"/><string name="u" value="bsc"/><int name="no" value="0"/><int name="zM" value="2"/></imgdir><imgdir name="73"><int name="x" value="1350"/><int name="y" value="300"/><string name="u" value="bsc"/><int name="no" value="0"/><int name="zM" value="2"/></imgdir><imgdir name="75"><int name="x" value="1440"/><int name="y" value="180"/><string name="u" value="bsc"/><int name="no" value="1"/><int name="zM" value="2"/></imgdir><imgdir name="66"><int name="x" value="1440"/><int name="y" value="300"/><string name="u" value="bsc"/><int name="no" value="2"/><int name="zM" value="2"/></imgdir><imgdir name="3"><int name="x" value="1440"/><int name="y" value="120"/><string name="u" value="bsc"/><int name="no" value="0"/><int name="zM" value="2"/></imgdir><imgdir name="64"><int name="x" value="1440"/><int name="y" value="240"/><string name="u" value="bsc"/><int name="no" value="1"/><int name="zM" value="2"/></imgdir><imgdir name="68"><int name="x" value="1350"/><int name="y" value="180"/><string name="u" value="bsc"/><int name="no" value="0"/><int name="zM" value="2"/></imgdir><imgdir name="2"><int name="x" value="1350"/><int name="y" value="120"/><string name="u" value="bsc"/><int name="no" value="0"/><int name="zM" value="2"/></imgdir><imgdir name="70"><int name="x" value="1350"/><int name="y" value="240"/><string name="u" value="bsc"/><int name="no" value="1"/><int name="zM" value="2"/></imgdir><imgdir name="77"><int name="x" value="1260"/><int name="y" value="240"/><string name="u" value="bsc"/><int name="no" value="2"/><int name="zM" value="2"/></imgdir><imgdir name="30"><int name="x" value="990"/><int name="y" value="120"/><string name="u" value="bsc"/><int name="no" value="2"/><int name="zM" value="2"/></imgdir><imgdir name="86"><int name="x" value="990"/><int name="y" value="180"/><string name="u" value="bsc"/><int name="no" value="0"/><int name="zM" value="2"/></imgdir><imgdir name="31"><int name="x" value="900"/><int name="y" value="120"/><string name="u" value="bsc"/><int name="no" value="1"/><int name="zM" value="2"/></imgdir><imgdir name="90"><int name="x" value="900"/><int name="y" value="180"/><string name="u" value="bsc"/><int name="no" value="2"/><int name="zM" value="2"/></imgdir><imgdir name="40"><int name="x" value="810"/><int name="y" value="120"/><string name="u" value="bsc"/><int name="no" value="2"/><int name="zM" value="2"/></imgdir><imgdir name="93"><int name="x" value="810"/><int name="y" value="180"/><string name="u" value="bsc"/><int name="no" value="2"/><int name="zM" value="2"/></imgdir><imgdir name="58"><int name="x" value="720"/><int name="y" value="120"/><string name="u" value="bsc"/><int name="no" value="1"/><int name="zM" value="2"/></imgdir><imgdir name="96"><int name="x" value="720"/><int name="y" value="180"/><string name="u" value="bsc"/><int name="no" value="0"/><int name="zM" value="2"/></imgdir><imgdir name="63"><int name="x" value="630"/><int name="y" value="120"/><string name="u" value="bsc"/><int name="no" value="0"/><int name="zM" value="2"/></imgdir><imgdir name="95"><int name="x" value="990"/><int name="y" value="240"/><string name="u" value="bsc"/><int name="no" value="0"/><int name="zM" value="2"/></imgdir><imgdir name="94"><int name="x" value="900"/><int name="y" value="240"/><string name="u" value="bsc"/><int name="no" value="1"/><int name="zM" value="2"/></imgdir><imgdir name="81"><int name="x" value="990"/><int name="y" value="360"/><string name="u" value="enH1"/><int name="no" value="0"/><int name="zM" value="2"/></imgdir><imgdir name="84"><int name="x" value="990"/><int name="y" value="300"/><string name="u" value="bsc"/><int name="no" value="0"/><int name="zM" value="2"/></imgdir><imgdir name="80"><int name="x" value="900"/><int name="y" value="360"/><string name="u" value="edD"/><int name="no" value="0"/><int name="zM" value="2"/></imgdir><imgdir name="104"><int name="x" value="900"/><int name="y" value="300"/><string name="u" value="bsc"/><int name="no" value="2"/><int name="zM" value="2"/></imgdir><imgdir name="105"><int name="x" value="900"/><int name="y" value="300"/><string name="u" value="enV0"/><int name="no" value="0"/><int name="zM" value="2"/></imgdir><imgdir name="107"><int name="x" value="900"/><int name="y" value="360"/><string name="u" value="enH1"/><int name="no" value="0"/><int name="zM" value="2"/></imgdir><imgdir name="109"><int name="x" value="720"/><int name="y" value="300"/><string name="u" value="edD"/><int name="no" value="0"/><int name="zM" value="2"/></imgdir><imgdir name="98"><int name="x" value="810"/><int name="y" value="240"/><string name="u" value="bsc"/><int name="no" value="2"/><int name="zM" value="2"/></imgdir><imgdir name="106"><int name="x" value="810"/><int name="y" value="300"/><string name="u" value="enH1"/><int name="no" value="0"/><int name="zM" value="2"/></imgdir><imgdir name="97"><int name="x" value="720"/><int name="y" value="240"/><string name="u" value="bsc"/><int name="no" value="2"/><int name="zM" value="2"/></imgdir><imgdir name="101"><int name="x" value="720"/><int name="y" value="300"/><string name="u" value="enH1"/><int name="no" value="0"/><int name="zM" value="2"/></imgdir><imgdir name="108"><int name="x" value="720"/><int name="y" value="240"/><string name="u" value="enV0"/><int name="no" value="0"/><int name="zM" value="2"/></imgdir><imgdir name="110"><int name="x" value="630"/><int name="y" value="240"/><string name="u" value="enH1"/><int name="no" value="0"/><int name="zM" value="2"/></imgdir><imgdir name="99"><int name="x" value="630"/><int name="y" value="180"/><string name="u" value="bsc"/><int name="no" value="0"/><int name="zM" value="2"/></imgdir><imgdir name="100"><int name="x" value="540"/><int name="y" value="240"/><string name="u" value="enH1"/><int name="no" value="0"/><int name="zM" value="2"/></imgdir><imgdir name="23"><int name="x" value="540"/><int name="y" value="120"/><string name="u" value="bsc"/><int name="no" value="1"/><int name="zM" value="2"/></imgdir><imgdir name="55"><int name="x" value="540"/><int name="y" value="120"/><string name="u" value="enV0"/><int name="no" value="0"/><int name="zM" value="2"/></imgdir><imgdir name="102"><int name="x" value="540"/><int name="y" value="180"/><string name="u" value="bsc"/><int name="no" value="0"/><int name="zM" value="2"/></imgdir><imgdir name="103"><int name="x" value="540"/><int name="y" value="240"/><string name="u" value="edD"/><int name="no" value="0"/><int name="zM" value="2"/></imgdir><imgdir name="111"><int name="x" value="540"/><int name="y" value="180"/><string name="u" value="enV0"/><int name="no" value="0"/><int name="zM" value="2"/></imgdir></imgdir><imgdir name="obj"></imgdir></imgdir><imgdir name="4"><imgdir name="info"><string name="tS" value="darkWood"/><int name="tSMag" value="1"/></imgdir><imgdir name="tile"><imgdir name="8"><int name="x" value="405"/><int name="y" value="90"/><string name="u" value="edU"/><int name="no" value="0"/><int name="zM" value="1"/></imgdir><imgdir name="10"><int name="x" value="405"/><int name="y" value="90"/><string name="u" value="enH0"/><int name="no" value="0"/><int name="zM" value="1"/></imgdir><imgdir name="6"><int name="x" value="495"/><int name="y" value="90"/><string name="u" value="bsc"/><int name="no" value="2"/><int name="zM" value="1"/></imgdir><imgdir name="7"><int name="x" value="495"/><int name="y" value="90"/><string name="u" value="enH0"/><int name="no" value="0"/><int name="zM" value="1"/></imgdir><imgdir name="4"><int name="x" value="585"/><int name="y" value="90"/><string name="u" value="enV1"/><int name="no" value="0"/><int name="zM" value="1"/></imgdir><imgdir name="2"><int name="x" value="585"/><int name="y" value="90"/><string name="u" value="edU"/><int name="no" value="0"/><int name="zM" value="1"/></imgdir><imgdir name="11"><int name="x" value="405"/><int name="y" value="90"/><string name="u" value="bsc"/><int name="no" value="1"/><int name="zM" value="1"/></imgdir><imgdir name="9"><int name="x" value="405"/><int name="y" value="90"/><string name="u" value="enV0"/><int name="no" value="0"/><int name="zM" value="1"/></imgdir><imgdir name="14"><int name="x" value="585"/><int name="y" value="150"/><string name="u" value="enH0"/><int name="no" value="0"/><int name="zM" value="1"/></imgdir><imgdir name="12"><int name="x" value="675"/><int name="y" value="150"/><string name="u" value="bsc"/><int name="no" value="2"/><int name="zM" value="1"/></imgdir><imgdir name="13"><int name="x" value="675"/><int name="y" value="150"/><string name="u" value="enH0"/><int name="no" value="0"/><int name="zM" value="1"/></imgdir><imgdir name="19"><int name="x" value="765"/><int name="y" value="150"/><string name="u" value="enV1"/><int name="no" value="0"/><int name="zM" value="1"/></imgdir><imgdir name="17"><int name="x" value="765"/><int name="y" value="150"/><string name="u" value="edU"/><int name="no" value="0"/><int name="zM" value="1"/></imgdir><imgdir name="18"><int name="x" value="765"/><int name="y" value="210"/><string name="u" value="bsc"/><int name="no" value="1"/><int name="zM" value="1"/></imgdir><imgdir name="23"><int name="x" value="765"/><int name="y" value="210"/><string name="u" value="enH0"/><int name="no" value="0"/><int name="zM" value="1"/></imgdir><imgdir name="36"><int name="x" value="945"/><int name="y" value="210"/><string name="u" value="edU"/><int name="no" value="0"/><int name="zM" value="1"/></imgdir><imgdir name="35"><int name="x" value="855"/><int name="y" value="210"/><string name="u" value="bsc"/><int name="no" value="0"/><int name="zM" value="1"/></imgdir><imgdir name="24"><int name="x" value="855"/><int name="y" value="270"/><string name="u" value="bsc"/><int name="no" value="0"/><int name="zM" value="1"/></imgdir><imgdir name="31"><int name="x" value="855"/><int name="y" value="210"/><string name="u" value="enH0"/><int name="no" value="0"/><int name="zM" value="1"/></imgdir><imgdir name="29"><int name="x" value="945"/><int name="y" value="210"/><string name="u" value="enV1"/><int name="no" value="0"/><int name="zM" value="1"/></imgdir><imgdir name="39"><int name="x" value="1125"/><int name="y" value="270"/><string name="u" value="edU"/><int name="no" value="0"/><int name="zM" value="1"/></imgdir><imgdir name="41"><int name="x" value="1035"/><int name="y" value="270"/><string name="u" value="enH0"/><int name="no" value="0"/><int name="zM" value="1"/></imgdir><imgdir name="38"><int name="x" value="945"/><int name="y" value="270"/><string name="u" value="enH0"/><int name="no" value="0"/><int name="zM" value="1"/></imgdir><imgdir name="37"><int name="x" value="945"/><int name="y" value="270"/><string name="u" value="bsc"/><int name="no" value="2"/><int name="zM" value="1"/></imgdir><imgdir name="44"><int name="x" value="945"/><int name="y" value="330"/><string name="u" value="bsc"/><int name="no" value="2"/><int name="zM" value="1"/></imgdir><imgdir name="40"><int name="x" value="1125"/><int name="y" value="270"/><string name="u" value="enV1"/><int name="no" value="0"/><int name="zM" value="1"/></imgdir><imgdir name="42"><int name="x" value="1035"/><int name="y" value="270"/><string name="u" value="bsc"/><int name="no" value="2"/><int name="zM" value="1"/></imgdir><imgdir name="49"><int name="x" value="1305"/><int name="y" value="330"/><string name="u" value="edU"/><int name="no" value="0"/><int name="zM" value="1"/></imgdir><imgdir name="51"><int name="x" value="1125"/><int name="y" value="330"/><string name="u" value="enH0"/><int name="no" value="0"/><int name="zM" value="1"/></imgdir><imgdir name="48"><int name="x" value="1215"/><int name="y" value="330"/><string name="u" value="enH0"/><int name="no" value="0"/><int name="zM" value="1"/></imgdir><imgdir name="50"><int name="x" value="1305"/><int name="y" value="330"/><string name="u" value="enV1"/><int name="no" value="0"/><int name="zM" value="1"/></imgdir><imgdir name="43"><int name="x" value="1125"/><int name="y" value="330"/><string name="u" value="bsc"/><int name="no" value="1"/><int name="zM" value="1"/></imgdir><imgdir name="46"><int name="x" value="1035"/><int name="y" value="330"/><string name="u" value="bsc"/><int name="no" value="2"/><int name="zM" value="1"/></imgdir><imgdir name="47"><int name="x" value="1215"/><int name="y" value="330"/><string name="u" value="bsc"/><int name="no" value="2"/><int name="zM" value="1"/></imgdir><imgdir name="32"><int name="x" value="855"/><int name="y" value="330"/><string name="u" value="bsc"/><int name="no" value="1"/><int name="zM" value="1"/></imgdir><imgdir name="61"><int name="x" value="765"/><int name="y" value="330"/><string name="u" value="bsc"/><int name="no" value="0"/><int name="zM" value="1"/></imgdir><imgdir name="55"><int name="x" value="675"/><int name="y" value="330"/><string name="u" value="bsc"/><int name="no" value="1"/><int name="zM" value="1"/></imgdir><imgdir name="63"><int name="x" value="585"/><int name="y" value="330"/><string name="u" value="bsc"/><int name="no" value="1"/><int name="zM" value="1"/></imgdir><imgdir name="58"><int name="x" value="495"/><int name="y" value="330"/><string name="u" value="bsc"/><int name="no" value="1"/><int name="zM" value="1"/></imgdir><imgdir name="1"><int name="x" value="405"/><int name="y" value="150"/><string name="u" value="bsc"/><int name="no" value="2"/><int name="zM" value="1"/></imgdir><imgdir name="5"><int name="x" value="495"/><int name="y" value="150"/><string name="u" value="bsc"/><int name="no" value="1"/><int name="zM" value="1"/></imgdir><imgdir name="57"><int name="x" value="675"/><int name="y" value="270"/><string name="u" value="bsc"/><int name="no" value="0"/><int name="zM" value="1"/></imgdir><imgdir name="54"><int name="x" value="495"/><int name="y" value="270"/><string name="u" value="bsc"/><int name="no" value="0"/><int name="zM" value="1"/></imgdir><imgdir name="64"><int name="x" value="585"/><int name="y" value="270"/><string name="u" value="bsc"/><int name="no" value="1"/><int name="zM" value="1"/></imgdir><imgdir name="67"><int name="x" value="495"/><int name="y" value="210"/><string name="u" value="bsc"/><int name="no" value="2"/><int name="zM" value="1"/></imgdir><imgdir name="16"><int name="x" value="585"/><int name="y" value="210"/><string name="u" value="bsc"/><int name="no" value="1"/><int name="zM" value="1"/></imgdir><imgdir name="20"><int name="x" value="675"/><int name="y" value="210"/><string name="u" value="bsc"/><int name="no" value="1"/><int name="zM" value="1"/></imgdir><imgdir name="65"><int name="x" value="405"/><int name="y" value="330"/><string name="u" value="enV0"/><int name="no" value="0"/><int name="zM" value="1"/></imgdir><imgdir name="3"><int name="x" value="585"/><int name="y" value="150"/><string name="u" value="bsc"/><int name="no" value="0"/><int name="zM" value="1"/></imgdir><imgdir name="62"><int name="x" value="405"/><int name="y" value="330"/><string name="u" value="bsc"/><int name="no" value="2"/><int name="zM" value="1"/></imgdir><imgdir name="15"><int name="x" value="405"/><int name="y" value="270"/><string name="u" value="enV0"/><int name="no" value="0"/><int name="zM" value="1"/></imgdir><imgdir name="66"><int name="x" value="405"/><int name="y" value="270"/><string name="u" value="bsc"/><int name="no" value="2"/><int name="zM" value="1"/></imgdir><imgdir name="26"><int name="x" value="765"/><int name="y" value="270"/><string name="u" value="bsc"/><int name="no" value="1"/><int name="zM" value="1"/></imgdir><imgdir name="22"><int name="x" value="405"/><int name="y" value="210"/><string name="u" value="enV0"/><int name="no" value="0"/><int name="zM" value="1"/></imgdir><imgdir name="27"><int name="x" value="405"/><int name="y" value="210"/><string name="u" value="bsc"/><int name="no" value="2"/><int name="zM" value="1"/></imgdir><imgdir name="60"><int name="x" value="405"/><int name="y" value="150"/><string name="u" value="enV0"/><int name="no" value="0"/><int name="zM" value="1"/></imgdir><imgdir name="73"><int name="x" value="405"/><int name="y" value="570"/><string name="u" value="edD"/><int name="no" value="0"/><int name="zM" value="1"/></imgdir><imgdir name="79"><int name="x" value="405"/><int name="y" value="570"/><string name="u" value="enH1"/><int name="no" value="0"/><int name="zM" value="1"/></imgdir><imgdir name="74"><int name="x" value="495"/><int name="y" value="570"/><string name="u" value="enH1"/><int name="no" value="0"/><int name="zM" value="1"/></imgdir><imgdir name="83"><int name="x" value="765"/><int name="y" value="570"/><string name="u" value="edD"/><int name="no" value="0"/><int name="zM" value="1"/></imgdir><imgdir name="76"><int name="x" value="585"/><int name="y" value="570"/><string name="u" value="enH1"/><int name="no" value="0"/><int name="zM" value="1"/></imgdir><imgdir name="68"><int name="x" value="405"/><int name="y" value="390"/><string name="u" value="enV0"/><int name="no" value="0"/><int name="zM" value="1"/></imgdir><imgdir name="72"><int name="x" value="405"/><int name="y" value="510"/><string name="u" value="enV0"/><int name="no" value="0"/><int name="zM" value="1"/></imgdir><imgdir name="28"><int name="x" value="405"/><int name="y" value="390"/><string name="u" value="bsc"/><int name="no" value="2"/><int name="zM" value="1"/></imgdir><imgdir name="70"><int name="x" value="405"/><int name="y" value="450"/><string name="u" value="enV0"/><int name="no" value="0"/><int name="zM" value="1"/></imgdir><imgdir name="69"><int name="x" value="405"/><int name="y" value="450"/><string name="u" value="bsc"/><int name="no" value="1"/><int name="zM" value="1"/></imgdir><imgdir name="86"><int name="x" value="405"/><int name="y" value="510"/><string name="u" value="bsc"/><int name="no" value="1"/><int name="zM" value="1"/></imgdir><imgdir name="21"><int name="x" value="495"/><int name="y" value="450"/><string name="u" value="bsc"/><int name="no" value="2"/><int name="zM" value="1"/></imgdir><imgdir name="84"><int name="x" value="585"/><int name="y" value="450"/><string name="u" value="bsc"/><int name="no" value="0"/><int name="zM" value="1"/></imgdir><imgdir name="59"><int name="x" value="585"/><int name="y" value="390"/><string name="u" value="bsc"/><int name="no" value="1"/><int name="zM" value="1"/></imgdir><imgdir name="0"><int name="x" value="495"/><int name="y" value="390"/><string name="u" value="bsc"/><int name="no" value="0"/><int name="zM" value="1"/></imgdir><imgdir name="78"><int name="x" value="495"/><int name="y" value="510"/><string name="u" value="bsc"/><int name="no" value="2"/><int name="zM" value="1"/></imgdir><imgdir name="81"><int name="x" value="675"/><int name="y" value="570"/><string name="u" value="enH1"/><int name="no" value="0"/><int name="zM" value="1"/></imgdir><imgdir name="85"><int name="x" value="675"/><int name="y" value="510"/><string name="u" value="bsc"/><int name="no" value="2"/><int name="zM" value="1"/></imgdir><imgdir name="56"><int name="x" value="675"/><int name="y" value="390"/><string name="u" value="bsc"/><int name="no" value="2"/><int name="zM" value="1"/></imgdir><imgdir name="75"><int name="x" value="675"/><int name="y" value="450"/><string name="u" value="bsc"/><int name="no" value="1"/><int name="zM" value="1"/></imgdir><imgdir name="71"><int name="x" value="585"/><int name="y" value="510"/><string name="u" value="bsc"/><int name="no" value="1"/><int name="zM" value="1"/></imgdir><imgdir name="80"><int name="x" value="765"/><int name="y" value="510"/><string name="u" value="enV1"/><int name="no" value="0"/><int name="zM" value="1"/></imgdir><imgdir name="89"><int name="x" value="855"/><int name="y" value="510"/><string name="u" value="enH1"/><int name="no" value="0"/><int name="zM" value="1"/></imgdir><imgdir name="34"><int name="x" value="855"/><int name="y" value="390"/><string name="u" value="bsc"/><int name="no" value="0"/><int name="zM" value="1"/></imgdir><imgdir name="33"><int name="x" value="765"/><int name="y" value="390"/><string name="u" value="bsc"/><int name="no" value="2"/><int name="zM" value="1"/></imgdir><imgdir name="77"><int name="x" value="765"/><int name="y" value="450"/><string name="u" value="bsc"/><int name="no" value="0"/><int name="zM" value="1"/></imgdir><imgdir name="91"><int name="x" value="855"/><int name="y" value="450"/><string name="u" value="bsc"/><int name="no" value="2"/><int name="zM" value="1"/></imgdir><imgdir name="90"><int name="x" value="765"/><int name="y" value="510"/><string name="u" value="enH1"/><int name="no" value="0"/><int name="zM" value="1"/></imgdir><imgdir name="53"><int name="x" value="1305"/><int name="y" value="390"/><string name="u" value="enV1"/><int name="no" value="0"/><int name="zM" value="1"/></imgdir><imgdir name="95"><int name="x" value="1305"/><int name="y" value="510"/><string name="u" value="edD"/><int name="no" value="0"/><int name="zM" value="1"/></imgdir><imgdir name="88"><int name="x" value="945"/><int name="y" value="510"/><string name="u" value="enH1"/><int name="no" value="0"/><int name="zM" value="1"/></imgdir><imgdir name="98"><int name="x" value="1125"/><int name="y" value="510"/><string name="u" value="enH1"/><int name="no" value="0"/><int name="zM" value="1"/></imgdir><imgdir name="96"><int name="x" value="1215"/><int name="y" value="510"/><string name="u" value="enH1"/><int name="no" value="0"/><int name="zM" value="1"/></imgdir><imgdir name="93"><int name="x" value="1305"/><int name="y" value="450"/><string name="u" value="enV1"/><int name="no" value="0"/><int name="zM" value="1"/></imgdir><imgdir name="45"><int name="x" value="1125"/><int name="y" value="390"/><string name="u" value="bsc"/><int name="no" value="0"/><int name="zM" value="1"/></imgdir><imgdir name="25"><int name="x" value="945"/><int name="y" value="390"/><string name="u" value="bsc"/><int name="no" value="2"/><int name="zM" value="1"/></imgdir><imgdir name="30"><int name="x" value="1035"/><int name="y" value="390"/><string name="u" value="bsc"/><int name="no" value="1"/><int name="zM" value="1"/></imgdir><imgdir name="82"><int name="x" value="945"/><int name="y" value="450"/><string name="u" value="bsc"/><int name="no" value="0"/><int name="zM" value="1"/></imgdir><imgdir name="94"><int name="x" value="1215"/><int name="y" value="450"/><string name="u" value="bsc"/><int name="no" value="0"/><int name="zM" value="1"/></imgdir><imgdir name="97"><int name="x" value="1035"/><int name="y" value="450"/><string name="u" value="bsc"/><int name="no" value="1"/><int name="zM" value="1"/></imgdir><imgdir name="52"><int name="x" value="1215"/><int name="y" value="390"/><string name="u" value="bsc"/><int name="no" value="0"/><int name="zM" value="1"/></imgdir><imgdir name="92"><int name="x" value="1035"/><int name="y" value="510"/><string name="u" value="enH1"/><int name="no" value="0"/><int name="zM" value="1"/></imgdir><imgdir name="87"><int name="x" value="1125"/><int name="y" value="450"/><string name="u" value="bsc"/><int name="no" value="1"/><int name="zM" value="1"/></imgdir></imgdir><imgdir name="obj"></imgdir></imgdir><imgdir name="5"><imgdir name="info"><string name="tS" value="darkWood"/><int name="tSMag" value="1"/></imgdir><imgdir name="tile"><imgdir name="4"><int name="x" value="1350"/><int name="y" value="360"/><string name="u" value="enH0"/><int name="no" value="0"/><int name="zM" value="0"/></imgdir><imgdir name="6"><int name="x" value="1530"/><int name="y" value="360"/><string name="u" value="edU"/><int name="no" value="0"/><int name="zM" value="0"/></imgdir><imgdir name="1"><int name="x" value="1440"/><int name="y" value="360"/><string name="u" value="enH0"/><int name="no" value="0"/><int name="zM" value="0"/></imgdir><imgdir name="8"><int name="x" value="1260"/><int name="y" value="360"/><string name="u" value="edU"/><int name="no" value="0"/><int name="zM" value="0"/></imgdir><imgdir name="3"><int name="x" value="1260"/><int name="y" value="360"/><string name="u" value="enH0"/><int name="no" value="0"/><int name="zM" value="0"/></imgdir><imgdir name="7"><int name="x" value="1530"/><int name="y" value="360"/><string name="u" value="enV1"/><int name="no" value="0"/><int name="zM" value="0"/></imgdir><imgdir name="5"><int name="x" value="1350"/><int name="y" value="360"/><string name="u" value="bsc"/><int name="no" value="2"/><int name="zM" value="0"/></imgdir><imgdir name="2"><int name="x" value="1260"/><int name="y" value="360"/><string name="u" value="bsc"/><int name="no" value="1"/><int name="zM" value="0"/></imgdir><imgdir name="9"><int name="x" value="1260"/><int name="y" value="360"/><string name="u" value="enV0"/><int name="no" value="0"/><int name="zM" value="0"/></imgdir><imgdir name="0"><int name="x" value="1440"/><int name="y" value="360"/><string name="u" value="bsc"/><int name="no" value="2"/><int name="zM" value="0"/></imgdir><imgdir name="17"><int name="x" value="1170"/><int name="y" value="420"/><string name="u" value="enH0"/><int name="no" value="0"/><int name="zM" value="0"/></imgdir><imgdir name="16"><int name="x" value="1080"/><int name="y" value="420"/><string name="u" value="enH0"/><int name="no" value="0"/><int name="zM" value="0"/></imgdir><imgdir name="20"><int name="x" value="990"/><int name="y" value="420"/><string name="u" value="edU"/><int name="no" value="0"/><int name="zM" value="0"/></imgdir><imgdir name="19"><int name="x" value="990"/><int name="y" value="420"/><string name="u" value="enH0"/><int name="no" value="0"/><int name="zM" value="0"/></imgdir><imgdir name="22"><int name="x" value="990"/><int name="y" value="420"/><string name="u" value="enV0"/><int name="no" value="0"/><int name="zM" value="0"/></imgdir><imgdir name="28"><int name="x" value="720"/><int name="y" value="480"/><string name="u" value="edU"/><int name="no" value="0"/><int name="zM" value="0"/></imgdir><imgdir name="30"><int name="x" value="720"/><int name="y" value="480"/><string name="u" value="enH0"/><int name="no" value="0"/><int name="zM" value="0"/></imgdir><imgdir name="27"><int name="x" value="810"/><int name="y" value="480"/><string name="u" value="enH0"/><int name="no" value="0"/><int name="zM" value="0"/></imgdir><imgdir name="25"><int name="x" value="900"/><int name="y" value="480"/><string name="u" value="enH0"/><int name="no" value="0"/><int name="zM" value="0"/></imgdir><imgdir name="32"><int name="x" value="720"/><int name="y" value="480"/><string name="u" value="enV0"/><int name="no" value="0"/><int name="zM" value="0"/></imgdir><imgdir name="40"><int name="x" value="450"/><int name="y" value="540"/><string name="u" value="enH0"/><int name="no" value="0"/><int name="zM" value="0"/></imgdir><imgdir name="37"><int name="x" value="540"/><int name="y" value="540"/><string name="u" value="enH0"/><int name="no" value="0"/><int name="zM" value="0"/></imgdir><imgdir name="35"><int name="x" value="630"/><int name="y" value="540"/><string name="u" value="enH0"/><int name="no" value="0"/><int name="zM" value="0"/></imgdir><imgdir name="42"><int name="x" value="360"/><int name="y" value="540"/><string name="u" value="edU"/><int name="no" value="0"/><int name="zM" value="0"/></imgdir><imgdir name="39"><int name="x" value="360"/><int name="y" value="540"/><string name="u" value="enH0"/><int name="no" value="0"/><int name="zM" value="0"/></imgdir><imgdir name="46"><int name="x" value="360"/><int name="y" value="600"/><string name="u" value="enV0"/><int name="no" value="0"/><int name="zM" value="0"/></imgdir><imgdir name="44"><int name="x" value="360"/><int name="y" value="540"/><string name="u" value="enV0"/><int name="no" value="0"/><int name="zM" value="0"/></imgdir><imgdir name="36"><int name="x" value="540"/><int name="y" value="540"/><string name="u" value="bsc"/><int name="no" value="1"/><int name="zM" value="0"/></imgdir><imgdir name="52"><int name="x" value="540"/><int name="y" value="600"/><string name="u" value="bsc"/><int name="no" value="0"/><int name="zM" value="0"/></imgdir><imgdir name="41"><int name="x" value="450"/><int name="y" value="540"/><string name="u" value="bsc"/><int name="no" value="0"/><int name="zM" value="0"/></imgdir><imgdir name="49"><int name="x" value="450"/><int name="y" value="600"/><string name="u" value="bsc"/><int name="no" value="2"/><int name="zM" value="0"/></imgdir><imgdir name="38"><int name="x" value="360"/><int name="y" value="540"/><string name="u" value="bsc"/><int name="no" value="2"/><int name="zM" value="0"/></imgdir><imgdir name="45"><int name="x" value="360"/><int name="y" value="600"/><string name="u" value="bsc"/><int name="no" value="0"/><int name="zM" value="0"/></imgdir><imgdir name="56"><int name="x" value="360"/><int name="y" value="720"/><string name="u" value="edD"/><int name="no" value="0"/><int name="zM" value="0"/></imgdir><imgdir name="54"><int name="x" value="360"/><int name="y" value="660"/><string name="u" value="bsc"/><int name="no" value="0"/><int name="zM" value="0"/></imgdir><imgdir name="47"><int name="x" value="360"/><int name="y" value="720"/><string name="u" value="enH1"/><int name="no" value="0"/><int name="zM" value="0"/></imgdir><imgdir name="55"><int name="x" value="360"/><int name="y" value="660"/><string name="u" value="enV0"/><int name="no" value="0"/><int name="zM" value="0"/></imgdir><imgdir name="58"><int name="x" value="450"/><int name="y" value="720"/><string name="u" value="enH1"/><int name="no" value="0"/><int name="zM" value="0"/></imgdir><imgdir name="48"><int name="x" value="450"/><int name="y" value="660"/><string name="u" value="bsc"/><int name="no" value="1"/><int name="zM" value="0"/></imgdir><imgdir name="53"><int name="x" value="540"/><int name="y" value="660"/><string name="u" value="bsc"/><int name="no" value="2"/><int name="zM" value="0"/></imgdir><imgdir name="57"><int name="x" value="540"/><int name="y" value="720"/><string name="u" value="enH1"/><int name="no" value="0"/><int name="zM" value="0"/></imgdir><imgdir name="51"><int name="x" value="630"/><int name="y" value="660"/><string name="u" value="bsc"/><int name="no" value="0"/><int name="zM" value="0"/></imgdir><imgdir name="65"><int name="x" value="630"/><int name="y" value="720"/><string name="u" value="enH1"/><int name="no" value="0"/><int name="zM" value="0"/></imgdir><imgdir name="31"><int name="x" value="720"/><int name="y" value="480"/><string name="u" value="bsc"/><int name="no" value="2"/><int name="zM" value="0"/></imgdir><imgdir name="33"><int name="x" value="720"/><int name="y" value="540"/><string name="u" value="bsc"/><int name="no" value="0"/><int name="zM" value="0"/></imgdir><imgdir name="64"><int name="x" value="720"/><int name="y" value="660"/><string name="u" value="bsc"/><int name="no" value="0"/><int name="zM" value="0"/></imgdir><imgdir name="61"><int name="x" value="720"/><int name="y" value="720"/><string name="u" value="enH1"/><int name="no" value="0"/><int name="zM" value="0"/></imgdir><imgdir name="34"><int name="x" value="630"/><int name="y" value="540"/><string name="u" value="bsc"/><int name="no" value="2"/><int name="zM" value="0"/></imgdir><imgdir name="43"><int name="x" value="630"/><int name="y" value="600"/><string name="u" value="bsc"/><int name="no" value="2"/><int name="zM" value="0"/></imgdir><imgdir name="60"><int name="x" value="720"/><int name="y" value="600"/><string name="u" value="bsc"/><int name="no" value="1"/><int name="zM" value="0"/></imgdir><imgdir name="63"><int name="x" value="810"/><int name="y" value="720"/><string name="u" value="enH1"/><int name="no" value="0"/><int name="zM" value="0"/></imgdir><imgdir name="76"><int name="x" value="900"/><int name="y" value="720"/><string name="u" value="enH1"/><int name="no" value="0"/><int name="zM" value="0"/></imgdir><imgdir name="74"><int name="x" value="990"/><int name="y" value="720"/><string name="u" value="enH1"/><int name="no" value="0"/><int name="zM" value="0"/></imgdir><imgdir name="72"><int name="x" value="1080"/><int name="y" value="720"/><string name="u" value="enH1"/><int name="no" value="0"/><int name="zM" value="0"/></imgdir><imgdir name="70"><int name="x" value="1170"/><int name="y" value="720"/><string name="u" value="enH1"/><int name="no" value="0"/><int name="zM" value="0"/></imgdir><imgdir name="68"><int name="x" value="1260"/><int name="y" value="720"/><string name="u" value="enH1"/><int name="no" value="0"/><int name="zM" value="0"/></imgdir><imgdir name="88"><int name="x" value="1530"/><int name="y" value="720"/><string name="u" value="edD"/><int name="no" value="0"/><int name="zM" value="0"/></imgdir><imgdir name="66"><int name="x" value="1350"/><int name="y" value="720"/><string name="u" value="enH1"/><int name="no" value="0"/><int name="zM" value="0"/></imgdir><imgdir name="89"><int name="x" value="1440"/><int name="y" value="720"/><string name="u" value="enH1"/><int name="no" value="0"/><int name="zM" value="0"/></imgdir><imgdir name="86"><int name="x" value="1530"/><int name="y" value="660"/><string name="u" value="enV1"/><int name="no" value="0"/><int name="zM" value="0"/></imgdir><imgdir name="84"><int name="x" value="1530"/><int name="y" value="600"/><string name="u" value="enV1"/><int name="no" value="0"/><int name="zM" value="0"/></imgdir><imgdir name="82"><int name="x" value="1530"/><int name="y" value="540"/><string name="u" value="enV1"/><int name="no" value="0"/><int name="zM" value="0"/></imgdir><imgdir name="80"><int name="x" value="1530"/><int name="y" value="480"/><string name="u" value="enV1"/><int name="no" value="0"/><int name="zM" value="0"/></imgdir><imgdir name="11"><int name="x" value="1530"/><int name="y" value="420"/><string name="u" value="enV1"/><int name="no" value="0"/><int name="zM" value="0"/></imgdir><imgdir name="90"><int name="x" value="1440"/><int name="y" value="660"/><string name="u" value="bsc"/><int name="no" value="2"/><int name="zM" value="0"/></imgdir><imgdir name="85"><int name="x" value="1440"/><int name="y" value="600"/><string name="u" value="bsc"/><int name="no" value="2"/><int name="zM" value="0"/></imgdir><imgdir name="83"><int name="x" value="1440"/><int name="y" value="540"/><string name="u" value="bsc"/><int name="no" value="1"/><int name="zM" value="0"/></imgdir><imgdir name="81"><int name="x" value="1440"/><int name="y" value="480"/><string name="u" value="bsc"/><int name="no" value="1"/><int name="zM" value="0"/></imgdir><imgdir name="12"><int name="x" value="1440"/><int name="y" value="420"/><string name="u" value="bsc"/><int name="no" value="0"/><int name="zM" value="0"/></imgdir><imgdir name="67"><int name="x" value="1350"/><int name="y" value="660"/><string name="u" value="bsc"/><int name="no" value="1"/><int name="zM" value="0"/></imgdir><imgdir name="92"><int name="x" value="1350"/><int name="y" value="600"/><string name="u" value="bsc"/><int name="no" value="0"/><int name="zM" value="0"/></imgdir><imgdir name="79"><int name="x" value="1350"/><int name="y" value="540"/><string name="u" value="bsc"/><int name="no" value="2"/><int name="zM" value="0"/></imgdir><imgdir name="93"><int name="x" value="1350"/><int name="y" value="480"/><string name="u" value="bsc"/><int name="no" value="2"/><int name="zM" value="0"/></imgdir><imgdir name="13"><int name="x" value="1350"/><int name="y" value="420"/><string name="u" value="bsc"/><int name="no" value="1"/><int name="zM" value="0"/></imgdir><imgdir name="69"><int name="x" value="1260"/><int name="y" value="660"/><string name="u" value="bsc"/><int name="no" value="2"/><int name="zM" value="0"/></imgdir><imgdir name="95"><int name="x" value="1260"/><int name="y" value="600"/><string name="u" value="bsc"/><int name="no" value="0"/><int name="zM" value="0"/></imgdir><imgdir name="91"><int name="x" value="1260"/><int name="y" value="540"/><string name="u" value="bsc"/><int name="no" value="1"/><int name="zM" value="0"/></imgdir><imgdir name="96"><int name="x" value="1260"/><int name="y" value="480"/><string name="u" value="bsc"/><int name="no" value="0"/><int name="zM" value="0"/></imgdir><imgdir name="14"><int name="x" value="1260"/><int name="y" value="420"/><string name="u" value="bsc"/><int name="no" value="0"/><int name="zM" value="0"/></imgdir><imgdir name="87"><int name="x" value="1170"/><int name="y" value="660"/><string name="u" value="bsc"/><int name="no" value="1"/><int name="zM" value="0"/></imgdir><imgdir name="98"><int name="x" value="1170"/><int name="y" value="600"/><string name="u" value="bsc"/><int name="no" value="1"/><int name="zM" value="0"/></imgdir><imgdir name="94"><int name="x" value="1170"/><int name="y" value="540"/><string name="u" value="bsc"/><int name="no" value="2"/><int name="zM" value="0"/></imgdir><imgdir name="10"><int name="x" value="1170"/><int name="y" value="420"/><string name="u" value="bsc"/><int name="no" value="0"/><int name="zM" value="0"/></imgdir><imgdir name="97"><int name="x" value="1170"/><int name="y" value="480"/><string name="u" value="bsc"/><int name="no" value="1"/><int name="zM" value="0"/></imgdir><imgdir name="73"><int name="x" value="1080"/><int name="y" value="660"/><string name="u" value="bsc"/><int name="no" value="1"/><int name="zM" value="0"/></imgdir><imgdir name="101"><int name="x" value="1080"/><int name="y" value="600"/><string name="u" value="bsc"/><int name="no" value="1"/><int name="zM" value="0"/></imgdir><imgdir name="100"><int name="x" value="1080"/><int name="y" value="480"/><string name="u" value="bsc"/><int name="no" value="0"/><int name="zM" value="0"/></imgdir><imgdir name="15"><int name="x" value="1080"/><int name="y" value="420"/><string name="u" value="bsc"/><int name="no" value="0"/><int name="zM" value="0"/></imgdir><imgdir name="18"><int name="x" value="990"/><int name="y" value="420"/><string name="u" value="bsc"/><int name="no" value="2"/><int name="zM" value="0"/></imgdir><imgdir name="75"><int name="x" value="990"/><int name="y" value="660"/><string name="u" value="bsc"/><int name="no" value="1"/><int name="zM" value="0"/></imgdir><imgdir name="99"><int name="x" value="990"/><int name="y" value="540"/><string name="u" value="bsc"/><int name="no" value="2"/><int name="zM" value="0"/></imgdir><imgdir name="23"><int name="x" value="990"/><int name="y" value="480"/><string name="u" value="bsc"/><int name="no" value="2"/><int name="zM" value="0"/></imgdir><imgdir name="77"><int name="x" value="900"/><int name="y" value="660"/><string name="u" value="bsc"/><int name="no" value="1"/><int name="zM" value="0"/></imgdir><imgdir name="21"><int name="x" value="900"/><int name="y" value="600"/><string name="u" value="bsc"/><int name="no" value="2"/><int name="zM" value="0"/></imgdir><imgdir name="24"><int name="x" value="900"/><int name="y" value="480"/><string name="u" value="bsc"/><int name="no" value="2"/><int name="zM" value="0"/></imgdir><imgdir name="26"><int name="x" value="810"/><int name="y" value="480"/><string name="u" value="bsc"/><int name="no" value="1"/><int name="zM" value="0"/></imgdir><imgdir name="29"><int name="x" value="810"/><int name="y" value="540"/><string name="u" value="bsc"/><int name="no" value="2"/><int name="zM" value="0"/></imgdir><imgdir name="62"><int name="x" value="900"/><int name="y" value="540"/><string name="u" value="bsc"/><int name="no" value="1"/><int name="zM" value="0"/></imgdir><imgdir name="50"><int name="x" value="810"/><int name="y" value="600"/><string name="u" value="bsc"/><int name="no" value="1"/><int name="zM" value="0"/></imgdir><imgdir name="59"><int name="x" value="810"/><int name="y" value="660"/><string name="u" value="bsc"/><int name="no" value="1"/><int name="zM" value="0"/></imgdir><imgdir name="71"><int name="x" value="990"/><int name="y" value="600"/><string name="u" value="bsc"/><int name="no" value="1"/><int name="zM" value="0"/></imgdir><imgdir name="78"><int name="x" value="1080"/><int name="y" value="540"/><string name="u" value="bsc"/><int name="no" value="0"/><int name="zM" value="0"/></imgdir></imgdir><imgdir name="obj"></imgdir></imgdir><imgdir name="6"><imgdir name="info"></imgdir><imgdir name="tile"></imgdir><imgdir name="obj"></imgdir></imgdir><imgdir name="7"><imgdir name="info"></imgdir><imgdir name="tile"></imgdir><imgdir name="obj"></imgdir></imgdir><imgdir name="area"><imgdir name="0"><int name="x1" value="840"/><int name="y1" value="-142"/><int name="x2" value="882"/><int name="y2" value="-125"/></imgdir><imgdir name="1"><int name="x1" value="905"/><int name="y1" value="-140"/><int name="x2" value="950"/><int name="y2" value="-125"/></imgdir><imgdir name="2"><int name="x1" value="975"/><int name="y1" value="-139"/><int name="x2" value="1019"/><int name="y2" value="-125"/></imgdir><imgdir name="3"><int name="x1" value="871"/><int name="y1" value="-191"/><int name="x2" value="916"/><int name="y2" value="-178"/></imgdir><imgdir name="4"><int name="x1" value="939"/><int name="y1" value="-190"/><int name="x2" value="987"/><int name="y2" value="-176"/></imgdir><imgdir name="5"><int name="x1" value="907"/><int name="y1" value="-242"/><int name="x2" value="949"/><int name="y2" value="-228"/></imgdir></imgdir><imgdir name="reactor"></imgdir><imgdir name="foothold"><imgdir name="3"><imgdir name="2"><imgdir name="1"><int name="x1" value="1563"/><int name="y1" value="120"/><int name="x2" value="1563"/><int name="y2" value="180"/><int name="prev" value="13"/><int name="next" value="29"/></imgdir><imgdir name="2"><int name="x1" value="810"/><int name="y1" value="-75"/><int name="x2" value="900"/><int name="y2" value="-75"/><int name="prev" value="18"/><int name="next" value="14"/></imgdir><imgdir name="3"><int name="x1" value="1563"/><int name="y1" value="-60"/><int name="x2" value="1563"/><int name="y2" value="0"/><int name="prev" value="9"/><int name="next" value="7"/></imgdir><imgdir name="4"><int name="x1" value="1170"/><int name="y1" value="-75"/><int name="x2" value="1260"/><int name="y2" value="-75"/><int name="prev" value="6"/><int name="next" value="10"/></imgdir><imgdir name="5"><int name="x1" value="1350"/><int name="y1" value="-75"/><int name="x2" value="1440"/><int name="y2" value="-75"/><int name="prev" value="10"/><int name="next" value="11"/></imgdir><imgdir name="6"><int name="x1" value="1080"/><int name="y1" value="-75"/><int name="x2" value="1170"/><int name="y2" value="-75"/><int name="prev" value="12"/><int name="next" value="4"/></imgdir><imgdir name="7"><int name="x1" value="1563"/><int name="y1" value="0"/><int name="x2" value="1563"/><int name="y2" value="60"/><int name="prev" value="3"/><int name="next" value="13"/></imgdir><imgdir name="8"><int name="x1" value="1497"/><int name="y1" value="-75"/><int name="x2" value="1563"/><int name="y2" value="-75"/><int name="prev" value="11"/><int name="next" value="9"/></imgdir><imgdir name="9"><int name="x1" value="1563"/><int name="y1" value="-75"/><int name="x2" value="1563"/><int name="y2" value="-60"/><int name="prev" value="8"/><int name="next" value="3"/></imgdir><imgdir name="10"><int name="x1" value="1260"/><int name="y1" value="-75"/><int name="x2" value="1350"/><int name="y2" value="-75"/><int name="prev" value="4"/><int name="next" value="5"/></imgdir><imgdir name="11"><int name="x1" value="1440"/><int name="y1" value="-75"/><int name="x2" value="1497"/><int name="y2" value="-75"/><int name="prev" value="5"/><int name="next" value="8"/></imgdir><imgdir name="12"><int name="x1" value="990"/><int name="y1" value="-75"/><int name="x2" value="1080"/><int name="y2" value="-75"/><int name="prev" value="14"/><int name="next" value="6"/></imgdir><imgdir name="13"><int name="x1" value="1563"/><int name="y1" value="60"/><int name="x2" value="1563"/><int name="y2" value="120"/><int name="prev" value="7"/><int name="next" value="1"/></imgdir><imgdir name="14"><int name="x1" value="900"/><int name="y1" value="-75"/><int name="x2" value="990"/><int name="y2" value="-75"/><int name="prev" value="2"/><int name="next" value="12"/></imgdir><imgdir name="15"><int name="x1" value="720"/><int name="y1" value="-75"/><int name="x2" value="753"/><int name="y2" value="-75"/><int name="prev" value="17"/><int name="next" value="18"/></imgdir><imgdir name="16"><int name="x1" value="687"/><int name="y1" value="-60"/><int name="x2" value="687"/><int name="y2" value="-75"/><int name="prev" value="22"/><int name="next" value="17"/></imgdir><imgdir name="17"><int name="x1" value="687"/><int name="y1" value="-75"/><int name="x2" value="720"/><int name="y2" value="-75"/><int name="prev" value="16"/><int name="next" value="15"/></imgdir><imgdir name="18"><int name="x1" value="753"/><int name="y1" value="-75"/><int name="x2" value="810"/><int name="y2" value="-75"/><int name="prev" value="15"/><int name="next" value="2"/></imgdir><imgdir name="19"><int name="x1" value="597"/><int name="y1" value="0"/><int name="x2" value="597"/><int name="y2" value="-15"/><int name="prev" value="28"/><int name="next" value="20"/></imgdir><imgdir name="20"><int name="x1" value="597"/><int name="y1" value="-15"/><int name="x2" value="663"/><int name="y2" value="-15"/><int name="prev" value="19"/><int name="next" value="21"/></imgdir><imgdir name="21"><int name="x1" value="663"/><int name="y1" value="-15"/><int name="x2" value="687"/><int name="y2" value="-15"/><int name="prev" value="20"/><int name="next" value="22"/></imgdir><imgdir name="22"><int name="x1" value="687"/><int name="y1" value="-15"/><int name="x2" value="687"/><int name="y2" value="-60"/><int name="prev" value="21"/><int name="next" value="16"/></imgdir><imgdir name="23"><int name="x1" value="507"/><int name="y1" value="180"/><int name="x2" value="507"/><int name="y2" value="120"/><int name="prev" value="32"/><int name="next" value="26"/></imgdir><imgdir name="24"><int name="x1" value="507"/><int name="y1" value="60"/><int name="x2" value="507"/><int name="y2" value="45"/><int name="prev" value="26"/><int name="next" value="25"/></imgdir><imgdir name="25"><int name="x1" value="507"/><int name="y1" value="45"/><int name="x2" value="573"/><int name="y2" value="45"/><int name="prev" value="24"/><int name="next" value="27"/></imgdir><imgdir name="26"><int name="x1" value="507"/><int name="y1" value="120"/><int name="x2" value="507"/><int name="y2" value="60"/><int name="prev" value="23"/><int name="next" value="24"/></imgdir><imgdir name="27"><int name="x1" value="573"/><int name="y1" value="45"/><int name="x2" value="597"/><int name="y2" value="45"/><int name="prev" value="25"/><int name="next" value="28"/></imgdir><imgdir name="28"><int name="x1" value="597"/><int name="y1" value="45"/><int name="x2" value="597"/><int name="y2" value="0"/><int name="prev" value="27"/><int name="next" value="19"/></imgdir><imgdir name="29"><int name="x1" value="1563"/><int name="y1" value="180"/><int name="x2" value="1563"/><int name="y2" value="240"/><int name="prev" value="1"/><int name="next" value="30"/></imgdir><imgdir name="30"><int name="x1" value="1563"/><int name="y1" value="240"/><int name="x2" value="1563"/><int name="y2" value="300"/><int name="prev" value="29"/><int name="next" value="31"/></imgdir><imgdir name="31"><int name="x1" value="1563"/><int name="y1" value="300"/><int name="x2" value="1563"/><int name="y2" value="360"/><int name="prev" value="30"/><int name="next" value="0"/></imgdir><imgdir name="32"><int name="x1" value="507"/><int name="y1" value="240"/><int name="x2" value="507"/><int name="y2" value="180"/><int name="prev" value="0"/><int name="next" value="23"/></imgdir></imgdir></imgdir><imgdir name="4"><imgdir name="1"><imgdir name="33"><int name="x1" value="552"/><int name="y1" value="75"/><int name="x2" value="618"/><int name="y2" value="75"/><int name="prev" value="36"/><int name="next" value="34"/></imgdir><imgdir name="34"><int name="x1" value="618"/><int name="y1" value="75"/><int name="x2" value="618"/><int name="y2" value="90"/><int name="prev" value="33"/><int name="next" value="35"/></imgdir><imgdir name="35"><int name="x1" value="618"/><int name="y1" value="90"/><int name="x2" value="618"/><int name="y2" value="135"/><int name="prev" value="34"/><int name="next" value="42"/></imgdir><imgdir name="36"><int name="x1" value="495"/><int name="y1" value="75"/><int name="x2" value="552"/><int name="y2" value="75"/><int name="prev" value="40"/><int name="next" value="33"/></imgdir><imgdir name="37"><int name="x1" value="372"/><int name="y1" value="90"/><int name="x2" value="372"/><int name="y2" value="75"/><int name="prev" value="39"/><int name="next" value="38"/></imgdir><imgdir name="38"><int name="x1" value="372"/><int name="y1" value="75"/><int name="x2" value="438"/><int name="y2" value="75"/><int name="prev" value="37"/><int name="next" value="40"/></imgdir><imgdir name="39"><int name="x1" value="372"/><int name="y1" value="150"/><int name="x2" value="372"/><int name="y2" value="90"/><int name="prev" value="67"/><int name="next" value="37"/></imgdir><imgdir name="40"><int name="x1" value="438"/><int name="y1" value="75"/><int name="x2" value="495"/><int name="y2" value="75"/><int name="prev" value="38"/><int name="next" value="36"/></imgdir><imgdir name="41"><int name="x1" value="675"/><int name="y1" value="135"/><int name="x2" value="732"/><int name="y2" value="135"/><int name="prev" value="42"/><int name="next" value="44"/></imgdir><imgdir name="42"><int name="x1" value="618"/><int name="y1" value="135"/><int name="x2" value="675"/><int name="y2" value="135"/><int name="prev" value="35"/><int name="next" value="41"/></imgdir><imgdir name="43"><int name="x1" value="372"/><int name="y1" value="330"/><int name="x2" value="372"/><int name="y2" value="270"/><int name="prev" value="68"/><int name="next" value="48"/></imgdir><imgdir name="44"><int name="x1" value="732"/><int name="y1" value="135"/><int name="x2" value="765"/><int name="y2" value="135"/><int name="prev" value="41"/><int name="next" value="45"/></imgdir><imgdir name="45"><int name="x1" value="765"/><int name="y1" value="135"/><int name="x2" value="798"/><int name="y2" value="135"/><int name="prev" value="44"/><int name="next" value="46"/></imgdir><imgdir name="46"><int name="x1" value="798"/><int name="y1" value="135"/><int name="x2" value="798"/><int name="y2" value="150"/><int name="prev" value="45"/><int name="next" value="47"/></imgdir><imgdir name="47"><int name="x1" value="798"/><int name="y1" value="150"/><int name="x2" value="798"/><int name="y2" value="195"/><int name="prev" value="46"/><int name="next" value="49"/></imgdir><imgdir name="48"><int name="x1" value="372"/><int name="y1" value="270"/><int name="x2" value="372"/><int name="y2" value="210"/><int name="prev" value="43"/><int name="next" value="67"/></imgdir><imgdir name="49"><int name="x1" value="798"/><int name="y1" value="195"/><int name="x2" value="855"/><int name="y2" value="195"/><int name="prev" value="47"/><int name="next" value="51"/></imgdir><imgdir name="50"><int name="x1" value="978"/><int name="y1" value="210"/><int name="x2" value="978"/><int name="y2" value="255"/><int name="prev" value="54"/><int name="next" value="55"/></imgdir><imgdir name="51"><int name="x1" value="855"/><int name="y1" value="195"/><int name="x2" value="912"/><int name="y2" value="195"/><int name="prev" value="49"/><int name="next" value="52"/></imgdir><imgdir name="52"><int name="x1" value="912"/><int name="y1" value="195"/><int name="x2" value="945"/><int name="y2" value="195"/><int name="prev" value="51"/><int name="next" value="53"/></imgdir><imgdir name="53"><int name="x1" value="945"/><int name="y1" value="195"/><int name="x2" value="978"/><int name="y2" value="195"/><int name="prev" value="52"/><int name="next" value="54"/></imgdir><imgdir name="54"><int name="x1" value="978"/><int name="y1" value="195"/><int name="x2" value="978"/><int name="y2" value="210"/><int name="prev" value="53"/><int name="next" value="50"/></imgdir><imgdir name="55"><int name="x1" value="978"/><int name="y1" value="255"/><int name="x2" value="1035"/><int name="y2" value="255"/><int name="prev" value="50"/><int name="next" value="59"/></imgdir><imgdir name="56"><int name="x1" value="1092"/><int name="y1" value="255"/><int name="x2" value="1158"/><int name="y2" value="255"/><int name="prev" value="59"/><int name="next" value="57"/></imgdir><imgdir name="57"><int name="x1" value="1158"/><int name="y1" value="255"/><int name="x2" value="1158"/><int name="y2" value="270"/><int name="prev" value="56"/><int name="next" value="58"/></imgdir><imgdir name="58"><int name="x1" value="1158"/><int name="y1" value="270"/><int name="x2" value="1158"/><int name="y2" value="315"/><int name="prev" value="57"/><int name="next" value="65"/></imgdir><imgdir name="59"><int name="x1" value="1035"/><int name="y1" value="255"/><int name="x2" value="1092"/><int name="y2" value="255"/><int name="prev" value="55"/><int name="next" value="56"/></imgdir><imgdir name="60"><int name="x1" value="1215"/><int name="y1" value="315"/><int name="x2" value="1272"/><int name="y2" value="315"/><int name="prev" value="65"/><int name="next" value="61"/></imgdir><imgdir name="61"><int name="x1" value="1272"/><int name="y1" value="315"/><int name="x2" value="1305"/><int name="y2" value="315"/><int name="prev" value="60"/><int name="next" value="62"/></imgdir><imgdir name="62"><int name="x1" value="1305"/><int name="y1" value="315"/><int name="x2" value="1338"/><int name="y2" value="315"/><int name="prev" value="61"/><int name="next" value="63"/></imgdir><imgdir name="63"><int name="x1" value="1338"/><int name="y1" value="315"/><int name="x2" value="1338"/><int name="y2" value="330"/><int name="prev" value="62"/><int name="next" value="64"/></imgdir><imgdir name="64"><int name="x1" value="1338"/><int name="y1" value="330"/><int name="x2" value="1338"/><int name="y2" value="390"/><int name="prev" value="63"/><int name="next" value="66"/></imgdir><imgdir name="65"><int name="x1" value="1158"/><int name="y1" value="315"/><int name="x2" value="1215"/><int name="y2" value="315"/><int name="prev" value="58"/><int name="next" value="60"/></imgdir><imgdir name="66"><int name="x1" value="1338"/><int name="y1" value="390"/><int name="x2" value="1338"/><int name="y2" value="450"/><int name="prev" value="64"/><int name="next" value="72"/></imgdir><imgdir name="67"><int name="x1" value="372"/><int name="y1" value="210"/><int name="x2" value="372"/><int name="y2" value="150"/><int name="prev" value="48"/><int name="next" value="39"/></imgdir><imgdir name="68"><int name="x1" value="372"/><int name="y1" value="390"/><int name="x2" value="372"/><int name="y2" value="330"/><int name="prev" value="69"/><int name="next" value="43"/></imgdir><imgdir name="69"><int name="x1" value="372"/><int name="y1" value="450"/><int name="x2" value="372"/><int name="y2" value="390"/><int name="prev" value="70"/><int name="next" value="68"/></imgdir><imgdir name="70"><int name="x1" value="372"/><int name="y1" value="510"/><int name="x2" value="372"/><int name="y2" value="450"/><int name="prev" value="71"/><int name="next" value="69"/></imgdir><imgdir name="71"><int name="x1" value="372"/><int name="y1" value="570"/><int name="x2" value="372"/><int name="y2" value="510"/><int name="prev" value="0"/><int name="next" value="70"/></imgdir><imgdir name="72"><int name="x1" value="1338"/><int name="y1" value="450"/><int name="x2" value="1338"/><int name="y2" value="510"/><int name="prev" value="66"/><int name="next" value="0"/></imgdir></imgdir></imgdir><imgdir name="5"><imgdir name="0"><imgdir name="73"><int name="x1" value="1440"/><int name="y1" value="345"/><int name="x2" value="1497"/><int name="y2" value="345"/><int name="prev" value="75"/><int name="next" value="76"/></imgdir><imgdir name="74"><int name="x1" value="1260"/><int name="y1" value="345"/><int name="x2" value="1293"/><int name="y2" value="345"/><int name="prev" value="81"/><int name="next" value="82"/></imgdir><imgdir name="75"><int name="x1" value="1350"/><int name="y1" value="345"/><int name="x2" value="1440"/><int name="y2" value="345"/><int name="prev" value="82"/><int name="next" value="73"/></imgdir><imgdir name="76"><int name="x1" value="1497"/><int name="y1" value="345"/><int name="x2" value="1530"/><int name="y2" value="345"/><int name="prev" value="73"/><int name="next" value="77"/></imgdir><imgdir name="77"><int name="x1" value="1530"/><int name="y1" value="345"/><int name="x2" value="1563"/><int name="y2" value="345"/><int name="prev" value="76"/><int name="next" value="78"/></imgdir><imgdir name="78"><int name="x1" value="1563"/><int name="y1" value="345"/><int name="x2" value="1563"/><int name="y2" value="360"/><int name="prev" value="77"/><int name="next" value="79"/></imgdir><imgdir name="79"><int name="x1" value="1563"/><int name="y1" value="360"/><int name="x2" value="1563"/><int name="y2" value="420"/><int name="prev" value="78"/><int name="next" value="83"/></imgdir><imgdir name="80"><int name="x1" value="1227"/><int name="y1" value="360"/><int name="x2" value="1227"/><int name="y2" value="345"/><int name="prev" value="86"/><int name="next" value="81"/></imgdir><imgdir name="81"><int name="x1" value="1227"/><int name="y1" value="345"/><int name="x2" value="1260"/><int name="y2" value="345"/><int name="prev" value="80"/><int name="next" value="74"/></imgdir><imgdir name="82"><int name="x1" value="1293"/><int name="y1" value="345"/><int name="x2" value="1350"/><int name="y2" value="345"/><int name="prev" value="74"/><int name="next" value="75"/></imgdir><imgdir name="83"><int name="x1" value="1563"/><int name="y1" value="420"/><int name="x2" value="1563"/><int name="y2" value="480"/><int name="prev" value="79"/><int name="next" value="108"/></imgdir><imgdir name="84"><int name="x1" value="1080"/><int name="y1" value="405"/><int name="x2" value="1170"/><int name="y2" value="405"/><int name="prev" value="90"/><int name="next" value="85"/></imgdir><imgdir name="85"><int name="x1" value="1170"/><int name="y1" value="405"/><int name="x2" value="1227"/><int name="y2" value="405"/><int name="prev" value="84"/><int name="next" value="86"/></imgdir><imgdir name="86"><int name="x1" value="1227"/><int name="y1" value="405"/><int name="x2" value="1227"/><int name="y2" value="360"/><int name="prev" value="85"/><int name="next" value="80"/></imgdir><imgdir name="87"><int name="x1" value="990"/><int name="y1" value="405"/><int name="x2" value="1023"/><int name="y2" value="405"/><int name="prev" value="89"/><int name="next" value="90"/></imgdir><imgdir name="88"><int name="x1" value="957"/><int name="y1" value="420"/><int name="x2" value="957"/><int name="y2" value="405"/><int name="prev" value="92"/><int name="next" value="89"/></imgdir><imgdir name="89"><int name="x1" value="957"/><int name="y1" value="405"/><int name="x2" value="990"/><int name="y2" value="405"/><int name="prev" value="88"/><int name="next" value="87"/></imgdir><imgdir name="90"><int name="x1" value="1023"/><int name="y1" value="405"/><int name="x2" value="1080"/><int name="y2" value="405"/><int name="prev" value="87"/><int name="next" value="84"/></imgdir><imgdir name="91"><int name="x1" value="900"/><int name="y1" value="465"/><int name="x2" value="957"/><int name="y2" value="465"/><int name="prev" value="93"/><int name="next" value="92"/></imgdir><imgdir name="92"><int name="x1" value="957"/><int name="y1" value="465"/><int name="x2" value="957"/><int name="y2" value="420"/><int name="prev" value="91"/><int name="next" value="88"/></imgdir><imgdir name="93"><int name="x1" value="810"/><int name="y1" value="465"/><int name="x2" value="900"/><int name="y2" value="465"/><int name="prev" value="96"/><int name="next" value="91"/></imgdir><imgdir name="94"><int name="x1" value="687"/><int name="y1" value="480"/><int name="x2" value="687"/><int name="y2" value="465"/><int name="prev" value="98"/><int name="next" value="95"/></imgdir><imgdir name="95"><int name="x1" value="687"/><int name="y1" value="465"/><int name="x2" value="753"/><int name="y2" value="465"/><int name="prev" value="94"/><int name="next" value="96"/></imgdir><imgdir name="96"><int name="x1" value="753"/><int name="y1" value="465"/><int name="x2" value="810"/><int name="y2" value="465"/><int name="prev" value="95"/><int name="next" value="93"/></imgdir><imgdir name="97"><int name="x1" value="630"/><int name="y1" value="525"/><int name="x2" value="687"/><int name="y2" value="525"/><int name="prev" value="99"/><int name="next" value="98"/></imgdir><imgdir name="98"><int name="x1" value="687"/><int name="y1" value="525"/><int name="x2" value="687"/><int name="y2" value="480"/><int name="prev" value="97"/><int name="next" value="94"/></imgdir><imgdir name="99"><int name="x1" value="540"/><int name="y1" value="525"/><int name="x2" value="630"/><int name="y2" value="525"/><int name="prev" value="101"/><int name="next" value="97"/></imgdir><imgdir name="100"><int name="x1" value="360"/><int name="y1" value="525"/><int name="x2" value="393"/><int name="y2" value="525"/><int name="prev" value="103"/><int name="next" value="104"/></imgdir><imgdir name="101"><int name="x1" value="450"/><int name="y1" value="525"/><int name="x2" value="540"/><int name="y2" value="525"/><int name="prev" value="104"/><int name="next" value="99"/></imgdir><imgdir name="102"><int name="x1" value="327"/><int name="y1" value="540"/><int name="x2" value="327"/><int name="y2" value="525"/><int name="prev" value="105"/><int name="next" value="103"/></imgdir><imgdir name="103"><int name="x1" value="327"/><int name="y1" value="525"/><int name="x2" value="360"/><int name="y2" value="525"/><int name="prev" value="102"/><int name="next" value="100"/></imgdir><imgdir name="104"><int name="x1" value="393"/><int name="y1" value="525"/><int name="x2" value="450"/><int name="y2" value="525"/><int name="prev" value="100"/><int name="next" value="101"/></imgdir><imgdir name="105"><int name="x1" value="327"/><int name="y1" value="600"/><int name="x2" value="327"/><int name="y2" value="540"/><int name="prev" value="106"/><int name="next" value="102"/></imgdir><imgdir name="106"><int name="x1" value="327"/><int name="y1" value="660"/><int name="x2" value="327"/><int name="y2" value="600"/><int name="prev" value="107"/><int name="next" value="105"/></imgdir><imgdir name="107"><int name="x1" value="327"/><int name="y1" value="720"/><int name="x2" value="327"/><int name="y2" value="660"/><int name="prev" value="0"/><int name="next" value="106"/></imgdir><imgdir name="108"><int name="x1" value="1563"/><int name="y1" value="480"/><int name="x2" value="1563"/><int name="y2" value="540"/><int name="prev" value="83"/><int name="next" value="109"/></imgdir><imgdir name="109"><int name="x1" value="1563"/><int name="y1" value="540"/><int name="x2" value="1563"/><int name="y2" value="600"/><int name="prev" value="108"/><int name="next" value="110"/></imgdir><imgdir name="110"><int name="x1" value="1563"/><int name="y1" value="600"/><int name="x2" value="1563"/><int name="y2" value="660"/><int name="prev" value="109"/><int name="next" value="111"/></imgdir><imgdir name="111"><int name="x1" value="1563"/><int name="y1" value="660"/><int name="x2" value="1563"/><int name="y2" value="720"/><int name="prev" value="110"/><int name="next" value="0"/></imgdir></imgdir></imgdir><imgdir name="1"><imgdir name="6"><imgdir name="112"><int name="x1" value="978"/><int name="y1" value="-130"/><int name="x2" value="1015"/><int name="y2" value="-130"/><int name="prev" value="0"/><int name="next" value="0"/></imgdir></imgdir><imgdir name="7"><imgdir name="113"><int name="x1" value="945"/><int name="y1" value="-182"/><int name="x2" value="982"/><int name="y2" value="-182"/><int name="prev" value="0"/><int name="next" value="0"/></imgdir></imgdir><imgdir name="4"><imgdir name="114"><int name="x1" value="910"/><int name="y1" value="-130"/><int name="x2" value="947"/><int name="y2" value="-130"/><int name="prev" value="0"/><int name="next" value="0"/></imgdir></imgdir><imgdir name="8"><imgdir name="115"><int name="x1" value="876"/><int name="y1" value="-182"/><int name="x2" value="913"/><int name="y2" value="-182"/><int name="prev" value="0"/><int name="next" value="0"/></imgdir></imgdir><imgdir name="5"><imgdir name="116"><int name="x1" value="843"/><int name="y1" value="-130"/><int name="x2" value="880"/><int name="y2" value="-130"/><int name="prev" value="0"/><int name="next" value="0"/></imgdir></imgdir><imgdir name="9"><imgdir name="117"><int name="x1" value="910"/><int name="y1" value="-234"/><int name="x2" value="947"/><int name="y2" value="-234"/><int name="prev" value="0"/><int name="next" value="0"/></imgdir></imgdir><imgdir name="3"><imgdir name="118"><int name="x1" value="1231"/><int name="y1" value="-87"/><int name="x2" value="1356"/><int name="y2" value="-87"/><int name="prev" value="0"/><int name="next" value="0"/></imgdir><imgdir name="119"><int name="x1" value="1241"/><int name="y1" value="-99"/><int name="x2" value="1365"/><int name="y2" value="-99"/><int name="prev" value="0"/><int name="next" value="0"/></imgdir><imgdir name="120"><int name="x1" value="1252"/><int name="y1" value="-111"/><int name="x2" value="1377"/><int name="y2" value="-111"/><int name="prev" value="0"/><int name="next" value="0"/></imgdir><imgdir name="121"><int name="x1" value="1262"/><int name="y1" value="-121"/><int name="x2" value="1387"/><int name="y2" value="-121"/><int name="prev" value="0"/><int name="next" value="0"/></imgdir></imgdir></imgdir></imgdir><imgdir name="ladderRope"></imgdir><imgdir name="miniMap"><canvas name="canvas" width="82" height="80"></canvas><int name="width" value="1313"/><int name="height" value="1294"/><int name="centerX" value="-287"/><int name="centerY" value="495"/><int name="mag" value="4"/></imgdir><imgdir name="portal"><imgdir name="0"><string name="pn" value="sp"/><int name="pt" value="0"/><int name="x" value="1095"/><int name="y" value="-136"/><int name="tm" value="999999999"/><string name="tn" value=""/></imgdir><imgdir name="1"><string name="pn" value="st00"/><int name="pt" value="1"/><int name="x" value="759"/><int name="y" value="458"/><int name="tm" value="999999999"/><string name="tn" value=""/></imgdir><imgdir name="2"><string name="pn" value="next00"/><int name="pt" value="5"/><int name="x" value="1331"/><int name="y" value="-122"/><int name="tm" value="103000804"/><string name="tn" value="st00"/></imgdir></imgdir></imgdir>