<?xml version="1.0" encoding="UTF-8" standalone="yes"?><imgdir name="105090500.img"><imgdir name="info"><int name="version" value="10"/><int name="cloud" value="0"/><string name="mapDesc" value=""/><int name="town" value="0"/><int name="returnMap" value="105040300"/><float name="mobRate" value="1.1"/><string name="bgm" value="Bgm02/EvilEyes"/><int name="forcedReturn" value="105090200"/><int name="hideMinimap" value="0"/><int name="moveLimit" value="0"/><string name="mapMark" value="Dungeon"/><int name="fieldLimit" value="64"/><int name="swim" value="0"/></imgdir><imgdir name="back"><imgdir name="0"><string name="bS" value="blueCave2"/><int name="no" value="0"/><int name="x" value="3"/><int name="y" value="-103"/><int name="rx" value="-5"/><int name="ry" value="-5"/><int name="type" value="3"/><int name="cx" value="0"/><int name="cy" value="0"/><int name="a" value="255"/><int name="front" value="0"/><int name="ani" value="0"/><int name="f" value="0"/></imgdir><imgdir name="1"><string name="bS" value="blueCave2"/><int name="no" value="1"/><int name="x" value="-7"/><int name="y" value="-94"/><int name="rx" value="-10"/><int name="ry" value="-10"/><int name="type" value="3"/><int name="cx" value="0"/><int name="cy" value="0"/><int name="a" value="255"/><int name="front" value="0"/><int name="ani" value="0"/><int name="f" value="0"/></imgdir><imgdir name="2"><string name="bS" value="blueCave2"/><int name="no" value="2"/><int name="x" value="0"/><int name="y" value="-23"/><int name="rx" value="-15"/><int name="ry" value="-15"/><int name="type" value="3"/><int name="cx" value="0"/><int name="cy" value="0"/><int name="a" value="255"/><int name="front" value="0"/><int name="ani" value="0"/><int name="f" value="0"/></imgdir><imgdir name="3"><string name="bS" value="blueCave2"/><int name="no" value="4"/><int name="x" value="0"/><int name="y" value="14"/><int name="rx" value="-50"/><int name="ry" value="-50"/><int name="type" value="3"/><int name="cx" value="500"/><int name="cy" value="0"/><int name="a" value="255"/><int name="front" value="0"/><int name="ani" value="0"/><int name="f" value="0"/></imgdir><imgdir name="4"><string name="bS" value="blueCave2"/><int name="no" value="5"/><int name="x" value="-130"/><int name="y" value="-173"/><int name="rx" value="-100"/><int name="ry" value="-100"/><int name="type" value="3"/><int name="cx" value="400"/><int name="cy" value="0"/><int name="a" value="255"/><int name="front" value="0"/><int name="ani" value="0"/><int name="f" value="0"/></imgdir><imgdir name="5"><string name="bS" value="blueCave2"/><int name="no" value="7"/><int name="x" value="-130"/><int name="y" value="357"/><int name="rx" value="-100"/><int name="ry" value="-100"/><int name="type" value="1"/><int name="cx" value="400"/><int name="cy" value="0"/><int name="a" value="255"/><int name="front" value="0"/><int name="ani" value="0"/><int name="f" value="0"/></imgdir><imgdir name="6"><string name="bS" value="blueCave2"/><int name="no" value="8"/><int name="x" value="-129"/><int name="y" value="-247"/><int name="rx" value="-100"/><int name="ry" value="-100"/><int name="type" value="1"/><int name="cx" value="400"/><int name="cy" value="0"/><int name="a" value="255"/><int name="front" value="0"/><int name="ani" value="0"/><int name="f" value="0"/></imgdir></imgdir><imgdir name="life"><imgdir name="0"><string name="type" value="m"/><string name="id" value="7130100"/><int name="x" value="-78"/><int name="y" value="372"/><int name="mobTime" value="120"/><int name="f" value="0"/><int name="fh" value="4"/><int name="cy" value="400"/><int name="rx0" value="-547"/><int name="rx1" value="1627"/></imgdir><imgdir name="1"><string name="type" value="m"/><string name="id" value="7130100"/><int name="x" value="359"/><int name="y" value="370"/><int name="mobTime" value="120"/><int name="f" value="0"/><int name="fh" value="8"/><int name="cy" value="400"/><int name="rx0" value="-547"/><int name="rx1" value="1627"/></imgdir><imgdir name="2"><string name="type" value="m"/><string name="id" value="7130100"/><int name="x" value="861"/><int name="y" value="374"/><int name="mobTime" value="120"/><int name="f" value="0"/><int name="fh" value="15"/><int name="cy" value="400"/><int name="rx0" value="-547"/><int name="rx1" value="1627"/></imgdir><imgdir name="3"><string name="type" value="m"/><string name="id" value="7130100"/><int name="x" value="1301"/><int name="y" value="374"/><int name="mobTime" value="120"/><int name="f" value="0"/><int name="fh" value="20"/><int name="cy" value="400"/><int name="rx0" value="-547"/><int name="rx1" value="1627"/></imgdir><imgdir name="4"><string name="type" value="m"/><string name="id" value="4230100"/><int name="x" value="-489"/><int name="y" value="354"/><int name="mobTime" value="0"/><int name="f" value="0"/><int name="fh" value="33"/><int name="cy" value="400"/><int name="rx0" value="-547"/><int name="rx1" value="1627"/></imgdir><imgdir name="5"><string name="type" value="m"/><string name="id" value="4230100"/><int name="x" value="-424"/><int name="y" value="378"/><int name="mobTime" value="0"/><int name="f" value="0"/><int name="fh" value="32"/><int name="cy" value="400"/><int name="rx0" value="-547"/><int name="rx1" value="1627"/></imgdir><imgdir name="6"><string name="type" value="m"/><string name="id" value="4230100"/><int name="x" value="-204"/><int name="y" value="355"/><int name="mobTime" value="0"/><int name="f" value="0"/><int name="fh" value="2"/><int name="cy" value="400"/><int name="rx0" value="-547"/><int name="rx1" value="1627"/></imgdir><imgdir name="7"><string name="type" value="m"/><string name="id" value="4230100"/><int name="x" value="74"/><int name="y" value="353"/><int name="mobTime" value="0"/><int name="f" value="0"/><int name="fh" value="73"/><int name="cy" value="400"/><int name="rx0" value="-547"/><int name="rx1" value="1627"/></imgdir><imgdir name="8"><string name="type" value="m"/><string name="id" value="4230100"/><int name="x" value="204"/><int name="y" value="357"/><int name="mobTime" value="0"/><int name="f" value="0"/><int name="fh" value="10"/><int name="cy" value="400"/><int name="rx0" value="-547"/><int name="rx1" value="1627"/></imgdir><imgdir name="9"><string name="type" value="m"/><string name="id" value="4230100"/><int name="x" value="520"/><int name="y" value="355"/><int name="mobTime" value="0"/><int name="f" value="0"/><int name="fh" value="11"/><int name="cy" value="400"/><int name="rx0" value="-547"/><int name="rx1" value="1627"/></imgdir><imgdir name="10"><string name="type" value="m"/><string name="id" value="4230100"/><int name="x" value="662"/><int name="y" value="365"/><int name="mobTime" value="0"/><int name="f" value="0"/><int name="fh" value="12"/><int name="cy" value="400"/><int name="rx0" value="-547"/><int name="rx1" value="1627"/></imgdir><imgdir name="11"><string name="type" value="m"/><string name="id" value="4230100"/><int name="x" value="1023"/><int name="y" value="363"/><int name="mobTime" value="0"/><int name="f" value="0"/><int name="fh" value="19"/><int name="cy" value="400"/><int name="rx0" value="-547"/><int name="rx1" value="1627"/></imgdir><imgdir name="12"><string name="type" value="m"/><string name="id" value="4230100"/><int name="x" value="1142"/><int name="y" value="362"/><int name="mobTime" value="0"/><int name="f" value="0"/><int name="fh" value="17"/><int name="cy" value="400"/><int name="rx0" value="-547"/><int name="rx1" value="1627"/></imgdir><imgdir name="13"><string name="type" value="m"/><string name="id" value="4230100"/><int name="x" value="1440"/><int name="y" value="368"/><int name="mobTime" value="0"/><int name="f" value="0"/><int name="fh" value="21"/><int name="cy" value="400"/><int name="rx0" value="-547"/><int name="rx1" value="1627"/></imgdir><imgdir name="14"><string name="type" value="m"/><string name="id" value="4230100"/><int name="x" value="1565"/><int name="y" value="370"/><int name="mobTime" value="0"/><int name="f" value="0"/><int name="fh" value="26"/><int name="cy" value="400"/><int name="rx0" value="-547"/><int name="rx1" value="1627"/></imgdir><imgdir name="15"><string name="type" value="m"/><string name="id" value="4230100"/><int name="x" value="786"/><int name="y" value="64"/><int name="mobTime" value="0"/><int name="f" value="0"/><int name="fh" value="38"/><int name="cy" value="93"/><int name="rx0" value="-547"/><int name="rx1" value="1627"/></imgdir><imgdir name="16"><string name="type" value="m"/><string name="id" value="4230100"/><int name="x" value="978"/><int name="y" value="-20"/><int name="mobTime" value="0"/><int name="f" value="0"/><int name="fh" value="46"/><int name="cy" value="2"/><int name="rx0" value="-547"/><int name="rx1" value="1627"/></imgdir></imgdir><imgdir name="0"><imgdir name="info"></imgdir><imgdir name="tile"></imgdir><imgdir name="obj"></imgdir></imgdir><imgdir name="1"><imgdir name="info"><string name="tS" value="blueCave2"/></imgdir><imgdir name="tile"><imgdir name="14"><int name="x" value="90"/><int name="y" value="420"/><string name="u" value="enH0"/><int name="no" value="0"/><int name="zM" value="0"/></imgdir><imgdir name="11"><int name="x" value="0"/><int name="y" value="420"/><string name="u" value="enH0"/><int name="no" value="0"/><int name="zM" value="0"/></imgdir><imgdir name="9"><int name="x" value="-90"/><int name="y" value="420"/><string name="u" value="enH0"/><int name="no" value="1"/><int name="zM" value="0"/></imgdir><imgdir name="7"><int name="x" value="-180"/><int name="y" value="420"/><string name="u" value="enH0"/><int name="no" value="0"/><int name="zM" value="0"/></imgdir><imgdir name="5"><int name="x" value="-270"/><int name="y" value="420"/><string name="u" value="enH0"/><int name="no" value="0"/><int name="zM" value="0"/></imgdir><imgdir name="3"><int name="x" value="-360"/><int name="y" value="420"/><string name="u" value="enH0"/><int name="no" value="1"/><int name="zM" value="0"/></imgdir><imgdir name="2"><int name="x" value="-360"/><int name="y" value="420"/><string name="u" value="bsc"/><int name="no" value="2"/><int name="zM" value="0"/></imgdir><imgdir name="21"><int name="x" value="-270"/><int name="y" value="480"/><string name="u" value="bsc"/><int name="no" value="0"/><int name="zM" value="0"/></imgdir><imgdir name="16"><int name="x" value="-360"/><int name="y" value="480"/><string name="u" value="bsc"/><int name="no" value="1"/><int name="zM" value="0"/></imgdir><imgdir name="4"><int name="x" value="-270"/><int name="y" value="420"/><string name="u" value="bsc"/><int name="no" value="2"/><int name="zM" value="0"/></imgdir><imgdir name="8"><int name="x" value="-90"/><int name="y" value="420"/><string name="u" value="bsc"/><int name="no" value="2"/><int name="zM" value="0"/></imgdir><imgdir name="6"><int name="x" value="-180"/><int name="y" value="420"/><string name="u" value="bsc"/><int name="no" value="0"/><int name="zM" value="0"/></imgdir><imgdir name="10"><int name="x" value="0"/><int name="y" value="420"/><string name="u" value="bsc"/><int name="no" value="2"/><int name="zM" value="0"/></imgdir><imgdir name="19"><int name="x" value="-180"/><int name="y" value="480"/><string name="u" value="bsc"/><int name="no" value="2"/><int name="zM" value="0"/></imgdir><imgdir name="18"><int name="x" value="0"/><int name="y" value="480"/><string name="u" value="bsc"/><int name="no" value="2"/><int name="zM" value="0"/></imgdir><imgdir name="28"><int name="x" value="-90"/><int name="y" value="480"/><string name="u" value="bsc"/><int name="no" value="1"/><int name="zM" value="0"/></imgdir><imgdir name="23"><int name="x" value="-270"/><int name="y" value="540"/><string name="u" value="bsc"/><int name="no" value="2"/><int name="zM" value="0"/></imgdir><imgdir name="20"><int name="x" value="-360"/><int name="y" value="540"/><string name="u" value="bsc"/><int name="no" value="1"/><int name="zM" value="0"/></imgdir><imgdir name="30"><int name="x" value="-90"/><int name="y" value="540"/><string name="u" value="bsc"/><int name="no" value="0"/><int name="zM" value="0"/></imgdir><imgdir name="29"><int name="x" value="0"/><int name="y" value="540"/><string name="u" value="bsc"/><int name="no" value="2"/><int name="zM" value="0"/></imgdir><imgdir name="17"><int name="x" value="-180"/><int name="y" value="540"/><string name="u" value="bsc"/><int name="no" value="1"/><int name="zM" value="0"/></imgdir><imgdir name="36"><int name="x" value="0"/><int name="y" value="600"/><string name="u" value="bsc"/><int name="no" value="1"/><int name="zM" value="0"/></imgdir><imgdir name="34"><int name="x" value="-90"/><int name="y" value="600"/><string name="u" value="bsc"/><int name="no" value="0"/><int name="zM" value="0"/></imgdir><imgdir name="44"><int name="x" value="-90"/><int name="y" value="660"/><string name="u" value="enH1"/><int name="no" value="1"/><int name="zM" value="0"/></imgdir><imgdir name="33"><int name="x" value="-180"/><int name="y" value="600"/><string name="u" value="bsc"/><int name="no" value="1"/><int name="zM" value="0"/></imgdir><imgdir name="42"><int name="x" value="-180"/><int name="y" value="660"/><string name="u" value="enH1"/><int name="no" value="0"/><int name="zM" value="0"/></imgdir><imgdir name="35"><int name="x" value="-270"/><int name="y" value="600"/><string name="u" value="bsc"/><int name="no" value="1"/><int name="zM" value="0"/></imgdir><imgdir name="40"><int name="x" value="-270"/><int name="y" value="660"/><string name="u" value="enH1"/><int name="no" value="0"/><int name="zM" value="0"/></imgdir><imgdir name="24"><int name="x" value="-360"/><int name="y" value="600"/><string name="u" value="bsc"/><int name="no" value="1"/><int name="zM" value="0"/></imgdir><imgdir name="43"><int name="x" value="0"/><int name="y" value="660"/><string name="u" value="enH1"/><int name="no" value="1"/><int name="zM" value="0"/></imgdir><imgdir name="32"><int name="x" value="-360"/><int name="y" value="660"/><string name="u" value="enH1"/><int name="no" value="0"/><int name="zM" value="0"/></imgdir><imgdir name="15"><int name="x" value="90"/><int name="y" value="420"/><string name="u" value="bsc"/><int name="no" value="1"/><int name="zM" value="0"/></imgdir><imgdir name="52"><int name="x" value="180"/><int name="y" value="420"/><string name="u" value="enH0"/><int name="no" value="1"/><int name="zM" value="0"/></imgdir><imgdir name="51"><int name="x" value="270"/><int name="y" value="420"/><string name="u" value="enH0"/><int name="no" value="1"/><int name="zM" value="0"/></imgdir><imgdir name="49"><int name="x" value="360"/><int name="y" value="420"/><string name="u" value="enH0"/><int name="no" value="0"/><int name="zM" value="0"/></imgdir><imgdir name="12"><int name="x" value="180"/><int name="y" value="420"/><string name="u" value="bsc"/><int name="no" value="1"/><int name="zM" value="0"/></imgdir><imgdir name="50"><int name="x" value="270"/><int name="y" value="420"/><string name="u" value="bsc"/><int name="no" value="2"/><int name="zM" value="0"/></imgdir><imgdir name="48"><int name="x" value="360"/><int name="y" value="420"/><string name="u" value="bsc"/><int name="no" value="1"/><int name="zM" value="0"/></imgdir><imgdir name="47"><int name="x" value="450"/><int name="y" value="420"/><string name="u" value="bsc"/><int name="no" value="1"/><int name="zM" value="0"/></imgdir><imgdir name="53"><int name="x" value="450"/><int name="y" value="420"/><string name="u" value="enH0"/><int name="no" value="0"/><int name="zM" value="0"/></imgdir><imgdir name="13"><int name="x" value="90"/><int name="y" value="480"/><string name="u" value="bsc"/><int name="no" value="0"/><int name="zM" value="0"/></imgdir><imgdir name="46"><int name="x" value="270"/><int name="y" value="480"/><string name="u" value="bsc"/><int name="no" value="0"/><int name="zM" value="0"/></imgdir><imgdir name="25"><int name="x" value="180"/><int name="y" value="480"/><string name="u" value="bsc"/><int name="no" value="1"/><int name="zM" value="0"/></imgdir><imgdir name="56"><int name="x" value="360"/><int name="y" value="480"/><string name="u" value="bsc"/><int name="no" value="0"/><int name="zM" value="0"/></imgdir><imgdir name="54"><int name="x" value="450"/><int name="y" value="480"/><string name="u" value="bsc"/><int name="no" value="0"/><int name="zM" value="0"/></imgdir><imgdir name="26"><int name="x" value="360"/><int name="y" value="540"/><string name="u" value="bsc"/><int name="no" value="1"/><int name="zM" value="0"/></imgdir><imgdir name="60"><int name="x" value="270"/><int name="y" value="540"/><string name="u" value="bsc"/><int name="no" value="2"/><int name="zM" value="0"/></imgdir><imgdir name="62"><int name="x" value="90"/><int name="y" value="540"/><string name="u" value="bsc"/><int name="no" value="0"/><int name="zM" value="0"/></imgdir><imgdir name="61"><int name="x" value="180"/><int name="y" value="540"/><string name="u" value="bsc"/><int name="no" value="2"/><int name="zM" value="0"/></imgdir><imgdir name="59"><int name="x" value="450"/><int name="y" value="540"/><string name="u" value="bsc"/><int name="no" value="0"/><int name="zM" value="0"/></imgdir><imgdir name="41"><int name="x" value="90"/><int name="y" value="660"/><string name="u" value="enH1"/><int name="no" value="0"/><int name="zM" value="0"/></imgdir><imgdir name="63"><int name="x" value="90"/><int name="y" value="600"/><string name="u" value="bsc"/><int name="no" value="1"/><int name="zM" value="0"/></imgdir><imgdir name="66"><int name="x" value="180"/><int name="y" value="600"/><string name="u" value="bsc"/><int name="no" value="0"/><int name="zM" value="0"/></imgdir><imgdir name="37"><int name="x" value="180"/><int name="y" value="660"/><string name="u" value="enH1"/><int name="no" value="1"/><int name="zM" value="0"/></imgdir><imgdir name="65"><int name="x" value="270"/><int name="y" value="600"/><string name="u" value="bsc"/><int name="no" value="0"/><int name="zM" value="0"/></imgdir><imgdir name="67"><int name="x" value="360"/><int name="y" value="600"/><string name="u" value="bsc"/><int name="no" value="2"/><int name="zM" value="0"/></imgdir><imgdir name="70"><int name="x" value="270"/><int name="y" value="660"/><string name="u" value="enH1"/><int name="no" value="0"/><int name="zM" value="0"/></imgdir><imgdir name="71"><int name="x" value="360"/><int name="y" value="660"/><string name="u" value="enH1"/><int name="no" value="0"/><int name="zM" value="0"/></imgdir><imgdir name="64"><int name="x" value="450"/><int name="y" value="600"/><string name="u" value="bsc"/><int name="no" value="0"/><int name="zM" value="0"/></imgdir><imgdir name="69"><int name="x" value="450"/><int name="y" value="660"/><string name="u" value="enH1"/><int name="no" value="1"/><int name="zM" value="0"/></imgdir><imgdir name="82"><int name="x" value="900"/><int name="y" value="420"/><string name="u" value="enH0"/><int name="no" value="0"/><int name="zM" value="0"/></imgdir><imgdir name="79"><int name="x" value="810"/><int name="y" value="420"/><string name="u" value="enH0"/><int name="no" value="1"/><int name="zM" value="0"/></imgdir><imgdir name="73"><int name="x" value="630"/><int name="y" value="420"/><string name="u" value="enH0"/><int name="no" value="1"/><int name="zM" value="0"/></imgdir><imgdir name="75"><int name="x" value="720"/><int name="y" value="420"/><string name="u" value="enH0"/><int name="no" value="0"/><int name="zM" value="0"/></imgdir><imgdir name="76"><int name="x" value="540"/><int name="y" value="420"/><string name="u" value="enH0"/><int name="no" value="1"/><int name="zM" value="0"/></imgdir><imgdir name="78"><int name="x" value="810"/><int name="y" value="420"/><string name="u" value="bsc"/><int name="no" value="1"/><int name="zM" value="0"/></imgdir><imgdir name="74"><int name="x" value="720"/><int name="y" value="420"/><string name="u" value="bsc"/><int name="no" value="1"/><int name="zM" value="0"/></imgdir><imgdir name="55"><int name="x" value="540"/><int name="y" value="420"/><string name="u" value="bsc"/><int name="no" value="0"/><int name="zM" value="0"/></imgdir><imgdir name="72"><int name="x" value="630"/><int name="y" value="420"/><string name="u" value="bsc"/><int name="no" value="1"/><int name="zM" value="0"/></imgdir><imgdir name="77"><int name="x" value="900"/><int name="y" value="420"/><string name="u" value="bsc"/><int name="no" value="0"/><int name="zM" value="0"/></imgdir><imgdir name="83"><int name="x" value="630"/><int name="y" value="480"/><string name="u" value="bsc"/><int name="no" value="0"/><int name="zM" value="0"/></imgdir><imgdir name="86"><int name="x" value="720"/><int name="y" value="480"/><string name="u" value="bsc"/><int name="no" value="1"/><int name="zM" value="0"/></imgdir><imgdir name="84"><int name="x" value="540"/><int name="y" value="480"/><string name="u" value="bsc"/><int name="no" value="1"/><int name="zM" value="0"/></imgdir><imgdir name="85"><int name="x" value="810"/><int name="y" value="480"/><string name="u" value="bsc"/><int name="no" value="0"/><int name="zM" value="0"/></imgdir><imgdir name="87"><int name="x" value="900"/><int name="y" value="480"/><string name="u" value="bsc"/><int name="no" value="1"/><int name="zM" value="0"/></imgdir><imgdir name="92"><int name="x" value="900"/><int name="y" value="540"/><string name="u" value="bsc"/><int name="no" value="0"/><int name="zM" value="0"/></imgdir><imgdir name="45"><int name="x" value="810"/><int name="y" value="540"/><string name="u" value="bsc"/><int name="no" value="1"/><int name="zM" value="0"/></imgdir><imgdir name="90"><int name="x" value="630"/><int name="y" value="540"/><string name="u" value="bsc"/><int name="no" value="0"/><int name="zM" value="0"/></imgdir><imgdir name="91"><int name="x" value="540"/><int name="y" value="540"/><string name="u" value="bsc"/><int name="no" value="2"/><int name="zM" value="0"/></imgdir><imgdir name="88"><int name="x" value="720"/><int name="y" value="540"/><string name="u" value="bsc"/><int name="no" value="0"/><int name="zM" value="0"/></imgdir><imgdir name="68"><int name="x" value="540"/><int name="y" value="660"/><string name="u" value="enH1"/><int name="no" value="1"/><int name="zM" value="0"/></imgdir><imgdir name="99"><int name="x" value="630"/><int name="y" value="660"/><string name="u" value="enH1"/><int name="no" value="1"/><int name="zM" value="0"/></imgdir><imgdir name="95"><int name="x" value="540"/><int name="y" value="600"/><string name="u" value="bsc"/><int name="no" value="2"/><int name="zM" value="0"/></imgdir><imgdir name="97"><int name="x" value="630"/><int name="y" value="600"/><string name="u" value="bsc"/><int name="no" value="0"/><int name="zM" value="0"/></imgdir><imgdir name="96"><int name="x" value="720"/><int name="y" value="600"/><string name="u" value="bsc"/><int name="no" value="2"/><int name="zM" value="0"/></imgdir><imgdir name="98"><int name="x" value="720"/><int name="y" value="660"/><string name="u" value="enH1"/><int name="no" value="0"/><int name="zM" value="0"/></imgdir><imgdir name="93"><int name="x" value="810"/><int name="y" value="600"/><string name="u" value="bsc"/><int name="no" value="1"/><int name="zM" value="0"/></imgdir><imgdir name="27"><int name="x" value="810"/><int name="y" value="660"/><string name="u" value="enH1"/><int name="no" value="0"/><int name="zM" value="0"/></imgdir><imgdir name="89"><int name="x" value="900"/><int name="y" value="600"/><string name="u" value="bsc"/><int name="no" value="1"/><int name="zM" value="0"/></imgdir><imgdir name="94"><int name="x" value="900"/><int name="y" value="660"/><string name="u" value="enH1"/><int name="no" value="1"/><int name="zM" value="0"/></imgdir><imgdir name="112"><int name="x" value="1350"/><int name="y" value="420"/><string name="u" value="enH0"/><int name="no" value="0"/><int name="zM" value="0"/></imgdir><imgdir name="109"><int name="x" value="1260"/><int name="y" value="420"/><string name="u" value="enH0"/><int name="no" value="1"/><int name="zM" value="0"/></imgdir><imgdir name="103"><int name="x" value="1080"/><int name="y" value="420"/><string name="u" value="enH0"/><int name="no" value="1"/><int name="zM" value="0"/></imgdir><imgdir name="105"><int name="x" value="1170"/><int name="y" value="420"/><string name="u" value="enH0"/><int name="no" value="1"/><int name="zM" value="0"/></imgdir><imgdir name="106"><int name="x" value="990"/><int name="y" value="420"/><string name="u" value="enH0"/><int name="no" value="1"/><int name="zM" value="0"/></imgdir><imgdir name="107"><int name="x" value="1350"/><int name="y" value="420"/><string name="u" value="bsc"/><int name="no" value="2"/><int name="zM" value="0"/></imgdir><imgdir name="108"><int name="x" value="1260"/><int name="y" value="420"/><string name="u" value="bsc"/><int name="no" value="0"/><int name="zM" value="0"/></imgdir><imgdir name="104"><int name="x" value="1170"/><int name="y" value="420"/><string name="u" value="bsc"/><int name="no" value="1"/><int name="zM" value="0"/></imgdir><imgdir name="102"><int name="x" value="1080"/><int name="y" value="420"/><string name="u" value="bsc"/><int name="no" value="2"/><int name="zM" value="0"/></imgdir><imgdir name="80"><int name="x" value="990"/><int name="y" value="420"/><string name="u" value="bsc"/><int name="no" value="1"/><int name="zM" value="0"/></imgdir><imgdir name="113"><int name="x" value="1260"/><int name="y" value="480"/><string name="u" value="bsc"/><int name="no" value="0"/><int name="zM" value="0"/></imgdir><imgdir name="115"><int name="x" value="1080"/><int name="y" value="480"/><string name="u" value="bsc"/><int name="no" value="0"/><int name="zM" value="0"/></imgdir><imgdir name="117"><int name="x" value="990"/><int name="y" value="480"/><string name="u" value="bsc"/><int name="no" value="0"/><int name="zM" value="0"/></imgdir><imgdir name="114"><int name="x" value="1170"/><int name="y" value="480"/><string name="u" value="bsc"/><int name="no" value="1"/><int name="zM" value="0"/></imgdir><imgdir name="116"><int name="x" value="1350"/><int name="y" value="480"/><string name="u" value="bsc"/><int name="no" value="1"/><int name="zM" value="0"/></imgdir><imgdir name="119"><int name="x" value="990"/><int name="y" value="540"/><string name="u" value="bsc"/><int name="no" value="0"/><int name="zM" value="0"/></imgdir><imgdir name="122"><int name="x" value="1080"/><int name="y" value="540"/><string name="u" value="bsc"/><int name="no" value="0"/><int name="zM" value="0"/></imgdir><imgdir name="121"><int name="x" value="1170"/><int name="y" value="540"/><string name="u" value="bsc"/><int name="no" value="1"/><int name="zM" value="0"/></imgdir><imgdir name="118"><int name="x" value="1260"/><int name="y" value="540"/><string name="u" value="bsc"/><int name="no" value="1"/><int name="zM" value="0"/></imgdir><imgdir name="120"><int name="x" value="1350"/><int name="y" value="540"/><string name="u" value="bsc"/><int name="no" value="0"/><int name="zM" value="0"/></imgdir><imgdir name="101"><int name="x" value="990"/><int name="y" value="660"/><string name="u" value="enH1"/><int name="no" value="0"/><int name="zM" value="0"/></imgdir><imgdir name="130"><int name="x" value="1080"/><int name="y" value="660"/><string name="u" value="enH1"/><int name="no" value="1"/><int name="zM" value="0"/></imgdir><imgdir name="128"><int name="x" value="1170"/><int name="y" value="660"/><string name="u" value="enH1"/><int name="no" value="1"/><int name="zM" value="0"/></imgdir><imgdir name="125"><int name="x" value="1080"/><int name="y" value="600"/><string name="u" value="bsc"/><int name="no" value="0"/><int name="zM" value="0"/></imgdir><imgdir name="123"><int name="x" value="990"/><int name="y" value="600"/><string name="u" value="bsc"/><int name="no" value="0"/><int name="zM" value="0"/></imgdir><imgdir name="127"><int name="x" value="1170"/><int name="y" value="600"/><string name="u" value="bsc"/><int name="no" value="1"/><int name="zM" value="0"/></imgdir><imgdir name="129"><int name="x" value="1260"/><int name="y" value="660"/><string name="u" value="enH1"/><int name="no" value="1"/><int name="zM" value="0"/></imgdir><imgdir name="58"><int name="x" value="1260"/><int name="y" value="600"/><string name="u" value="bsc"/><int name="no" value="2"/><int name="zM" value="0"/></imgdir><imgdir name="126"><int name="x" value="1350"/><int name="y" value="600"/><string name="u" value="bsc"/><int name="no" value="2"/><int name="zM" value="0"/></imgdir><imgdir name="131"><int name="x" value="1350"/><int name="y" value="660"/><string name="u" value="enH1"/><int name="no" value="1"/><int name="zM" value="0"/></imgdir><imgdir name="134"><int name="x" value="1620"/><int name="y" value="420"/><string name="u" value="edU"/><int name="no" value="0"/><int name="zM" value="0"/></imgdir><imgdir name="136"><int name="x" value="1530"/><int name="y" value="420"/><string name="u" value="enH0"/><int name="no" value="1"/><int name="zM" value="0"/></imgdir><imgdir name="132"><int name="x" value="1440"/><int name="y" value="420"/><string name="u" value="enH0"/><int name="no" value="1"/><int name="zM" value="0"/></imgdir><imgdir name="100"><int name="x" value="1440"/><int name="y" value="660"/><string name="u" value="enH1"/><int name="no" value="1"/><int name="zM" value="0"/></imgdir><imgdir name="124"><int name="x" value="1440"/><int name="y" value="600"/><string name="u" value="bsc"/><int name="no" value="1"/><int name="zM" value="0"/></imgdir><imgdir name="140"><int name="x" value="1620"/><int name="y" value="540"/><string name="u" value="enV1"/><int name="no" value="0"/><int name="zM" value="0"/></imgdir><imgdir name="57"><int name="x" value="1440"/><int name="y" value="540"/><string name="u" value="bsc"/><int name="no" value="0"/><int name="zM" value="0"/></imgdir><imgdir name="142"><int name="x" value="1530"/><int name="y" value="540"/><string name="u" value="bsc"/><int name="no" value="2"/><int name="zM" value="0"/></imgdir><imgdir name="138"><int name="x" value="1620"/><int name="y" value="480"/><string name="u" value="enV1"/><int name="no" value="0"/><int name="zM" value="0"/></imgdir><imgdir name="81"><int name="x" value="1440"/><int name="y" value="480"/><string name="u" value="bsc"/><int name="no" value="0"/><int name="zM" value="0"/></imgdir><imgdir name="143"><int name="x" value="1530"/><int name="y" value="480"/><string name="u" value="bsc"/><int name="no" value="1"/><int name="zM" value="0"/></imgdir><imgdir name="135"><int name="x" value="1620"/><int name="y" value="420"/><string name="u" value="enV1"/><int name="no" value="1"/><int name="zM" value="0"/></imgdir><imgdir name="110"><int name="x" value="1440"/><int name="y" value="420"/><string name="u" value="bsc"/><int name="no" value="2"/><int name="zM" value="0"/></imgdir><imgdir name="139"><int name="x" value="1530"/><int name="y" value="600"/><string name="u" value="bsc"/><int name="no" value="0"/><int name="zM" value="0"/></imgdir><imgdir name="133"><int name="x" value="1530"/><int name="y" value="420"/><string name="u" value="bsc"/><int name="no" value="0"/><int name="zM" value="0"/></imgdir><imgdir name="111"><int name="x" value="1620"/><int name="y" value="660"/><string name="u" value="edD"/><int name="no" value="0"/><int name="zM" value="0"/></imgdir><imgdir name="137"><int name="x" value="1620"/><int name="y" value="600"/><string name="u" value="enV1"/><int name="no" value="1"/><int name="zM" value="0"/></imgdir><imgdir name="141"><int name="x" value="1530"/><int name="y" value="660"/><string name="u" value="enH1"/><int name="no" value="1"/><int name="zM" value="0"/></imgdir><imgdir name="144"><int name="x" value="-540"/><int name="y" value="420"/><string name="u" value="edU"/><int name="no" value="0"/><int name="zM" value="0"/></imgdir><imgdir name="148"><int name="x" value="-540"/><int name="y" value="420"/><string name="u" value="enH0"/><int name="no" value="0"/><int name="zM" value="0"/></imgdir><imgdir name="147"><int name="x" value="-450"/><int name="y" value="420"/><string name="u" value="enH0"/><int name="no" value="1"/><int name="zM" value="0"/></imgdir><imgdir name="149"><int name="x" value="-540"/><int name="y" value="420"/><string name="u" value="enV0"/><int name="no" value="0"/><int name="zM" value="0"/></imgdir><imgdir name="0"><int name="x" value="-540"/><int name="y" value="420"/><string name="u" value="bsc"/><int name="no" value="1"/><int name="zM" value="0"/></imgdir><imgdir name="146"><int name="x" value="-450"/><int name="y" value="420"/><string name="u" value="bsc"/><int name="no" value="1"/><int name="zM" value="0"/></imgdir><imgdir name="22"><int name="x" value="-450"/><int name="y" value="480"/><string name="u" value="bsc"/><int name="no" value="2"/><int name="zM" value="0"/></imgdir><imgdir name="145"><int name="x" value="-540"/><int name="y" value="480"/><string name="u" value="bsc"/><int name="no" value="2"/><int name="zM" value="0"/></imgdir><imgdir name="150"><int name="x" value="-540"/><int name="y" value="480"/><string name="u" value="enV0"/><int name="no" value="1"/><int name="zM" value="0"/></imgdir><imgdir name="152"><int name="x" value="-540"/><int name="y" value="540"/><string name="u" value="bsc"/><int name="no" value="2"/><int name="zM" value="0"/></imgdir><imgdir name="1"><int name="x" value="-450"/><int name="y" value="540"/><string name="u" value="bsc"/><int name="no" value="0"/><int name="zM" value="0"/></imgdir><imgdir name="31"><int name="x" value="-540"/><int name="y" value="540"/><string name="u" value="enV0"/><int name="no" value="0"/><int name="zM" value="0"/></imgdir><imgdir name="39"><int name="x" value="-450"/><int name="y" value="660"/><string name="u" value="enH1"/><int name="no" value="0"/><int name="zM" value="0"/></imgdir><imgdir name="38"><int name="x" value="-540"/><int name="y" value="660"/><string name="u" value="edD"/><int name="no" value="0"/><int name="zM" value="0"/></imgdir><imgdir name="151"><int name="x" value="-540"/><int name="y" value="600"/><string name="u" value="enV0"/><int name="no" value="0"/><int name="zM" value="0"/></imgdir><imgdir name="155"><int name="x" value="-450"/><int name="y" value="600"/><string name="u" value="bsc"/><int name="no" value="1"/><int name="zM" value="0"/></imgdir><imgdir name="153"><int name="x" value="-540"/><int name="y" value="660"/><string name="u" value="enH1"/><int name="no" value="0"/><int name="zM" value="0"/></imgdir><imgdir name="154"><int name="x" value="-540"/><int name="y" value="600"/><string name="u" value="bsc"/><int name="no" value="2"/><int name="zM" value="0"/></imgdir></imgdir><imgdir name="obj"><imgdir name="1"><string name="oS" value="dungeon"/><string name="l0" value="blueCave"/><string name="l1" value="set2"/><string name="l2" value="1"/><int name="x" value="104"/><int name="y" value="175"/><int name="z" value="3"/><int name="f" value="0"/><int name="zM" value="0"/></imgdir><imgdir name="2"><string name="oS" value="dungeon"/><string name="l0" value="blueCave"/><string name="l1" value="set2"/><string name="l2" value="1"/><int name="x" value="301"/><int name="y" value="180"/><int name="z" value="5"/><int name="f" value="0"/><int name="zM" value="0"/></imgdir><imgdir name="3"><string name="oS" value="dungeon"/><string name="l0" value="blueCave"/><string name="l1" value="set2"/><string name="l2" value="2"/><int name="x" value="150"/><int name="y" value="284"/><int name="z" value="4"/><int name="f" value="0"/><int name="zM" value="0"/></imgdir><imgdir name="0"><string name="oS" value="dungeon"/><string name="l0" value="blueCave"/><string name="l1" value="set2"/><string name="l2" value="0"/><int name="x" value="924"/><int name="y" value="197"/><int name="z" value="2"/><int name="f" value="0"/><int name="zM" value="0"/></imgdir><imgdir name="4"><string name="oS" value="dungeon"/><string name="l0" value="blueCave"/><string name="l1" value="set2"/><string name="l2" value="4"/><int name="x" value="1514"/><int name="y" value="373"/><int name="z" value="3"/><int name="f" value="0"/><int name="zM" value="0"/></imgdir><imgdir name="5"><string name="oS" value="dungeon"/><string name="l0" value="blueCave"/><string name="l1" value="set2"/><string name="l2" value="15"/><int name="x" value="1514"/><int name="y" value="339"/><int name="z" value="3"/><int name="f" value="0"/><int name="zM" value="1"/></imgdir><imgdir name="6"><string name="oS" value="dungeon"/><string name="l0" value="blueCave"/><string name="l1" value="set2"/><string name="l2" value="8"/><int name="x" value="1514"/><int name="y" value="301"/><int name="z" value="3"/><int name="f" value="0"/><int name="zM" value="3"/></imgdir><imgdir name="7"><string name="oS" value="dungeon"/><string name="l0" value="blueCave"/><string name="l1" value="set2"/><string name="l2" value="7"/><int name="x" value="1514"/><int name="y" value="240"/><int name="z" value="3"/><int name="f" value="0"/><int name="zM" value="11"/></imgdir><imgdir name="8"><string name="oS" value="dungeon"/><string name="l0" value="blueCave"/><string name="l1" value="set2"/><string name="l2" value="16"/><int name="x" value="1513"/><int name="y" value="202"/><int name="z" value="3"/><int name="f" value="0"/><int name="zM" value="17"/></imgdir><imgdir name="9"><string name="oS" value="dungeon"/><string name="l0" value="blueCave"/><string name="l1" value="set2"/><string name="l2" value="13"/><int name="x" value="1517"/><int name="y" value="170"/><int name="z" value="3"/><int name="f" value="0"/><int name="zM" value="19"/></imgdir><imgdir name="10"><string name="oS" value="dungeon"/><string name="l0" value="blueCave"/><string name="l1" value="set2"/><string name="l2" value="11"/><int name="x" value="400"/><int name="y" value="381"/><int name="z" value="3"/><int name="f" value="0"/><int name="zM" value="0"/></imgdir><imgdir name="11"><string name="oS" value="dungeon"/><string name="l0" value="blueCave"/><string name="l1" value="set2"/><string name="l2" value="10"/><int name="x" value="492"/><int name="y" value="381"/><int name="z" value="3"/><int name="f" value="0"/><int name="zM" value="0"/></imgdir><imgdir name="12"><string name="oS" value="dungeon"/><string name="l0" value="blueCave"/><string name="l1" value="set2"/><string name="l2" value="11"/><int name="x" value="554"/><int name="y" value="378"/><int name="z" value="3"/><int name="f" value="0"/><int name="zM" value="0"/></imgdir><imgdir name="13"><string name="oS" value="dungeon"/><string name="l0" value="blueCave"/><string name="l1" value="set2"/><string name="l2" value="13"/><int name="x" value="-106"/><int name="y" value="375"/><int name="z" value="3"/><int name="f" value="0"/><int name="zM" value="0"/></imgdir><imgdir name="14"><string name="oS" value="dungeon"/><string name="l0" value="blueCave"/><string name="l1" value="set2"/><string name="l2" value="13"/><int name="x" value="339"/><int name="y" value="374"/><int name="z" value="2"/><int name="f" value="0"/><int name="zM" value="0"/></imgdir><imgdir name="15"><string name="oS" value="dungeon"/><string name="l0" value="blueCave"/><string name="l1" value="set2"/><string name="l2" value="13"/><int name="x" value="1448"/><int name="y" value="377"/><int name="z" value="2"/><int name="f" value="0"/><int name="zM" value="0"/></imgdir><imgdir name="16"><string name="oS" value="dungeon"/><string name="l0" value="blueCave"/><string name="l1" value="set2"/><string name="l2" value="9"/><int name="x" value="1340"/><int name="y" value="379"/><int name="z" value="3"/><int name="f" value="0"/><int name="zM" value="0"/></imgdir><imgdir name="17"><string name="oS" value="dungeon"/><string name="l0" value="blueCave"/><string name="l1" value="set2"/><string name="l2" value="3"/><int name="x" value="-199"/><int name="y" value="373"/><int name="z" value="3"/><int name="f" value="0"/><int name="zM" value="0"/></imgdir><imgdir name="18"><string name="oS" value="dungeon"/><string name="l0" value="blueCave"/><string name="l1" value="set2"/><string name="l2" value="15"/><int name="x" value="-200"/><int name="y" value="339"/><int name="z" value="3"/><int name="f" value="0"/><int name="zM" value="2"/></imgdir><imgdir name="19"><string name="oS" value="dungeon"/><string name="l0" value="blueCave"/><string name="l1" value="set2"/><string name="l2" value="8"/><int name="x" value="-199"/><int name="y" value="301"/><int name="z" value="3"/><int name="f" value="0"/><int name="zM" value="4"/></imgdir><imgdir name="20"><string name="oS" value="dungeon"/><string name="l0" value="blueCave"/><string name="l1" value="set2"/><string name="l2" value="7"/><int name="x" value="-199"/><int name="y" value="240"/><int name="z" value="3"/><int name="f" value="0"/><int name="zM" value="10"/></imgdir><imgdir name="21"><string name="oS" value="dungeon"/><string name="l0" value="blueCave"/><string name="l1" value="set2"/><string name="l2" value="16"/><int name="x" value="-199"/><int name="y" value="202"/><int name="z" value="3"/><int name="f" value="0"/><int name="zM" value="18"/></imgdir><imgdir name="22"><string name="oS" value="dungeon"/><string name="l0" value="blueCave"/><string name="l1" value="foot"/><string name="l2" value="10"/><int name="x" value="-45"/><int name="y" value="239"/><int name="z" value="1"/><int name="f" value="0"/><int name="zM" value="0"/></imgdir><imgdir name="23"><string name="oS" value="dungeon"/><string name="l0" value="blueCave"/><string name="l1" value="foot"/><string name="l2" value="11"/><int name="x" value="-115"/><int name="y" value="355"/><int name="z" value="2"/><int name="f" value="0"/><int name="zM" value="0"/></imgdir><imgdir name="24"><string name="oS" value="dungeon"/><string name="l0" value="blueCave"/><string name="l1" value="set2"/><string name="l2" value="0"/><int name="x" value="1226"/><int name="y" value="198"/><int name="z" value="4"/><int name="f" value="0"/><int name="zM" value="0"/></imgdir><imgdir name="25"><string name="oS" value="dungeon"/><string name="l0" value="blueCave"/><string name="l1" value="foot"/><string name="l2" value="10"/><int name="x" value="-475"/><int name="y" value="243"/><int name="z" value="3"/><int name="f" value="1"/><int name="zM" value="0"/></imgdir></imgdir></imgdir><imgdir name="2"><imgdir name="info"></imgdir><imgdir name="tile"></imgdir><imgdir name="obj"><imgdir name="0"><string name="oS" value="connect"/><string name="l0" value="rope"/><string name="l1" value="0"/><string name="l2" value="0"/><int name="x" value="0"/><int name="y" value="90"/><int name="z" value="3"/><int name="f" value="0"/><int name="zM" value="22"/></imgdir><imgdir name="1"><string name="oS" value="connect"/><string name="l0" value="rope"/><string name="l1" value="0"/><string name="l2" value="3"/><int name="x" value="0"/><int name="y" value="175"/><int name="z" value="3"/><int name="f" value="0"/><int name="zM" value="16"/></imgdir><imgdir name="2"><string name="oS" value="connect"/><string name="l0" value="rope"/><string name="l1" value="0"/><string name="l2" value="1"/><int name="x" value="0"/><int name="y" value="250"/><int name="z" value="3"/><int name="f" value="0"/><int name="zM" value="13"/></imgdir><imgdir name="3"><string name="oS" value="connect"/><string name="l0" value="rope"/><string name="l1" value="0"/><string name="l2" value="1"/><int name="x" value="0"/><int name="y" value="280"/><int name="z" value="3"/><int name="f" value="0"/><int name="zM" value="8"/></imgdir><imgdir name="4"><string name="oS" value="connect"/><string name="l0" value="rope"/><string name="l1" value="0"/><string name="l2" value="2"/><int name="x" value="0"/><int name="y" value="310"/><int name="z" value="3"/><int name="f" value="0"/><int name="zM" value="5"/></imgdir><imgdir name="5"><string name="oS" value="connect"/><string name="l0" value="rope"/><string name="l1" value="0"/><string name="l2" value="0"/><int name="x" value="1103"/><int name="y" value="100"/><int name="z" value="3"/><int name="f" value="0"/><int name="zM" value="20"/></imgdir><imgdir name="6"><string name="oS" value="connect"/><string name="l0" value="rope"/><string name="l1" value="0"/><string name="l2" value="3"/><int name="x" value="1103"/><int name="y" value="185"/><int name="z" value="3"/><int name="f" value="0"/><int name="zM" value="14"/></imgdir><imgdir name="7"><string name="oS" value="connect"/><string name="l0" value="rope"/><string name="l1" value="0"/><string name="l2" value="1"/><int name="x" value="1103"/><int name="y" value="260"/><int name="z" value="3"/><int name="f" value="0"/><int name="zM" value="9"/></imgdir><imgdir name="8"><string name="oS" value="connect"/><string name="l0" value="rope"/><string name="l1" value="0"/><string name="l2" value="2"/><int name="x" value="1103"/><int name="y" value="290"/><int name="z" value="3"/><int name="f" value="0"/><int name="zM" value="6"/></imgdir><imgdir name="9"><string name="oS" value="connect"/><string name="l0" value="rope"/><string name="l1" value="0"/><string name="l2" value="0"/><int name="x" value="-434"/><int name="y" value="95"/><int name="z" value="3"/><int name="f" value="0"/><int name="zM" value="21"/></imgdir><imgdir name="10"><string name="oS" value="connect"/><string name="l0" value="rope"/><string name="l1" value="0"/><string name="l2" value="3"/><int name="x" value="-434"/><int name="y" value="180"/><int name="z" value="3"/><int name="f" value="0"/><int name="zM" value="15"/></imgdir><imgdir name="11"><string name="oS" value="connect"/><string name="l0" value="rope"/><string name="l1" value="0"/><string name="l2" value="1"/><int name="x" value="-434"/><int name="y" value="255"/><int name="z" value="3"/><int name="f" value="0"/><int name="zM" value="12"/></imgdir><imgdir name="12"><string name="oS" value="connect"/><string name="l0" value="rope"/><string name="l1" value="0"/><string name="l2" value="2"/><int name="x" value="-434"/><int name="y" value="285"/><int name="z" value="3"/><int name="f" value="0"/><int name="zM" value="7"/></imgdir></imgdir></imgdir><imgdir name="3"><imgdir name="info"><string name="tS" value="blueCave"/></imgdir><imgdir name="tile"><imgdir name="5"><int name="x" value="-540"/><int name="y" value="-360"/><string name="u" value="bsc"/><int name="no" value="0"/><int name="zM" value="0"/></imgdir><imgdir name="1"><int name="x" value="-540"/><int name="y" value="-360"/><string name="u" value="enV0"/><int name="no" value="0"/><int name="zM" value="0"/></imgdir><imgdir name="3"><int name="x" value="-540"/><int name="y" value="-420"/><string name="u" value="enV0"/><int name="no" value="1"/><int name="zM" value="0"/></imgdir><imgdir name="37"><int name="x" value="-540"/><int name="y" value="-540"/><string name="u" value="enV0"/><int name="no" value="1"/><int name="zM" value="0"/></imgdir><imgdir name="34"><int name="x" value="-540"/><int name="y" value="-480"/><string name="u" value="enV0"/><int name="no" value="3"/><int name="zM" value="0"/></imgdir><imgdir name="49"><int name="x" value="-540"/><int name="y" value="-540"/><string name="u" value="enH0"/><int name="no" value="0"/><int name="zM" value="0"/></imgdir><imgdir name="40"><int name="x" value="-450"/><int name="y" value="-540"/><string name="u" value="enH0"/><int name="no" value="1"/><int name="zM" value="0"/></imgdir><imgdir name="52"><int name="x" value="-540"/><int name="y" value="-540"/><string name="u" value="edU"/><int name="no" value="0"/><int name="zM" value="0"/></imgdir><imgdir name="38"><int name="x" value="-540"/><int name="y" value="-480"/><string name="u" value="bsc"/><int name="no" value="0"/><int name="zM" value="0"/></imgdir><imgdir name="33"><int name="x" value="-540"/><int name="y" value="-420"/><string name="u" value="bsc"/><int name="no" value="0"/><int name="zM" value="0"/></imgdir><imgdir name="50"><int name="x" value="-540"/><int name="y" value="-540"/><string name="u" value="bsc"/><int name="no" value="0"/><int name="zM" value="0"/></imgdir><imgdir name="35"><int name="x" value="-360"/><int name="y" value="-540"/><string name="u" value="enH0"/><int name="no" value="1"/><int name="zM" value="0"/></imgdir><imgdir name="6"><int name="x" value="-450"/><int name="y" value="-420"/><string name="u" value="bsc"/><int name="no" value="0"/><int name="zM" value="0"/></imgdir><imgdir name="36"><int name="x" value="-450"/><int name="y" value="-480"/><string name="u" value="bsc"/><int name="no" value="0"/><int name="zM" value="0"/></imgdir><imgdir name="39"><int name="x" value="-450"/><int name="y" value="-540"/><string name="u" value="bsc"/><int name="no" value="0"/><int name="zM" value="0"/></imgdir><imgdir name="0"><int name="x" value="-450"/><int name="y" value="-360"/><string name="u" value="bsc"/><int name="no" value="0"/><int name="zM" value="0"/></imgdir><imgdir name="12"><int name="x" value="-360"/><int name="y" value="-360"/><string name="u" value="bsc"/><int name="no" value="0"/><int name="zM" value="0"/></imgdir><imgdir name="55"><int name="x" value="-360"/><int name="y" value="-420"/><string name="u" value="bsc"/><int name="no" value="0"/><int name="zM" value="0"/></imgdir><imgdir name="54"><int name="x" value="-360"/><int name="y" value="-480"/><string name="u" value="bsc"/><int name="no" value="0"/><int name="zM" value="0"/></imgdir><imgdir name="51"><int name="x" value="-360"/><int name="y" value="-540"/><string name="u" value="bsc"/><int name="no" value="0"/><int name="zM" value="0"/></imgdir><imgdir name="58"><int name="x" value="-270"/><int name="y" value="-540"/><string name="u" value="enH0"/><int name="no" value="0"/><int name="zM" value="0"/></imgdir><imgdir name="44"><int name="x" value="-180"/><int name="y" value="-540"/><string name="u" value="enH0"/><int name="no" value="1"/><int name="zM" value="0"/></imgdir><imgdir name="48"><int name="x" value="-90"/><int name="y" value="-540"/><string name="u" value="enH0"/><int name="no" value="0"/><int name="zM" value="0"/></imgdir><imgdir name="7"><int name="x" value="-270"/><int name="y" value="-480"/><string name="u" value="bsc"/><int name="no" value="0"/><int name="zM" value="0"/></imgdir><imgdir name="43"><int name="x" value="-180"/><int name="y" value="-540"/><string name="u" value="bsc"/><int name="no" value="0"/><int name="zM" value="0"/></imgdir><imgdir name="47"><int name="x" value="-90"/><int name="y" value="-540"/><string name="u" value="bsc"/><int name="no" value="0"/><int name="zM" value="0"/></imgdir><imgdir name="41"><int name="x" value="-270"/><int name="y" value="-540"/><string name="u" value="bsc"/><int name="no" value="0"/><int name="zM" value="0"/></imgdir><imgdir name="46"><int name="x" value="-90"/><int name="y" value="-480"/><string name="u" value="bsc"/><int name="no" value="0"/><int name="zM" value="0"/></imgdir><imgdir name="63"><int name="x" value="-180"/><int name="y" value="-480"/><string name="u" value="bsc"/><int name="no" value="0"/><int name="zM" value="0"/></imgdir><imgdir name="59"><int name="x" value="-90"/><int name="y" value="-420"/><string name="u" value="bsc"/><int name="no" value="0"/><int name="zM" value="0"/></imgdir><imgdir name="60"><int name="x" value="-180"/><int name="y" value="-420"/><string name="u" value="bsc"/><int name="no" value="0"/><int name="zM" value="0"/></imgdir><imgdir name="64"><int name="x" value="-270"/><int name="y" value="-420"/><string name="u" value="bsc"/><int name="no" value="0"/><int name="zM" value="0"/></imgdir><imgdir name="71"><int name="x" value="-270"/><int name="y" value="-360"/><string name="u" value="bsc"/><int name="no" value="0"/><int name="zM" value="0"/></imgdir><imgdir name="16"><int name="x" value="-180"/><int name="y" value="-360"/><string name="u" value="bsc"/><int name="no" value="0"/><int name="zM" value="0"/></imgdir><imgdir name="57"><int name="x" value="-90"/><int name="y" value="-360"/><string name="u" value="bsc"/><int name="no" value="0"/><int name="zM" value="0"/></imgdir><imgdir name="66"><int name="x" value="0"/><int name="y" value="-480"/><string name="u" value="bsc"/><int name="no" value="0"/><int name="zM" value="0"/></imgdir><imgdir name="62"><int name="x" value="0"/><int name="y" value="-540"/><string name="u" value="bsc"/><int name="no" value="0"/><int name="zM" value="0"/></imgdir><imgdir name="45"><int name="x" value="0"/><int name="y" value="-540"/><string name="u" value="enH0"/><int name="no" value="0"/><int name="zM" value="0"/></imgdir><imgdir name="67"><int name="x" value="0"/><int name="y" value="-420"/><string name="u" value="bsc"/><int name="no" value="0"/><int name="zM" value="0"/></imgdir><imgdir name="61"><int name="x" value="0"/><int name="y" value="-360"/><string name="u" value="bsc"/><int name="no" value="0"/><int name="zM" value="0"/></imgdir><imgdir name="80"><int name="x" value="360"/><int name="y" value="-540"/><string name="u" value="enH0"/><int name="no" value="1"/><int name="zM" value="0"/></imgdir><imgdir name="77"><int name="x" value="270"/><int name="y" value="-540"/><string name="u" value="enH0"/><int name="no" value="0"/><int name="zM" value="0"/></imgdir><imgdir name="75"><int name="x" value="180"/><int name="y" value="-540"/><string name="u" value="enH0"/><int name="no" value="0"/><int name="zM" value="0"/></imgdir><imgdir name="72"><int name="x" value="90"/><int name="y" value="-540"/><string name="u" value="enH0"/><int name="no" value="1"/><int name="zM" value="0"/></imgdir><imgdir name="87"><int name="x" value="360"/><int name="y" value="-360"/><string name="u" value="bsc"/><int name="no" value="0"/><int name="zM" value="0"/></imgdir><imgdir name="85"><int name="x" value="360"/><int name="y" value="-420"/><string name="u" value="bsc"/><int name="no" value="0"/><int name="zM" value="0"/></imgdir><imgdir name="73"><int name="x" value="360"/><int name="y" value="-540"/><string name="u" value="bsc"/><int name="no" value="0"/><int name="zM" value="0"/></imgdir><imgdir name="81"><int name="x" value="360"/><int name="y" value="-480"/><string name="u" value="bsc"/><int name="no" value="0"/><int name="zM" value="0"/></imgdir><imgdir name="83"><int name="x" value="270"/><int name="y" value="-360"/><string name="u" value="bsc"/><int name="no" value="0"/><int name="zM" value="0"/></imgdir><imgdir name="82"><int name="x" value="270"/><int name="y" value="-420"/><string name="u" value="bsc"/><int name="no" value="0"/><int name="zM" value="0"/></imgdir><imgdir name="76"><int name="x" value="270"/><int name="y" value="-540"/><string name="u" value="bsc"/><int name="no" value="0"/><int name="zM" value="0"/></imgdir><imgdir name="89"><int name="x" value="180"/><int name="y" value="-420"/><string name="u" value="bsc"/><int name="no" value="0"/><int name="zM" value="0"/></imgdir><imgdir name="65"><int name="x" value="90"/><int name="y" value="-540"/><string name="u" value="bsc"/><int name="no" value="0"/><int name="zM" value="0"/></imgdir><imgdir name="42"><int name="x" value="90"/><int name="y" value="-480"/><string name="u" value="bsc"/><int name="no" value="0"/><int name="zM" value="0"/></imgdir><imgdir name="20"><int name="x" value="90"/><int name="y" value="-420"/><string name="u" value="bsc"/><int name="no" value="0"/><int name="zM" value="0"/></imgdir><imgdir name="70"><int name="x" value="90"/><int name="y" value="-360"/><string name="u" value="bsc"/><int name="no" value="0"/><int name="zM" value="0"/></imgdir><imgdir name="24"><int name="x" value="180"/><int name="y" value="-480"/><string name="u" value="bsc"/><int name="no" value="0"/><int name="zM" value="0"/></imgdir><imgdir name="74"><int name="x" value="180"/><int name="y" value="-540"/><string name="u" value="bsc"/><int name="no" value="0"/><int name="zM" value="0"/></imgdir><imgdir name="31"><int name="x" value="180"/><int name="y" value="-360"/><string name="u" value="bsc"/><int name="no" value="0"/><int name="zM" value="0"/></imgdir><imgdir name="53"><int name="x" value="270"/><int name="y" value="-480"/><string name="u" value="bsc"/><int name="no" value="0"/><int name="zM" value="0"/></imgdir><imgdir name="128"><int name="x" value="990"/><int name="y" value="-540"/><string name="u" value="enH0"/><int name="no" value="1"/><int name="zM" value="0"/></imgdir><imgdir name="125"><int name="x" value="900"/><int name="y" value="-540"/><string name="u" value="enH0"/><int name="no" value="1"/><int name="zM" value="0"/></imgdir><imgdir name="123"><int name="x" value="810"/><int name="y" value="-540"/><string name="u" value="enH0"/><int name="no" value="0"/><int name="zM" value="0"/></imgdir><imgdir name="119"><int name="x" value="540"/><int name="y" value="-540"/><string name="u" value="enH0"/><int name="no" value="0"/><int name="zM" value="0"/></imgdir><imgdir name="116"><int name="x" value="450"/><int name="y" value="-540"/><string name="u" value="enH0"/><int name="no" value="1"/><int name="zM" value="0"/></imgdir><imgdir name="120"><int name="x" value="630"/><int name="y" value="-540"/><string name="u" value="enH0"/><int name="no" value="0"/><int name="zM" value="0"/></imgdir><imgdir name="121"><int name="x" value="720"/><int name="y" value="-540"/><string name="u" value="enH0"/><int name="no" value="0"/><int name="zM" value="0"/></imgdir><imgdir name="78"><int name="x" value="450"/><int name="y" value="-540"/><string name="u" value="bsc"/><int name="no" value="0"/><int name="zM" value="0"/></imgdir><imgdir name="118"><int name="x" value="540"/><int name="y" value="-540"/><string name="u" value="bsc"/><int name="no" value="0"/><int name="zM" value="0"/></imgdir><imgdir name="117"><int name="x" value="630"/><int name="y" value="-540"/><string name="u" value="bsc"/><int name="no" value="0"/><int name="zM" value="0"/></imgdir><imgdir name="130"><int name="x" value="720"/><int name="y" value="-540"/><string name="u" value="bsc"/><int name="no" value="0"/><int name="zM" value="0"/></imgdir><imgdir name="122"><int name="x" value="810"/><int name="y" value="-540"/><string name="u" value="bsc"/><int name="no" value="0"/><int name="zM" value="0"/></imgdir><imgdir name="124"><int name="x" value="900"/><int name="y" value="-540"/><string name="u" value="bsc"/><int name="no" value="0"/><int name="zM" value="0"/></imgdir><imgdir name="131"><int name="x" value="450"/><int name="y" value="-480"/><string name="u" value="bsc"/><int name="no" value="0"/><int name="zM" value="0"/></imgdir><imgdir name="132"><int name="x" value="900"/><int name="y" value="-480"/><string name="u" value="bsc"/><int name="no" value="0"/><int name="zM" value="0"/></imgdir><imgdir name="86"><int name="x" value="450"/><int name="y" value="-360"/><string name="u" value="bsc"/><int name="no" value="0"/><int name="zM" value="0"/></imgdir><imgdir name="100"><int name="x" value="540"/><int name="y" value="-360"/><string name="u" value="bsc"/><int name="no" value="0"/><int name="zM" value="0"/></imgdir><imgdir name="109"><int name="x" value="630"/><int name="y" value="-360"/><string name="u" value="bsc"/><int name="no" value="0"/><int name="zM" value="0"/></imgdir><imgdir name="79"><int name="x" value="720"/><int name="y" value="-480"/><string name="u" value="bsc"/><int name="no" value="0"/><int name="zM" value="0"/></imgdir><imgdir name="90"><int name="x" value="720"/><int name="y" value="-360"/><string name="u" value="bsc"/><int name="no" value="0"/><int name="zM" value="0"/></imgdir><imgdir name="84"><int name="x" value="810"/><int name="y" value="-360"/><string name="u" value="bsc"/><int name="no" value="0"/><int name="zM" value="0"/></imgdir><imgdir name="104"><int name="x" value="900"/><int name="y" value="-360"/><string name="u" value="bsc"/><int name="no" value="0"/><int name="zM" value="0"/></imgdir><imgdir name="88"><int name="x" value="720"/><int name="y" value="-420"/><string name="u" value="bsc"/><int name="no" value="0"/><int name="zM" value="0"/></imgdir><imgdir name="115"><int name="x" value="900"/><int name="y" value="-420"/><string name="u" value="bsc"/><int name="no" value="0"/><int name="zM" value="0"/></imgdir><imgdir name="127"><int name="x" value="1080"/><int name="y" value="-540"/><string name="u" value="enH0"/><int name="no" value="1"/><int name="zM" value="0"/></imgdir><imgdir name="126"><int name="x" value="1080"/><int name="y" value="-540"/><string name="u" value="bsc"/><int name="no" value="0"/><int name="zM" value="0"/></imgdir><imgdir name="129"><int name="x" value="990"/><int name="y" value="-540"/><string name="u" value="bsc"/><int name="no" value="0"/><int name="zM" value="0"/></imgdir><imgdir name="113"><int name="x" value="1170"/><int name="y" value="-360"/><string name="u" value="bsc"/><int name="no" value="0"/><int name="zM" value="0"/></imgdir><imgdir name="97"><int name="x" value="1170"/><int name="y" value="-420"/><string name="u" value="bsc"/><int name="no" value="0"/><int name="zM" value="0"/></imgdir><imgdir name="102"><int name="x" value="1170"/><int name="y" value="-540"/><string name="u" value="bsc"/><int name="no" value="0"/><int name="zM" value="0"/></imgdir><imgdir name="110"><int name="x" value="1260"/><int name="y" value="-360"/><string name="u" value="bsc"/><int name="no" value="0"/><int name="zM" value="0"/></imgdir><imgdir name="2"><int name="x" value="1440"/><int name="y" value="-420"/><string name="u" value="bsc"/><int name="no" value="0"/><int name="zM" value="0"/></imgdir><imgdir name="8"><int name="x" value="1440"/><int name="y" value="-480"/><string name="u" value="bsc"/><int name="no" value="0"/><int name="zM" value="0"/></imgdir><imgdir name="4"><int name="x" value="1350"/><int name="y" value="-480"/><string name="u" value="bsc"/><int name="no" value="0"/><int name="zM" value="0"/></imgdir><imgdir name="11"><int name="x" value="1350"/><int name="y" value="-420"/><string name="u" value="bsc"/><int name="no" value="0"/><int name="zM" value="0"/></imgdir><imgdir name="13"><int name="x" value="1350"/><int name="y" value="-360"/><string name="u" value="bsc"/><int name="no" value="0"/><int name="zM" value="0"/></imgdir><imgdir name="9"><int name="x" value="1440"/><int name="y" value="-540"/><string name="u" value="enH0"/><int name="no" value="0"/><int name="zM" value="0"/></imgdir><imgdir name="10"><int name="x" value="1440"/><int name="y" value="-540"/><string name="u" value="bsc"/><int name="no" value="0"/><int name="zM" value="0"/></imgdir><imgdir name="14"><int name="x" value="-450"/><int name="y" value="-300"/><string name="u" value="enH1"/><int name="no" value="1"/><int name="zM" value="0"/></imgdir><imgdir name="15"><int name="x" value="-540"/><int name="y" value="-300"/><string name="u" value="edD"/><int name="no" value="0"/><int name="zM" value="0"/></imgdir><imgdir name="17"><int name="x" value="-540"/><int name="y" value="-300"/><string name="u" value="enH1"/><int name="no" value="1"/><int name="zM" value="0"/></imgdir><imgdir name="19"><int name="x" value="1530"/><int name="y" value="-540"/><string name="u" value="bsc"/><int name="no" value="0"/><int name="zM" value="0"/></imgdir><imgdir name="21"><int name="x" value="1530"/><int name="y" value="-540"/><string name="u" value="enH0"/><int name="no" value="0"/><int name="zM" value="0"/></imgdir><imgdir name="23"><int name="x" value="1530"/><int name="y" value="-480"/><string name="u" value="bsc"/><int name="no" value="0"/><int name="zM" value="0"/></imgdir><imgdir name="29"><int name="x" value="1620"/><int name="y" value="-540"/><string name="u" value="edU"/><int name="no" value="0"/><int name="zM" value="0"/></imgdir><imgdir name="27"><int name="x" value="1170"/><int name="y" value="-540"/><string name="u" value="enH0"/><int name="no" value="0"/><int name="zM" value="0"/></imgdir><imgdir name="25"><int name="x" value="1260"/><int name="y" value="-540"/><string name="u" value="enH0"/><int name="no" value="0"/><int name="zM" value="0"/></imgdir><imgdir name="32"><int name="x" value="1260"/><int name="y" value="-540"/><string name="u" value="bsc"/><int name="no" value="0"/><int name="zM" value="0"/></imgdir><imgdir name="92"><int name="x" value="1350"/><int name="y" value="-540"/><string name="u" value="bsc"/><int name="no" value="0"/><int name="zM" value="0"/></imgdir><imgdir name="101"><int name="x" value="1350"/><int name="y" value="-540"/><string name="u" value="enH0"/><int name="no" value="0"/><int name="zM" value="0"/></imgdir><imgdir name="108"><int name="x" value="1530"/><int name="y" value="-420"/><string name="u" value="bsc"/><int name="no" value="0"/><int name="zM" value="0"/></imgdir><imgdir name="26"><int name="x" value="1620"/><int name="y" value="-540"/><string name="u" value="enV1"/><int name="no" value="1"/><int name="zM" value="0"/></imgdir><imgdir name="56"><int name="x" value="1530"/><int name="y" value="-360"/><string name="u" value="bsc"/><int name="no" value="0"/><int name="zM" value="0"/></imgdir><imgdir name="69"><int name="x" value="1620"/><int name="y" value="-480"/><string name="u" value="enV1"/><int name="no" value="2"/><int name="zM" value="0"/></imgdir><imgdir name="18"><int name="x" value="1620"/><int name="y" value="-420"/><string name="u" value="enV1"/><int name="no" value="0"/><int name="zM" value="0"/></imgdir><imgdir name="30"><int name="x" value="1620"/><int name="y" value="-360"/><string name="u" value="enV1"/><int name="no" value="3"/><int name="zM" value="0"/></imgdir><imgdir name="94"><int name="x" value="1260"/><int name="y" value="-480"/><string name="u" value="bsc"/><int name="no" value="0"/><int name="zM" value="0"/></imgdir><imgdir name="114"><int name="x" value="1260"/><int name="y" value="-420"/><string name="u" value="bsc"/><int name="no" value="0"/><int name="zM" value="0"/></imgdir><imgdir name="112"><int name="x" value="1440"/><int name="y" value="-360"/><string name="u" value="bsc"/><int name="no" value="0"/><int name="zM" value="0"/></imgdir><imgdir name="107"><int name="x" value="450"/><int name="y" value="-420"/><string name="u" value="bsc"/><int name="no" value="0"/><int name="zM" value="0"/></imgdir><imgdir name="95"><int name="x" value="990"/><int name="y" value="-420"/><string name="u" value="bsc"/><int name="no" value="0"/><int name="zM" value="0"/></imgdir><imgdir name="105"><int name="x" value="1170"/><int name="y" value="-480"/><string name="u" value="bsc"/><int name="no" value="0"/><int name="zM" value="0"/></imgdir><imgdir name="93"><int name="x" value="540"/><int name="y" value="-420"/><string name="u" value="bsc"/><int name="no" value="0"/><int name="zM" value="0"/></imgdir><imgdir name="106"><int name="x" value="810"/><int name="y" value="-420"/><string name="u" value="bsc"/><int name="no" value="0"/><int name="zM" value="0"/></imgdir><imgdir name="103"><int name="x" value="630"/><int name="y" value="-420"/><string name="u" value="bsc"/><int name="no" value="0"/><int name="zM" value="0"/></imgdir><imgdir name="99"><int name="x" value="990"/><int name="y" value="-360"/><string name="u" value="bsc"/><int name="no" value="0"/><int name="zM" value="0"/></imgdir><imgdir name="96"><int name="x" value="1080"/><int name="y" value="-420"/><string name="u" value="bsc"/><int name="no" value="0"/><int name="zM" value="0"/></imgdir><imgdir name="98"><int name="x" value="1080"/><int name="y" value="-480"/><string name="u" value="bsc"/><int name="no" value="0"/><int name="zM" value="0"/></imgdir><imgdir name="111"><int name="x" value="1080"/><int name="y" value="-360"/><string name="u" value="bsc"/><int name="no" value="0"/><int name="zM" value="0"/></imgdir><imgdir name="91"><int name="x" value="990"/><int name="y" value="-480"/><string name="u" value="bsc"/><int name="no" value="0"/><int name="zM" value="0"/></imgdir><imgdir name="28"><int name="x" value="630"/><int name="y" value="-480"/><string name="u" value="bsc"/><int name="no" value="0"/><int name="zM" value="0"/></imgdir><imgdir name="22"><int name="x" value="810"/><int name="y" value="-480"/><string name="u" value="bsc"/><int name="no" value="0"/><int name="zM" value="0"/></imgdir><imgdir name="68"><int name="x" value="540"/><int name="y" value="-480"/><string name="u" value="bsc"/><int name="no" value="0"/><int name="zM" value="0"/></imgdir><imgdir name="134"><int name="x" value="1620"/><int name="y" value="-300"/><string name="u" value="edD"/><int name="no" value="0"/><int name="zM" value="0"/></imgdir><imgdir name="136"><int name="x" value="1530"/><int name="y" value="-300"/><string name="u" value="enH1"/><int name="no" value="0"/><int name="zM" value="0"/></imgdir><imgdir name="133"><int name="x" value="1440"/><int name="y" value="-300"/><string name="u" value="enH1"/><int name="no" value="1"/><int name="zM" value="0"/></imgdir><imgdir name="137"><int name="x" value="1260"/><int name="y" value="-300"/><string name="u" value="enH1"/><int name="no" value="1"/><int name="zM" value="0"/></imgdir><imgdir name="135"><int name="x" value="1350"/><int name="y" value="-300"/><string name="u" value="enH1"/><int name="no" value="0"/><int name="zM" value="0"/></imgdir><imgdir name="139"><int name="x" value="1170"/><int name="y" value="-300"/><string name="u" value="enH1"/><int name="no" value="1"/><int name="zM" value="0"/></imgdir><imgdir name="140"><int name="x" value="1080"/><int name="y" value="-300"/><string name="u" value="enH1"/><int name="no" value="1"/><int name="zM" value="0"/></imgdir><imgdir name="142"><int name="x" value="990"/><int name="y" value="-300"/><string name="u" value="enH1"/><int name="no" value="1"/><int name="zM" value="0"/></imgdir><imgdir name="138"><int name="x" value="900"/><int name="y" value="-300"/><string name="u" value="enH1"/><int name="no" value="1"/><int name="zM" value="0"/></imgdir><imgdir name="143"><int name="x" value="810"/><int name="y" value="-300"/><string name="u" value="enH1"/><int name="no" value="0"/><int name="zM" value="0"/></imgdir><imgdir name="144"><int name="x" value="720"/><int name="y" value="-300"/><string name="u" value="enH1"/><int name="no" value="0"/><int name="zM" value="0"/></imgdir><imgdir name="141"><int name="x" value="630"/><int name="y" value="-300"/><string name="u" value="enH1"/><int name="no" value="1"/><int name="zM" value="0"/></imgdir><imgdir name="145"><int name="x" value="540"/><int name="y" value="-300"/><string name="u" value="enH1"/><int name="no" value="1"/><int name="zM" value="0"/></imgdir><imgdir name="148"><int name="x" value="450"/><int name="y" value="-300"/><string name="u" value="enH1"/><int name="no" value="1"/><int name="zM" value="0"/></imgdir><imgdir name="146"><int name="x" value="360"/><int name="y" value="-300"/><string name="u" value="enH1"/><int name="no" value="0"/><int name="zM" value="0"/></imgdir><imgdir name="150"><int name="x" value="270"/><int name="y" value="-300"/><string name="u" value="enH1"/><int name="no" value="0"/><int name="zM" value="0"/></imgdir><imgdir name="147"><int name="x" value="180"/><int name="y" value="-300"/><string name="u" value="enH1"/><int name="no" value="1"/><int name="zM" value="0"/></imgdir><imgdir name="151"><int name="x" value="0"/><int name="y" value="-300"/><string name="u" value="enH1"/><int name="no" value="0"/><int name="zM" value="0"/></imgdir><imgdir name="149"><int name="x" value="90"/><int name="y" value="-300"/><string name="u" value="enH1"/><int name="no" value="1"/><int name="zM" value="0"/></imgdir><imgdir name="153"><int name="x" value="-90"/><int name="y" value="-300"/><string name="u" value="enH1"/><int name="no" value="0"/><int name="zM" value="0"/></imgdir><imgdir name="154"><int name="x" value="-270"/><int name="y" value="-300"/><string name="u" value="enH1"/><int name="no" value="1"/><int name="zM" value="0"/></imgdir><imgdir name="155"><int name="x" value="-180"/><int name="y" value="-300"/><string name="u" value="enH1"/><int name="no" value="1"/><int name="zM" value="0"/></imgdir><imgdir name="152"><int name="x" value="-360"/><int name="y" value="-300"/><string name="u" value="enH1"/><int name="no" value="1"/><int name="zM" value="0"/></imgdir></imgdir><imgdir name="obj"></imgdir></imgdir><imgdir name="4"><imgdir name="info"></imgdir><imgdir name="tile"></imgdir><imgdir name="obj"></imgdir></imgdir><imgdir name="5"><imgdir name="info"></imgdir><imgdir name="tile"></imgdir><imgdir name="obj"></imgdir></imgdir><imgdir name="6"><imgdir name="info"></imgdir><imgdir name="tile"></imgdir><imgdir name="obj"></imgdir></imgdir><imgdir name="7"><imgdir name="info"></imgdir><imgdir name="tile"></imgdir><imgdir name="obj"></imgdir></imgdir><imgdir name="reactor"></imgdir><imgdir name="foothold"><imgdir name="1"><imgdir name="0"><imgdir name="1"><int name="x1" value="-361"/><int name="y1" value="400"/><int name="x2" value="-269"/><int name="y2" value="400"/><int name="prev" value="32"/><int name="next" value="2"/></imgdir><imgdir name="2"><int name="x1" value="-269"/><int name="y1" value="400"/><int name="x2" value="-179"/><int name="y2" value="400"/><int name="prev" value="1"/><int name="next" value="3"/></imgdir><imgdir name="3"><int name="x1" value="-179"/><int name="y1" value="400"/><int name="x2" value="-89"/><int name="y2" value="400"/><int name="prev" value="2"/><int name="next" value="4"/></imgdir><imgdir name="4"><int name="x1" value="-89"/><int name="y1" value="400"/><int name="x2" value="1"/><int name="y2" value="400"/><int name="prev" value="3"/><int name="next" value="5"/></imgdir><imgdir name="5"><int name="x1" value="1"/><int name="y1" value="400"/><int name="x2" value="52"/><int name="y2" value="400"/><int name="prev" value="4"/><int name="next" value="73"/></imgdir><imgdir name="6"><int name="x1" value="91"/><int name="y1" value="400"/><int name="x2" value="181"/><int name="y2" value="400"/><int name="prev" value="73"/><int name="next" value="10"/></imgdir><imgdir name="7"><int name="x1" value="-567"/><int name="y1" value="608"/><int name="x2" value="-567"/><int name="y2" value="540"/><int name="prev" value="36"/><int name="next" value="35"/></imgdir><imgdir name="8"><int name="x1" value="359"/><int name="y1" value="400"/><int name="x2" value="451"/><int name="y2" value="400"/><int name="prev" value="9"/><int name="next" value="11"/></imgdir><imgdir name="9"><int name="x1" value="269"/><int name="y1" value="400"/><int name="x2" value="359"/><int name="y2" value="400"/><int name="prev" value="10"/><int name="next" value="8"/></imgdir><imgdir name="10"><int name="x1" value="181"/><int name="y1" value="400"/><int name="x2" value="269"/><int name="y2" value="400"/><int name="prev" value="6"/><int name="next" value="9"/></imgdir><imgdir name="11"><int name="x1" value="451"/><int name="y1" value="400"/><int name="x2" value="541"/><int name="y2" value="400"/><int name="prev" value="8"/><int name="next" value="14"/></imgdir><imgdir name="12"><int name="x1" value="629"/><int name="y1" value="400"/><int name="x2" value="721"/><int name="y2" value="400"/><int name="prev" value="14"/><int name="next" value="13"/></imgdir><imgdir name="13"><int name="x1" value="721"/><int name="y1" value="400"/><int name="x2" value="811"/><int name="y2" value="400"/><int name="prev" value="12"/><int name="next" value="15"/></imgdir><imgdir name="14"><int name="x1" value="541"/><int name="y1" value="400"/><int name="x2" value="629"/><int name="y2" value="400"/><int name="prev" value="11"/><int name="next" value="12"/></imgdir><imgdir name="15"><int name="x1" value="811"/><int name="y1" value="400"/><int name="x2" value="901"/><int name="y2" value="400"/><int name="prev" value="13"/><int name="next" value="16"/></imgdir><imgdir name="16"><int name="x1" value="901"/><int name="y1" value="400"/><int name="x2" value="991"/><int name="y2" value="400"/><int name="prev" value="15"/><int name="next" value="19"/></imgdir><imgdir name="17"><int name="x1" value="1079"/><int name="y1" value="400"/><int name="x2" value="1171"/><int name="y2" value="400"/><int name="prev" value="19"/><int name="next" value="18"/></imgdir><imgdir name="18"><int name="x1" value="1171"/><int name="y1" value="400"/><int name="x2" value="1261"/><int name="y2" value="400"/><int name="prev" value="17"/><int name="next" value="20"/></imgdir><imgdir name="19"><int name="x1" value="991"/><int name="y1" value="400"/><int name="x2" value="1079"/><int name="y2" value="400"/><int name="prev" value="16"/><int name="next" value="17"/></imgdir><imgdir name="20"><int name="x1" value="1261"/><int name="y1" value="400"/><int name="x2" value="1351"/><int name="y2" value="400"/><int name="prev" value="18"/><int name="next" value="21"/></imgdir><imgdir name="21"><int name="x1" value="1351"/><int name="y1" value="400"/><int name="x2" value="1441"/><int name="y2" value="400"/><int name="prev" value="20"/><int name="next" value="22"/></imgdir><imgdir name="22"><int name="x1" value="1441"/><int name="y1" value="400"/><int name="x2" value="1531"/><int name="y2" value="400"/><int name="prev" value="21"/><int name="next" value="26"/></imgdir><imgdir name="23"><int name="x1" value="1593"/><int name="y1" value="400"/><int name="x2" value="1647"/><int name="y2" value="400"/><int name="prev" value="26"/><int name="next" value="24"/></imgdir><imgdir name="24"><int name="x1" value="1647"/><int name="y1" value="400"/><int name="x2" value="1647"/><int name="y2" value="420"/><int name="prev" value="23"/><int name="next" value="25"/></imgdir><imgdir name="25"><int name="x1" value="1647"/><int name="y1" value="420"/><int name="x2" value="1647"/><int name="y2" value="488"/><int name="prev" value="24"/><int name="next" value="28"/></imgdir><imgdir name="26"><int name="x1" value="1531"/><int name="y1" value="400"/><int name="x2" value="1593"/><int name="y2" value="400"/><int name="prev" value="22"/><int name="next" value="23"/></imgdir><imgdir name="27"><int name="x1" value="1647"/><int name="y1" value="600"/><int name="x2" value="1647"/><int name="y2" value="668"/><int name="prev" value="29"/><int name="next" value="0"/></imgdir><imgdir name="28"><int name="x1" value="1647"/><int name="y1" value="488"/><int name="x2" value="1647"/><int name="y2" value="548"/><int name="prev" value="25"/><int name="next" value="29"/></imgdir><imgdir name="29"><int name="x1" value="1647"/><int name="y1" value="548"/><int name="x2" value="1647"/><int name="y2" value="600"/><int name="prev" value="28"/><int name="next" value="27"/></imgdir><imgdir name="30"><int name="x1" value="-567"/><int name="y1" value="420"/><int name="x2" value="-567"/><int name="y2" value="400"/><int name="prev" value="34"/><int name="next" value="31"/></imgdir><imgdir name="31"><int name="x1" value="-567"/><int name="y1" value="400"/><int name="x2" value="-513"/><int name="y2" value="400"/><int name="prev" value="30"/><int name="next" value="33"/></imgdir><imgdir name="32"><int name="x1" value="-451"/><int name="y1" value="400"/><int name="x2" value="-361"/><int name="y2" value="400"/><int name="prev" value="33"/><int name="next" value="1"/></imgdir><imgdir name="33"><int name="x1" value="-513"/><int name="y1" value="400"/><int name="x2" value="-451"/><int name="y2" value="400"/><int name="prev" value="31"/><int name="next" value="32"/></imgdir><imgdir name="34"><int name="x1" value="-567"/><int name="y1" value="488"/><int name="x2" value="-567"/><int name="y2" value="420"/><int name="prev" value="35"/><int name="next" value="30"/></imgdir><imgdir name="35"><int name="x1" value="-567"/><int name="y1" value="540"/><int name="x2" value="-567"/><int name="y2" value="488"/><int name="prev" value="7"/><int name="next" value="34"/></imgdir><imgdir name="36"><int name="x1" value="-567"/><int name="y1" value="668"/><int name="x2" value="-567"/><int name="y2" value="608"/><int name="prev" value="0"/><int name="next" value="7"/></imgdir><imgdir name="37"><int name="x1" value="684"/><int name="y1" value="100"/><int name="x2" value="702"/><int name="y2" value="94"/><int name="prev" value="0"/><int name="next" value="38"/></imgdir><imgdir name="38"><int name="x1" value="702"/><int name="y1" value="94"/><int name="x2" value="854"/><int name="y2" value="92"/><int name="prev" value="37"/><int name="next" value="39"/></imgdir><imgdir name="39"><int name="x1" value="854"/><int name="y1" value="92"/><int name="x2" value="862"/><int name="y2" value="77"/><int name="prev" value="38"/><int name="next" value="40"/></imgdir><imgdir name="40"><int name="x1" value="862"/><int name="y1" value="77"/><int name="x2" value="871"/><int name="y2" value="72"/><int name="prev" value="39"/><int name="next" value="41"/></imgdir><imgdir name="41"><int name="x1" value="871"/><int name="y1" value="72"/><int name="x2" value="880"/><int name="y2" value="53"/><int name="prev" value="40"/><int name="next" value="42"/></imgdir><imgdir name="42"><int name="x1" value="880"/><int name="y1" value="53"/><int name="x2" value="903"/><int name="y2" value="43"/><int name="prev" value="41"/><int name="next" value="43"/></imgdir><imgdir name="43"><int name="x1" value="903"/><int name="y1" value="43"/><int name="x2" value="906"/><int name="y2" value="23"/><int name="prev" value="42"/><int name="next" value="44"/></imgdir><imgdir name="44"><int name="x1" value="906"/><int name="y1" value="23"/><int name="x2" value="933"/><int name="y2" value="15"/><int name="prev" value="43"/><int name="next" value="45"/></imgdir><imgdir name="45"><int name="x1" value="933"/><int name="y1" value="15"/><int name="x2" value="960"/><int name="y2" value="14"/><int name="prev" value="44"/><int name="next" value="46"/></imgdir><imgdir name="46"><int name="x1" value="960"/><int name="y1" value="14"/><int name="x2" value="978"/><int name="y2" value="2"/><int name="prev" value="45"/><int name="next" value="47"/></imgdir><imgdir name="47"><int name="x1" value="978"/><int name="y1" value="2"/><int name="x2" value="1004"/><int name="y2" value="-3"/><int name="prev" value="46"/><int name="next" value="48"/></imgdir><imgdir name="48"><int name="x1" value="1004"/><int name="y1" value="-3"/><int name="x2" value="1024"/><int name="y2" value="-5"/><int name="prev" value="47"/><int name="next" value="49"/></imgdir><imgdir name="49"><int name="x1" value="1024"/><int name="y1" value="-5"/><int name="x2" value="1037"/><int name="y2" value="-1"/><int name="prev" value="48"/><int name="next" value="50"/></imgdir><imgdir name="50"><int name="x1" value="1037"/><int name="y1" value="-1"/><int name="x2" value="1063"/><int name="y2" value="0"/><int name="prev" value="49"/><int name="next" value="51"/></imgdir><imgdir name="51"><int name="x1" value="1063"/><int name="y1" value="0"/><int name="x2" value="1080"/><int name="y2" value="-4"/><int name="prev" value="50"/><int name="next" value="52"/></imgdir><imgdir name="52"><int name="x1" value="1080"/><int name="y1" value="-4"/><int name="x2" value="1114"/><int name="y2" value="-1"/><int name="prev" value="51"/><int name="next" value="53"/></imgdir><imgdir name="53"><int name="x1" value="1114"/><int name="y1" value="-1"/><int name="x2" value="1144"/><int name="y2" value="-6"/><int name="prev" value="52"/><int name="next" value="54"/></imgdir><imgdir name="54"><int name="x1" value="1144"/><int name="y1" value="-6"/><int name="x2" value="1165"/><int name="y2" value="1"/><int name="prev" value="53"/><int name="next" value="0"/></imgdir><imgdir name="55"><int name="x1" value="866"/><int name="y1" value="148"/><int name="x2" value="945"/><int name="y2" value="148"/><int name="prev" value="0"/><int name="next" value="0"/></imgdir><imgdir name="56"><int name="x1" value="54"/><int name="y1" value="79"/><int name="x2" value="67"/><int name="y2" value="38"/><int name="prev" value="0"/><int name="next" value="57"/></imgdir><imgdir name="57"><int name="x1" value="67"/><int name="y1" value="38"/><int name="x2" value="94"/><int name="y2" value="-2"/><int name="prev" value="56"/><int name="next" value="58"/></imgdir><imgdir name="58"><int name="x1" value="94"/><int name="y1" value="-2"/><int name="x2" value="131"/><int name="y2" value="-33"/><int name="prev" value="57"/><int name="next" value="59"/></imgdir><imgdir name="59"><int name="x1" value="131"/><int name="y1" value="-33"/><int name="x2" value="166"/><int name="y2" value="-46"/><int name="prev" value="58"/><int name="next" value="60"/></imgdir><imgdir name="60"><int name="x1" value="166"/><int name="y1" value="-46"/><int name="x2" value="195"/><int name="y2" value="-49"/><int name="prev" value="59"/><int name="next" value="0"/></imgdir><imgdir name="61"><int name="x1" value="216"/><int name="y1" value="90"/><int name="x2" value="298"/><int name="y2" value="90"/><int name="prev" value="0"/><int name="next" value="0"/></imgdir><imgdir name="62"><int name="x1" value="251"/><int name="y1" value="84"/><int name="x2" value="264"/><int name="y2" value="43"/><int name="prev" value="0"/><int name="next" value="63"/></imgdir><imgdir name="63"><int name="x1" value="264"/><int name="y1" value="43"/><int name="x2" value="291"/><int name="y2" value="3"/><int name="prev" value="62"/><int name="next" value="64"/></imgdir><imgdir name="64"><int name="x1" value="291"/><int name="y1" value="3"/><int name="x2" value="328"/><int name="y2" value="-28"/><int name="prev" value="63"/><int name="next" value="65"/></imgdir><imgdir name="65"><int name="x1" value="328"/><int name="y1" value="-28"/><int name="x2" value="363"/><int name="y2" value="-41"/><int name="prev" value="64"/><int name="next" value="66"/></imgdir><imgdir name="66"><int name="x1" value="363"/><int name="y1" value="-41"/><int name="x2" value="392"/><int name="y2" value="-44"/><int name="prev" value="65"/><int name="next" value="0"/></imgdir><imgdir name="67"><int name="x1" value="300"/><int name="y1" value="350"/><int name="x2" value="380"/><int name="y2" value="350"/><int name="prev" value="0"/><int name="next" value="0"/></imgdir><imgdir name="68"><int name="x1" value="-133"/><int name="y1" value="87"/><int name="x2" value="-43"/><int name="y2" value="85"/><int name="prev" value="0"/><int name="next" value="69"/></imgdir><imgdir name="69"><int name="x1" value="-43"/><int name="y1" value="85"/><int name="x2" value="-28"/><int name="y2" value="87"/><int name="prev" value="68"/><int name="next" value="70"/></imgdir><imgdir name="70"><int name="x1" value="-28"/><int name="y1" value="87"/><int name="x2" value="-8"/><int name="y2" value="84"/><int name="prev" value="69"/><int name="next" value="71"/></imgdir><imgdir name="71"><int name="x1" value="-8"/><int name="y1" value="84"/><int name="x2" value="51"/><int name="y2" value="85"/><int name="prev" value="70"/><int name="next" value="72"/></imgdir><imgdir name="72"><int name="x1" value="51"/><int name="y1" value="85"/><int name="x2" value="101"/><int name="y2" value="85"/><int name="prev" value="71"/><int name="next" value="0"/></imgdir><imgdir name="73"><int name="x1" value="52"/><int name="y1" value="400"/><int name="x2" value="91"/><int name="y2" value="400"/><int name="prev" value="5"/><int name="next" value="6"/></imgdir><imgdir name="74"><int name="x1" value="986"/><int name="y1" value="101"/><int name="x2" value="1004"/><int name="y2" value="95"/><int name="prev" value="0"/><int name="next" value="75"/></imgdir><imgdir name="75"><int name="x1" value="1004"/><int name="y1" value="95"/><int name="x2" value="1156"/><int name="y2" value="93"/><int name="prev" value="74"/><int name="next" value="76"/></imgdir><imgdir name="76"><int name="x1" value="1156"/><int name="y1" value="93"/><int name="x2" value="1164"/><int name="y2" value="78"/><int name="prev" value="75"/><int name="next" value="77"/></imgdir><imgdir name="77"><int name="x1" value="1164"/><int name="y1" value="78"/><int name="x2" value="1173"/><int name="y2" value="73"/><int name="prev" value="76"/><int name="next" value="78"/></imgdir><imgdir name="78"><int name="x1" value="1173"/><int name="y1" value="73"/><int name="x2" value="1182"/><int name="y2" value="54"/><int name="prev" value="77"/><int name="next" value="79"/></imgdir><imgdir name="79"><int name="x1" value="1182"/><int name="y1" value="54"/><int name="x2" value="1205"/><int name="y2" value="44"/><int name="prev" value="78"/><int name="next" value="80"/></imgdir><imgdir name="80"><int name="x1" value="1205"/><int name="y1" value="44"/><int name="x2" value="1208"/><int name="y2" value="24"/><int name="prev" value="79"/><int name="next" value="81"/></imgdir><imgdir name="81"><int name="x1" value="1208"/><int name="y1" value="24"/><int name="x2" value="1235"/><int name="y2" value="16"/><int name="prev" value="80"/><int name="next" value="82"/></imgdir><imgdir name="82"><int name="x1" value="1235"/><int name="y1" value="16"/><int name="x2" value="1262"/><int name="y2" value="15"/><int name="prev" value="81"/><int name="next" value="83"/></imgdir><imgdir name="83"><int name="x1" value="1262"/><int name="y1" value="15"/><int name="x2" value="1280"/><int name="y2" value="3"/><int name="prev" value="82"/><int name="next" value="84"/></imgdir><imgdir name="84"><int name="x1" value="1280"/><int name="y1" value="3"/><int name="x2" value="1306"/><int name="y2" value="-2"/><int name="prev" value="83"/><int name="next" value="85"/></imgdir><imgdir name="85"><int name="x1" value="1306"/><int name="y1" value="-2"/><int name="x2" value="1326"/><int name="y2" value="-4"/><int name="prev" value="84"/><int name="next" value="86"/></imgdir><imgdir name="86"><int name="x1" value="1326"/><int name="y1" value="-4"/><int name="x2" value="1339"/><int name="y2" value="0"/><int name="prev" value="85"/><int name="next" value="87"/></imgdir><imgdir name="87"><int name="x1" value="1339"/><int name="y1" value="0"/><int name="x2" value="1365"/><int name="y2" value="1"/><int name="prev" value="86"/><int name="next" value="88"/></imgdir><imgdir name="88"><int name="x1" value="1365"/><int name="y1" value="1"/><int name="x2" value="1382"/><int name="y2" value="-3"/><int name="prev" value="87"/><int name="next" value="89"/></imgdir><imgdir name="89"><int name="x1" value="1382"/><int name="y1" value="-3"/><int name="x2" value="1416"/><int name="y2" value="0"/><int name="prev" value="88"/><int name="next" value="90"/></imgdir><imgdir name="90"><int name="x1" value="1416"/><int name="y1" value="0"/><int name="x2" value="1446"/><int name="y2" value="-5"/><int name="prev" value="89"/><int name="next" value="91"/></imgdir><imgdir name="91"><int name="x1" value="1446"/><int name="y1" value="-5"/><int name="x2" value="1467"/><int name="y2" value="2"/><int name="prev" value="90"/><int name="next" value="0"/></imgdir><imgdir name="92"><int name="x1" value="1168"/><int name="y1" value="149"/><int name="x2" value="1247"/><int name="y2" value="149"/><int name="prev" value="0"/><int name="next" value="0"/></imgdir><imgdir name="93"><int name="x1" value="-471"/><int name="y1" value="89"/><int name="x2" value="-381"/><int name="y2" value="91"/><int name="prev" value="94"/><int name="next" value="0"/></imgdir><imgdir name="94"><int name="x1" value="-486"/><int name="y1" value="91"/><int name="x2" value="-471"/><int name="y2" value="89"/><int name="prev" value="95"/><int name="next" value="93"/></imgdir><imgdir name="95"><int name="x1" value="-506"/><int name="y1" value="88"/><int name="x2" value="-486"/><int name="y2" value="91"/><int name="prev" value="96"/><int name="next" value="94"/></imgdir><imgdir name="96"><int name="x1" value="-565"/><int name="y1" value="89"/><int name="x2" value="-506"/><int name="y2" value="88"/><int name="prev" value="0"/><int name="next" value="95"/></imgdir></imgdir><imgdir name="19"><imgdir name="97"><int name="x1" value="1478"/><int name="y1" value="146"/><int name="x2" value="1558"/><int name="y2" value="146"/><int name="prev" value="0"/><int name="next" value="0"/></imgdir></imgdir></imgdir></imgdir><imgdir name="ladderRope"><imgdir name="1"><int name="l" value="0"/><int name="uf" value="1"/><int name="x" value="0"/><int name="y1" value="86"/><int name="y2" value="347"/><int name="page" value="2"/></imgdir><imgdir name="2"><int name="l" value="0"/><int name="uf" value="1"/><int name="x" value="1103"/><int name="y1" value="95"/><int name="y2" value="327"/><int name="page" value="2"/></imgdir><imgdir name="3"><int name="l" value="0"/><int name="uf" value="1"/><int name="x" value="-434"/><int name="y1" value="91"/><int name="y2" value="322"/><int name="page" value="2"/></imgdir></imgdir><imgdir name="miniMap"><canvas name="canvas" width="146" height="94"></canvas><int name="width" value="2338"/><int name="height" value="1507"/><int name="centerX" value="629"/><int name="centerY" value="761"/><int name="mag" value="4"/></imgdir><imgdir name="portal"><imgdir name="0"><string name="pn" value="sp"/><int name="pt" value="0"/><int name="x" value="-450"/><int name="y" value="44"/><int name="tm" value="999999999"/><string name="tn" value=""/></imgdir><imgdir name="1"><string name="pn" value="sp"/><int name="pt" value="0"/><int name="x" value="-410"/><int name="y" value="49"/><int name="tm" value="999999999"/><string name="tn" value=""/></imgdir><imgdir name="2"><string name="pn" value="sp"/><int name="pt" value="0"/><int name="x" value="1416"/><int name="y" value="-28"/><int name="tm" value="999999999"/><string name="tn" value=""/></imgdir><imgdir name="3"><string name="pn" value="sp"/><int name="pt" value="0"/><int name="x" value="1334"/><int name="y" value="-38"/><int name="tm" value="999999999"/><string name="tn" value=""/></imgdir><imgdir name="4"><string name="pn" value="west00"/><int name="pt" value="2"/><int name="x" value="-522"/><int name="y" value="88"/><int name="tm" value="105090400"/><string name="tn" value="east00"/></imgdir><imgdir name="5"><string name="pn" value="east00"/><int name="pt" value="2"/><int name="x" value="1518"/><int name="y" value="144"/><int name="tm" value="105090600"/><string name="tn" value="west00"/></imgdir></imgdir></imgdir>