<?xml version="1.0" encoding="UTF-8" standalone="yes"?><imgdir name="105040402.img"><imgdir name="info"><int name="version" value="10"/><int name="cloud" value="0"/><int name="town" value="0"/><int name="returnMap" value="105040300"/><float name="mobRate" value="1.0"/><string name="bgm" value="Bgm00/SleepyWood"/><float name="recovery" value="3.0"/><string name="mapDesc" value=""/><int name="VRTop" value="-300"/><int name="VRLeft" value="-400"/><int name="VRBottom" value="320"/><int name="VRRight" value="400"/><int name="forcedReturn" value="999999999"/><string name="mapMark" value="Dungeon"/><int name="hideMinimap" value="0"/><int name="fieldLimit" value="76"/></imgdir><imgdir name="back"><imgdir name="0"><string name="bS" value=""/><int name="no" value="0"/><int name="x" value="0"/><int name="y" value="0"/><int name="rx" value="0"/><int name="ry" value="0"/><int name="type" value="0"/><int name="cx" value="0"/><int name="cy" value="0"/><int name="a" value="255"/><int name="front" value="0"/><int name="ani" value="0"/><int name="f" value="0"/></imgdir></imgdir><imgdir name="life"><imgdir name="0"><string name="type" value="n"/><string name="id" value="1061003"/><int name="x" value="37"/><int name="y" value="154"/><int name="mobTime" value="0"/><int name="f" value="0"/><int name="fh" value="9"/><int name="cy" value="160"/><int name="rx0" value="-13"/><int name="rx1" value="87"/></imgdir></imgdir><imgdir name="0"><imgdir name="info"></imgdir><imgdir name="tile"></imgdir><imgdir name="obj"><imgdir name="0"><string name="oS" value="hotel"/><string name="l0" value="hotel"/><string name="l1" value="hotelSW1"/><string name="l2" value="0"/><int name="x" value="3"/><int name="y" value="-1"/><int name="z" value="3"/><int name="f" value="0"/><int name="zM" value="2"/></imgdir></imgdir></imgdir><imgdir name="1"><imgdir name="info"></imgdir><imgdir name="tile"></imgdir><imgdir name="obj"><imgdir name="0"><string name="oS" value="hotel"/><string name="l0" value="hotel"/><string name="l1" value="hotelSW1"/><string name="l2" value="1"/><int name="x" value="0"/><int name="y" value="-1"/><int name="z" value="6"/><int name="f" value="0"/><int name="zM" value="1"/></imgdir><imgdir name="1"><string name="oS" value="hotel"/><string name="l0" value="hotel"/><string name="l1" value="hotelSW1"/><string name="l2" value="3"/><int name="x" value="2"/><int name="y" value="-66"/><int name="z" value="0"/><int name="f" value="0"/><int name="zM" value="1"/></imgdir><imgdir name="2"><string name="oS" value="hotel"/><string name="l0" value="hotel"/><string name="l1" value="hotelSW1"/><string name="l2" value="6"/><int name="x" value="-204"/><int name="y" value="74"/><int name="z" value="4"/><int name="f" value="0"/><int name="zM" value="1"/></imgdir><imgdir name="3"><string name="oS" value="hotel"/><string name="l0" value="hotel"/><string name="l1" value="hotelSW1"/><string name="l2" value="7"/><int name="x" value="-300"/><int name="y" value="-69"/><int name="z" value="3"/><int name="f" value="0"/><int name="zM" value="1"/></imgdir><imgdir name="4"><string name="oS" value="hotel"/><string name="l0" value="hotel"/><string name="l1" value="hotelSW1"/><string name="l2" value="8"/><int name="x" value="261"/><int name="y" value="-26"/><int name="z" value="4"/><int name="f" value="0"/><int name="zM" value="1"/></imgdir><imgdir name="5"><string name="oS" value="hotel"/><string name="l0" value="hotel"/><string name="l1" value="hotelSW1"/><string name="l2" value="9"/><int name="x" value="184"/><int name="y" value="-7"/><int name="z" value="3"/><int name="f" value="0"/><int name="zM" value="1"/></imgdir><imgdir name="7"><string name="oS" value="house"/><string name="l0" value="darkWood"/><string name="l1" value="lamp"/><string name="l2" value="3"/><int name="x" value="303"/><int name="y" value="20"/><int name="z" value="6"/><int name="f" value="1"/><int name="zM" value="1"/></imgdir><imgdir name="6"><string name="oS" value="house"/><string name="l0" value="darkWood"/><string name="l1" value="lamp"/><string name="l2" value="0"/><int name="x" value="303"/><int name="y" value="20"/><int name="z" value="5"/><int name="f" value="1"/><int name="zM" value="1"/></imgdir><imgdir name="8"><string name="oS" value="hotel"/><string name="l0" value="hotel"/><string name="l1" value="hotelSW1"/><string name="l2" value="15"/><int name="x" value="-68"/><int name="y" value="55"/><int name="z" value="3"/><int name="f" value="0"/><int name="zM" value="1"/></imgdir><imgdir name="9"><string name="oS" value="hotel"/><string name="l0" value="hotel"/><string name="l1" value="hotelSW1"/><string name="l2" value="16"/><int name="x" value="-12"/><int name="y" value="40"/><int name="z" value="3"/><int name="f" value="1"/><int name="zM" value="1"/></imgdir><imgdir name="10"><string name="oS" value="hotel"/><string name="l0" value="hotel"/><string name="l1" value="hotelSW1"/><string name="l2" value="15"/><int name="x" value="12"/><int name="y" value="38"/><int name="z" value="4"/><int name="f" value="0"/><int name="zM" value="1"/></imgdir><imgdir name="11"><string name="oS" value="hotel"/><string name="l0" value="hotel"/><string name="l1" value="hotelSW1"/><string name="l2" value="15"/><int name="x" value="50"/><int name="y" value="41"/><int name="z" value="3"/><int name="f" value="1"/><int name="zM" value="1"/></imgdir><imgdir name="12"><string name="oS" value="hotel"/><string name="l0" value="hotel"/><string name="l1" value="hotelSW1"/><string name="l2" value="16"/><int name="x" value="50"/><int name="y" value="42"/><int name="z" value="2"/><int name="f" value="0"/><int name="zM" value="1"/></imgdir><imgdir name="13"><string name="oS" value="hotel"/><string name="l0" value="hotel"/><string name="l1" value="hotelSW1"/><string name="l2" value="16"/><int name="x" value="72"/><int name="y" value="39"/><int name="z" value="4"/><int name="f" value="0"/><int name="zM" value="1"/></imgdir><imgdir name="14"><string name="oS" value="hotel"/><string name="l0" value="hotel"/><string name="l1" value="hotelSW1"/><string name="l2" value="18"/><int name="x" value="103"/><int name="y" value="38"/><int name="z" value="3"/><int name="f" value="1"/><int name="zM" value="1"/></imgdir><imgdir name="15"><string name="oS" value="hotel"/><string name="l0" value="hotel"/><string name="l1" value="hotelSW1"/><string name="l2" value="17"/><int name="x" value="-44"/><int name="y" value="35"/><int name="z" value="3"/><int name="f" value="0"/><int name="zM" value="1"/></imgdir><imgdir name="16"><string name="oS" value="hotel"/><string name="l0" value="hotel"/><string name="l1" value="hotelSW1"/><string name="l2" value="18"/><int name="x" value="-46"/><int name="y" value="45"/><int name="z" value="3"/><int name="f" value="1"/><int name="zM" value="1"/></imgdir><imgdir name="17"><string name="oS" value="hotel"/><string name="l0" value="hotel"/><string name="l1" value="hotelSW1"/><string name="l2" value="18"/><int name="x" value="-9"/><int name="y" value="51"/><int name="z" value="4"/><int name="f" value="0"/><int name="zM" value="1"/></imgdir><imgdir name="18"><string name="oS" value="hotel"/><string name="l0" value="hotel"/><string name="l1" value="hotelSW1"/><string name="l2" value="17"/><int name="x" value="14"/><int name="y" value="50"/><int name="z" value="4"/><int name="f" value="1"/><int name="zM" value="1"/></imgdir><imgdir name="19"><string name="oS" value="hotel"/><string name="l0" value="hotel"/><string name="l1" value="hotelSW1"/><string name="l2" value="18"/><int name="x" value="45"/><int name="y" value="52"/><int name="z" value="5"/><int name="f" value="0"/><int name="zM" value="1"/></imgdir><imgdir name="20"><string name="oS" value="hotel"/><string name="l0" value="hotel"/><string name="l1" value="hotelSW1"/><string name="l2" value="17"/><int name="x" value="68"/><int name="y" value="54"/><int name="z" value="5"/><int name="f" value="1"/><int name="zM" value="1"/></imgdir><imgdir name="21"><string name="oS" value="hotel"/><string name="l0" value="hotel"/><string name="l1" value="hotelSW1"/><string name="l2" value="17"/><int name="x" value="103"/><int name="y" value="53"/><int name="z" value="5"/><int name="f" value="0"/><int name="zM" value="1"/></imgdir><imgdir name="22"><string name="oS" value="hotel"/><string name="l0" value="hotel"/><string name="l1" value="hotelSW1"/><string name="l2" value="18"/><int name="x" value="123"/><int name="y" value="61"/><int name="z" value="3"/><int name="f" value="1"/><int name="zM" value="1"/></imgdir><imgdir name="23"><string name="oS" value="hotel"/><string name="l0" value="hotel"/><string name="l1" value="hotelSW1"/><string name="l2" value="18"/><int name="x" value="-5"/><int name="y" value="36"/><int name="z" value="2"/><int name="f" value="0"/><int name="zM" value="1"/></imgdir><imgdir name="24"><string name="oS" value="hotel"/><string name="l0" value="hotel"/><string name="l1" value="hotelSW1"/><string name="l2" value="19"/><int name="x" value="-79"/><int name="y" value="64"/><int name="z" value="3"/><int name="f" value="0"/><int name="zM" value="1"/></imgdir><imgdir name="25"><string name="oS" value="hotel"/><string name="l0" value="hotel"/><string name="l1" value="hotelSW1"/><string name="l2" value="20"/><int name="x" value="-58"/><int name="y" value="68"/><int name="z" value="7"/><int name="f" value="1"/><int name="zM" value="1"/></imgdir><imgdir name="26"><string name="oS" value="hotel"/><string name="l0" value="hotel"/><string name="l1" value="hotelSW1"/><string name="l2" value="20"/><int name="x" value="-27"/><int name="y" value="67"/><int name="z" value="3"/><int name="f" value="0"/><int name="zM" value="1"/></imgdir><imgdir name="27"><string name="oS" value="hotel"/><string name="l0" value="hotel"/><string name="l1" value="hotelSW1"/><string name="l2" value="20"/><int name="x" value="6"/><int name="y" value="59"/><int name="z" value="5"/><int name="f" value="0"/><int name="zM" value="1"/></imgdir><imgdir name="28"><string name="oS" value="hotel"/><string name="l0" value="hotel"/><string name="l1" value="hotelSW1"/><string name="l2" value="19"/><int name="x" value="24"/><int name="y" value="68"/><int name="z" value="7"/><int name="f" value="1"/><int name="zM" value="1"/></imgdir><imgdir name="29"><string name="oS" value="hotel"/><string name="l0" value="hotel"/><string name="l1" value="hotelSW1"/><string name="l2" value="20"/><int name="x" value="9"/><int name="y" value="41"/><int name="z" value="5"/><int name="f" value="0"/><int name="zM" value="1"/></imgdir><imgdir name="30"><string name="oS" value="hotel"/><string name="l0" value="hotel"/><string name="l1" value="hotelSW1"/><string name="l2" value="19"/><int name="x" value="60"/><int name="y" value="65"/><int name="z" value="5"/><int name="f" value="0"/><int name="zM" value="1"/></imgdir><imgdir name="31"><string name="oS" value="hotel"/><string name="l0" value="hotel"/><string name="l1" value="hotelSW1"/><string name="l2" value="20"/><int name="x" value="109"/><int name="y" value="68"/><int name="z" value="3"/><int name="f" value="1"/><int name="zM" value="1"/></imgdir><imgdir name="32"><string name="oS" value="hotel"/><string name="l0" value="hotel"/><string name="l1" value="hotelSW1"/><string name="l2" value="26"/><int name="x" value="2"/><int name="y" value="-66"/><int name="z" value="1"/><int name="f" value="0"/><int name="zM" value="0"/></imgdir><imgdir name="33"><string name="oS" value="hotel"/><string name="l0" value="hotel"/><string name="l1" value="hotelSW1"/><string name="l2" value="26"/><int name="x" value="2"/><int name="y" value="-66"/><int name="z" value="1"/><int name="f" value="0"/><int name="zM" value="0"/></imgdir></imgdir></imgdir><imgdir name="2"><imgdir name="info"></imgdir><imgdir name="tile"></imgdir><imgdir name="obj"><imgdir name="0"><string name="oS" value="connect"/><string name="l0" value="rope"/><string name="l1" value="3"/><string name="l2" value="0"/><int name="x" value="59"/><int name="y" value="-103"/><int name="z" value="3"/><int name="f" value="0"/><int name="zM" value="10"/></imgdir><imgdir name="1"><string name="oS" value="connect"/><string name="l0" value="rope"/><string name="l1" value="3"/><string name="l2" value="1"/><int name="x" value="60"/><int name="y" value="-62"/><int name="z" value="3"/><int name="f" value="0"/><int name="zM" value="9"/></imgdir><imgdir name="2"><string name="oS" value="connect"/><string name="l0" value="rope"/><string name="l1" value="3"/><string name="l2" value="1"/><int name="x" value="60"/><int name="y" value="-32"/><int name="z" value="3"/><int name="f" value="0"/><int name="zM" value="7"/></imgdir><imgdir name="3"><string name="oS" value="connect"/><string name="l0" value="rope"/><string name="l1" value="3"/><string name="l2" value="1"/><int name="x" value="60"/><int name="y" value="-2"/><int name="z" value="3"/><int name="f" value="0"/><int name="zM" value="5"/></imgdir><imgdir name="4"><string name="oS" value="connect"/><string name="l0" value="rope"/><string name="l1" value="3"/><string name="l2" value="2"/><int name="x" value="60"/><int name="y" value="28"/><int name="z" value="3"/><int name="f" value="0"/><int name="zM" value="3"/></imgdir><imgdir name="5"><string name="oS" value="connect"/><string name="l0" value="rope"/><string name="l1" value="3"/><string name="l2" value="0"/><int name="x" value="-49"/><int name="y" value="-69"/><int name="z" value="3"/><int name="f" value="0"/><int name="zM" value="8"/></imgdir><imgdir name="6"><string name="oS" value="connect"/><string name="l0" value="rope"/><string name="l1" value="3"/><string name="l2" value="1"/><int name="x" value="-48"/><int name="y" value="-28"/><int name="z" value="3"/><int name="f" value="0"/><int name="zM" value="6"/></imgdir><imgdir name="7"><string name="oS" value="connect"/><string name="l0" value="rope"/><string name="l1" value="3"/><string name="l2" value="2"/><int name="x" value="-48"/><int name="y" value="2"/><int name="z" value="3"/><int name="f" value="0"/><int name="zM" value="4"/></imgdir></imgdir></imgdir><imgdir name="3"><imgdir name="info"></imgdir><imgdir name="tile"></imgdir><imgdir name="obj"><imgdir name="0"><string name="oS" value="hotel"/><string name="l0" value="hotel"/><string name="l1" value="hotelSW1"/><string name="l2" value="2"/><int name="x" value="0"/><int name="y" value="0"/><int name="z" value="6"/><int name="f" value="0"/><int name="zM" value="0"/></imgdir><imgdir name="1"><string name="oS" value="hotel"/><string name="l0" value="hotel"/><string name="l1" value="hotelSW1"/><string name="l2" value="10"/><int name="x" value="0"/><int name="y" value="-245"/><int name="z" value="3"/><int name="f" value="0"/><int name="zM" value="0"/></imgdir><imgdir name="2"><string name="oS" value="hotel"/><string name="l0" value="hotel"/><string name="l1" value="hotelSW1"/><string name="l2" value="21"/><int name="x" value="-205"/><int name="y" value="96"/><int name="z" value="3"/><int name="f" value="0"/><int name="zM" value="0"/></imgdir><imgdir name="3"><string name="oS" value="hotel"/><string name="l0" value="hotel"/><string name="l1" value="hotelSW1"/><string name="l2" value="22"/><int name="x" value="-177"/><int name="y" value="-108"/><int name="z" value="3"/><int name="f" value="0"/><int name="zM" value="0"/></imgdir><imgdir name="4"><string name="oS" value="hotel"/><string name="l0" value="hotel"/><string name="l1" value="hotelSW1"/><string name="l2" value="23"/><int name="x" value="171"/><int name="y" value="119"/><int name="z" value="3"/><int name="f" value="0"/><int name="zM" value="0"/></imgdir><imgdir name="5"><string name="oS" value="hotel"/><string name="l0" value="hotel"/><string name="l1" value="hotelSW1"/><string name="l2" value="24"/><int name="x" value="232"/><int name="y" value="-122"/><int name="z" value="3"/><int name="f" value="0"/><int name="zM" value="0"/></imgdir><imgdir name="6"><string name="oS" value="hotel"/><string name="l0" value="hotel"/><string name="l1" value="hotelSW1"/><string name="l2" value="25"/><int name="x" value="0"/><int name="y" value="-245"/><int name="z" value="4"/><int name="f" value="0"/><int name="zM" value="0"/></imgdir></imgdir></imgdir><imgdir name="4"><imgdir name="info"></imgdir><imgdir name="tile"></imgdir><imgdir name="obj"></imgdir></imgdir><imgdir name="5"><imgdir name="info"></imgdir><imgdir name="tile"></imgdir><imgdir name="obj"></imgdir></imgdir><imgdir name="6"><imgdir name="info"></imgdir><imgdir name="tile"></imgdir><imgdir name="obj"></imgdir></imgdir><imgdir name="7"><imgdir name="info"></imgdir><imgdir name="tile"></imgdir><imgdir name="obj"></imgdir></imgdir><imgdir name="reactor"></imgdir><imgdir name="foothold"><imgdir name="1"><imgdir name="1"><imgdir name="1"><int name="x1" value="-333"/><int name="y1" value="162"/><int name="x2" value="-247"/><int name="y2" value="162"/><int name="prev" value="57"/><int name="next" value="2"/></imgdir><imgdir name="2"><int name="x1" value="-247"/><int name="y1" value="162"/><int name="x2" value="-223"/><int name="y2" value="163"/><int name="prev" value="1"/><int name="next" value="3"/></imgdir><imgdir name="3"><int name="x1" value="-223"/><int name="y1" value="163"/><int name="x2" value="-170"/><int name="y2" value="159"/><int name="prev" value="2"/><int name="next" value="4"/></imgdir><imgdir name="4"><int name="x1" value="-170"/><int name="y1" value="159"/><int name="x2" value="-140"/><int name="y2" value="160"/><int name="prev" value="3"/><int name="next" value="5"/></imgdir><imgdir name="5"><int name="x1" value="-140"/><int name="y1" value="160"/><int name="x2" value="-90"/><int name="y2" value="160"/><int name="prev" value="4"/><int name="next" value="6"/></imgdir><imgdir name="6"><int name="x1" value="-90"/><int name="y1" value="160"/><int name="x2" value="-38"/><int name="y2" value="158"/><int name="prev" value="5"/><int name="next" value="7"/></imgdir><imgdir name="7"><int name="x1" value="-38"/><int name="y1" value="158"/><int name="x2" value="-29"/><int name="y2" value="161"/><int name="prev" value="6"/><int name="next" value="8"/></imgdir><imgdir name="8"><int name="x1" value="-29"/><int name="y1" value="161"/><int name="x2" value="19"/><int name="y2" value="162"/><int name="prev" value="7"/><int name="next" value="9"/></imgdir><imgdir name="9"><int name="x1" value="19"/><int name="y1" value="162"/><int name="x2" value="64"/><int name="y2" value="157"/><int name="prev" value="8"/><int name="next" value="10"/></imgdir><imgdir name="10"><int name="x1" value="64"/><int name="y1" value="157"/><int name="x2" value="74"/><int name="y2" value="161"/><int name="prev" value="9"/><int name="next" value="11"/></imgdir><imgdir name="11"><int name="x1" value="74"/><int name="y1" value="161"/><int name="x2" value="114"/><int name="y2" value="161"/><int name="prev" value="10"/><int name="next" value="12"/></imgdir><imgdir name="12"><int name="x1" value="114"/><int name="y1" value="161"/><int name="x2" value="120"/><int name="y2" value="159"/><int name="prev" value="11"/><int name="next" value="13"/></imgdir><imgdir name="13"><int name="x1" value="120"/><int name="y1" value="159"/><int name="x2" value="155"/><int name="y2" value="163"/><int name="prev" value="12"/><int name="next" value="14"/></imgdir><imgdir name="14"><int name="x1" value="155"/><int name="y1" value="163"/><int name="x2" value="202"/><int name="y2" value="159"/><int name="prev" value="13"/><int name="next" value="15"/></imgdir><imgdir name="15"><int name="x1" value="202"/><int name="y1" value="159"/><int name="x2" value="258"/><int name="y2" value="158"/><int name="prev" value="14"/><int name="next" value="16"/></imgdir><imgdir name="16"><int name="x1" value="258"/><int name="y1" value="158"/><int name="x2" value="306"/><int name="y2" value="159"/><int name="prev" value="15"/><int name="next" value="17"/></imgdir><imgdir name="17"><int name="x1" value="306"/><int name="y1" value="159"/><int name="x2" value="311"/><int name="y2" value="162"/><int name="prev" value="16"/><int name="next" value="18"/></imgdir><imgdir name="18"><int name="x1" value="311"/><int name="y1" value="162"/><int name="x2" value="331"/><int name="y2" value="162"/><int name="prev" value="17"/><int name="next" value="19"/></imgdir><imgdir name="19"><int name="x1" value="331"/><int name="y1" value="162"/><int name="x2" value="331"/><int name="y2" value="-300"/><int name="prev" value="18"/><int name="next" value="0"/></imgdir><imgdir name="20"><int name="x1" value="-247"/><int name="y1" value="-15"/><int name="x2" value="-236"/><int name="y2" value="-9"/><int name="prev" value="0"/><int name="next" value="21"/></imgdir><imgdir name="21"><int name="x1" value="-236"/><int name="y1" value="-9"/><int name="x2" value="-212"/><int name="y2" value="-5"/><int name="prev" value="20"/><int name="next" value="22"/></imgdir><imgdir name="22"><int name="x1" value="-212"/><int name="y1" value="-5"/><int name="x2" value="-198"/><int name="y2" value="-7"/><int name="prev" value="21"/><int name="next" value="23"/></imgdir><imgdir name="23"><int name="x1" value="-198"/><int name="y1" value="-7"/><int name="x2" value="-186"/><int name="y2" value="-2"/><int name="prev" value="22"/><int name="next" value="0"/></imgdir><imgdir name="24"><int name="x1" value="-220"/><int name="y1" value="-49"/><int name="x2" value="-210"/><int name="y2" value="-46"/><int name="prev" value="0"/><int name="next" value="25"/></imgdir><imgdir name="25"><int name="x1" value="-210"/><int name="y1" value="-46"/><int name="x2" value="-207"/><int name="y2" value="-44"/><int name="prev" value="24"/><int name="next" value="26"/></imgdir><imgdir name="26"><int name="x1" value="-207"/><int name="y1" value="-44"/><int name="x2" value="-166"/><int name="y2" value="-45"/><int name="prev" value="25"/><int name="next" value="27"/></imgdir><imgdir name="27"><int name="x1" value="-166"/><int name="y1" value="-45"/><int name="x2" value="-159"/><int name="y2" value="-47"/><int name="prev" value="26"/><int name="next" value="28"/></imgdir><imgdir name="28"><int name="x1" value="-159"/><int name="y1" value="-47"/><int name="x2" value="-152"/><int name="y2" value="-42"/><int name="prev" value="27"/><int name="next" value="0"/></imgdir><imgdir name="29"><int name="x1" value="-207"/><int name="y1" value="-96"/><int name="x2" value="0"/><int name="y2" value="-92"/><int name="prev" value="0"/><int name="next" value="0"/></imgdir><imgdir name="30"><int name="x1" value="-212"/><int name="y1" value="-166"/><int name="x2" value="-183"/><int name="y2" value="-166"/><int name="prev" value="0"/><int name="next" value="31"/></imgdir><imgdir name="31"><int name="x1" value="-183"/><int name="y1" value="-166"/><int name="x2" value="-173"/><int name="y2" value="-169"/><int name="prev" value="30"/><int name="next" value="32"/></imgdir><imgdir name="32"><int name="x1" value="-173"/><int name="y1" value="-169"/><int name="x2" value="-149"/><int name="y2" value="-165"/><int name="prev" value="31"/><int name="next" value="33"/></imgdir><imgdir name="33"><int name="x1" value="-149"/><int name="y1" value="-165"/><int name="x2" value="-123"/><int name="y2" value="-166"/><int name="prev" value="32"/><int name="next" value="34"/></imgdir><imgdir name="34"><int name="x1" value="-123"/><int name="y1" value="-166"/><int name="x2" value="-115"/><int name="y2" value="-168"/><int name="prev" value="33"/><int name="next" value="35"/></imgdir><imgdir name="35"><int name="x1" value="-115"/><int name="y1" value="-168"/><int name="x2" value="-86"/><int name="y2" value="-166"/><int name="prev" value="34"/><int name="next" value="36"/></imgdir><imgdir name="36"><int name="x1" value="-86"/><int name="y1" value="-166"/><int name="x2" value="4"/><int name="y2" value="-165"/><int name="prev" value="35"/><int name="next" value="0"/></imgdir><imgdir name="37"><int name="x1" value="52"/><int name="y1" value="-126"/><int name="x2" value="116"/><int name="y2" value="-126"/><int name="prev" value="0"/><int name="next" value="38"/></imgdir><imgdir name="38"><int name="x1" value="116"/><int name="y1" value="-126"/><int name="x2" value="182"/><int name="y2" value="-129"/><int name="prev" value="37"/><int name="next" value="39"/></imgdir><imgdir name="39"><int name="x1" value="182"/><int name="y1" value="-129"/><int name="x2" value="271"/><int name="y2" value="-128"/><int name="prev" value="38"/><int name="next" value="0"/></imgdir><imgdir name="40"><int name="x1" value="47"/><int name="y1" value="-200"/><int name="x2" value="157"/><int name="y2" value="-202"/><int name="prev" value="0"/><int name="next" value="41"/></imgdir><imgdir name="41"><int name="x1" value="157"/><int name="y1" value="-202"/><int name="x2" value="165"/><int name="y2" value="-203"/><int name="prev" value="40"/><int name="next" value="42"/></imgdir><imgdir name="42"><int name="x1" value="165"/><int name="y1" value="-203"/><int name="x2" value="187"/><int name="y2" value="-201"/><int name="prev" value="41"/><int name="next" value="43"/></imgdir><imgdir name="43"><int name="x1" value="187"/><int name="y1" value="-201"/><int name="x2" value="246"/><int name="y2" value="-201"/><int name="prev" value="42"/><int name="next" value="0"/></imgdir><imgdir name="44"><int name="x1" value="-96"/><int name="y1" value="77"/><int name="x2" value="52"/><int name="y2" value="80"/><int name="prev" value="0"/><int name="next" value="45"/></imgdir><imgdir name="45"><int name="x1" value="52"/><int name="y1" value="80"/><int name="x2" value="138"/><int name="y2" value="78"/><int name="prev" value="44"/><int name="next" value="0"/></imgdir><imgdir name="46"><int name="x1" value="95"/><int name="y1" value="107"/><int name="x2" value="172"/><int name="y2" value="107"/><int name="prev" value="0"/><int name="next" value="0"/></imgdir><imgdir name="47"><int name="x1" value="-331"/><int name="y1" value="11"/><int name="x2" value="-166"/><int name="y2" value="14"/><int name="prev" value="0"/><int name="next" value="48"/></imgdir><imgdir name="48"><int name="x1" value="-166"/><int name="y1" value="14"/><int name="x2" value="-152"/><int name="y2" value="18"/><int name="prev" value="47"/><int name="next" value="0"/></imgdir><imgdir name="49"><int name="x1" value="-331"/><int name="y1" value="60"/><int name="x2" value="-264"/><int name="y2" value="59"/><int name="prev" value="0"/><int name="next" value="50"/></imgdir><imgdir name="50"><int name="x1" value="-264"/><int name="y1" value="59"/><int name="x2" value="-233"/><int name="y2" value="64"/><int name="prev" value="49"/><int name="next" value="51"/></imgdir><imgdir name="51"><int name="x1" value="-233"/><int name="y1" value="64"/><int name="x2" value="-196"/><int name="y2" value="61"/><int name="prev" value="50"/><int name="next" value="52"/></imgdir><imgdir name="52"><int name="x1" value="-196"/><int name="y1" value="61"/><int name="x2" value="-164"/><int name="y2" value="66"/><int name="prev" value="51"/><int name="next" value="53"/></imgdir><imgdir name="53"><int name="x1" value="-164"/><int name="y1" value="66"/><int name="x2" value="-126"/><int name="y2" value="63"/><int name="prev" value="52"/><int name="next" value="0"/></imgdir><imgdir name="54"><int name="x1" value="-331"/><int name="y1" value="116"/><int name="x2" value="-72"/><int name="y2" value="114"/><int name="prev" value="0"/><int name="next" value="0"/></imgdir><imgdir name="55"><int name="x1" value="-341"/><int name="y1" value="-321"/><int name="x2" value="-341"/><int name="y2" value="-136"/><int name="prev" value="0"/><int name="next" value="56"/></imgdir><imgdir name="56"><int name="x1" value="-341"/><int name="y1" value="-136"/><int name="x2" value="-333"/><int name="y2" value="-136"/><int name="prev" value="55"/><int name="next" value="58"/></imgdir><imgdir name="57"><int name="x1" value="-333"/><int name="y1" value="-136"/><int name="x2" value="-333"/><int name="y2" value="162"/><int name="prev" value="56"/><int name="next" value="1"/></imgdir><imgdir name="58"><int name="x1" value="-333"/><int name="y1" value="-136"/><int name="x2" value="-279"/><int name="y2" value="-136"/><int name="prev" value="56"/><int name="next" value="59"/></imgdir><imgdir name="59"><int name="x1" value="-279"/><int name="y1" value="-136"/><int name="x2" value="-272"/><int name="y2" value="-138"/><int name="prev" value="58"/><int name="next" value="60"/></imgdir><imgdir name="60"><int name="x1" value="-272"/><int name="y1" value="-138"/><int name="x2" value="-251"/><int name="y2" value="-136"/><int name="prev" value="59"/><int name="next" value="61"/></imgdir><imgdir name="61"><int name="x1" value="-251"/><int name="y1" value="-136"/><int name="x2" value="-194"/><int name="y2" value="-136"/><int name="prev" value="60"/><int name="next" value="0"/></imgdir><imgdir name="62"><int name="x1" value="154"/><int name="y1" value="-83"/><int name="x2" value="230"/><int name="y2" value="-82"/><int name="prev" value="0"/><int name="next" value="63"/></imgdir><imgdir name="63"><int name="x1" value="230"/><int name="y1" value="-82"/><int name="x2" value="282"/><int name="y2" value="-84"/><int name="prev" value="62"/><int name="next" value="64"/></imgdir><imgdir name="64"><int name="x1" value="282"/><int name="y1" value="-84"/><int name="x2" value="330"/><int name="y2" value="-84"/><int name="prev" value="63"/><int name="next" value="65"/></imgdir><imgdir name="65"><int name="x1" value="330"/><int name="y1" value="-84"/><int name="x2" value="330"/><int name="y2" value="-344"/><int name="prev" value="64"/><int name="next" value="0"/></imgdir></imgdir></imgdir></imgdir><imgdir name="ladderRope"><imgdir name="1"><int name="l" value="0"/><int name="uf" value="1"/><int name="x" value="70"/><int name="y1" value="-124"/><int name="y2" value="58"/><int name="page" value="2"/></imgdir><imgdir name="2"><int name="l" value="0"/><int name="uf" value="1"/><int name="x" value="-38"/><int name="y1" value="-90"/><int name="y2" value="32"/><int name="page" value="2"/></imgdir></imgdir><imgdir name="portal"><imgdir name="0"><string name="pn" value="sp"/><int name="pt" value="0"/><int name="x" value="-66"/><int name="y" value="47"/><int name="tm" value="999999999"/><string name="tn" value=""/></imgdir><imgdir name="1"><string name="pn" value="sp"/><int name="pt" value="0"/><int name="x" value="-6"/><int name="y" value="50"/><int name="tm" value="999999999"/><string name="tn" value=""/></imgdir><imgdir name="2"><string name="pn" value="sp"/><int name="pt" value="0"/><int name="x" value="50"/><int name="y" value="44"/><int name="tm" value="999999999"/><string name="tn" value=""/></imgdir><imgdir name="3"><string name="pn" value="sp"/><int name="pt" value="0"/><int name="x" value="96"/><int name="y" value="45"/><int name="tm" value="999999999"/><string name="tn" value=""/></imgdir><imgdir name="4"><string name="pn" value="out00"/><int name="pt" value="2"/><int name="x" value="242"/><int name="y" value="158"/><int name="tm" value="105040400"/><string name="tn" value="st00"/></imgdir></imgdir></imgdir>