<?xml version="1.0" encoding="UTF-8" standalone="yes"?><imgdir name="105040310.img"><imgdir name="info"><int name="version" value="10"/><int name="cloud" value="0"/><int name="town" value="1"/><int name="returnMap" value="105040300"/><float name="mobRate" value="1.0"/><string name="bgm" value="Bgm00/SleepyWood"/><string name="mapDesc" value=""/><int name="forcedReturn" value="999999999"/><int name="hideMinimap" value="0"/><int name="fieldLimit" value="139846"/><string name="mapMark" value="Quest"/><int name="swim" value="0"/></imgdir><imgdir name="back"><imgdir name="0"><string name="bS" value="darkWood"/><int name="no" value="0"/><int name="x" value="0"/><int name="y" value="0"/><int name="rx" value="-5"/><int name="ry" value="-5"/><int name="type" value="3"/><int name="cx" value="0"/><int name="cy" value="0"/><int name="a" value="255"/><int name="front" value="0"/><int name="ani" value="0"/><int name="f" value="0"/></imgdir><imgdir name="1"><string name="bS" value="darkWood"/><int name="no" value="1"/><int name="x" value="-57"/><int name="y" value="1"/><int name="rx" value="-10"/><int name="ry" value="-15"/><int name="type" value="3"/><int name="cx" value="300"/><int name="cy" value="0"/><int name="a" value="255"/><int name="front" value="0"/><int name="ani" value="0"/><int name="f" value="0"/></imgdir><imgdir name="2"><string name="bS" value="darkWood"/><int name="no" value="2"/><int name="x" value="35"/><int name="y" value="-16"/><int name="rx" value="-10"/><int name="ry" value="-25"/><int name="type" value="3"/><int name="cx" value="250"/><int name="cy" value="0"/><int name="a" value="255"/><int name="front" value="0"/><int name="ani" value="0"/><int name="f" value="0"/></imgdir><imgdir name="3"><string name="bS" value="darkWood"/><int name="no" value="5"/><int name="x" value="185"/><int name="y" value="-88"/><int name="rx" value="-15"/><int name="ry" value="-30"/><int name="type" value="3"/><int name="cx" value="300"/><int name="cy" value="0"/><int name="a" value="255"/><int name="front" value="0"/><int name="ani" value="0"/><int name="f" value="0"/></imgdir><imgdir name="4"><string name="bS" value="darkWood"/><int name="no" value="6"/><int name="x" value="94"/><int name="y" value="-4"/><int name="rx" value="-20"/><int name="ry" value="-35"/><int name="type" value="3"/><int name="cx" value="350"/><int name="cy" value="0"/><int name="a" value="255"/><int name="front" value="0"/><int name="ani" value="0"/><int name="f" value="0"/></imgdir><imgdir name="5"><string name="bS" value="darkWood"/><int name="no" value="7"/><int name="x" value="-335"/><int name="y" value="272"/><int name="rx" value="-25"/><int name="ry" value="-40"/><int name="type" value="3"/><int name="cx" value="500"/><int name="cy" value="0"/><int name="a" value="255"/><int name="front" value="0"/><int name="ani" value="0"/><int name="f" value="0"/></imgdir></imgdir><imgdir name="life"><imgdir name="0"><string name="type" value="n"/><string name="id" value="1061007"/><int name="x" value="56"/><int name="y" value="432"/><int name="mobTime" value="0"/><int name="f" value="0"/><int name="fh" value="201"/><int name="cy" value="435"/><int name="rx0" value="6"/><int name="rx1" value="106"/></imgdir></imgdir><imgdir name="0"><imgdir name="info"></imgdir><imgdir name="tile"></imgdir><imgdir name="obj"></imgdir></imgdir><imgdir name="1"><imgdir name="info"></imgdir><imgdir name="tile"></imgdir><imgdir name="obj"></imgdir></imgdir><imgdir name="2"><imgdir name="info"><string name="tS" value="darkWood"/></imgdir><imgdir name="tile"><imgdir name="0"><int name="x" value="765"/><int name="y" value="-30"/><string name="u" value="edU"/><int name="no" value="0"/><int name="zM" value="7"/></imgdir><imgdir name="4"><int name="x" value="945"/><int name="y" value="-30"/><string name="u" value="edU"/><int name="no" value="0"/><int name="zM" value="7"/></imgdir><imgdir name="6"><int name="x" value="855"/><int name="y" value="-30"/><string name="u" value="enH0"/><int name="no" value="0"/><int name="zM" value="7"/></imgdir><imgdir name="11"><int name="x" value="765"/><int name="y" value="30"/><string name="u" value="edD"/><int name="no" value="0"/><int name="zM" value="7"/></imgdir><imgdir name="5"><int name="x" value="945"/><int name="y" value="-30"/><string name="u" value="enV1"/><int name="no" value="0"/><int name="zM" value="7"/></imgdir><imgdir name="7"><int name="x" value="855"/><int name="y" value="-30"/><string name="u" value="bsc"/><int name="no" value="2"/><int name="zM" value="7"/></imgdir><imgdir name="3"><int name="x" value="855"/><int name="y" value="30"/><string name="u" value="enH1"/><int name="no" value="0"/><int name="zM" value="7"/></imgdir><imgdir name="9"><int name="x" value="945"/><int name="y" value="30"/><string name="u" value="edD"/><int name="no" value="0"/><int name="zM" value="7"/></imgdir><imgdir name="10"><int name="x" value="765"/><int name="y" value="-30"/><string name="u" value="enV0"/><int name="no" value="0"/><int name="zM" value="7"/></imgdir><imgdir name="2"><int name="x" value="765"/><int name="y" value="-30"/><string name="u" value="bsc"/><int name="no" value="1"/><int name="zM" value="7"/></imgdir><imgdir name="1"><int name="x" value="765"/><int name="y" value="-30"/><string name="u" value="enH0"/><int name="no" value="0"/><int name="zM" value="7"/></imgdir><imgdir name="8"><int name="x" value="765"/><int name="y" value="30"/><string name="u" value="enH1"/><int name="no" value="0"/><int name="zM" value="7"/></imgdir><imgdir name="12"><int name="x" value="675"/><int name="y" value="30"/><string name="u" value="edU"/><int name="no" value="0"/><int name="zM" value="8"/></imgdir><imgdir name="13"><int name="x" value="675"/><int name="y" value="30"/><string name="u" value="edD"/><int name="no" value="0"/><int name="zM" value="8"/></imgdir><imgdir name="14"><int name="x" value="585"/><int name="y" value="90"/><string name="u" value="edU"/><int name="no" value="0"/><int name="zM" value="6"/></imgdir><imgdir name="15"><int name="x" value="585"/><int name="y" value="90"/><string name="u" value="edD"/><int name="no" value="0"/><int name="zM" value="6"/></imgdir><imgdir name="16"><int name="x" value="675"/><int name="y" value="150"/><string name="u" value="edU"/><int name="no" value="0"/><int name="zM" value="5"/></imgdir><imgdir name="17"><int name="x" value="675"/><int name="y" value="150"/><string name="u" value="edD"/><int name="no" value="0"/><int name="zM" value="5"/></imgdir><imgdir name="18"><int name="x" value="765"/><int name="y" value="210"/><string name="u" value="edU"/><int name="no" value="0"/><int name="zM" value="4"/></imgdir><imgdir name="19"><int name="x" value="765"/><int name="y" value="210"/><string name="u" value="edD"/><int name="no" value="0"/><int name="zM" value="4"/></imgdir><imgdir name="20"><int name="x" value="855"/><int name="y" value="270"/><string name="u" value="edU"/><int name="no" value="0"/><int name="zM" value="3"/></imgdir><imgdir name="21"><int name="x" value="855"/><int name="y" value="270"/><string name="u" value="edD"/><int name="no" value="0"/><int name="zM" value="3"/></imgdir><imgdir name="22"><int name="x" value="945"/><int name="y" value="330"/><string name="u" value="edU"/><int name="no" value="0"/><int name="zM" value="2"/></imgdir><imgdir name="23"><int name="x" value="945"/><int name="y" value="330"/><string name="u" value="edD"/><int name="no" value="0"/><int name="zM" value="2"/></imgdir><imgdir name="24"><int name="x" value="1035"/><int name="y" value="390"/><string name="u" value="edU"/><int name="no" value="0"/><int name="zM" value="1"/></imgdir><imgdir name="25"><int name="x" value="1035"/><int name="y" value="390"/><string name="u" value="edD"/><int name="no" value="0"/><int name="zM" value="1"/></imgdir><imgdir name="26"><int name="x" value="1035"/><int name="y" value="-90"/><string name="u" value="edU"/><int name="no" value="0"/><int name="zM" value="9"/></imgdir><imgdir name="27"><int name="x" value="1035"/><int name="y" value="-90"/><string name="u" value="edD"/><int name="no" value="0"/><int name="zM" value="9"/></imgdir><imgdir name="28"><int name="x" value="1125"/><int name="y" value="-150"/><string name="u" value="edU"/><int name="no" value="0"/><int name="zM" value="10"/></imgdir><imgdir name="29"><int name="x" value="1125"/><int name="y" value="-150"/><string name="u" value="edD"/><int name="no" value="0"/><int name="zM" value="10"/></imgdir><imgdir name="30"><int name="x" value="1035"/><int name="y" value="-210"/><string name="u" value="edU"/><int name="no" value="0"/><int name="zM" value="11"/></imgdir><imgdir name="31"><int name="x" value="1035"/><int name="y" value="-210"/><string name="u" value="edD"/><int name="no" value="0"/><int name="zM" value="11"/></imgdir><imgdir name="32"><int name="x" value="945"/><int name="y" value="-270"/><string name="u" value="edU"/><int name="no" value="0"/><int name="zM" value="12"/></imgdir><imgdir name="33"><int name="x" value="945"/><int name="y" value="-270"/><string name="u" value="edD"/><int name="no" value="0"/><int name="zM" value="12"/></imgdir><imgdir name="34"><int name="x" value="855"/><int name="y" value="-330"/><string name="u" value="edU"/><int name="no" value="0"/><int name="zM" value="13"/></imgdir><imgdir name="35"><int name="x" value="855"/><int name="y" value="-330"/><string name="u" value="edD"/><int name="no" value="0"/><int name="zM" value="13"/></imgdir><imgdir name="36"><int name="x" value="765"/><int name="y" value="-390"/><string name="u" value="edU"/><int name="no" value="0"/><int name="zM" value="14"/></imgdir><imgdir name="37"><int name="x" value="765"/><int name="y" value="-390"/><string name="u" value="edD"/><int name="no" value="0"/><int name="zM" value="14"/></imgdir><imgdir name="38"><int name="x" value="675"/><int name="y" value="-450"/><string name="u" value="edU"/><int name="no" value="0"/><int name="zM" value="15"/></imgdir><imgdir name="39"><int name="x" value="675"/><int name="y" value="-450"/><string name="u" value="edD"/><int name="no" value="0"/><int name="zM" value="15"/></imgdir><imgdir name="40"><int name="x" value="585"/><int name="y" value="-510"/><string name="u" value="edU"/><int name="no" value="0"/><int name="zM" value="16"/></imgdir><imgdir name="41"><int name="x" value="585"/><int name="y" value="-510"/><string name="u" value="edD"/><int name="no" value="0"/><int name="zM" value="16"/></imgdir><imgdir name="42"><int name="x" value="675"/><int name="y" value="-570"/><string name="u" value="edU"/><int name="no" value="0"/><int name="zM" value="18"/></imgdir><imgdir name="43"><int name="x" value="675"/><int name="y" value="-570"/><string name="u" value="edD"/><int name="no" value="0"/><int name="zM" value="18"/></imgdir><imgdir name="44"><int name="x" value="765"/><int name="y" value="-630"/><string name="u" value="edU"/><int name="no" value="0"/><int name="zM" value="17"/></imgdir><imgdir name="48"><int name="x" value="945"/><int name="y" value="-630"/><string name="u" value="edU"/><int name="no" value="0"/><int name="zM" value="17"/></imgdir><imgdir name="53"><int name="x" value="765"/><int name="y" value="-570"/><string name="u" value="edD"/><int name="no" value="0"/><int name="zM" value="17"/></imgdir><imgdir name="55"><int name="x" value="765"/><int name="y" value="-570"/><string name="u" value="enH1"/><int name="no" value="0"/><int name="zM" value="17"/></imgdir><imgdir name="49"><int name="x" value="945"/><int name="y" value="-630"/><string name="u" value="enV1"/><int name="no" value="0"/><int name="zM" value="17"/></imgdir><imgdir name="46"><int name="x" value="765"/><int name="y" value="-630"/><string name="u" value="bsc"/><int name="no" value="1"/><int name="zM" value="17"/></imgdir><imgdir name="50"><int name="x" value="765"/><int name="y" value="-630"/><string name="u" value="enH0"/><int name="no" value="0"/><int name="zM" value="17"/></imgdir><imgdir name="45"><int name="x" value="765"/><int name="y" value="-630"/><string name="u" value="enV0"/><int name="no" value="0"/><int name="zM" value="17"/></imgdir><imgdir name="52"><int name="x" value="855"/><int name="y" value="-630"/><string name="u" value="enH0"/><int name="no" value="0"/><int name="zM" value="17"/></imgdir><imgdir name="54"><int name="x" value="855"/><int name="y" value="-630"/><string name="u" value="bsc"/><int name="no" value="1"/><int name="zM" value="17"/></imgdir><imgdir name="47"><int name="x" value="945"/><int name="y" value="-570"/><string name="u" value="edD"/><int name="no" value="0"/><int name="zM" value="17"/></imgdir><imgdir name="51"><int name="x" value="855"/><int name="y" value="-570"/><string name="u" value="enH1"/><int name="no" value="0"/><int name="zM" value="17"/></imgdir><imgdir name="56"><int name="x" value="1035"/><int name="y" value="-690"/><string name="u" value="edU"/><int name="no" value="0"/><int name="zM" value="19"/></imgdir><imgdir name="57"><int name="x" value="1035"/><int name="y" value="-690"/><string name="u" value="edD"/><int name="no" value="0"/><int name="zM" value="19"/></imgdir><imgdir name="58"><int name="x" value="1125"/><int name="y" value="-750"/><string name="u" value="edU"/><int name="no" value="0"/><int name="zM" value="20"/></imgdir><imgdir name="59"><int name="x" value="1125"/><int name="y" value="-750"/><string name="u" value="edD"/><int name="no" value="0"/><int name="zM" value="20"/></imgdir><imgdir name="60"><int name="x" value="1035"/><int name="y" value="-810"/><string name="u" value="edU"/><int name="no" value="0"/><int name="zM" value="21"/></imgdir><imgdir name="61"><int name="x" value="1035"/><int name="y" value="-810"/><string name="u" value="edD"/><int name="no" value="0"/><int name="zM" value="21"/></imgdir><imgdir name="62"><int name="x" value="945"/><int name="y" value="-870"/><string name="u" value="edU"/><int name="no" value="0"/><int name="zM" value="22"/></imgdir><imgdir name="63"><int name="x" value="945"/><int name="y" value="-870"/><string name="u" value="edD"/><int name="no" value="0"/><int name="zM" value="22"/></imgdir><imgdir name="64"><int name="x" value="855"/><int name="y" value="-930"/><string name="u" value="edU"/><int name="no" value="0"/><int name="zM" value="23"/></imgdir><imgdir name="65"><int name="x" value="855"/><int name="y" value="-930"/><string name="u" value="edD"/><int name="no" value="0"/><int name="zM" value="23"/></imgdir><imgdir name="66"><int name="x" value="765"/><int name="y" value="-990"/><string name="u" value="edU"/><int name="no" value="0"/><int name="zM" value="24"/></imgdir><imgdir name="67"><int name="x" value="765"/><int name="y" value="-990"/><string name="u" value="edD"/><int name="no" value="0"/><int name="zM" value="24"/></imgdir><imgdir name="68"><int name="x" value="675"/><int name="y" value="-1050"/><string name="u" value="edU"/><int name="no" value="0"/><int name="zM" value="25"/></imgdir><imgdir name="69"><int name="x" value="675"/><int name="y" value="-1050"/><string name="u" value="edD"/><int name="no" value="0"/><int name="zM" value="25"/></imgdir><imgdir name="70"><int name="x" value="585"/><int name="y" value="-1110"/><string name="u" value="edU"/><int name="no" value="0"/><int name="zM" value="26"/></imgdir><imgdir name="71"><int name="x" value="585"/><int name="y" value="-1110"/><string name="u" value="edD"/><int name="no" value="0"/><int name="zM" value="26"/></imgdir><imgdir name="72"><int name="x" value="675"/><int name="y" value="-1170"/><string name="u" value="edU"/><int name="no" value="0"/><int name="zM" value="28"/></imgdir><imgdir name="73"><int name="x" value="675"/><int name="y" value="-1170"/><string name="u" value="edD"/><int name="no" value="0"/><int name="zM" value="28"/></imgdir><imgdir name="74"><int name="x" value="765"/><int name="y" value="-1230"/><string name="u" value="edU"/><int name="no" value="0"/><int name="zM" value="27"/></imgdir><imgdir name="78"><int name="x" value="945"/><int name="y" value="-1230"/><string name="u" value="edU"/><int name="no" value="0"/><int name="zM" value="27"/></imgdir><imgdir name="81"><int name="x" value="765"/><int name="y" value="-1170"/><string name="u" value="edD"/><int name="no" value="0"/><int name="zM" value="27"/></imgdir><imgdir name="83"><int name="x" value="945"/><int name="y" value="-1170"/><string name="u" value="edD"/><int name="no" value="0"/><int name="zM" value="27"/></imgdir><imgdir name="79"><int name="x" value="945"/><int name="y" value="-1230"/><string name="u" value="enV1"/><int name="no" value="0"/><int name="zM" value="27"/></imgdir><imgdir name="82"><int name="x" value="855"/><int name="y" value="-1230"/><string name="u" value="bsc"/><int name="no" value="0"/><int name="zM" value="27"/></imgdir><imgdir name="77"><int name="x" value="855"/><int name="y" value="-1230"/><string name="u" value="enH0"/><int name="no" value="0"/><int name="zM" value="27"/></imgdir><imgdir name="84"><int name="x" value="765"/><int name="y" value="-1230"/><string name="u" value="bsc"/><int name="no" value="1"/><int name="zM" value="27"/></imgdir><imgdir name="75"><int name="x" value="765"/><int name="y" value="-1170"/><string name="u" value="enH1"/><int name="no" value="0"/><int name="zM" value="27"/></imgdir><imgdir name="76"><int name="x" value="765"/><int name="y" value="-1230"/><string name="u" value="enH0"/><int name="no" value="0"/><int name="zM" value="27"/></imgdir><imgdir name="80"><int name="x" value="765"/><int name="y" value="-1230"/><string name="u" value="enV0"/><int name="no" value="0"/><int name="zM" value="27"/></imgdir><imgdir name="85"><int name="x" value="855"/><int name="y" value="-1170"/><string name="u" value="enH1"/><int name="no" value="0"/><int name="zM" value="27"/></imgdir><imgdir name="86"><int name="x" value="1035"/><int name="y" value="-1290"/><string name="u" value="edU"/><int name="no" value="0"/><int name="zM" value="29"/></imgdir><imgdir name="87"><int name="x" value="1035"/><int name="y" value="-1290"/><string name="u" value="edD"/><int name="no" value="0"/><int name="zM" value="29"/></imgdir><imgdir name="88"><int name="x" value="1125"/><int name="y" value="-1350"/><string name="u" value="edU"/><int name="no" value="0"/><int name="zM" value="30"/></imgdir><imgdir name="89"><int name="x" value="1125"/><int name="y" value="-1350"/><string name="u" value="edD"/><int name="no" value="0"/><int name="zM" value="30"/></imgdir><imgdir name="90"><int name="x" value="1035"/><int name="y" value="-1410"/><string name="u" value="edU"/><int name="no" value="0"/><int name="zM" value="31"/></imgdir><imgdir name="91"><int name="x" value="1035"/><int name="y" value="-1410"/><string name="u" value="edD"/><int name="no" value="0"/><int name="zM" value="31"/></imgdir><imgdir name="92"><int name="x" value="945"/><int name="y" value="-1470"/><string name="u" value="edU"/><int name="no" value="0"/><int name="zM" value="32"/></imgdir><imgdir name="93"><int name="x" value="945"/><int name="y" value="-1470"/><string name="u" value="edD"/><int name="no" value="0"/><int name="zM" value="32"/></imgdir><imgdir name="94"><int name="x" value="855"/><int name="y" value="-1530"/><string name="u" value="edU"/><int name="no" value="0"/><int name="zM" value="33"/></imgdir><imgdir name="95"><int name="x" value="855"/><int name="y" value="-1530"/><string name="u" value="edD"/><int name="no" value="0"/><int name="zM" value="33"/></imgdir><imgdir name="96"><int name="x" value="765"/><int name="y" value="-1590"/><string name="u" value="edU"/><int name="no" value="0"/><int name="zM" value="34"/></imgdir><imgdir name="97"><int name="x" value="765"/><int name="y" value="-1590"/><string name="u" value="edD"/><int name="no" value="0"/><int name="zM" value="34"/></imgdir><imgdir name="98"><int name="x" value="675"/><int name="y" value="-1650"/><string name="u" value="edU"/><int name="no" value="0"/><int name="zM" value="35"/></imgdir><imgdir name="99"><int name="x" value="675"/><int name="y" value="-1650"/><string name="u" value="edD"/><int name="no" value="0"/><int name="zM" value="35"/></imgdir><imgdir name="100"><int name="x" value="585"/><int name="y" value="-1710"/><string name="u" value="edU"/><int name="no" value="0"/><int name="zM" value="36"/></imgdir><imgdir name="101"><int name="x" value="585"/><int name="y" value="-1710"/><string name="u" value="edD"/><int name="no" value="0"/><int name="zM" value="36"/></imgdir><imgdir name="102"><int name="x" value="675"/><int name="y" value="-1770"/><string name="u" value="edU"/><int name="no" value="0"/><int name="zM" value="38"/></imgdir><imgdir name="103"><int name="x" value="675"/><int name="y" value="-1770"/><string name="u" value="edD"/><int name="no" value="0"/><int name="zM" value="38"/></imgdir><imgdir name="104"><int name="x" value="765"/><int name="y" value="-1830"/><string name="u" value="edU"/><int name="no" value="0"/><int name="zM" value="37"/></imgdir><imgdir name="106"><int name="x" value="945"/><int name="y" value="-1830"/><string name="u" value="edU"/><int name="no" value="0"/><int name="zM" value="37"/></imgdir><imgdir name="110"><int name="x" value="765"/><int name="y" value="-1830"/><string name="u" value="enH0"/><int name="no" value="0"/><int name="zM" value="37"/></imgdir><imgdir name="109"><int name="x" value="855"/><int name="y" value="-1830"/><string name="u" value="enH0"/><int name="no" value="0"/><int name="zM" value="37"/></imgdir><imgdir name="115"><int name="x" value="945"/><int name="y" value="-1770"/><string name="u" value="edD"/><int name="no" value="0"/><int name="zM" value="37"/></imgdir><imgdir name="107"><int name="x" value="945"/><int name="y" value="-1830"/><string name="u" value="enV1"/><int name="no" value="0"/><int name="zM" value="37"/></imgdir><imgdir name="108"><int name="x" value="855"/><int name="y" value="-1830"/><string name="u" value="bsc"/><int name="no" value="2"/><int name="zM" value="37"/></imgdir><imgdir name="112"><int name="x" value="855"/><int name="y" value="-1770"/><string name="u" value="enH1"/><int name="no" value="0"/><int name="zM" value="37"/></imgdir><imgdir name="114"><int name="x" value="765"/><int name="y" value="-1770"/><string name="u" value="edD"/><int name="no" value="0"/><int name="zM" value="37"/></imgdir><imgdir name="111"><int name="x" value="765"/><int name="y" value="-1830"/><string name="u" value="bsc"/><int name="no" value="2"/><int name="zM" value="37"/></imgdir><imgdir name="105"><int name="x" value="765"/><int name="y" value="-1770"/><string name="u" value="enH1"/><int name="no" value="0"/><int name="zM" value="37"/></imgdir><imgdir name="113"><int name="x" value="765"/><int name="y" value="-1830"/><string name="u" value="enV0"/><int name="no" value="0"/><int name="zM" value="37"/></imgdir><imgdir name="116"><int name="x" value="1035"/><int name="y" value="-1890"/><string name="u" value="edU"/><int name="no" value="0"/><int name="zM" value="39"/></imgdir><imgdir name="117"><int name="x" value="1035"/><int name="y" value="-1890"/><string name="u" value="edD"/><int name="no" value="0"/><int name="zM" value="39"/></imgdir><imgdir name="118"><int name="x" value="1125"/><int name="y" value="-1950"/><string name="u" value="edU"/><int name="no" value="0"/><int name="zM" value="40"/></imgdir><imgdir name="119"><int name="x" value="1125"/><int name="y" value="-1950"/><string name="u" value="edD"/><int name="no" value="0"/><int name="zM" value="40"/></imgdir><imgdir name="120"><int name="x" value="1035"/><int name="y" value="-2010"/><string name="u" value="edU"/><int name="no" value="0"/><int name="zM" value="41"/></imgdir><imgdir name="121"><int name="x" value="1035"/><int name="y" value="-2010"/><string name="u" value="edD"/><int name="no" value="0"/><int name="zM" value="41"/></imgdir><imgdir name="122"><int name="x" value="945"/><int name="y" value="-2070"/><string name="u" value="edU"/><int name="no" value="0"/><int name="zM" value="42"/></imgdir><imgdir name="123"><int name="x" value="945"/><int name="y" value="-2070"/><string name="u" value="edD"/><int name="no" value="0"/><int name="zM" value="42"/></imgdir><imgdir name="124"><int name="x" value="855"/><int name="y" value="-2130"/><string name="u" value="edU"/><int name="no" value="0"/><int name="zM" value="43"/></imgdir><imgdir name="125"><int name="x" value="855"/><int name="y" value="-2130"/><string name="u" value="edD"/><int name="no" value="0"/><int name="zM" value="43"/></imgdir><imgdir name="126"><int name="x" value="765"/><int name="y" value="-2190"/><string name="u" value="edU"/><int name="no" value="0"/><int name="zM" value="44"/></imgdir><imgdir name="127"><int name="x" value="765"/><int name="y" value="-2190"/><string name="u" value="edD"/><int name="no" value="0"/><int name="zM" value="44"/></imgdir><imgdir name="128"><int name="x" value="675"/><int name="y" value="-2250"/><string name="u" value="edU"/><int name="no" value="0"/><int name="zM" value="45"/></imgdir><imgdir name="129"><int name="x" value="675"/><int name="y" value="-2250"/><string name="u" value="edD"/><int name="no" value="0"/><int name="zM" value="45"/></imgdir><imgdir name="130"><int name="x" value="585"/><int name="y" value="-2310"/><string name="u" value="edU"/><int name="no" value="0"/><int name="zM" value="46"/></imgdir><imgdir name="131"><int name="x" value="585"/><int name="y" value="-2310"/><string name="u" value="edD"/><int name="no" value="0"/><int name="zM" value="46"/></imgdir><imgdir name="132"><int name="x" value="495"/><int name="y" value="-2370"/><string name="u" value="edU"/><int name="no" value="0"/><int name="zM" value="47"/></imgdir><imgdir name="133"><int name="x" value="495"/><int name="y" value="-2370"/><string name="u" value="edD"/><int name="no" value="0"/><int name="zM" value="47"/></imgdir><imgdir name="134"><int name="x" value="405"/><int name="y" value="-2430"/><string name="u" value="edU"/><int name="no" value="0"/><int name="zM" value="48"/></imgdir><imgdir name="135"><int name="x" value="405"/><int name="y" value="-2430"/><string name="u" value="edD"/><int name="no" value="0"/><int name="zM" value="48"/></imgdir><imgdir name="136"><int name="x" value="315"/><int name="y" value="-2490"/><string name="u" value="edU"/><int name="no" value="0"/><int name="zM" value="49"/></imgdir><imgdir name="137"><int name="x" value="315"/><int name="y" value="-2490"/><string name="u" value="edD"/><int name="no" value="0"/><int name="zM" value="49"/></imgdir><imgdir name="138"><int name="x" value="225"/><int name="y" value="-2550"/><string name="u" value="edU"/><int name="no" value="0"/><int name="zM" value="50"/></imgdir><imgdir name="139"><int name="x" value="225"/><int name="y" value="-2550"/><string name="u" value="edD"/><int name="no" value="0"/><int name="zM" value="50"/></imgdir><imgdir name="140"><int name="x" value="135"/><int name="y" value="-2610"/><string name="u" value="edU"/><int name="no" value="0"/><int name="zM" value="52"/></imgdir><imgdir name="141"><int name="x" value="135"/><int name="y" value="-2610"/><string name="u" value="edD"/><int name="no" value="0"/><int name="zM" value="52"/></imgdir><imgdir name="142"><int name="x" value="45"/><int name="y" value="-2670"/><string name="u" value="edU"/><int name="no" value="0"/><int name="zM" value="51"/></imgdir><imgdir name="144"><int name="x" value="-135"/><int name="y" value="-2670"/><string name="u" value="edU"/><int name="no" value="0"/><int name="zM" value="51"/></imgdir><imgdir name="148"><int name="x" value="-45"/><int name="y" value="-2670"/><string name="u" value="enH0"/><int name="no" value="0"/><int name="zM" value="51"/></imgdir><imgdir name="147"><int name="x" value="-135"/><int name="y" value="-2670"/><string name="u" value="enH0"/><int name="no" value="0"/><int name="zM" value="51"/></imgdir><imgdir name="151"><int name="x" value="-135"/><int name="y" value="-2610"/><string name="u" value="edD"/><int name="no" value="0"/><int name="zM" value="51"/></imgdir><imgdir name="143"><int name="x" value="45"/><int name="y" value="-2670"/><string name="u" value="enV1"/><int name="no" value="0"/><int name="zM" value="51"/></imgdir><imgdir name="149"><int name="x" value="-45"/><int name="y" value="-2670"/><string name="u" value="bsc"/><int name="no" value="0"/><int name="zM" value="51"/></imgdir><imgdir name="152"><int name="x" value="-45"/><int name="y" value="-2610"/><string name="u" value="enH1"/><int name="no" value="0"/><int name="zM" value="51"/></imgdir><imgdir name="146"><int name="x" value="-135"/><int name="y" value="-2670"/><string name="u" value="bsc"/><int name="no" value="2"/><int name="zM" value="51"/></imgdir><imgdir name="145"><int name="x" value="-135"/><int name="y" value="-2610"/><string name="u" value="enH1"/><int name="no" value="0"/><int name="zM" value="51"/></imgdir><imgdir name="150"><int name="x" value="-135"/><int name="y" value="-2670"/><string name="u" value="enV0"/><int name="no" value="0"/><int name="zM" value="51"/></imgdir><imgdir name="153"><int name="x" value="45"/><int name="y" value="-2610"/><string name="u" value="edD"/><int name="no" value="0"/><int name="zM" value="51"/></imgdir></imgdir><imgdir name="obj"><imgdir name="0"><string name="oS" value="acc1"/><string name="l0" value="darkWood"/><string name="l1" value="nature"/><string name="l2" value="28"/><int name="x" value="-46"/><int name="y" value="-2565"/><int name="z" value="3"/><int name="f" value="1"/><int name="zM" value="0"/></imgdir><imgdir name="1"><string name="oS" value="acc1"/><string name="l0" value="darkWood"/><string name="l1" value="artificiality"/><string name="l2" value="1"/><int name="x" value="-70"/><int name="y" value="-2741"/><int name="z" value="2"/><int name="f" value="0"/><int name="zM" value="0"/></imgdir><imgdir name="2"><string name="oS" value="acc1"/><string name="l0" value="darkWood"/><string name="l1" value="nature"/><string name="l2" value="0"/><int name="x" value="-105"/><int name="y" value="-2778"/><int name="z" value="0"/><int name="f" value="0"/><int name="zM" value="0"/></imgdir><imgdir name="3"><string name="oS" value="acc1"/><string name="l0" value="darkWood"/><string name="l1" value="nature"/><string name="l2" value="1"/><int name="x" value="-81"/><int name="y" value="-2808"/><int name="z" value="4"/><int name="f" value="0"/><int name="zM" value="0"/></imgdir><imgdir name="4"><string name="oS" value="acc1"/><string name="l0" value="darkWood"/><string name="l1" value="nature"/><string name="l2" value="2"/><int name="x" value="-45"/><int name="y" value="-2734"/><int name="z" value="3"/><int name="f" value="0"/><int name="zM" value="0"/></imgdir><imgdir name="5"><string name="oS" value="acc1"/><string name="l0" value="darkWood"/><string name="l1" value="nature"/><string name="l2" value="1"/><int name="x" value="8"/><int name="y" value="-2789"/><int name="z" value="1"/><int name="f" value="0"/><int name="zM" value="0"/></imgdir><imgdir name="6"><string name="oS" value="acc1"/><string name="l0" value="darkWood"/><string name="l1" value="nature"/><string name="l2" value="0"/><int name="x" value="26"/><int name="y" value="-2778"/><int name="z" value="5"/><int name="f" value="0"/><int name="zM" value="0"/></imgdir><imgdir name="7"><string name="oS" value="acc1"/><string name="l0" value="darkWood"/><string name="l1" value="nature"/><string name="l2" value="2"/><int name="x" value="-136"/><int name="y" value="-2734"/><int name="z" value="5"/><int name="f" value="0"/><int name="zM" value="0"/></imgdir><imgdir name="8"><string name="oS" value="houseDW"/><string name="l0" value="house2"/><string name="l1" value="basic"/><string name="l2" value="0"/><int name="x" value="127"/><int name="y" value="278"/><int name="z" value="3"/><int name="f" value="0"/><int name="zM" value="0"/></imgdir><imgdir name="9"><string name="oS" value="houseDW"/><string name="l0" value="house2"/><string name="l1" value="basic"/><string name="l2" value="1"/><int name="x" value="26"/><int name="y" value="4"/><int name="z" value="2"/><int name="f" value="0"/><int name="zM" value="0"/></imgdir><imgdir name="10"><string name="oS" value="houseDW"/><string name="l0" value="house2"/><string name="l1" value="deco"/><string name="l2" value="0"/><int name="x" value="109"/><int name="y" value="254"/><int name="z" value="4"/><int name="f" value="0"/><int name="zM" value="0"/></imgdir><imgdir name="11"><string name="oS" value="house"/><string name="l0" value="darkWood"/><string name="l1" value="lamp"/><string name="l2" value="0"/><int name="x" value="264"/><int name="y" value="301"/><int name="z" value="1"/><int name="f" value="0"/><int name="zM" value="0"/></imgdir><imgdir name="12"><string name="oS" value="house"/><string name="l0" value="darkWood"/><string name="l1" value="lamp"/><string name="l2" value="3"/><int name="x" value="264"/><int name="y" value="301"/><int name="z" value="2"/><int name="f" value="0"/><int name="zM" value="0"/></imgdir></imgdir></imgdir><imgdir name="3"><imgdir name="info"></imgdir><imgdir name="tile"></imgdir><imgdir name="obj"><imgdir name="0"><string name="oS" value="trap"/><string name="l0" value="moving"/><string name="l1" value="nature"/><string name="l2" value="0"/><int name="x" value="671"/><int name="y" value="-1758"/><int name="z" value="3"/><int name="f" value="0"/><int name="zM" value="0"/></imgdir><imgdir name="1"><string name="oS" value="trap"/><string name="l0" value="moving"/><string name="l1" value="nature"/><string name="l2" value="0"/><int name="x" value="1030"/><int name="y" value="-1508"/><int name="z" value="3"/><int name="f" value="0"/><int name="zM" value="0"/></imgdir><imgdir name="3"><string name="oS" value="trap"/><string name="l0" value="moving"/><string name="l1" value="nature"/><string name="l2" value="0"/><int name="x" value="671"/><int name="y" value="-2342"/><int name="z" value="3"/><int name="f" value="0"/><int name="zM" value="0"/></imgdir><imgdir name="4"><string name="oS" value="trap"/><string name="l0" value="moving"/><string name="l1" value="nature"/><string name="l2" value="0"/><int name="x" value="403"/><int name="y" value="-2521"/><int name="z" value="3"/><int name="f" value="0"/><int name="zM" value="0"/></imgdir><imgdir name="5"><string name="oS" value="acc1"/><string name="l0" value="darkWood"/><string name="l1" value="nature"/><string name="l2" value="28"/><int name="x" value="-42"/><int name="y" value="-2586"/><int name="z" value="3"/><int name="f" value="0"/><int name="zM" value="0"/></imgdir><imgdir name="6"><string name="oS" value="acc1"/><string name="l0" value="darkWood"/><string name="l1" value="nature"/><string name="l2" value="28"/><int name="x" value="856"/><int name="y" value="-1748"/><int name="z" value="3"/><int name="f" value="0"/><int name="zM" value="0"/></imgdir><imgdir name="7"><string name="oS" value="acc1"/><string name="l0" value="darkWood"/><string name="l1" value="nature"/><string name="l2" value="28"/><int name="x" value="857"/><int name="y" value="-1137"/><int name="z" value="3"/><int name="f" value="0"/><int name="zM" value="0"/></imgdir><imgdir name="8"><string name="oS" value="acc1"/><string name="l0" value="darkWood"/><string name="l1" value="nature"/><string name="l2" value="3"/><int name="x" value="90"/><int name="y" value="-2792"/><int name="z" value="3"/><int name="f" value="0"/><int name="zM" value="0"/></imgdir><imgdir name="2"><string name="oS" value="acc1"/><string name="l0" value="darkWood"/><string name="l1" value="nature"/><string name="l2" value="4"/><int name="x" value="-38"/><int name="y" value="-2866"/><int name="z" value="3"/><int name="f" value="0"/><int name="zM" value="0"/></imgdir></imgdir></imgdir><imgdir name="4"><imgdir name="info"><string name="tS" value="darkWood"/></imgdir><imgdir name="tile"><imgdir name="13"><int name="x" value="1125"/><int name="y" value="450"/><string name="u" value="enH0"/><int name="no" value="0"/><int name="zM" value="0"/></imgdir><imgdir name="9"><int name="x" value="1035"/><int name="y" value="450"/><string name="u" value="enH0"/><int name="no" value="0"/><int name="zM" value="0"/></imgdir><imgdir name="12"><int name="x" value="1125"/><int name="y" value="450"/><string name="u" value="bsc"/><int name="no" value="0"/><int name="zM" value="0"/></imgdir><imgdir name="25"><int name="x" value="1125"/><int name="y" value="570"/><string name="u" value="enH1"/><int name="no" value="0"/><int name="zM" value="0"/></imgdir><imgdir name="18"><int name="x" value="1125"/><int name="y" value="510"/><string name="u" value="bsc"/><int name="no" value="1"/><int name="zM" value="0"/></imgdir><imgdir name="5"><int name="x" value="1035"/><int name="y" value="570"/><string name="u" value="enH1"/><int name="no" value="0"/><int name="zM" value="0"/></imgdir><imgdir name="4"><int name="x" value="1035"/><int name="y" value="510"/><string name="u" value="bsc"/><int name="no" value="2"/><int name="zM" value="0"/></imgdir><imgdir name="8"><int name="x" value="1035"/><int name="y" value="450"/><string name="u" value="bsc"/><int name="no" value="2"/><int name="zM" value="0"/></imgdir><imgdir name="34"><int name="x" value="945"/><int name="y" value="450"/><string name="u" value="enH0"/><int name="no" value="0"/><int name="zM" value="0"/></imgdir><imgdir name="35"><int name="x" value="765"/><int name="y" value="450"/><string name="u" value="enH0"/><int name="no" value="0"/><int name="zM" value="0"/></imgdir><imgdir name="31"><int name="x" value="855"/><int name="y" value="450"/><string name="u" value="enH0"/><int name="no" value="0"/><int name="zM" value="0"/></imgdir><imgdir name="29"><int name="x" value="675"/><int name="y" value="450"/><string name="u" value="enH0"/><int name="no" value="0"/><int name="zM" value="0"/></imgdir><imgdir name="36"><int name="x" value="765"/><int name="y" value="450"/><string name="u" value="bsc"/><int name="no" value="2"/><int name="zM" value="0"/></imgdir><imgdir name="30"><int name="x" value="855"/><int name="y" value="450"/><string name="u" value="bsc"/><int name="no" value="2"/><int name="zM" value="0"/></imgdir><imgdir name="14"><int name="x" value="945"/><int name="y" value="450"/><string name="u" value="bsc"/><int name="no" value="2"/><int name="zM" value="0"/></imgdir><imgdir name="28"><int name="x" value="675"/><int name="y" value="450"/><string name="u" value="bsc"/><int name="no" value="2"/><int name="zM" value="0"/></imgdir><imgdir name="37"><int name="x" value="765"/><int name="y" value="510"/><string name="u" value="bsc"/><int name="no" value="0"/><int name="zM" value="0"/></imgdir><imgdir name="42"><int name="x" value="675"/><int name="y" value="570"/><string name="u" value="enH1"/><int name="no" value="0"/><int name="zM" value="0"/></imgdir><imgdir name="38"><int name="x" value="675"/><int name="y" value="510"/><string name="u" value="bsc"/><int name="no" value="1"/><int name="zM" value="0"/></imgdir><imgdir name="19"><int name="x" value="945"/><int name="y" value="570"/><string name="u" value="enH1"/><int name="no" value="0"/><int name="zM" value="0"/></imgdir><imgdir name="15"><int name="x" value="945"/><int name="y" value="510"/><string name="u" value="bsc"/><int name="no" value="1"/><int name="zM" value="0"/></imgdir><imgdir name="40"><int name="x" value="855"/><int name="y" value="510"/><string name="u" value="bsc"/><int name="no" value="2"/><int name="zM" value="0"/></imgdir><imgdir name="43"><int name="x" value="765"/><int name="y" value="570"/><string name="u" value="enH1"/><int name="no" value="0"/><int name="zM" value="0"/></imgdir><imgdir name="27"><int name="x" value="855"/><int name="y" value="570"/><string name="u" value="enH1"/><int name="no" value="0"/><int name="zM" value="0"/></imgdir><imgdir name="52"><int name="x" value="585"/><int name="y" value="450"/><string name="u" value="enH0"/><int name="no" value="0"/><int name="zM" value="0"/></imgdir><imgdir name="51"><int name="x" value="495"/><int name="y" value="450"/><string name="u" value="enH0"/><int name="no" value="0"/><int name="zM" value="0"/></imgdir><imgdir name="49"><int name="x" value="405"/><int name="y" value="450"/><string name="u" value="enH0"/><int name="no" value="0"/><int name="zM" value="0"/></imgdir><imgdir name="47"><int name="x" value="315"/><int name="y" value="450"/><string name="u" value="enH0"/><int name="no" value="0"/><int name="zM" value="0"/></imgdir><imgdir name="48"><int name="x" value="405"/><int name="y" value="450"/><string name="u" value="bsc"/><int name="no" value="0"/><int name="zM" value="0"/></imgdir><imgdir name="46"><int name="x" value="315"/><int name="y" value="450"/><string name="u" value="bsc"/><int name="no" value="0"/><int name="zM" value="0"/></imgdir><imgdir name="33"><int name="x" value="585"/><int name="y" value="450"/><string name="u" value="bsc"/><int name="no" value="2"/><int name="zM" value="0"/></imgdir><imgdir name="50"><int name="x" value="495"/><int name="y" value="450"/><string name="u" value="bsc"/><int name="no" value="1"/><int name="zM" value="0"/></imgdir><imgdir name="41"><int name="x" value="585"/><int name="y" value="570"/><string name="u" value="enH1"/><int name="no" value="0"/><int name="zM" value="0"/></imgdir><imgdir name="55"><int name="x" value="585"/><int name="y" value="510"/><string name="u" value="bsc"/><int name="no" value="1"/><int name="zM" value="0"/></imgdir><imgdir name="39"><int name="x" value="495"/><int name="y" value="570"/><string name="u" value="enH1"/><int name="no" value="0"/><int name="zM" value="0"/></imgdir><imgdir name="59"><int name="x" value="405"/><int name="y" value="570"/><string name="u" value="enH1"/><int name="no" value="0"/><int name="zM" value="0"/></imgdir><imgdir name="32"><int name="x" value="315"/><int name="y" value="510"/><string name="u" value="bsc"/><int name="no" value="2"/><int name="zM" value="0"/></imgdir><imgdir name="45"><int name="x" value="405"/><int name="y" value="510"/><string name="u" value="bsc"/><int name="no" value="2"/><int name="zM" value="0"/></imgdir><imgdir name="56"><int name="x" value="495"/><int name="y" value="510"/><string name="u" value="bsc"/><int name="no" value="1"/><int name="zM" value="0"/></imgdir><imgdir name="57"><int name="x" value="315"/><int name="y" value="570"/><string name="u" value="enH1"/><int name="no" value="0"/><int name="zM" value="0"/></imgdir><imgdir name="63"><int name="x" value="45"/><int name="y" value="450"/><string name="u" value="enH0"/><int name="no" value="0"/><int name="zM" value="0"/></imgdir><imgdir name="44"><int name="x" value="225"/><int name="y" value="450"/><string name="u" value="bsc"/><int name="no" value="1"/><int name="zM" value="0"/></imgdir><imgdir name="62"><int name="x" value="45"/><int name="y" value="450"/><string name="u" value="bsc"/><int name="no" value="2"/><int name="zM" value="0"/></imgdir><imgdir name="58"><int name="x" value="225"/><int name="y" value="570"/><string name="u" value="enH1"/><int name="no" value="0"/><int name="zM" value="0"/></imgdir><imgdir name="53"><int name="x" value="225"/><int name="y" value="510"/><string name="u" value="bsc"/><int name="no" value="1"/><int name="zM" value="0"/></imgdir><imgdir name="60"><int name="x" value="-135"/><int name="y" value="450"/><string name="u" value="bsc"/><int name="no" value="0"/><int name="zM" value="0"/></imgdir><imgdir name="54"><int name="x" value="-45"/><int name="y" value="570"/><string name="u" value="enH1"/><int name="no" value="0"/><int name="zM" value="0"/></imgdir><imgdir name="61"><int name="x" value="-45"/><int name="y" value="510"/><string name="u" value="bsc"/><int name="no" value="0"/><int name="zM" value="0"/></imgdir><imgdir name="2"><int name="x" value="-135"/><int name="y" value="570"/><string name="u" value="edD"/><int name="no" value="0"/><int name="zM" value="0"/></imgdir><imgdir name="17"><int name="x" value="-135"/><int name="y" value="510"/><string name="u" value="enV0"/><int name="no" value="0"/><int name="zM" value="0"/></imgdir><imgdir name="24"><int name="x" value="-135"/><int name="y" value="510"/><string name="u" value="bsc"/><int name="no" value="2"/><int name="zM" value="0"/></imgdir><imgdir name="23"><int name="x" value="-135"/><int name="y" value="450"/><string name="u" value="enH0"/><int name="no" value="0"/><int name="zM" value="0"/></imgdir><imgdir name="0"><int name="x" value="-45"/><int name="y" value="450"/><string name="u" value="enH0"/><int name="no" value="0"/><int name="zM" value="0"/></imgdir><imgdir name="1"><int name="x" value="-45"/><int name="y" value="450"/><string name="u" value="bsc"/><int name="no" value="2"/><int name="zM" value="0"/></imgdir><imgdir name="11"><int name="x" value="-135"/><int name="y" value="450"/><string name="u" value="enV0"/><int name="no" value="0"/><int name="zM" value="0"/></imgdir><imgdir name="10"><int name="x" value="-135"/><int name="y" value="450"/><string name="u" value="edU"/><int name="no" value="0"/><int name="zM" value="0"/></imgdir><imgdir name="16"><int name="x" value="135"/><int name="y" value="570"/><string name="u" value="enH1"/><int name="no" value="0"/><int name="zM" value="0"/></imgdir><imgdir name="6"><int name="x" value="45"/><int name="y" value="570"/><string name="u" value="enH1"/><int name="no" value="0"/><int name="zM" value="0"/></imgdir><imgdir name="7"><int name="x" value="-135"/><int name="y" value="570"/><string name="u" value="enH1"/><int name="no" value="0"/><int name="zM" value="0"/></imgdir><imgdir name="26"><int name="x" value="45"/><int name="y" value="510"/><string name="u" value="bsc"/><int name="no" value="1"/><int name="zM" value="0"/></imgdir><imgdir name="21"><int name="x" value="135"/><int name="y" value="510"/><string name="u" value="bsc"/><int name="no" value="1"/><int name="zM" value="0"/></imgdir><imgdir name="20"><int name="x" value="225"/><int name="y" value="450"/><string name="u" value="enH0"/><int name="no" value="0"/><int name="zM" value="0"/></imgdir><imgdir name="22"><int name="x" value="135"/><int name="y" value="450"/><string name="u" value="enH0"/><int name="no" value="0"/><int name="zM" value="0"/></imgdir><imgdir name="3"><int name="x" value="135"/><int name="y" value="450"/><string name="u" value="bsc"/><int name="no" value="0"/><int name="zM" value="0"/></imgdir><imgdir name="64"><int name="x" value="1215"/><int name="y" value="450"/><string name="u" value="edU"/><int name="no" value="0"/><int name="zM" value="0"/></imgdir><imgdir name="67"><int name="x" value="1215"/><int name="y" value="510"/><string name="u" value="enV1"/><int name="no" value="0"/><int name="zM" value="0"/></imgdir><imgdir name="65"><int name="x" value="1215"/><int name="y" value="450"/><string name="u" value="enV1"/><int name="no" value="0"/><int name="zM" value="0"/></imgdir><imgdir name="66"><int name="x" value="1215"/><int name="y" value="570"/><string name="u" value="edD"/><int name="no" value="0"/><int name="zM" value="0"/></imgdir></imgdir><imgdir name="obj"></imgdir></imgdir><imgdir name="5"><imgdir name="info"></imgdir><imgdir name="tile"></imgdir><imgdir name="obj"></imgdir></imgdir><imgdir name="6"><imgdir name="info"></imgdir><imgdir name="tile"></imgdir><imgdir name="obj"></imgdir></imgdir><imgdir name="7"><imgdir name="info"></imgdir><imgdir name="tile"></imgdir><imgdir name="obj"></imgdir></imgdir><imgdir name="reactor"></imgdir><imgdir name="foothold"><imgdir name="2"><imgdir name="7"><imgdir name="1"><int name="x1" value="730"/><int name="y1" value="-30"/><int name="x2" value="730"/><int name="y2" value="-45"/><int name="prev" value="8"/><int name="next" value="2"/></imgdir><imgdir name="2"><int name="x1" value="730"/><int name="y1" value="-45"/><int name="x2" value="800"/><int name="y2" value="-45"/><int name="prev" value="1"/><int name="next" value="3"/></imgdir><imgdir name="3"><int name="x1" value="800"/><int name="y1" value="-45"/><int name="x2" value="855"/><int name="y2" value="-45"/><int name="prev" value="2"/><int name="next" value="7"/></imgdir><imgdir name="4"><int name="x1" value="910"/><int name="y1" value="-45"/><int name="x2" value="980"/><int name="y2" value="-45"/><int name="prev" value="7"/><int name="next" value="5"/></imgdir><imgdir name="5"><int name="x1" value="980"/><int name="y1" value="-45"/><int name="x2" value="980"/><int name="y2" value="-30"/><int name="prev" value="4"/><int name="next" value="6"/></imgdir><imgdir name="6"><int name="x1" value="980"/><int name="y1" value="-30"/><int name="x2" value="980"/><int name="y2" value="30"/><int name="prev" value="5"/><int name="next" value="0"/></imgdir><imgdir name="7"><int name="x1" value="855"/><int name="y1" value="-45"/><int name="x2" value="910"/><int name="y2" value="-45"/><int name="prev" value="3"/><int name="next" value="4"/></imgdir><imgdir name="8"><int name="x1" value="730"/><int name="y1" value="30"/><int name="x2" value="730"/><int name="y2" value="-30"/><int name="prev" value="0"/><int name="next" value="1"/></imgdir></imgdir><imgdir name="8"><imgdir name="9"><int name="x1" value="640"/><int name="y1" value="30"/><int name="x2" value="640"/><int name="y2" value="15"/><int name="prev" value="0"/><int name="next" value="10"/></imgdir><imgdir name="10"><int name="x1" value="640"/><int name="y1" value="15"/><int name="x2" value="710"/><int name="y2" value="15"/><int name="prev" value="9"/><int name="next" value="11"/></imgdir><imgdir name="11"><int name="x1" value="710"/><int name="y1" value="15"/><int name="x2" value="710"/><int name="y2" value="30"/><int name="prev" value="10"/><int name="next" value="0"/></imgdir></imgdir><imgdir name="6"><imgdir name="12"><int name="x1" value="550"/><int name="y1" value="90"/><int name="x2" value="550"/><int name="y2" value="75"/><int name="prev" value="0"/><int name="next" value="13"/></imgdir><imgdir name="13"><int name="x1" value="550"/><int name="y1" value="75"/><int name="x2" value="620"/><int name="y2" value="75"/><int name="prev" value="12"/><int name="next" value="14"/></imgdir><imgdir name="14"><int name="x1" value="620"/><int name="y1" value="75"/><int name="x2" value="620"/><int name="y2" value="90"/><int name="prev" value="13"/><int name="next" value="0"/></imgdir></imgdir><imgdir name="5"><imgdir name="15"><int name="x1" value="640"/><int name="y1" value="150"/><int name="x2" value="640"/><int name="y2" value="135"/><int name="prev" value="0"/><int name="next" value="16"/></imgdir><imgdir name="16"><int name="x1" value="640"/><int name="y1" value="135"/><int name="x2" value="710"/><int name="y2" value="135"/><int name="prev" value="15"/><int name="next" value="17"/></imgdir><imgdir name="17"><int name="x1" value="710"/><int name="y1" value="135"/><int name="x2" value="710"/><int name="y2" value="150"/><int name="prev" value="16"/><int name="next" value="0"/></imgdir></imgdir><imgdir name="4"><imgdir name="18"><int name="x1" value="730"/><int name="y1" value="210"/><int name="x2" value="730"/><int name="y2" value="195"/><int name="prev" value="0"/><int name="next" value="19"/></imgdir><imgdir name="19"><int name="x1" value="730"/><int name="y1" value="195"/><int name="x2" value="800"/><int name="y2" value="195"/><int name="prev" value="18"/><int name="next" value="20"/></imgdir><imgdir name="20"><int name="x1" value="800"/><int name="y1" value="195"/><int name="x2" value="800"/><int name="y2" value="210"/><int name="prev" value="19"/><int name="next" value="0"/></imgdir></imgdir><imgdir name="3"><imgdir name="21"><int name="x1" value="820"/><int name="y1" value="270"/><int name="x2" value="820"/><int name="y2" value="255"/><int name="prev" value="0"/><int name="next" value="22"/></imgdir><imgdir name="22"><int name="x1" value="820"/><int name="y1" value="255"/><int name="x2" value="890"/><int name="y2" value="255"/><int name="prev" value="21"/><int name="next" value="23"/></imgdir><imgdir name="23"><int name="x1" value="890"/><int name="y1" value="255"/><int name="x2" value="890"/><int name="y2" value="270"/><int name="prev" value="22"/><int name="next" value="0"/></imgdir></imgdir><imgdir name="2"><imgdir name="24"><int name="x1" value="910"/><int name="y1" value="330"/><int name="x2" value="910"/><int name="y2" value="315"/><int name="prev" value="0"/><int name="next" value="25"/></imgdir><imgdir name="25"><int name="x1" value="910"/><int name="y1" value="315"/><int name="x2" value="980"/><int name="y2" value="315"/><int name="prev" value="24"/><int name="next" value="26"/></imgdir><imgdir name="26"><int name="x1" value="980"/><int name="y1" value="315"/><int name="x2" value="980"/><int name="y2" value="330"/><int name="prev" value="25"/><int name="next" value="0"/></imgdir></imgdir><imgdir name="1"><imgdir name="27"><int name="x1" value="1000"/><int name="y1" value="390"/><int name="x2" value="1000"/><int name="y2" value="375"/><int name="prev" value="0"/><int name="next" value="28"/></imgdir><imgdir name="28"><int name="x1" value="1000"/><int name="y1" value="375"/><int name="x2" value="1070"/><int name="y2" value="375"/><int name="prev" value="27"/><int name="next" value="29"/></imgdir><imgdir name="29"><int name="x1" value="1070"/><int name="y1" value="375"/><int name="x2" value="1070"/><int name="y2" value="390"/><int name="prev" value="28"/><int name="next" value="0"/></imgdir></imgdir><imgdir name="9"><imgdir name="30"><int name="x1" value="1000"/><int name="y1" value="-90"/><int name="x2" value="1000"/><int name="y2" value="-105"/><int name="prev" value="0"/><int name="next" value="31"/></imgdir><imgdir name="31"><int name="x1" value="1000"/><int name="y1" value="-105"/><int name="x2" value="1070"/><int name="y2" value="-105"/><int name="prev" value="30"/><int name="next" value="32"/></imgdir><imgdir name="32"><int name="x1" value="1070"/><int name="y1" value="-105"/><int name="x2" value="1070"/><int name="y2" value="-90"/><int name="prev" value="31"/><int name="next" value="0"/></imgdir></imgdir><imgdir name="10"><imgdir name="33"><int name="x1" value="1090"/><int name="y1" value="-150"/><int name="x2" value="1090"/><int name="y2" value="-165"/><int name="prev" value="0"/><int name="next" value="34"/></imgdir><imgdir name="34"><int name="x1" value="1090"/><int name="y1" value="-165"/><int name="x2" value="1160"/><int name="y2" value="-165"/><int name="prev" value="33"/><int name="next" value="35"/></imgdir><imgdir name="35"><int name="x1" value="1160"/><int name="y1" value="-165"/><int name="x2" value="1160"/><int name="y2" value="-150"/><int name="prev" value="34"/><int name="next" value="0"/></imgdir></imgdir><imgdir name="11"><imgdir name="36"><int name="x1" value="1000"/><int name="y1" value="-210"/><int name="x2" value="1000"/><int name="y2" value="-225"/><int name="prev" value="0"/><int name="next" value="37"/></imgdir><imgdir name="37"><int name="x1" value="1000"/><int name="y1" value="-225"/><int name="x2" value="1070"/><int name="y2" value="-225"/><int name="prev" value="36"/><int name="next" value="38"/></imgdir><imgdir name="38"><int name="x1" value="1070"/><int name="y1" value="-225"/><int name="x2" value="1070"/><int name="y2" value="-210"/><int name="prev" value="37"/><int name="next" value="0"/></imgdir></imgdir><imgdir name="12"><imgdir name="39"><int name="x1" value="910"/><int name="y1" value="-270"/><int name="x2" value="910"/><int name="y2" value="-285"/><int name="prev" value="0"/><int name="next" value="40"/></imgdir><imgdir name="40"><int name="x1" value="910"/><int name="y1" value="-285"/><int name="x2" value="980"/><int name="y2" value="-285"/><int name="prev" value="39"/><int name="next" value="41"/></imgdir><imgdir name="41"><int name="x1" value="980"/><int name="y1" value="-285"/><int name="x2" value="980"/><int name="y2" value="-270"/><int name="prev" value="40"/><int name="next" value="0"/></imgdir></imgdir><imgdir name="13"><imgdir name="42"><int name="x1" value="820"/><int name="y1" value="-330"/><int name="x2" value="820"/><int name="y2" value="-345"/><int name="prev" value="0"/><int name="next" value="43"/></imgdir><imgdir name="43"><int name="x1" value="820"/><int name="y1" value="-345"/><int name="x2" value="890"/><int name="y2" value="-345"/><int name="prev" value="42"/><int name="next" value="44"/></imgdir><imgdir name="44"><int name="x1" value="890"/><int name="y1" value="-345"/><int name="x2" value="890"/><int name="y2" value="-330"/><int name="prev" value="43"/><int name="next" value="0"/></imgdir></imgdir><imgdir name="14"><imgdir name="45"><int name="x1" value="730"/><int name="y1" value="-390"/><int name="x2" value="730"/><int name="y2" value="-405"/><int name="prev" value="0"/><int name="next" value="46"/></imgdir><imgdir name="46"><int name="x1" value="730"/><int name="y1" value="-405"/><int name="x2" value="800"/><int name="y2" value="-405"/><int name="prev" value="45"/><int name="next" value="47"/></imgdir><imgdir name="47"><int name="x1" value="800"/><int name="y1" value="-405"/><int name="x2" value="800"/><int name="y2" value="-390"/><int name="prev" value="46"/><int name="next" value="0"/></imgdir></imgdir><imgdir name="15"><imgdir name="48"><int name="x1" value="640"/><int name="y1" value="-450"/><int name="x2" value="640"/><int name="y2" value="-465"/><int name="prev" value="0"/><int name="next" value="49"/></imgdir><imgdir name="49"><int name="x1" value="640"/><int name="y1" value="-465"/><int name="x2" value="710"/><int name="y2" value="-465"/><int name="prev" value="48"/><int name="next" value="50"/></imgdir><imgdir name="50"><int name="x1" value="710"/><int name="y1" value="-465"/><int name="x2" value="710"/><int name="y2" value="-450"/><int name="prev" value="49"/><int name="next" value="0"/></imgdir></imgdir><imgdir name="16"><imgdir name="51"><int name="x1" value="550"/><int name="y1" value="-510"/><int name="x2" value="550"/><int name="y2" value="-525"/><int name="prev" value="0"/><int name="next" value="52"/></imgdir><imgdir name="52"><int name="x1" value="550"/><int name="y1" value="-525"/><int name="x2" value="620"/><int name="y2" value="-525"/><int name="prev" value="51"/><int name="next" value="53"/></imgdir><imgdir name="53"><int name="x1" value="620"/><int name="y1" value="-525"/><int name="x2" value="620"/><int name="y2" value="-510"/><int name="prev" value="52"/><int name="next" value="0"/></imgdir></imgdir><imgdir name="18"><imgdir name="54"><int name="x1" value="640"/><int name="y1" value="-570"/><int name="x2" value="640"/><int name="y2" value="-585"/><int name="prev" value="0"/><int name="next" value="55"/></imgdir><imgdir name="55"><int name="x1" value="640"/><int name="y1" value="-585"/><int name="x2" value="710"/><int name="y2" value="-585"/><int name="prev" value="54"/><int name="next" value="56"/></imgdir><imgdir name="56"><int name="x1" value="710"/><int name="y1" value="-585"/><int name="x2" value="710"/><int name="y2" value="-570"/><int name="prev" value="55"/><int name="next" value="0"/></imgdir></imgdir><imgdir name="17"><imgdir name="57"><int name="x1" value="730"/><int name="y1" value="-630"/><int name="x2" value="730"/><int name="y2" value="-645"/><int name="prev" value="59"/><int name="next" value="58"/></imgdir><imgdir name="58"><int name="x1" value="730"/><int name="y1" value="-645"/><int name="x2" value="800"/><int name="y2" value="-645"/><int name="prev" value="57"/><int name="next" value="63"/></imgdir><imgdir name="59"><int name="x1" value="730"/><int name="y1" value="-570"/><int name="x2" value="730"/><int name="y2" value="-630"/><int name="prev" value="0"/><int name="next" value="57"/></imgdir><imgdir name="60"><int name="x1" value="910"/><int name="y1" value="-645"/><int name="x2" value="980"/><int name="y2" value="-645"/><int name="prev" value="64"/><int name="next" value="61"/></imgdir><imgdir name="61"><int name="x1" value="980"/><int name="y1" value="-645"/><int name="x2" value="980"/><int name="y2" value="-630"/><int name="prev" value="60"/><int name="next" value="62"/></imgdir><imgdir name="62"><int name="x1" value="980"/><int name="y1" value="-630"/><int name="x2" value="980"/><int name="y2" value="-570"/><int name="prev" value="61"/><int name="next" value="0"/></imgdir><imgdir name="63"><int name="x1" value="800"/><int name="y1" value="-645"/><int name="x2" value="855"/><int name="y2" value="-645"/><int name="prev" value="58"/><int name="next" value="64"/></imgdir><imgdir name="64"><int name="x1" value="855"/><int name="y1" value="-645"/><int name="x2" value="910"/><int name="y2" value="-645"/><int name="prev" value="63"/><int name="next" value="60"/></imgdir></imgdir><imgdir name="19"><imgdir name="65"><int name="x1" value="1000"/><int name="y1" value="-690"/><int name="x2" value="1000"/><int name="y2" value="-705"/><int name="prev" value="0"/><int name="next" value="66"/></imgdir><imgdir name="66"><int name="x1" value="1000"/><int name="y1" value="-705"/><int name="x2" value="1070"/><int name="y2" value="-705"/><int name="prev" value="65"/><int name="next" value="67"/></imgdir><imgdir name="67"><int name="x1" value="1070"/><int name="y1" value="-705"/><int name="x2" value="1070"/><int name="y2" value="-690"/><int name="prev" value="66"/><int name="next" value="0"/></imgdir></imgdir><imgdir name="20"><imgdir name="68"><int name="x1" value="1090"/><int name="y1" value="-750"/><int name="x2" value="1090"/><int name="y2" value="-765"/><int name="prev" value="0"/><int name="next" value="69"/></imgdir><imgdir name="69"><int name="x1" value="1090"/><int name="y1" value="-765"/><int name="x2" value="1160"/><int name="y2" value="-765"/><int name="prev" value="68"/><int name="next" value="70"/></imgdir><imgdir name="70"><int name="x1" value="1160"/><int name="y1" value="-765"/><int name="x2" value="1160"/><int name="y2" value="-750"/><int name="prev" value="69"/><int name="next" value="0"/></imgdir></imgdir><imgdir name="21"><imgdir name="71"><int name="x1" value="1000"/><int name="y1" value="-810"/><int name="x2" value="1000"/><int name="y2" value="-825"/><int name="prev" value="0"/><int name="next" value="72"/></imgdir><imgdir name="72"><int name="x1" value="1000"/><int name="y1" value="-825"/><int name="x2" value="1070"/><int name="y2" value="-825"/><int name="prev" value="71"/><int name="next" value="73"/></imgdir><imgdir name="73"><int name="x1" value="1070"/><int name="y1" value="-825"/><int name="x2" value="1070"/><int name="y2" value="-810"/><int name="prev" value="72"/><int name="next" value="0"/></imgdir></imgdir><imgdir name="22"><imgdir name="74"><int name="x1" value="910"/><int name="y1" value="-870"/><int name="x2" value="910"/><int name="y2" value="-885"/><int name="prev" value="0"/><int name="next" value="75"/></imgdir><imgdir name="75"><int name="x1" value="910"/><int name="y1" value="-885"/><int name="x2" value="980"/><int name="y2" value="-885"/><int name="prev" value="74"/><int name="next" value="76"/></imgdir><imgdir name="76"><int name="x1" value="980"/><int name="y1" value="-885"/><int name="x2" value="980"/><int name="y2" value="-870"/><int name="prev" value="75"/><int name="next" value="0"/></imgdir></imgdir><imgdir name="23"><imgdir name="77"><int name="x1" value="820"/><int name="y1" value="-930"/><int name="x2" value="820"/><int name="y2" value="-945"/><int name="prev" value="0"/><int name="next" value="78"/></imgdir><imgdir name="78"><int name="x1" value="820"/><int name="y1" value="-945"/><int name="x2" value="890"/><int name="y2" value="-945"/><int name="prev" value="77"/><int name="next" value="79"/></imgdir><imgdir name="79"><int name="x1" value="890"/><int name="y1" value="-945"/><int name="x2" value="890"/><int name="y2" value="-930"/><int name="prev" value="78"/><int name="next" value="0"/></imgdir></imgdir><imgdir name="24"><imgdir name="80"><int name="x1" value="730"/><int name="y1" value="-990"/><int name="x2" value="730"/><int name="y2" value="-1005"/><int name="prev" value="0"/><int name="next" value="81"/></imgdir><imgdir name="81"><int name="x1" value="730"/><int name="y1" value="-1005"/><int name="x2" value="800"/><int name="y2" value="-1005"/><int name="prev" value="80"/><int name="next" value="82"/></imgdir><imgdir name="82"><int name="x1" value="800"/><int name="y1" value="-1005"/><int name="x2" value="800"/><int name="y2" value="-990"/><int name="prev" value="81"/><int name="next" value="0"/></imgdir></imgdir><imgdir name="25"><imgdir name="83"><int name="x1" value="640"/><int name="y1" value="-1050"/><int name="x2" value="640"/><int name="y2" value="-1065"/><int name="prev" value="0"/><int name="next" value="84"/></imgdir><imgdir name="84"><int name="x1" value="640"/><int name="y1" value="-1065"/><int name="x2" value="710"/><int name="y2" value="-1065"/><int name="prev" value="83"/><int name="next" value="85"/></imgdir><imgdir name="85"><int name="x1" value="710"/><int name="y1" value="-1065"/><int name="x2" value="710"/><int name="y2" value="-1050"/><int name="prev" value="84"/><int name="next" value="0"/></imgdir></imgdir><imgdir name="26"><imgdir name="86"><int name="x1" value="550"/><int name="y1" value="-1110"/><int name="x2" value="550"/><int name="y2" value="-1125"/><int name="prev" value="0"/><int name="next" value="87"/></imgdir><imgdir name="87"><int name="x1" value="550"/><int name="y1" value="-1125"/><int name="x2" value="620"/><int name="y2" value="-1125"/><int name="prev" value="86"/><int name="next" value="88"/></imgdir><imgdir name="88"><int name="x1" value="620"/><int name="y1" value="-1125"/><int name="x2" value="620"/><int name="y2" value="-1110"/><int name="prev" value="87"/><int name="next" value="0"/></imgdir></imgdir><imgdir name="28"><imgdir name="89"><int name="x1" value="640"/><int name="y1" value="-1170"/><int name="x2" value="640"/><int name="y2" value="-1185"/><int name="prev" value="0"/><int name="next" value="90"/></imgdir><imgdir name="90"><int name="x1" value="640"/><int name="y1" value="-1185"/><int name="x2" value="710"/><int name="y2" value="-1185"/><int name="prev" value="89"/><int name="next" value="91"/></imgdir><imgdir name="91"><int name="x1" value="710"/><int name="y1" value="-1185"/><int name="x2" value="710"/><int name="y2" value="-1170"/><int name="prev" value="90"/><int name="next" value="0"/></imgdir></imgdir><imgdir name="27"><imgdir name="92"><int name="x1" value="730"/><int name="y1" value="-1230"/><int name="x2" value="730"/><int name="y2" value="-1245"/><int name="prev" value="100"/><int name="next" value="93"/></imgdir><imgdir name="93"><int name="x1" value="730"/><int name="y1" value="-1245"/><int name="x2" value="800"/><int name="y2" value="-1245"/><int name="prev" value="92"/><int name="next" value="94"/></imgdir><imgdir name="94"><int name="x1" value="800"/><int name="y1" value="-1245"/><int name="x2" value="855"/><int name="y2" value="-1245"/><int name="prev" value="93"/><int name="next" value="95"/></imgdir><imgdir name="95"><int name="x1" value="855"/><int name="y1" value="-1245"/><int name="x2" value="910"/><int name="y2" value="-1245"/><int name="prev" value="94"/><int name="next" value="96"/></imgdir><imgdir name="96"><int name="x1" value="910"/><int name="y1" value="-1245"/><int name="x2" value="945"/><int name="y2" value="-1245"/><int name="prev" value="95"/><int name="next" value="97"/></imgdir><imgdir name="97"><int name="x1" value="945"/><int name="y1" value="-1245"/><int name="x2" value="980"/><int name="y2" value="-1245"/><int name="prev" value="96"/><int name="next" value="98"/></imgdir><imgdir name="98"><int name="x1" value="980"/><int name="y1" value="-1245"/><int name="x2" value="980"/><int name="y2" value="-1230"/><int name="prev" value="97"/><int name="next" value="99"/></imgdir><imgdir name="99"><int name="x1" value="980"/><int name="y1" value="-1230"/><int name="x2" value="980"/><int name="y2" value="-1170"/><int name="prev" value="98"/><int name="next" value="0"/></imgdir><imgdir name="100"><int name="x1" value="730"/><int name="y1" value="-1170"/><int name="x2" value="730"/><int name="y2" value="-1230"/><int name="prev" value="0"/><int name="next" value="92"/></imgdir></imgdir><imgdir name="29"><imgdir name="101"><int name="x1" value="1000"/><int name="y1" value="-1290"/><int name="x2" value="1000"/><int name="y2" value="-1305"/><int name="prev" value="0"/><int name="next" value="102"/></imgdir><imgdir name="102"><int name="x1" value="1000"/><int name="y1" value="-1305"/><int name="x2" value="1070"/><int name="y2" value="-1305"/><int name="prev" value="101"/><int name="next" value="103"/></imgdir><imgdir name="103"><int name="x1" value="1070"/><int name="y1" value="-1305"/><int name="x2" value="1070"/><int name="y2" value="-1290"/><int name="prev" value="102"/><int name="next" value="0"/></imgdir></imgdir><imgdir name="30"><imgdir name="104"><int name="x1" value="1090"/><int name="y1" value="-1350"/><int name="x2" value="1090"/><int name="y2" value="-1365"/><int name="prev" value="0"/><int name="next" value="105"/></imgdir><imgdir name="105"><int name="x1" value="1090"/><int name="y1" value="-1365"/><int name="x2" value="1160"/><int name="y2" value="-1365"/><int name="prev" value="104"/><int name="next" value="106"/></imgdir><imgdir name="106"><int name="x1" value="1160"/><int name="y1" value="-1365"/><int name="x2" value="1160"/><int name="y2" value="-1350"/><int name="prev" value="105"/><int name="next" value="0"/></imgdir></imgdir><imgdir name="31"><imgdir name="107"><int name="x1" value="1000"/><int name="y1" value="-1410"/><int name="x2" value="1000"/><int name="y2" value="-1425"/><int name="prev" value="0"/><int name="next" value="108"/></imgdir><imgdir name="108"><int name="x1" value="1000"/><int name="y1" value="-1425"/><int name="x2" value="1070"/><int name="y2" value="-1425"/><int name="prev" value="107"/><int name="next" value="109"/></imgdir><imgdir name="109"><int name="x1" value="1070"/><int name="y1" value="-1425"/><int name="x2" value="1070"/><int name="y2" value="-1410"/><int name="prev" value="108"/><int name="next" value="0"/></imgdir></imgdir><imgdir name="32"><imgdir name="110"><int name="x1" value="910"/><int name="y1" value="-1470"/><int name="x2" value="910"/><int name="y2" value="-1485"/><int name="prev" value="0"/><int name="next" value="111"/></imgdir><imgdir name="111"><int name="x1" value="910"/><int name="y1" value="-1485"/><int name="x2" value="980"/><int name="y2" value="-1485"/><int name="prev" value="110"/><int name="next" value="112"/></imgdir><imgdir name="112"><int name="x1" value="980"/><int name="y1" value="-1485"/><int name="x2" value="980"/><int name="y2" value="-1470"/><int name="prev" value="111"/><int name="next" value="0"/></imgdir></imgdir><imgdir name="33"><imgdir name="113"><int name="x1" value="820"/><int name="y1" value="-1530"/><int name="x2" value="820"/><int name="y2" value="-1545"/><int name="prev" value="0"/><int name="next" value="114"/></imgdir><imgdir name="114"><int name="x1" value="820"/><int name="y1" value="-1545"/><int name="x2" value="890"/><int name="y2" value="-1545"/><int name="prev" value="113"/><int name="next" value="115"/></imgdir><imgdir name="115"><int name="x1" value="890"/><int name="y1" value="-1545"/><int name="x2" value="890"/><int name="y2" value="-1530"/><int name="prev" value="114"/><int name="next" value="0"/></imgdir></imgdir><imgdir name="34"><imgdir name="116"><int name="x1" value="730"/><int name="y1" value="-1590"/><int name="x2" value="730"/><int name="y2" value="-1605"/><int name="prev" value="0"/><int name="next" value="117"/></imgdir><imgdir name="117"><int name="x1" value="730"/><int name="y1" value="-1605"/><int name="x2" value="800"/><int name="y2" value="-1605"/><int name="prev" value="116"/><int name="next" value="118"/></imgdir><imgdir name="118"><int name="x1" value="800"/><int name="y1" value="-1605"/><int name="x2" value="800"/><int name="y2" value="-1590"/><int name="prev" value="117"/><int name="next" value="0"/></imgdir></imgdir><imgdir name="35"><imgdir name="119"><int name="x1" value="640"/><int name="y1" value="-1650"/><int name="x2" value="640"/><int name="y2" value="-1665"/><int name="prev" value="0"/><int name="next" value="120"/></imgdir><imgdir name="120"><int name="x1" value="640"/><int name="y1" value="-1665"/><int name="x2" value="710"/><int name="y2" value="-1665"/><int name="prev" value="119"/><int name="next" value="121"/></imgdir><imgdir name="121"><int name="x1" value="710"/><int name="y1" value="-1665"/><int name="x2" value="710"/><int name="y2" value="-1650"/><int name="prev" value="120"/><int name="next" value="0"/></imgdir></imgdir><imgdir name="36"><imgdir name="122"><int name="x1" value="550"/><int name="y1" value="-1710"/><int name="x2" value="550"/><int name="y2" value="-1725"/><int name="prev" value="0"/><int name="next" value="123"/></imgdir><imgdir name="123"><int name="x1" value="550"/><int name="y1" value="-1725"/><int name="x2" value="620"/><int name="y2" value="-1725"/><int name="prev" value="122"/><int name="next" value="124"/></imgdir><imgdir name="124"><int name="x1" value="620"/><int name="y1" value="-1725"/><int name="x2" value="620"/><int name="y2" value="-1710"/><int name="prev" value="123"/><int name="next" value="0"/></imgdir></imgdir><imgdir name="38"><imgdir name="125"><int name="x1" value="640"/><int name="y1" value="-1770"/><int name="x2" value="640"/><int name="y2" value="-1785"/><int name="prev" value="0"/><int name="next" value="126"/></imgdir><imgdir name="126"><int name="x1" value="640"/><int name="y1" value="-1785"/><int name="x2" value="710"/><int name="y2" value="-1785"/><int name="prev" value="125"/><int name="next" value="127"/></imgdir><imgdir name="127"><int name="x1" value="710"/><int name="y1" value="-1785"/><int name="x2" value="710"/><int name="y2" value="-1770"/><int name="prev" value="126"/><int name="next" value="0"/></imgdir></imgdir><imgdir name="37"><imgdir name="128"><int name="x1" value="730"/><int name="y1" value="-1830"/><int name="x2" value="730"/><int name="y2" value="-1845"/><int name="prev" value="135"/><int name="next" value="129"/></imgdir><imgdir name="129"><int name="x1" value="730"/><int name="y1" value="-1845"/><int name="x2" value="800"/><int name="y2" value="-1845"/><int name="prev" value="128"/><int name="next" value="134"/></imgdir><imgdir name="130"><int name="x1" value="910"/><int name="y1" value="-1845"/><int name="x2" value="980"/><int name="y2" value="-1845"/><int name="prev" value="133"/><int name="next" value="131"/></imgdir><imgdir name="131"><int name="x1" value="980"/><int name="y1" value="-1845"/><int name="x2" value="980"/><int name="y2" value="-1830"/><int name="prev" value="130"/><int name="next" value="132"/></imgdir><imgdir name="132"><int name="x1" value="980"/><int name="y1" value="-1830"/><int name="x2" value="980"/><int name="y2" value="-1770"/><int name="prev" value="131"/><int name="next" value="0"/></imgdir><imgdir name="133"><int name="x1" value="855"/><int name="y1" value="-1845"/><int name="x2" value="910"/><int name="y2" value="-1845"/><int name="prev" value="134"/><int name="next" value="130"/></imgdir><imgdir name="134"><int name="x1" value="800"/><int name="y1" value="-1845"/><int name="x2" value="855"/><int name="y2" value="-1845"/><int name="prev" value="129"/><int name="next" value="133"/></imgdir><imgdir name="135"><int name="x1" value="730"/><int name="y1" value="-1770"/><int name="x2" value="730"/><int name="y2" value="-1830"/><int name="prev" value="0"/><int name="next" value="128"/></imgdir></imgdir><imgdir name="39"><imgdir name="136"><int name="x1" value="1000"/><int name="y1" value="-1890"/><int name="x2" value="1000"/><int name="y2" value="-1905"/><int name="prev" value="0"/><int name="next" value="137"/></imgdir><imgdir name="137"><int name="x1" value="1000"/><int name="y1" value="-1905"/><int name="x2" value="1070"/><int name="y2" value="-1905"/><int name="prev" value="136"/><int name="next" value="138"/></imgdir><imgdir name="138"><int name="x1" value="1070"/><int name="y1" value="-1905"/><int name="x2" value="1070"/><int name="y2" value="-1890"/><int name="prev" value="137"/><int name="next" value="0"/></imgdir></imgdir><imgdir name="40"><imgdir name="139"><int name="x1" value="1090"/><int name="y1" value="-1950"/><int name="x2" value="1090"/><int name="y2" value="-1965"/><int name="prev" value="0"/><int name="next" value="140"/></imgdir><imgdir name="140"><int name="x1" value="1090"/><int name="y1" value="-1965"/><int name="x2" value="1160"/><int name="y2" value="-1965"/><int name="prev" value="139"/><int name="next" value="141"/></imgdir><imgdir name="141"><int name="x1" value="1160"/><int name="y1" value="-1965"/><int name="x2" value="1160"/><int name="y2" value="-1950"/><int name="prev" value="140"/><int name="next" value="0"/></imgdir></imgdir><imgdir name="41"><imgdir name="142"><int name="x1" value="1000"/><int name="y1" value="-2010"/><int name="x2" value="1000"/><int name="y2" value="-2025"/><int name="prev" value="0"/><int name="next" value="143"/></imgdir><imgdir name="143"><int name="x1" value="1000"/><int name="y1" value="-2025"/><int name="x2" value="1070"/><int name="y2" value="-2025"/><int name="prev" value="142"/><int name="next" value="144"/></imgdir><imgdir name="144"><int name="x1" value="1070"/><int name="y1" value="-2025"/><int name="x2" value="1070"/><int name="y2" value="-2010"/><int name="prev" value="143"/><int name="next" value="0"/></imgdir></imgdir><imgdir name="42"><imgdir name="145"><int name="x1" value="910"/><int name="y1" value="-2070"/><int name="x2" value="910"/><int name="y2" value="-2085"/><int name="prev" value="0"/><int name="next" value="146"/></imgdir><imgdir name="146"><int name="x1" value="910"/><int name="y1" value="-2085"/><int name="x2" value="980"/><int name="y2" value="-2085"/><int name="prev" value="145"/><int name="next" value="147"/></imgdir><imgdir name="147"><int name="x1" value="980"/><int name="y1" value="-2085"/><int name="x2" value="980"/><int name="y2" value="-2070"/><int name="prev" value="146"/><int name="next" value="0"/></imgdir></imgdir><imgdir name="43"><imgdir name="148"><int name="x1" value="820"/><int name="y1" value="-2130"/><int name="x2" value="820"/><int name="y2" value="-2145"/><int name="prev" value="0"/><int name="next" value="149"/></imgdir><imgdir name="149"><int name="x1" value="820"/><int name="y1" value="-2145"/><int name="x2" value="890"/><int name="y2" value="-2145"/><int name="prev" value="148"/><int name="next" value="150"/></imgdir><imgdir name="150"><int name="x1" value="890"/><int name="y1" value="-2145"/><int name="x2" value="890"/><int name="y2" value="-2130"/><int name="prev" value="149"/><int name="next" value="0"/></imgdir></imgdir><imgdir name="44"><imgdir name="151"><int name="x1" value="730"/><int name="y1" value="-2190"/><int name="x2" value="730"/><int name="y2" value="-2205"/><int name="prev" value="0"/><int name="next" value="152"/></imgdir><imgdir name="152"><int name="x1" value="730"/><int name="y1" value="-2205"/><int name="x2" value="800"/><int name="y2" value="-2205"/><int name="prev" value="151"/><int name="next" value="153"/></imgdir><imgdir name="153"><int name="x1" value="800"/><int name="y1" value="-2205"/><int name="x2" value="800"/><int name="y2" value="-2190"/><int name="prev" value="152"/><int name="next" value="0"/></imgdir></imgdir><imgdir name="45"><imgdir name="154"><int name="x1" value="640"/><int name="y1" value="-2250"/><int name="x2" value="640"/><int name="y2" value="-2265"/><int name="prev" value="0"/><int name="next" value="155"/></imgdir><imgdir name="155"><int name="x1" value="640"/><int name="y1" value="-2265"/><int name="x2" value="710"/><int name="y2" value="-2265"/><int name="prev" value="154"/><int name="next" value="156"/></imgdir><imgdir name="156"><int name="x1" value="710"/><int name="y1" value="-2265"/><int name="x2" value="710"/><int name="y2" value="-2250"/><int name="prev" value="155"/><int name="next" value="0"/></imgdir></imgdir><imgdir name="46"><imgdir name="157"><int name="x1" value="550"/><int name="y1" value="-2310"/><int name="x2" value="550"/><int name="y2" value="-2325"/><int name="prev" value="0"/><int name="next" value="158"/></imgdir><imgdir name="158"><int name="x1" value="550"/><int name="y1" value="-2325"/><int name="x2" value="620"/><int name="y2" value="-2325"/><int name="prev" value="157"/><int name="next" value="159"/></imgdir><imgdir name="159"><int name="x1" value="620"/><int name="y1" value="-2325"/><int name="x2" value="620"/><int name="y2" value="-2310"/><int name="prev" value="158"/><int name="next" value="0"/></imgdir></imgdir><imgdir name="47"><imgdir name="160"><int name="x1" value="460"/><int name="y1" value="-2370"/><int name="x2" value="460"/><int name="y2" value="-2385"/><int name="prev" value="0"/><int name="next" value="161"/></imgdir><imgdir name="161"><int name="x1" value="460"/><int name="y1" value="-2385"/><int name="x2" value="530"/><int name="y2" value="-2385"/><int name="prev" value="160"/><int name="next" value="162"/></imgdir><imgdir name="162"><int name="x1" value="530"/><int name="y1" value="-2385"/><int name="x2" value="530"/><int name="y2" value="-2370"/><int name="prev" value="161"/><int name="next" value="0"/></imgdir></imgdir><imgdir name="48"><imgdir name="163"><int name="x1" value="370"/><int name="y1" value="-2430"/><int name="x2" value="370"/><int name="y2" value="-2445"/><int name="prev" value="0"/><int name="next" value="164"/></imgdir><imgdir name="164"><int name="x1" value="370"/><int name="y1" value="-2445"/><int name="x2" value="440"/><int name="y2" value="-2445"/><int name="prev" value="163"/><int name="next" value="165"/></imgdir><imgdir name="165"><int name="x1" value="440"/><int name="y1" value="-2445"/><int name="x2" value="440"/><int name="y2" value="-2430"/><int name="prev" value="164"/><int name="next" value="0"/></imgdir></imgdir><imgdir name="49"><imgdir name="166"><int name="x1" value="280"/><int name="y1" value="-2490"/><int name="x2" value="280"/><int name="y2" value="-2505"/><int name="prev" value="0"/><int name="next" value="167"/></imgdir><imgdir name="167"><int name="x1" value="280"/><int name="y1" value="-2505"/><int name="x2" value="350"/><int name="y2" value="-2505"/><int name="prev" value="166"/><int name="next" value="168"/></imgdir><imgdir name="168"><int name="x1" value="350"/><int name="y1" value="-2505"/><int name="x2" value="350"/><int name="y2" value="-2490"/><int name="prev" value="167"/><int name="next" value="0"/></imgdir></imgdir><imgdir name="50"><imgdir name="169"><int name="x1" value="190"/><int name="y1" value="-2550"/><int name="x2" value="190"/><int name="y2" value="-2565"/><int name="prev" value="0"/><int name="next" value="170"/></imgdir><imgdir name="170"><int name="x1" value="190"/><int name="y1" value="-2565"/><int name="x2" value="260"/><int name="y2" value="-2565"/><int name="prev" value="169"/><int name="next" value="171"/></imgdir><imgdir name="171"><int name="x1" value="260"/><int name="y1" value="-2565"/><int name="x2" value="260"/><int name="y2" value="-2550"/><int name="prev" value="170"/><int name="next" value="0"/></imgdir></imgdir><imgdir name="52"><imgdir name="172"><int name="x1" value="100"/><int name="y1" value="-2610"/><int name="x2" value="100"/><int name="y2" value="-2625"/><int name="prev" value="0"/><int name="next" value="173"/></imgdir><imgdir name="173"><int name="x1" value="100"/><int name="y1" value="-2625"/><int name="x2" value="170"/><int name="y2" value="-2625"/><int name="prev" value="172"/><int name="next" value="174"/></imgdir><imgdir name="174"><int name="x1" value="170"/><int name="y1" value="-2625"/><int name="x2" value="170"/><int name="y2" value="-2610"/><int name="prev" value="173"/><int name="next" value="0"/></imgdir></imgdir><imgdir name="51"><imgdir name="175"><int name="x1" value="10"/><int name="y1" value="-2685"/><int name="x2" value="80"/><int name="y2" value="-2685"/><int name="prev" value="181"/><int name="next" value="176"/></imgdir><imgdir name="176"><int name="x1" value="80"/><int name="y1" value="-2685"/><int name="x2" value="80"/><int name="y2" value="-2670"/><int name="prev" value="175"/><int name="next" value="177"/></imgdir><imgdir name="177"><int name="x1" value="80"/><int name="y1" value="-2670"/><int name="x2" value="80"/><int name="y2" value="-2610"/><int name="prev" value="176"/><int name="next" value="0"/></imgdir><imgdir name="178"><int name="x1" value="-170"/><int name="y1" value="-2670"/><int name="x2" value="-170"/><int name="y2" value="-2685"/><int name="prev" value="182"/><int name="next" value="179"/></imgdir><imgdir name="179"><int name="x1" value="-170"/><int name="y1" value="-2685"/><int name="x2" value="-100"/><int name="y2" value="-2685"/><int name="prev" value="178"/><int name="next" value="180"/></imgdir><imgdir name="180"><int name="x1" value="-100"/><int name="y1" value="-2685"/><int name="x2" value="-45"/><int name="y2" value="-2685"/><int name="prev" value="179"/><int name="next" value="181"/></imgdir><imgdir name="181"><int name="x1" value="-45"/><int name="y1" value="-2685"/><int name="x2" value="10"/><int name="y2" value="-2685"/><int name="prev" value="180"/><int name="next" value="175"/></imgdir><imgdir name="182"><int name="x1" value="-170"/><int name="y1" value="-2610"/><int name="x2" value="-170"/><int name="y2" value="-2670"/><int name="prev" value="0"/><int name="next" value="178"/></imgdir></imgdir></imgdir><imgdir name="4"><imgdir name="0"><imgdir name="183"><int name="x1" value="-45"/><int name="y1" value="435"/><int name="x2" value="45"/><int name="y2" value="435"/><int name="prev" value="192"/><int name="next" value="201"/></imgdir><imgdir name="184"><int name="x1" value="1035"/><int name="y1" value="435"/><int name="x2" value="1125"/><int name="y2" value="435"/><int name="prev" value="195"/><int name="next" value="188"/></imgdir><imgdir name="185"><int name="x1" value="-170"/><int name="y1" value="450"/><int name="x2" value="-170"/><int name="y2" value="435"/><int name="prev" value="187"/><int name="next" value="186"/></imgdir><imgdir name="186"><int name="x1" value="-170"/><int name="y1" value="435"/><int name="x2" value="-100"/><int name="y2" value="435"/><int name="prev" value="185"/><int name="next" value="192"/></imgdir><imgdir name="187"><int name="x1" value="-170"/><int name="y1" value="510"/><int name="x2" value="-170"/><int name="y2" value="450"/><int name="prev" value="189"/><int name="next" value="185"/></imgdir><imgdir name="188"><int name="x1" value="1125"/><int name="y1" value="435"/><int name="x2" value="1180"/><int name="y2" value="435"/><int name="prev" value="184"/><int name="next" value="202"/></imgdir><imgdir name="189"><int name="x1" value="-170"/><int name="y1" value="570"/><int name="x2" value="-170"/><int name="y2" value="510"/><int name="prev" value="0"/><int name="next" value="187"/></imgdir><imgdir name="190"><int name="x1" value="225"/><int name="y1" value="435"/><int name="x2" value="315"/><int name="y2" value="435"/><int name="prev" value="191"/><int name="next" value="197"/></imgdir><imgdir name="191"><int name="x1" value="135"/><int name="y1" value="435"/><int name="x2" value="225"/><int name="y2" value="435"/><int name="prev" value="201"/><int name="next" value="190"/></imgdir><imgdir name="192"><int name="x1" value="-100"/><int name="y1" value="435"/><int name="x2" value="-45"/><int name="y2" value="435"/><int name="prev" value="186"/><int name="next" value="183"/></imgdir><imgdir name="193"><int name="x1" value="675"/><int name="y1" value="435"/><int name="x2" value="765"/><int name="y2" value="435"/><int name="prev" value="200"/><int name="next" value="196"/></imgdir><imgdir name="194"><int name="x1" value="855"/><int name="y1" value="435"/><int name="x2" value="945"/><int name="y2" value="435"/><int name="prev" value="196"/><int name="next" value="195"/></imgdir><imgdir name="195"><int name="x1" value="945"/><int name="y1" value="435"/><int name="x2" value="1035"/><int name="y2" value="435"/><int name="prev" value="194"/><int name="next" value="184"/></imgdir><imgdir name="196"><int name="x1" value="765"/><int name="y1" value="435"/><int name="x2" value="855"/><int name="y2" value="435"/><int name="prev" value="193"/><int name="next" value="194"/></imgdir><imgdir name="197"><int name="x1" value="315"/><int name="y1" value="435"/><int name="x2" value="405"/><int name="y2" value="435"/><int name="prev" value="190"/><int name="next" value="198"/></imgdir><imgdir name="198"><int name="x1" value="405"/><int name="y1" value="435"/><int name="x2" value="495"/><int name="y2" value="435"/><int name="prev" value="197"/><int name="next" value="199"/></imgdir><imgdir name="199"><int name="x1" value="495"/><int name="y1" value="435"/><int name="x2" value="585"/><int name="y2" value="435"/><int name="prev" value="198"/><int name="next" value="200"/></imgdir><imgdir name="200"><int name="x1" value="585"/><int name="y1" value="435"/><int name="x2" value="675"/><int name="y2" value="435"/><int name="prev" value="199"/><int name="next" value="193"/></imgdir><imgdir name="201"><int name="x1" value="45"/><int name="y1" value="435"/><int name="x2" value="135"/><int name="y2" value="435"/><int name="prev" value="183"/><int name="next" value="191"/></imgdir><imgdir name="202"><int name="x1" value="1180"/><int name="y1" value="435"/><int name="x2" value="1215"/><int name="y2" value="435"/><int name="prev" value="188"/><int name="next" value="203"/></imgdir><imgdir name="203"><int name="x1" value="1215"/><int name="y1" value="435"/><int name="x2" value="1250"/><int name="y2" value="435"/><int name="prev" value="202"/><int name="next" value="204"/></imgdir><imgdir name="204"><int name="x1" value="1250"/><int name="y1" value="435"/><int name="x2" value="1250"/><int name="y2" value="450"/><int name="prev" value="203"/><int name="next" value="205"/></imgdir><imgdir name="205"><int name="x1" value="1250"/><int name="y1" value="450"/><int name="x2" value="1250"/><int name="y2" value="510"/><int name="prev" value="204"/><int name="next" value="206"/></imgdir><imgdir name="206"><int name="x1" value="1250"/><int name="y1" value="510"/><int name="x2" value="1250"/><int name="y2" value="570"/><int name="prev" value="205"/><int name="next" value="0"/></imgdir></imgdir></imgdir></imgdir><imgdir name="ladderRope"></imgdir><imgdir name="miniMap"><canvas name="canvas" width="94" height="232"></canvas><int name="width" value="1506"/><int name="height" value="3727"/><int name="centerX" value="221"/><int name="centerY" value="3078"/><int name="mag" value="4"/></imgdir><imgdir name="portal"><imgdir name="0"><string name="pn" value="sp"/><int name="pt" value="0"/><int name="x" value="211"/><int name="y" value="271"/><int name="tm" value="999999999"/><string name="tn" value=""/></imgdir><imgdir name="1"><string name="pn" value="h001"/><int name="pt" value="1"/><int name="x" value="23"/><int name="y" value="-2686"/><int name="tm" value="999999999"/><string name="tn" value=""/></imgdir><imgdir name="2"><string name="pn" value="in00"/><int name="pt" value="2"/><int name="x" value="-75"/><int name="y" value="-2687"/><int name="tm" value="105040311"/><string name="tn" value="st00"/></imgdir></imgdir></imgdir>